video_id,vb_pick,psnr_pick,oracle_vb,oracle_psnr,picks_agree,oracles_agree,vb_realized_vbench,psnr_pick_realized_vbench,psnr_realized_psnr,vb_pick_realized_psnr
--SBHNNAtV4_seg3,S5_LR1e3,S10_LR1e3,S2_LR1e2,S2_LR1e3,0,0,12.153183100917968,12.125784720113545,26.20984731401716,26.202154840741837
-4M0By94YIM_seg1,S5_LR1e3,S5_LR1e3,S5_LR1e3,S10_LR1e2,1,0,8.208736255549566,8.208736255549566,17.8183456829616,17.8183456829616
-4M0By94YIM_seg52,S5_LR1e3,S5_LR1e3,S2_LR5e3,S20_LR1e2,1,0,10.473249184963501,10.473249184963501,21.403191293988908,21.403191293988908
-4M0By94YIM_seg60,S20_LR1e2,S5_LR1e2,S2_LR1e2,S20_LR1e2,0,0,9.924793266978437,9.935133257445687,30.39519691467285,30.541860035487584
-4MbOyjjDvA_seg7,S20_LR5e3,S20_LR1e2,S5_LR5e3,S20_LR1e2,0,0,11.530526441792004,11.19490300320932,20.719155039106095,20.180788857596262
-5yiY2w31ts_seg19,S5_LR1e3,S5_LR1e3,S2_LR1e3,S10_LR1e2,1,0,10.177241527231798,10.177241527231798,15.990501744406563,15.990501744406563
-8wLlaqHf-o_seg14,S5_LR1e3,S5_LR1e3,S2_LR1e3,S2_LR1e2,1,0,10.84525396229654,10.84525396229654,25.84141799381801,25.84141799381801
-8wLlaqHf-o_seg8,S5_LR1e3,S5_LR1e3,S20_LR1e2,S10_LR1e3,1,0,11.723787149207626,11.723787149207626,29.623207909720286,29.623207909720286
-BaGN9PGsRg_seg11,S5_LR1e3,S10_LR1e3,S10_LR1e2,S20_LR1e3,0,0,9.122970362063711,9.139960376867576,16.723772048950195,16.71932819911412
-Bbr2TjiRCM_seg24,S5_LR1e3,S10_LR1e3,S10_LR1e3,S20_LR1e2,0,0,7.460672584201755,7.648264981283974,11.83516298021589,11.828967571258545
-Bbr2TjiRCM_seg9,S5_LR1e3,S5_LR1e3,S20_LR1e2,S10_LR1e2,1,0,9.343846324537003,9.343846324537003,17.101311002458846,17.101311002458846
-CkmJ6gGCk8_seg5,S5_LR1e3,S5_LR1e3,S20_LR1e3,S20_LR1e2,1,0,6.911733409356063,6.911733409356063,23.272158214024135,23.272158214024135
-DZiRJ66_1k_seg1,S5_LR1e3,S10_LR1e3,S5_LR1e2,S20_LR1e2,0,0,4.664344859627626,4.538648519594429,16.866383007594518,16.794597966330393
-D_Cg_UCd8k_seg0,S10_LR1e2,S2_LR1e2,S2_LR1e2,S5_LR1e3,0,0,8.926519334304635,9.025885351834054,16.802831990378245,16.821755273001536
-DnOSsiZoEg_seg28,S10_LR1e3,S20_LR5e3,S10_LR1e2,S10_LR1e2,0,1,11.527762590968283,11.53374742047906,16.474416937146867,16.579053129468644
-IyRJSRDP_0_seg48,S5_LR1e3,S5_LR1e3,S5_LR1e2,S10_LR5e3,1,0,10.333136317114974,10.333136317114974,20.88022027696882,20.88022027696882
-IyRJSRDP_0_seg71,S10_LR1e2,S2_LR1e2,S20_LR1e3,S10_LR1e2,0,0,11.70388096185278,11.712779998074527,22.957595143999374,23.842698097229004
-IyRJSRDP_0_seg77,S10_LR1e2,S2_LR1e2,S20_LR1e2,S20_LR5e3,0,0,10.907456025204654,10.247332656257095,22.99171311514718,23.07838453565325
-IyRJSRDP_0_seg99,S10_LR1e2,S2_LR1e2,S5_LR1e2,S10_LR1e2,0,0,5.679382418865314,5.676396048413926,36.02931186131069,36.189823968069895
-JoyhtxhhTk_seg23,S10_LR1e2,S2_LR1e2,S2_LR1e2,S10_LR1e2,0,0,11.502951958543386,11.528128635175497,25.673163141523087,26.27812726157052
-NBHHTMK48A_seg39,S5_LR1e3,S10_LR1e3,S5_LR1e2,S10_LR1e2,0,0,9.112516475185505,9.111072087441428,18.356702532087052,18.403917176382883
-O5HOwvXQy0_seg41,S5_LR1e2,S20_LR1e2,S10_LR1e2,S20_LR1e2,0,0,11.199817542860371,11.082061124666401,20.665933064052037,19.421926770891464
-S5PqDviRIQ_seg18,S10_LR1e2,S2_LR1e2,S10_LR1e3,S20_LR1e2,0,0,10.79216368646762,10.836171653732043,22.934798104422434,22.901463508605957
-W954LYAU1k_seg2,S10_LR1e2,S2_LR1e2,S20_LR1e2,S20_LR1e2,0,1,8.555956349688257,8.481336533390106,24.596245901925222,23.900499071393693
-XmegTG3YdY_seg37,S10_LR1e2,S2_LR1e2,S20_LR1e2,S20_LR5e3,0,0,8.047794620761469,8.118398051397573,23.101968629019602,23.00448935372489
-ZojqIPwTlk_seg1,S5_LR1e2,S20_LR1e2,S20_LR1e2,S20_LR1e2,0,1,8.369609664508385,8.549797544503079,23.19991193498884,23.00568185533796
-ZzLLGdsv9I_seg5,S5_LR1e3,S10_LR1e3,S10_LR1e3,S20_LR1e2,0,0,11.131291796981857,11.147443509335407,21.99585737500872,21.982975142342703
-a1ifFwEekg_seg0,S10_LR1e2,S2_LR1e2,S5_LR1e2,S20_LR1e2,0,0,10.91202245620018,10.915550061810663,28.460935592651367,28.55854865482875
-a1ifFwEekg_seg14,S5_LR1e3,S10_LR1e3,S20_LR1e2,S10_LR1e2,0,0,10.47707445113952,10.47789954177325,21.447719710213796,21.502598353794642
-bMyMYTZGWk_seg2,S5_LR1e2,S20_LR1e2,S20_LR5e3,S2_LR1e2,0,0,9.723510358167712,9.587062248324797,18.182336739131383,18.212767056056432
-e9rVGBzfm8_seg2,S5_LR1e3,S10_LR1e3,S10_LR1e3,S10_LR1e2,0,0,9.541192481069768,9.583521193391036,21.197610310145787,21.139868327549525
-epFYGg65N0_seg10,S10_LR1e2,S2_LR1e2,S5_LR1e2,S2_LR5e3,0,0,11.007442993595026,11.040577705227317,21.874735832214355,21.157980101449148
-hpi8a5A4IE_seg0,S5_LR1e3,S5_LR1e3,S10_LR1e2,S5_LR1e2,1,0,8.174174491529895,8.174174491529895,15.573270865849086,15.573270865849086
-hpi8a5A4IE_seg9,S5_LR1e3,S10_LR1e3,S20_LR1e2,S20_LR1e2,0,1,11.324492336070866,11.325476417536294,11.890468938010079,11.860137190137591
-k8wgnEpfVY_seg35,S5_LR1e3,S5_LR1e3,S10_LR1e2,S20_LR1e2,1,0,11.166225723185883,11.166225723185883,11.97034284046718,11.97034284046718
-mW5uQSJuOQ_seg22,S5_LR1e3,S5_LR1e3,S10_LR5e3,S20_LR1e2,1,0,5.008793427219662,5.008793427219662,11.262333052498954,11.262333052498954
-oFkT1Dy6R0_seg3,S5_LR1e3,S5_LR1e3,S5_LR1e3,S20_LR1e2,1,0,11.400833690868637,11.400833690868637,11.934748036520821,11.934748036520821
-phqocqfktI_seg4,S10_LR1e2,S2_LR1e2,S10_LR5e3,S10_LR1e3,0,0,9.268450710840254,9.238112812048229,10.974142823900495,10.97437674658639
-tM3Xw_CQ50_seg16,S5_LR1e3,S5_LR1e3,S20_LR1e2,S10_LR1e3,1,0,6.320140827002265,6.320140827002265,21.295705114092147,21.295705114092147
-uTEEIN-T8U_seg8,S5_LR1e3,S5_LR1e3,S5_LR1e2,S2_LR1e3,1,0,7.152961215876155,7.152961215876155,26.31202166421073,26.31202166421073
-uWDCDJD_4w_seg10,S5_LR1e3,S10_LR1e3,S5_LR5e3,S10_LR1e2,0,0,10.204187095421469,10.20737734271556,18.851398263658798,18.85341147014073
-vk81-bLG1s_seg8,S5_LR1e3,S5_LR1e3,S10_LR5e3,S20_LR1e2,1,0,9.455770543896206,9.455770543896206,10.353718757629395,10.353718757629395
-yJlaOSOMjg_seg1,S5_LR1e3,S5_LR1e3,S10_LR5e3,S20_LR1e2,1,0,9.853481314156053,9.853481314156053,28.46725709097726,28.46725709097726
-yJlaOSOMjg_seg159,S5_LR1e3,S10_LR1e3,S20_LR1e2,S10_LR1e2,0,0,8.924640869251665,8.889876330750722,19.66162552152361,19.34608370917184
-yJlaOSOMjg_seg186,S10_LR1e2,S5_LR1e3,S10_LR1e2,S20_LR1e2,0,0,6.511640261167215,6.503588054649782,20.075319698878697,20.29307815006801
-yJlaOSOMjg_seg207,S2_LR1e3,S10_LR1e3,S5_LR1e2,S20_LR1e2,0,0,7.872679986551331,7.856022104381839,17.09489836011614,17.04142270769392
-yJlaOSOMjg_seg325,S5_LR1e3,S10_LR1e3,S20_LR5e3,S2_LR1e2,0,0,11.0830810352425,11.093886113149452,23.79415430341448,23.74758734021868
-yJlaOSOMjg_seg333,S5_LR1e3,S10_LR1e3,S10_LR1e2,S20_LR1e2,0,0,11.364797309887885,11.340470785786147,20.21143572671073,20.227424349103654
-yJlaOSOMjg_seg357,S5_LR1e3,S10_LR1e3,S5_LR5e3,S20_LR1e2,0,0,8.670005418284967,8.92189837464683,16.45451933997018,16.443207468305314
-yJlaOSOMjg_seg368,S5_LR1e3,S5_LR1e3,S20_LR1e2,S2_LR1e2,1,0,10.843459936550394,10.843459936550394,16.091122491019114,16.091122491019114
-yJlaOSOMjg_seg90,S2_LR1e3,S5_LR1e3,S10_LR1e2,S20_LR1e2,0,0,11.540199534877774,11.560384791854505,19.16593292781285,19.147489752088273
-znWCBdLoTk_seg2,S5_LR1e3,S5_LR1e3,S5_LR1e2,S10_LR1e3,1,0,7.9137888640645695,7.9137888640645695,19.524950299944198,19.524950299944198
-znWCBdLoTk_seg6,S5_LR1e3,S5_LR1e3,S20_LR1e2,S20_LR1e3,1,0,6.509889174399069,6.509889174399069,18.530696051461355,18.530696051461355
03AYl9xH9mY_seg34,S5_LR1e3,S10_LR1e3,S20_LR1e2,S5_LR5e3,0,0,6.552285225623608,6.574268712742613,20.328111376081193,20.31489304133824
05-RM8Kw65A_seg5,S5_LR1e3,S10_LR1e3,S2_LR1e2,S10_LR1e3,0,0,9.440063833889235,9.43230980771165,17.34263583592006,17.202678407941544
05ECRfaz22o_seg5,S5_LR1e3,S5_LR1e3,S10_LR5e3,S10_LR5e3,1,1,8.319952514453911,8.319952514453911,14.044928618839808,14.044928618839808
07s4VVXZQqI_seg11,S5_LR1e3,S10_LR1e3,S20_LR1e2,S10_LR5e3,0,0,6.334528254380494,6.345818517289371,24.975733484540665,25.06572709764753
08lgm98IZVM_seg0,S5_LR1e3,S5_LR1e3,S10_LR1e2,S20_LR1e2,1,0,9.352160190839356,9.352160190839356,23.229067666190012,23.229067666190012
0Dbaq0afNxI_seg0,S5_LR1e3,S10_LR1e3,S5_LR1e3,S20_LR1e3,0,0,8.780150336403036,8.76216926606175,31.377445765904017,31.38501467023577
0Dbaq0afNxI_seg14,S5_LR1e3,S10_LR1e3,S10_LR1e3,S5_LR5e3,0,0,12.106331007853514,12.107255664451213,18.61522933415004,18.474058423723495
0Dbaq0afNxI_seg26,S5_LR1e3,S10_LR1e3,S10_LR1e2,S20_LR1e2,0,0,9.680911349279683,9.696924427943658,18.871859277997697,18.913655281066895
0Dbaq0afNxI_seg45,S5_LR1e3,S5_LR1e3,S20_LR1e2,S10_LR1e2,1,0,11.032183294796019,11.032183294796019,24.958301407950266,24.958301407950266
0Dbaq0afNxI_seg51,S20_LR1e2,S10_LR1e2,S5_LR1e3,S5_LR1e2,0,0,9.65295537036316,9.607699106614215,14.362912246159144,14.154749325343541
0Dbaq0afNxI_seg7,S5_LR1e3,S5_LR1e3,S10_LR1e2,S10_LR5e3,1,0,9.34576206161633,9.34576206161633,18.859591211591447,18.859591211591447
0EykXp81_Go_seg3,S20_LR1e2,S5_LR1e2,S20_LR5e3,S20_LR5e3,0,1,10.779859563568781,11.098421338679902,29.281054496765137,33.510916573660715
0Fu-2OM9d_Y_seg17,S5_LR1e3,S5_LR1e3,S10_LR1e3,S10_LR1e2,1,0,9.697648465172632,9.697648465172632,21.906399045671737,21.906399045671737
0ILQqmMmouU_seg1,S10_LR5e3,S20_LR5e3,S2_LR1e3,S20_LR1e2,0,0,11.928268687666966,11.916363241876208,26.041479110717773,25.985894748142787
0K30ADjSUuE_seg144,S10_LR1e2,S2_LR1e2,S2_LR1e3,S20_LR1e3,0,0,7.593416781555641,7.60556249597881,19.41674736567906,19.396370342799596
0K30ADjSUuE_seg16,S5_LR1e3,S10_LR1e3,S5_LR1e3,S2_LR1e3,0,0,10.026511339723019,10.009002538218757,17.173898424421036,17.34674617222377
0K30ADjSUuE_seg161,S5_LR1e3,S5_LR1e3,S10_LR1e2,S10_LR1e3,1,0,10.793741783212834,10.793741783212834,17.364315509796143,17.364315509796143
0K30ADjSUuE_seg166,S10_LR1e2,S2_LR1e2,S2_LR1e3,S20_LR1e2,0,0,11.724613948067395,11.704208092410017,16.079879352024623,15.855358600616455
0K30ADjSUuE_seg212,S5_LR1e3,S10_LR1e3,S20_LR5e3,S2_LR1e3,0,0,4.184549083387138,4.167874779432827,19.495701176779612,19.55262565612793
0K30ADjSUuE_seg217,S5_LR1e3,S10_LR1e3,S20_LR1e2,S5_LR1e2,0,0,4.59408766648636,4.584798822017278,21.127507618495397,21.18087237221854
0K30ADjSUuE_seg26,S10_LR1e2,S2_LR1e2,S10_LR5e3,S20_LR1e2,0,0,10.559904175735602,10.331062139296224,14.249014105115618,14.64262969153268
0K30ADjSUuE_seg39,S5_LR1e3,S10_LR1e3,S5_LR1e2,S10_LR5e3,0,0,9.874937415729287,9.895769054000597,12.801864215305873,12.762622969491142
0K30ADjSUuE_seg55,S10_LR1e2,S2_LR1e2,S20_LR1e2,S2_LR1e2,0,0,5.632345499827616,5.696027934917266,17.02922691617693,16.99995470046997
0K30ADjSUuE_seg59,S5_LR1e3,S5_LR1e3,S20_LR5e3,S20_LR1e2,1,0,9.495830016967513,9.495830016967513,18.69103329522269,18.69103329522269
0K30ADjSUuE_seg77,S5_LR1e3,S10_LR1e3,S2_LR5e3,S2_LR1e3,0,0,11.682466729411706,11.67329271909794,16.801862171718053,16.793006420135498
0K30ADjSUuE_seg81,S5_LR5e3,S5_LR1e2,S10_LR5e3,S2_LR5e3,0,0,11.527108051795508,11.507293958902205,12.706383296421595,12.561033930097308
0K30ADjSUuE_seg90,S5_LR1e3,S5_LR1e3,S5_LR1e2,S2_LR1e3,1,0,9.752533463173695,9.752533463173695,18.401325634547643,18.401325634547643
0KWLi0e-dw8_seg8,S5_LR1e3,S10_LR1e3,S5_LR1e3,S20_LR1e2,0,0,11.432894735741783,11.262360067745513,17.883795057024276,17.86569390978132
0Lq1CPOZHiM_seg45,S5_LR1e3,S5_LR1e3,S2_LR1e2,S20_LR5e3,1,0,11.557919763220188,11.557919763220188,16.539766447884695,16.539766447884695
0Lq1CPOZHiM_seg5,S5_LR1e3,S5_LR1e3,S20_LR1e2,S5_LR5e3,1,0,11.103772208838281,11.103772208838281,22.151235580444336,22.151235580444336
0OsEhl2uhhs_seg15,S2_LR1e3,S20_LR5e3,S20_LR1e2,S5_LR5e3,0,0,9.742522960451835,9.79847625395729,20.807733263288224,20.7215416772025
0RJ4KQhaQUk_seg7,S5_LR1e3,S10_LR1e3,S20_LR1e2,S2_LR1e3,0,0,8.7174911644664,8.621600619882503,15.71915238244193,15.727167061397008
0U-eB6suXJ4_seg46,S5_LR1e3,S10_LR1e3,S10_LR1e2,S20_LR1e2,0,0,10.914593237846944,10.915965483914135,17.797863347189768,17.79840510232108
0U-eB6suXJ4_seg58,S5_LR1e3,S5_LR1e3,S20_LR1e3,S20_LR1e2,1,0,10.844110362605303,10.844110362605303,15.602188995906285,15.602188995906285
0U-eB6suXJ4_seg75,S5_LR1e3,S5_LR1e3,S10_LR1e3,S20_LR1e2,1,0,10.313323942745715,10.313323942745715,18.416805607931956,18.416805607931956
0U-eB6suXJ4_seg85,S5_LR1e3,S5_LR1e3,S2_LR1e2,S10_LR1e2,1,0,9.781456932133283,9.781456932133283,24.19270202091762,24.19270202091762
0X682OhqCfs_seg0,S10_LR1e2,S2_LR1e2,S2_LR5e3,S20_LR1e2,0,0,9.411509852676199,9.475305246606501,21.080691610063827,22.277261870247976
0X682OhqCfs_seg18,S5_LR1e3,S10_LR1e3,S2_LR5e3,S20_LR1e2,0,0,9.691823138633277,9.70858355673995,25.469765663146973,25.471964972359793
0X682OhqCfs_seg21,S5_LR1e3,S10_LR1e3,S10_LR5e3,S10_LR1e2,0,0,9.550498186741773,9.539262544477252,14.383954048156738,14.392419133867536
0_9tSxULjqc_seg13,S5_LR1e3,S10_LR1e3,S10_LR5e3,S10_LR1e2,0,0,9.499941891187675,9.504884589837014,25.419988338763897,25.323395508986252
0a4fVWcV98c_seg1,S5_LR1e3,S5_LR1e3,S20_LR1e2,S20_LR5e3,1,0,8.707107702640934,8.707107702640934,21.70649106161935,21.70649106161935
0bD9zhVygmM_seg0,S10_LR1e2,S2_LR1e2,S5_LR1e2,S2_LR5e3,0,0,10.136830241854698,10.1410979083204,17.594245774405344,17.406176567077637
0bRKBf9f0m4_seg5,S10_LR1e2,S2_LR1e2,S20_LR5e3,S5_LR1e3,0,0,5.3463459263200415,5.328149854591812,39.975347246442524,39.49877330235073
0cmLWPGnCSg_seg1,S5_LR1e3,S5_LR1e3,S20_LR1e3,S10_LR1e2,1,0,10.440820930461754,10.440820930461754,20.512928894587926,20.512928894587926
0efF5iRvmr4_seg18,S5_LR1e3,S10_LR1e3,S20_LR5e3,S5_LR1e3,0,0,11.577791236898614,11.575776516213255,20.50411524091448,20.541975838797434
0efF5iRvmr4_seg36,S5_LR1e3,S5_LR1e3,S5_LR5e3,S10_LR1e3,1,0,4.6701344254233765,4.6701344254233765,16.46416123708089,16.46416123708089
0efF5iRvmr4_seg45,S5_LR1e3,S10_LR1e3,S20_LR1e2,S10_LR5e3,0,0,10.673661149332931,10.665581648669642,17.8368342263358,17.816435950142996
0efF5iRvmr4_seg99,S5_LR1e3,S5_LR1e3,S20_LR1e3,S20_LR1e2,1,0,7.49243435860041,7.49243435860041,11.876622676849365,11.876622676849365
0fs9oz_H3cc_seg0,S5_LR1e3,S10_LR1e3,S20_LR5e3,S20_LR1e2,0,0,11.015755408140004,10.96835297213126,15.404332842145648,15.409487860543388
0gTR1XBs310_seg13,S5_LR1e3,S5_LR1e3,S10_LR5e3,S2_LR1e2,1,0,8.62600805701211,8.62600805701211,17.91333852495466,17.91333852495466
0gTR1XBs310_seg2,S10_LR1e2,S2_LR1e2,S2_LR5e3,S10_LR1e3,0,0,8.598027704015166,8.611702071686421,20.928889547075546,21.167585917881556
0hNb0sD7bD8_seg32,S10_LR1e2,S2_LR1e2,S20_LR5e3,S20_LR1e2,0,0,9.927112277104502,9.910088333788098,33.59452942439488,33.45358794076102
0jRziZbb2Vs_seg6,S5_LR1e3,S5_LR1e3,S20_LR1e2,S10_LR1e3,1,0,7.910734700976042,7.910734700976042,16.848792484828405,16.848792484828405
0ku50S9JDqw_seg14,S5_LR1e3,S5_LR1e3,S5_LR5e3,S10_LR1e2,1,0,9.028012739701138,9.028012739701138,16.516817501613072,16.516817501613072
0lyl_1H-w_U_seg44,S5_LR1e3,S10_LR1e3,S20_LR1e2,S20_LR1e2,0,1,7.759275805137727,7.714287343276246,14.947658879416329,14.920385667255946
0nFRgYAdlvw_seg8,S5_LR1e3,S10_LR1e3,S5_LR1e3,S5_LR1e2,0,0,10.207980265802188,10.190152516820548,21.236981528145925,21.259816305977957
0nNcKFSQJjo_seg10,S10_LR1e2,S2_LR1e2,S20_LR1e2,S10_LR5e3,0,0,10.813148299017064,10.806232801321217,21.71896321432931,21.541357585362025
0nNcKFSQJjo_seg5,S5_LR1e3,S10_LR1e3,S20_LR1e2,S5_LR1e3,0,0,10.885840510509729,10.862912860172598,15.326735768999372,15.34351396560669
0oO9QnBJrkM_seg2,S5_LR1e3,S5_LR1e3,S10_LR1e2,S10_LR1e3,1,0,9.454554020840863,9.454554020840863,21.15592357090541,21.15592357090541
0oyqPZJj-2w_seg11,S10_LR1e2,S2_LR1e2,S5_LR5e3,S5_LR1e3,0,0,11.842157706426434,11.830628428899983,15.462556545551006,15.52528792161208
0q5NniAlPus_seg6,S5_LR1e3,S5_LR1e3,S10_LR1e2,S2_LR1e2,1,0,10.244363605175971,10.244363605175971,21.752057688576834,21.752057688576834
0q7Et2pP7EU_seg6,S5_LR1e3,S5_LR1e3,S5_LR5e3,S20_LR1e2,1,0,5.24118707761541,5.24118707761541,13.3559022630964,13.3559022630964
0qOe2JERLU0_seg2,S5_LR1e3,S10_LR1e3,S2_LR5e3,S10_LR1e2,0,0,11.767857089858357,11.76958572181201,14.422721045357841,14.398468698774066
0r7iae2rjWE_seg11,S5_LR1e3,S5_LR1e3,S5_LR1e2,S2_LR1e3,1,0,11.665239335092082,11.665239335092082,18.188014234815324,18.188014234815324
0r7iae2rjWE_seg48,S5_LR1e3,S5_LR1e3,S20_LR5e3,S2_LR5e3,1,0,11.565764663757728,11.565764663757728,17.527719225202286,17.527719225202286
0tJ_79J7Pj4_seg12,S5_LR1e3,S10_LR1e3,S5_LR1e2,S2_LR5e3,0,0,11.494219013522612,11.4835025306599,24.047266687665665,23.912972041538783
0tJ_79J7Pj4_seg38,S5_LR1e3,S10_LR1e3,S5_LR5e3,S5_LR1e3,0,0,11.404652768136467,11.389873951380055,20.43384906223842,20.45754882267543
0tJ_79J7Pj4_seg40,S5_LR1e3,S10_LR1e3,S5_LR1e3,S10_LR1e3,0,0,9.631168318967505,9.526981273684774,24.083174433026993,24.068537848336355
0trRGGlsgWs_seg1,S5_LR1e2,S5_LR1e2,S2_LR5e3,S5_LR1e2,1,0,7.50928350399419,7.50928350399419,16.307375839778356,16.307375839778356
0twFCbBsHPA_seg10,S2_LR1e2,S20_LR5e3,S20_LR1e2,S10_LR1e2,0,0,11.120992298307408,10.986802651249095,20.26067978995187,20.216350419180735
0twFCbBsHPA_seg39,S5_LR1e3,S5_LR1e3,S10_LR1e2,S2_LR5e3,1,0,11.103294252137117,11.103294252137117,24.497619765145437,24.497619765145437
0x9owj9a4IE_seg122,S5_LR1e3,S10_LR1e3,S5_LR1e2,S20_LR1e2,0,0,11.365873323353764,11.387791146137898,18.33969647543771,18.340327875954763
0x9owj9a4IE_seg45,S5_LR1e3,S5_LR1e3,S20_LR1e2,S5_LR5e3,1,0,7.521572486511224,7.521572486511224,19.370634623936244,19.370634623936244
0x9owj9a4IE_seg53,S20_LR1e2,S10_LR1e2,S20_LR5e3,S20_LR1e2,0,0,10.073681364775911,10.149816103139946,22.008631896972656,23.520289993286134
0yaMCcraE80_seg2,S5_LR1e3,S5_LR1e3,S5_LR1e3,S5_LR1e3,1,1,9.110482858208034,9.110482858208034,18.67071274348668,18.67071274348668
0yaMCcraE80_seg3,S5_LR1e3,S5_LR1e3,S20_LR1e2,S10_LR1e2,1,0,11.209336318474266,11.209336318474266,15.534665584564209,15.534665584564209
111-d5e672s_seg2,S5_LR1e3,S5_LR1e3,S20_LR1e2,S10_LR1e2,1,0,5.886935341145173,5.886935341145173,13.08281169618879,13.08281169618879
111-d5e672s_seg8,S5_LR1e3,S5_LR1e3,S5_LR1e2,S20_LR1e2,1,0,11.374649902539403,11.374649902539403,16.871527535574778,16.871527535574778
122HsYWnIPc_seg3,S5_LR1e3,S5_LR1e3,S10_LR5e3,S20_LR1e3,1,0,5.262813795089612,5.262813795089612,15.58077757699149,15.58077757699149
15pPxrd9frY_seg7,S2_LR1e3,S10_LR1e3,S20_LR5e3,S10_LR1e2,0,0,10.637815082498866,10.633940670592263,10.431838308061872,10.682013511657715
16s_vkuhKJQ_seg2,S5_LR1e3,S10_LR1e3,S10_LR5e3,S20_LR1e2,0,0,9.058160805053541,8.97385262249931,28.93120002746582,28.85364750453404
19u7wmdSNxk_seg11,S10_LR1e2,S2_LR1e2,S5_LR1e2,S5_LR1e3,0,0,11.809719212583863,11.789498510292395,19.770328249250138,21.110107285635813
19u7wmdSNxk_seg17,S5_LR1e3,S5_LR1e3,S20_LR5e3,S2_LR1e3,1,0,9.605130627915228,9.605130627915228,25.781609671456472,25.781609671456472
19u7wmdSNxk_seg8,S5_LR1e3,S5_LR1e3,S20_LR1e2,S20_LR1e2,1,1,10.833451391392513,10.833451391392513,32.17848205566406,32.17848205566406
1AGeY2YB_8k_seg17,S2_LR1e3,S20_LR5e3,S20_LR5e3,S10_LR1e3,0,0,4.103750872769814,4.305553303350168,25.565429959978378,25.171567508152553
1Bal7K_OC_Q_seg29,S5_LR1e3,S10_LR1e3,S10_LR5e3,S10_LR1e2,0,0,8.956677073613744,8.93743445697564,20.683661460876465,20.781127861567906
1Bal7K_OC_Q_seg4,S5_LR1e3,S10_LR1e3,S10_LR1e3,S20_LR1e2,0,0,10.943453953354064,10.952443325369035,18.778043053366922,18.76614622636275
1Fwm_iaqoTs_seg2,S2_LR1e2,S5_LR1e3,S5_LR1e3,S20_LR1e3,0,0,11.37943454890689,11.455237945516634,22.901944977896555,22.98353603907994
1G9AS-NELXk_seg13,S5_LR1e3,S5_LR1e3,S20_LR1e2,S20_LR1e2,1,1,11.48314421728019,11.48314421728019,24.16833209991455,24.16833209991455
1G9AS-NELXk_seg5,S5_LR1e3,S5_LR1e3,S10_LR1e2,S20_LR5e3,1,0,11.845975493090155,11.845975493090155,16.827479362487793,16.827479362487793
1G9AS-NELXk_seg52,S5_LR1e3,S5_LR1e3,S20_LR1e3,S5_LR1e2,1,0,9.765830310590434,9.765830310590434,13.006415367126465,13.006415367126465
1G9AS-NELXk_seg90,S5_LR1e3,S10_LR1e3,S20_LR1e3,S10_LR1e2,0,0,11.274092438482933,11.274880844688768,17.597142423902238,17.591678278786794
1G9AS-NELXk_seg91,S5_LR1e3,S10_LR1e3,S5_LR1e2,S20_LR5e3,0,0,11.377424222340862,11.378967990498593,20.204740251813615,19.987740652901785
1H5BM_ujzlY_seg2,S5_LR1e3,S5_LR1e3,S10_LR1e3,S20_LR1e2,1,0,11.535334761369324,11.535334761369324,15.054128033774239,15.054128033774239
1JVouCMHwDY_seg1,S5_LR1e2,S20_LR1e2,S10_LR5e3,S10_LR1e2,0,0,9.835294006207574,9.852981829646279,23.886450052261353,24.35229904311044
1JcpgDM6eqo_seg1,S10_LR1e2,S2_LR1e2,S2_LR5e3,S20_LR1e2,0,0,12.000787352740817,11.98641864778797,15.436042881011963,15.496070384979248
1LcKk-1lQi0_seg0,S10_LR1e2,S2_LR1e2,S20_LR1e2,S5_LR1e3,0,0,10.9696852502442,10.964007456587378,36.44644982474191,36.34904943193708
1P8xTU7yixE_seg9,S5_LR1e3,S5_LR1e3,S2_LR5e3,S10_LR5e3,1,0,7.508138304083206,7.508138304083206,15.899148055485316,15.899148055485316
1QXkVOwkSqc_seg18,S5_LR1e3,S5_LR1e3,S20_LR1e2,S20_LR1e2,1,1,11.329004015439073,11.329004015439073,16.168977737426758,16.168977737426758
1QiRhM-fZx4_seg4,S5_LR1e3,S5_LR1e3,S5_LR1e2,S10_LR5e3,1,0,7.326206393674334,7.326206393674334,33.13609068734305,33.13609068734305
1QqX2xBa0dQ_seg2,S5_LR1e3,S10_LR1e3,S20_LR1e2,S2_LR5e3,0,0,11.71505332011877,11.715260461124354,21.287311962672643,21.32930932726179
1SScXKGxL-o_seg17,S10_LR5e3,S2_LR5e3,S2_LR1e3,S20_LR5e3,0,0,8.090489022536778,8.033518182926711,14.902914728437151,14.908501556941442
1Sv4pg5t6Hw_seg13,S5_LR1e3,S10_LR1e3,S10_LR5e3,S10_LR1e2,0,0,8.833820893206605,8.858399285828122,21.787304060799734,21.784992490495956
1Sv4pg5t6Hw_seg28,S5_LR1e3,S10_LR1e3,S5_LR5e3,S20_LR1e3,0,0,6.505890315318988,6.509053445845664,14.249362673078265,14.263045106615339
1Sv4pg5t6Hw_seg6,S10_LR1e2,S2_LR1e2,S20_LR1e2,S20_LR5e3,0,0,10.849917210326852,10.858817509873964,14.83510684967041,14.788647311074394
1UYmL0zT1yc_seg10,S10_LR1e2,S2_LR1e2,S2_LR5e3,S10_LR1e2,0,0,9.094261447214448,9.343741633893535,29.200195448739187,29.52470452444894
1UYmL0zT1yc_seg17,S5_LR1e3,S10_LR1e3,S10_LR5e3,S20_LR1e2,0,0,10.618816287737419,10.613555969777778,30.94740104675293,30.975303649902344
1UYmL0zT1yc_seg23,S5_LR1e3,S10_LR1e3,S20_LR1e2,S5_LR5e3,0,0,8.958112122421847,9.02582294759811,23.07832145690918,22.98429802485875
1VDdDTS8F6g_seg3,S10_LR1e2,S2_LR1e2,S5_LR1e3,S20_LR1e2,0,0,11.267674911347724,11.348662455821119,10.34131908416748,10.597555569240026
1WQI0pVR1A4_seg16,S10_LR1e2,S2_LR1e2,S10_LR5e3,S20_LR1e2,0,0,8.536340672813495,8.501262589094663,11.830079623631068,11.770414284297399
1XelZPTIMvA_seg0,S5_LR1e3,S10_LR1e3,S20_LR5e3,S2_LR1e2,0,0,6.278580463616049,6.27945164320109,16.820136410849436,17.016125679016113
1ZJteA0wB3c_seg50,S5_LR1e3,S10_LR1e3,S20_LR5e3,S20_LR1e2,0,0,9.168839371774933,9.173135190796215,26.571549551827566,26.590332439967565
1_v8BuB5RsI_seg2,S10_LR1e2,S2_LR1e2,S10_LR1e2,S5_LR1e3,0,0,8.876163209848999,8.75658399169824,23.073095730372838,23.011431012834823
1dr_qpnommw_seg15,S5_LR1e3,S5_LR1e3,S2_LR1e2,S10_LR1e2,1,0,9.315986522738083,9.315986522738083,17.76962171282087,17.76962171282087
1dr_qpnommw_seg33,S5_LR1e3,S5_LR1e3,S20_LR1e2,S20_LR1e2,1,1,7.63650436273493,7.63650436273493,20.441630363464355,20.441630363464355
1eYWoW1_pSY_seg24,S5_LR1e3,S10_LR1e3,S2_LR1e3,S20_LR1e2,0,0,10.919661950650807,10.944896503309078,12.567114761897496,12.569177082606725
1eYWoW1_pSY_seg31,S5_LR1e3,S10_LR1e3,S5_LR5e3,S5_LR1e2,0,0,10.46467856008095,10.448344734805982,17.749051025935582,17.76163843699864
1ekJVSe7Yzo_seg7,S5_LR1e3,S5_LR1e3,S20_LR5e3,S20_LR1e2,1,0,9.962291834885907,9.962291834885907,25.526091848100936,25.526091848100936
1ep07fnHrL4_seg1,S5_LR1e3,S5_LR1e3,S20_LR1e2,S2_LR1e2,1,0,8.508169308789588,8.508169308789588,18.211207253592356,18.211207253592356
1fJafRJW-bk_seg15,S5_LR1e3,S10_LR1e3,S20_LR1e2,S5_LR1e2,0,0,10.529238154509562,10.549919755654361,20.05106626238142,20.08278465270996
1fJafRJW-bk_seg23,S5_LR1e3,S10_LR1e3,S20_LR1e3,S5_LR1e2,0,0,8.41617144618298,8.394425605493893,17.38618060520717,17.417052950177872
1lQNYJ_iV1E_seg4,S5_LR1e3,S10_LR1e3,S20_LR5e3,S10_LR1e2,0,0,9.85808486324837,9.853158910058065,16.763050079345703,16.612798350197927
1mESBN7EzqI_seg6,S10_LR1e2,S2_LR1e2,S10_LR1e2,S10_LR5e3,0,0,9.738249675904472,9.458981524821768,16.378430094037736,16.30875083378383
1mESBN7EzqI_seg8,S5_LR1e3,S10_LR1e3,S5_LR5e3,S2_LR5e3,0,0,8.877518920134749,9.09796388690436,11.539054325648717,11.466074602944511
1nKKidxj4ZQ_seg1,S5_LR1e3,S5_LR1e3,S10_LR1e2,S5_LR5e3,1,0,11.282522053657578,11.282522053657578,28.650802748543875,28.650802748543875
1nZ0fd1gxWo_seg12,S5_LR1e3,S10_LR1e3,S20_LR1e2,S20_LR1e2,0,1,10.995043028632276,10.98980256532469,24.68115316118513,24.598992347717285
1nZ0fd1gxWo_seg9,S5_LR1e3,S5_LR1e3,S5_LR1e2,S5_LR1e2,1,1,9.4279971189909,9.4279971189909,24.125381878444127,24.125381878444127
1opHNGppnT8_seg10,S5_LR1e3,S5_LR1e3,S10_LR1e2,S2_LR1e3,1,0,8.093317033795662,8.093317033795662,15.912476335253034,15.912476335253034
1oy4loc75U4_seg16,S5_LR5e3,S2_LR1e2,S20_LR1e2,S20_LR1e2,0,1,8.97354468354399,8.980729421070274,15.738167558397565,15.753967761993408
1p4_JjAie-4_seg13,S5_LR1e3,S5_LR1e3,S20_LR1e2,S10_LR1e2,1,0,9.183831202916721,9.183831202916721,13.438942977360316,13.438942977360316
1p4_JjAie-4_seg7,S5_LR1e3,S10_LR1e3,S10_LR1e2,S20_LR1e2,0,0,7.649273800224927,7.634163075383418,11.92019932610648,11.849646977015905
1q2irDJWFb0_seg10,S5_LR1e3,S10_LR1e3,S20_LR1e2,S20_LR1e2,0,1,8.14777766842457,8.134519341703276,19.624199049813406,19.64806624821254
1uI0pzU5Oic_seg24,S5_LR1e3,S10_LR1e3,S5_LR1e2,S10_LR1e2,0,0,10.67527418779817,10.635545503648421,18.640968322753906,18.61842053277152
1yb8hc7omz8_seg2,S10_LR1e2,S2_LR1e2,S2_LR1e3,S20_LR5e3,0,0,9.436693107344622,9.457479250278729,20.85712242126465,20.682296207972936
1ynNnSbkT6A_seg6,S5_LR1e2,S5_LR1e2,S2_LR5e3,S10_LR1e2,1,0,10.33357779384514,10.33357779384514,11.916470187050956,11.916470187050956
21HfqTi17ZA_seg18,S5_LR1e3,S5_LR1e3,S10_LR5e3,S20_LR1e2,1,0,8.230202679960554,8.230202679960554,22.422784396580287,22.422784396580287
22-yhqtsVWw_seg11,S2_LR1e2,S20_LR5e3,S5_LR1e3,S10_LR1e2,0,0,11.460939228129208,11.458846463353169,19.89237587792533,19.481728758130753
24-oeAg0VjE_seg27,S5_LR1e3,S5_LR1e3,S20_LR1e2,S20_LR1e2,1,1,7.207106321827269,7.207106321827269,23.075362341744558,23.075362341744558
24-oeAg0VjE_seg45,S10_LR1e2,S2_LR1e2,S2_LR1e3,S10_LR5e3,0,0,10.367767687098809,10.370875499290632,18.884521166483562,18.991204897562664
24-oeAg0VjE_seg48,S5_LR1e3,S10_LR1e3,S10_LR5e3,S10_LR1e3,0,0,10.41327890782893,10.462040915757811,26.351155144827707,26.32065990992955
27ATusOtcUU_seg101,S5_LR1e3,S5_LR1e3,S20_LR1e2,S10_LR1e2,1,0,8.48465745358361,8.48465745358361,23.060368129185267,23.060368129185267
27ATusOtcUU_seg72,S5_LR1e3,S10_LR1e3,S10_LR1e2,S5_LR1e2,0,0,11.826253167338754,11.827524485267253,17.924752235412598,17.90964412689209
27ATusOtcUU_seg82,S5_LR1e3,S5_LR1e3,S10_LR5e3,S10_LR1e2,1,0,11.9079274002531,11.9079274002531,18.278391429356166,18.278391429356166
28Ea3Cxk7wY_seg14,S10_LR1e2,S2_LR1e2,S20_LR5e3,S20_LR1e2,0,0,6.247933319447059,6.339721001221084,13.49091134752546,13.562977995191302
2B-b5HYTfbA_seg11,S5_LR1e3,S5_LR1e3,S5_LR1e2,S20_LR1e2,1,0,8.906782069332058,8.906782069332058,14.018855707986015,14.018855707986015
2FF0velPHp4_seg36,S5_LR1e3,S10_LR1e3,S20_LR5e3,S10_LR1e2,0,0,4.197610524576556,4.220091812000999,14.64015817642212,14.4959077835083
2GSKBvdE5a8_seg7,S5_LR1e3,S5_LR1e3,S20_LR1e3,S2_LR5e3,1,0,10.59277526522125,10.59277526522125,20.128496170043945,20.128496170043945
2IJ0HQ_QrQs_seg29,S5_LR1e3,S10_LR1e3,S2_LR1e2,S2_LR1e3,0,0,9.73976050044045,9.740554768028145,22.417347499302455,22.47959545680455
2IJ0HQ_QrQs_seg32,S5_LR1e3,S10_LR1e3,S10_LR1e2,S5_LR1e3,0,0,9.837960539846835,9.85007621062252,28.452328000749862,28.995718547276088
2IttrWtN15g_seg19,S5_LR1e3,S10_LR1e3,S20_LR1e2,S10_LR1e2,0,0,9.627522834316961,9.620699507439374,14.703079632350377,14.611755302974156
2Kl0JznbNHA_seg6,S5_LR1e3,S5_LR1e3,S20_LR1e2,S5_LR1e2,1,0,10.688728796502884,10.688728796502884,19.78992830004011,19.78992830004011
2L_4Pal0zXg_seg0,S5_LR1e3,S10_LR1e3,S10_LR1e2,S20_LR1e2,0,0,7.341868364725608,7.358813684450307,17.748388290405273,17.737765039716447
2NmKnTd3u1c_seg9,S5_LR1e2,S2_LR1e3,S10_LR1e3,S10_LR1e2,0,0,10.392343656301993,10.424817405411316,21.020056452069962,20.92289420536586
2O05boE-tWA_seg15,S5_LR1e3,S10_LR1e3,S20_LR5e3,S10_LR1e2,0,0,11.194957223228949,11.222840017680165,18.02406488146101,18.001278809138707
2Qlrwei1fZk_seg15,S10_LR1e2,S2_LR1e2,S2_LR1e2,S10_LR1e3,0,0,11.286578851160074,11.293643023993434,15.849695069449288,15.791686603001185
2SpNjBI1lu0_seg14,S5_LR1e3,S10_LR1e3,S10_LR1e3,S10_LR1e3,0,1,5.055907198794032,5.378622562150175,22.920981815883092,22.86137785230364
2SpNjBI1lu0_seg15,S10_LR1e2,S2_LR1e2,S20_LR5e3,S10_LR5e3,0,0,7.102266583853023,7.074576757797824,15.458716188158308,15.435048512050084
2UVEbAkpD4Q_seg34,S10_LR1e2,S2_LR1e2,S10_LR1e2,S10_LR1e2,0,1,9.34216208801182,9.264579877109812,11.814503874097552,12.37359367098127
2UVEbAkpD4Q_seg50,S5_LR1e3,S10_LR1e3,S10_LR1e2,S20_LR1e2,0,0,5.6443880607688675,5.771731105448132,11.644890921456474,11.640963894980294
2UVEbAkpD4Q_seg52,S5_LR1e3,S5_LR1e3,S2_LR5e3,S20_LR1e2,1,0,8.162154586033141,8.162154586033141,15.226140703473773,15.226140703473773
2UVEbAkpD4Q_seg58,S5_LR1e3,S10_LR1e3,S20_LR1e2,S10_LR5e3,0,0,8.356305132577317,8.295184480527316,16.159160205296107,16.125223023550852
2V5SZ4Unq5Q_seg12,S10_LR1e2,S2_LR1e2,S5_LR1e3,S20_LR1e2,0,0,9.706515796225304,9.684096893276488,24.70216519492013,23.522392681666783
2VAbY-mdrRg_seg2,S5_LR1e3,S10_LR1e3,S2_LR1e3,S5_LR1e3,0,0,10.935887915465317,10.901092396979916,13.765898432050433,14.338263579777308
2VAbY-mdrRg_seg8,S10_LR1e2,S2_LR1e2,S5_LR1e2,S10_LR1e2,0,0,10.268457739267566,10.298367804642044,21.234670094081334,21.812101091657365
2XLebo7XxIg_seg21,S5_LR1e3,S10_LR1e3,S20_LR5e3,S5_LR5e3,0,0,8.936107624792688,9.04391498941148,10.081708601542882,9.982252768107823
2XLebo7XxIg_seg24,S5_LR1e3,S5_LR1e3,S10_LR1e2,S5_LR5e3,1,0,10.449332764033842,10.449332764033842,13.3840252331325,13.3840252331325
2a_gDg2j7Os_seg6,S5_LR1e3,S10_LR1e3,S5_LR1e3,S20_LR1e2,0,0,11.150541981968278,11.144920146387776,16.60150078364781,16.608205727168492
2d6rqVIZa40_seg19,S5_LR1e3,S10_LR1e3,S2_LR1e3,S2_LR1e3,0,1,9.552202806499539,9.504613871848415,15.621924604688372,15.549169676644462
2d6rqVIZa40_seg8,S5_LR1e3,S5_LR1e3,S5_LR1e3,S10_LR1e2,1,0,11.386425766113689,11.386425766113689,18.339733736855642,18.339733736855642
2dBG-nL15J0_seg19,S5_LR1e3,S5_LR1e3,S20_LR5e3,S20_LR1e2,1,0,6.923765398861541,6.923765398861541,19.466218948364258,19.466218948364258
2din5kmNqfw_seg32,S10_LR1e2,S2_LR1e2,S5_LR1e3,S20_LR1e2,0,0,7.225571797744633,7.199623640301927,10.882569789886475,10.85467961856297
2din5kmNqfw_seg82,S5_LR1e3,S5_LR1e3,S20_LR1e2,S20_LR1e2,1,1,10.677609854733058,10.677609854733058,14.844728129250663,14.844728129250663
2din5kmNqfw_seg92,S5_LR1e3,S10_LR1e3,S2_LR1e2,S20_LR1e2,0,0,9.612087907133597,9.620265694554451,13.105655125209264,13.449326719556536
2fEWHoxiC4o_seg23,S5_LR1e3,S10_LR1e3,S5_LR5e3,S20_LR1e2,0,0,8.000903069979804,7.99511578563137,14.24223788579305,14.299361069997152
2fEWHoxiC4o_seg24,S5_LR1e3,S5_LR1e3,S2_LR5e3,S20_LR1e2,1,0,10.794797285941568,10.794797285941568,17.570475510188512,17.570475510188512
2fQpwNk_ti8_seg55,S10_LR1e2,S2_LR1e2,S20_LR5e3,S20_LR5e3,0,1,4.843063948521072,4.82495662160412,19.217213903154647,19.246894700186594
2fQpwNk_ti8_seg59,S5_LR1e3,S10_LR1e3,S5_LR1e3,S5_LR5e3,0,0,11.29348211122976,11.2787931107257,24.784496443612234,24.784328733171737
2fQpwNk_ti8_seg62,S5_LR1e3,S5_LR1e3,S10_LR5e3,S5_LR1e3,1,0,11.342741423465299,11.342741423465299,17.238351685660227,17.238351685660227
2fnEVge2DoA_seg4,S5_LR1e3,S5_LR1e3,S2_LR5e3,S20_LR1e2,1,0,8.542263117050506,8.542263117050506,14.66675329208374,14.66675329208374
2fnEVge2DoA_seg5,S5_LR1e3,S5_LR1e3,S5_LR1e2,S20_LR5e3,1,0,5.6478867021220065,5.6478867021220065,12.443552902766637,12.443552902766637
2hYgqQvozq4_seg7,S10_LR1e2,S2_LR1e2,S2_LR1e2,S20_LR5e3,0,0,6.191759193655879,6.3911467132767825,10.805900301252093,10.535417897360665
2iC-G7KXTBU_seg35,S5_LR1e3,S10_LR1e3,S2_LR5e3,S5_LR1e3,0,0,7.113616091197089,7.107098085714826,25.28789942605155,25.30884279523577
2iC-G7KXTBU_seg43,S5_LR1e3,S10_LR1e3,S20_LR1e3,S5_LR1e3,0,0,10.305737465919703,10.319925936220129,27.036469050816127,27.058127675737655
2kGVjiSITnY_seg26,S10_LR5e3,S20_LR5e3,S5_LR1e2,S2_LR1e3,0,0,10.589880760168844,10.608156178401936,22.54562895638602,24.152583394731796
2kmJfKozQlY_seg22,S5_LR1e3,S10_LR1e3,S10_LR5e3,S5_LR1e2,0,0,10.26734106020078,10.40595047529975,18.65875107901437,18.671136583600724
2kmJfKozQlY_seg6,S5_LR1e3,S10_LR1e3,S5_LR1e3,S10_LR1e2,0,0,12.008324390682583,12.006306566359436,19.462077958243235,19.451375552586146
2lTt2qrZd_w_seg8,S5_LR1e3,S5_LR1e3,S10_LR1e2,S2_LR1e3,1,0,11.429123413599793,11.429123413599793,22.536566598074778,22.536566598074778
2mFVoIjkbTo_seg37,S10_LR1e2,S2_LR1e2,S20_LR1e2,S20_LR1e2,0,1,11.275863688471826,11.14173740673748,25.115077427455358,25.135323933192662
2mFVoIjkbTo_seg44,S5_LR1e3,S10_LR1e3,S20_LR1e2,S20_LR1e2,0,1,7.953275545392943,7.951709168413237,19.85323374611991,19.535750116620743
2nQRw9nlIWM_seg66,S10_LR1e2,S2_LR1e2,S20_LR1e3,S20_LR5e3,0,0,10.906613318720828,10.98870005393369,29.018571853637695,27.19485800606864
2omJVL3_Jes_seg7,S5_LR1e3,S5_LR1e3,S5_LR1e3,S20_LR1e2,1,0,11.536123069455398,11.536123069455398,17.376929215022496,17.376929215022496
2omJVL3_Jes_seg8,S5_LR1e3,S10_LR1e3,S10_LR5e3,S5_LR1e2,0,0,11.016990843600809,10.999327992307235,25.561119760785783,25.540211541312082
2rFkHY4F7_c_seg11,S5_LR1e3,S5_LR1e3,S5_LR5e3,S10_LR1e2,1,0,10.898004245259887,10.898004245259887,22.814663887023926,22.814663887023926
2rFkHY4F7_c_seg6,S10_LR1e2,S2_LR1e2,S2_LR1e3,S5_LR1e2,0,0,8.409538658109126,8.446491148647535,15.640539646148682,15.273285252707344
2sUX6E6tW3M_seg42,S10_LR1e2,S2_LR1e2,S10_LR1e2,S10_LR1e2,0,1,9.349858016900113,9.123869503103363,16.31874234335763,16.351565020424978
2u8loSpKtko_seg13,S5_LR1e3,S5_LR1e3,S5_LR5e3,S2_LR5e3,1,0,10.357462846017446,10.357462846017446,15.928859438214984,15.928859438214984
2vUMiBZeIm0_seg24,S10_LR1e2,S2_LR1e2,S10_LR1e3,S20_LR1e3,0,0,10.976412182510613,11.046862975212862,15.267875671386719,15.26199470247541
2vUMiBZeIm0_seg4,S5_LR1e3,S5_LR1e3,S20_LR5e3,S20_LR1e2,1,0,11.719151144340808,11.719151144340808,14.410304205758232,14.410304205758232
2vVKf2cWUxo_seg25,S10_LR1e2,S2_LR1e2,S10_LR1e2,S2_LR1e2,0,0,5.159310978613823,5.118212518885345,19.680209636688232,19.647562435695104
2vnZczhMxfU_seg11,S5_LR1e3,S5_LR1e3,S5_LR1e3,S20_LR1e2,1,0,7.315907531051123,7.315907531051123,8.922632251467023,8.922632251467023
2vtyYp0r-pk_seg25,S5_LR1e3,S5_LR1e3,S20_LR1e3,S20_LR1e2,1,0,10.825678119466682,10.825678119466682,17.72895315715245,17.72895315715245
2wn7S5T29F4_seg20,S10_LR1e2,S2_LR1e2,S20_LR1e2,S20_LR1e2,0,1,10.582871322169783,10.588873600566128,17.478897162846156,17.54910727909633
2wn7S5T29F4_seg21,S10_LR1e2,S2_LR1e2,S2_LR5e3,S20_LR5e3,0,0,10.401517660855719,10.41507127518537,36.51613180977957,36.45113263811384
2wn7S5T29F4_seg3,S5_LR1e3,S10_LR1e3,S2_LR1e2,S20_LR5e3,0,0,11.861151315196139,11.864670837615547,22.17509732927595,22.41968822479248
3-uVOKYElKw_seg7,S10_LR1e2,S2_LR1e2,S20_LR1e3,S20_LR1e2,0,0,10.749178249489322,10.766583167568388,12.432537010737828,12.358387674604144
32bxll7pv9U_seg11,S5_LR1e3,S10_LR1e3,S20_LR1e3,S20_LR1e2,0,0,9.923226006080435,9.943688855322256,17.45592737197876,17.458420481000626
32bxll7pv9U_seg6,S5_LR1e3,S10_LR1e3,S10_LR5e3,S2_LR5e3,0,0,11.126758238074563,11.124264151173923,14.781526156834193,14.796777657100133
32bxll7pv9U_seg7,S5_LR1e3,S5_LR1e3,S20_LR5e3,S5_LR1e2,1,0,9.670280012398473,9.670280012398473,15.344675268445696,15.344675268445696
35BmVWkASB4_seg21,S5_LR1e3,S10_LR1e3,S5_LR1e2,S5_LR1e2,0,1,8.549108517256398,8.573748008691533,13.526795864105225,13.52614974975586
35BmVWkASB4_seg24,S5_LR5e3,S10_LR1e3,S2_LR1e3,S20_LR5e3,0,0,7.9388069445009775,7.389315043858434,16.35150991167341,16.35435880933489
3741iMndYcc_seg2,S10_LR1e2,S2_LR1e2,S2_LR5e3,S20_LR1e2,0,0,11.272645107282752,11.287691657377936,20.693601608276367,20.482696533203125
3741iMndYcc_seg31,S5_LR5e3,S2_LR1e2,S2_LR5e3,S20_LR5e3,0,0,10.122777122585264,10.153165620590853,11.301616259983607,11.29935543877738
3741iMndYcc_seg34,S10_LR1e2,S2_LR1e2,S20_LR1e2,S20_LR1e2,0,1,11.20360448022495,10.8879873991477,11.913981642041888,11.92250565120152
3AJBZeAP09Q_seg4,S5_LR1e3,S5_LR1e3,S20_LR1e2,S20_LR1e2,1,1,11.054436852111191,11.054436852111191,18.88724681309291,18.88724681309291
3AeNjDFcZG4_seg3,S5_LR1e3,S5_LR1e3,S2_LR1e2,S5_LR1e2,1,0,9.97163493414775,9.97163493414775,27.264042036873953,27.264042036873953
3CkjSU9t-OU_seg21,S5_LR1e3,S5_LR1e3,S2_LR1e2,S20_LR1e2,1,0,7.379654387134331,7.379654387134331,15.419317177363805,15.419317177363805
3CsRKAafHbk_seg19,S5_LR1e3,S10_LR1e3,S20_LR1e3,S2_LR1e2,0,0,9.70749535445285,9.77566035500752,27.28846767970494,27.23545115334647
3CsRKAafHbk_seg32,S10_LR1e2,S2_LR1e2,S20_LR1e2,S5_LR1e2,0,0,10.265197078502613,10.172950514586322,20.109934943062918,20.01430061885289
3CxIJc0Jses_seg6,S10_LR1e2,S20_LR1e2,S20_LR1e2,S20_LR1e2,0,1,7.040468739730273,7.068705072271402,21.53860010419573,21.409233774457658
3DMgmarL9Hc_seg6,S5_LR1e3,S5_LR1e3,S20_LR5e3,S10_LR1e2,1,0,10.123774926582616,10.123774926582616,18.096611976623535,18.096611976623535
3Ey-LV9hcfo_seg26,S5_LR1e3,S5_LR1e3,S10_LR5e3,S20_LR5e3,1,0,8.810512575694696,8.810512575694696,22.375463349478586,22.375463349478586
3Ey-LV9hcfo_seg36,S5_LR1e3,S10_LR1e3,S5_LR1e2,S5_LR1e3,0,0,10.15926377266251,10.152688049473287,18.93249818256923,18.945209435054235
3FOmwop5vc8_seg2,S5_LR1e3,S5_LR1e3,S20_LR1e2,S5_LR1e3,1,0,9.902305809491976,9.902305809491976,23.06799738747733,23.06799738747733
3FpRFQ9Lelc_seg13,S5_LR1e3,S10_LR1e3,S10_LR1e3,S5_LR1e2,0,0,10.385565694591628,10.404203742856236,17.266059807368688,17.208630970546178
3FpRFQ9Lelc_seg35,S5_LR1e3,S5_LR1e3,S2_LR1e3,S5_LR1e3,1,0,9.93019506452992,9.93019506452992,16.95034408569336,16.95034408569336
3I7xrjc-Z6o_seg19,S5_LR1e3,S10_LR1e3,S5_LR1e2,S2_LR1e2,0,0,11.144532129110221,11.143885325111716,11.160371712275914,11.23055022103446
3IFkWOZYyBQ_seg27,S5_LR1e3,S5_LR1e3,S10_LR1e2,S5_LR1e2,1,0,8.949883734459908,8.949883734459908,17.521107264927455,17.521107264927455
3IFkWOZYyBQ_seg29,S5_LR1e3,S10_LR1e3,S10_LR1e2,S20_LR1e2,0,0,10.421320013493952,10.422309247460065,16.62315845489502,16.62096902302333
3J7p_3sZ2ck_seg10,S5_LR1e3,S5_LR1e3,S10_LR5e3,S20_LR1e2,1,0,11.923906474107426,11.923906474107426,25.69334057399205,25.69334057399205
3JxrNBpgXME_seg0,S5_LR1e3,S10_LR1e3,S5_LR5e3,S20_LR1e2,0,0,5.283115390905809,4.926718038084165,24.469882011413574,24.428171157836914
3LYpJCObYFY_seg2,S10_LR1e2,S2_LR1e2,S5_LR1e2,S2_LR1e3,0,0,10.960291634670138,10.922005067111813,23.212845257350377,23.175356456211635
3MZ9QVRm4is_seg22,S5_LR1e3,S10_LR1e3,S20_LR1e2,S10_LR1e2,0,0,11.714157740210366,11.714911714715006,18.984615598406112,19.007765769958496
3MZ9QVRm4is_seg27,S5_LR1e3,S5_LR1e3,S20_LR1e2,S20_LR1e2,1,1,11.882245004019538,11.882245004019538,18.827225344521658,18.827225344521658
3MZ9QVRm4is_seg51,S5_LR1e3,S5_LR1e3,S5_LR1e2,S20_LR1e2,1,0,11.48159946795362,11.48159946795362,19.07996790749686,19.07996790749686
3NfA0HTfnSo_seg0,S2_LR1e2,S20_LR5e3,S2_LR5e3,S5_LR1e3,0,0,11.439392305204475,11.434448298054111,23.44451768057687,23.456194196428573
3NfUEbWA138_seg3,S10_LR5e3,S5_LR5e3,S10_LR1e2,S20_LR1e3,0,0,7.5005147124737395,7.514812870165501,14.519556590488978,14.300469057900566
3QxdI76GYIE_seg1,S20_LR5e3,S5_LR1e3,S20_LR5e3,S2_LR1e2,0,0,7.92451866192164,7.816457340454369,19.332526479448592,19.175311701638357
3QxdI76GYIE_seg16,S5_LR1e3,S5_LR1e3,S2_LR1e2,S10_LR5e3,1,0,10.302586916827817,10.302586916827817,11.122541087014335,11.122541087014335
3QxdI76GYIE_seg24,S10_LR1e2,S2_LR1e2,S10_LR1e2,S10_LR1e2,0,1,9.843410162249041,9.809676567455309,14.177966322217669,14.389339787619454
3QxdI76GYIE_seg29,S10_LR1e2,S2_LR1e2,S2_LR1e3,S20_LR1e2,0,0,8.430132710061129,8.435324806351193,8.314416067940849,8.354396751948766
3QxdI76GYIE_seg4,S5_LR1e3,S10_LR1e3,S10_LR1e2,S20_LR1e2,0,0,9.285999070020967,9.043736926409304,12.159249714442662,11.935422420501709
3TJ88NzjxPg_seg8,S10_LR1e2,S2_LR1e2,S10_LR1e2,S5_LR1e2,0,0,9.33604004568807,9.257445860084664,12.393400873456683,12.215595994676862
3WkAX24d-Og_seg1,S5_LR1e3,S10_LR1e3,S10_LR5e3,S2_LR1e2,0,0,6.7651335553856535,6.738002158020066,27.93868855067662,27.958896500723704
3WoY6cojpwQ_seg19,S5_LR1e3,S5_LR1e3,S5_LR5e3,S2_LR1e3,1,0,7.6466784953056175,7.6466784953056175,23.532768658229283,23.532768658229283
3XSfRAJaL48_seg19,S5_LR1e3,S10_LR1e3,S5_LR1e2,S10_LR1e2,0,0,10.644798405238603,10.658264812627346,17.96859564099993,18.100549016680038
3XSfRAJaL48_seg23,S5_LR1e2,S20_LR1e2,S10_LR1e3,S20_LR1e3,0,0,10.83215253832587,10.745253273296216,18.191378252846853,18.33788469859532
3_JR6QBIFVo_seg47,S5_LR1e3,S10_LR1e3,S10_LR1e2,S20_LR5e3,0,0,12.1935232680825,12.195239856953672,20.167799132210867,20.17378078188215
3_JR6QBIFVo_seg7,S5_LR1e3,S5_LR1e3,S20_LR1e2,S10_LR1e2,1,0,10.323337111699376,10.323337111699376,37.77205467224121,37.77205467224121
3_grhZzuP08_seg16,S5_LR1e3,S5_LR1e3,S20_LR1e2,S20_LR1e3,1,0,11.291448839180388,11.291448839180388,14.100891553438627,14.100891553438627
3bP0TO__I0Q_seg56,S5_LR1e3,S5_LR1e3,S10_LR1e2,S10_LR1e2,1,1,9.834898303146048,9.834898303146048,11.630257742745536,11.630257742745536
3cKu5m6z20A_seg32,S5_LR1e3,S5_LR1e3,S20_LR5e3,S5_LR5e3,1,0,6.601191435551195,6.601191435551195,19.201320580073766,19.201320580073766
3cKu5m6z20A_seg4,S5_LR1e3,S5_LR1e3,S20_LR1e2,S20_LR5e3,1,0,11.26807015892665,11.26807015892665,14.117266723087855,14.117266723087855
3cKu5m6z20A_seg52,S5_LR1e3,S10_LR1e3,S2_LR1e2,S10_LR1e2,0,0,8.9470082186313,8.95360882472971,18.75574520656041,18.722797053200857
3cKu5m6z20A_seg6,S5_LR1e3,S5_LR1e3,S10_LR1e2,S20_LR1e2,1,0,5.647360923290239,5.647360923290239,17.95436872754778,17.95436872754778
3cKu5m6z20A_seg61,S5_LR1e3,S10_LR1e3,S2_LR1e2,S20_LR1e2,0,0,8.506915040759386,8.508722251450545,16.549871853419713,16.580375058310374
3dHcR5-dPH4_seg32,S10_LR1e2,S2_LR1e2,S20_LR1e2,S20_LR1e2,0,1,10.552208520717926,10.572147097400267,17.699132578713552,17.712319919041224
3dHcR5-dPH4_seg5,S5_LR1e3,S10_LR1e3,S20_LR5e3,S2_LR1e3,0,0,10.54287026727499,10.541108246640322,20.043939181736537,20.05808196749006
3e5kgnjhHK4_seg28,S10_LR5e3,S2_LR1e3,S10_LR1e2,S10_LR1e2,0,1,10.82948395022301,10.886315480481255,18.73888874053955,18.84166485922677
3f3qpwbUJSA_seg0,S5_LR1e3,S5_LR1e3,S5_LR1e2,S20_LR1e2,1,0,10.632606831181297,10.632606831181297,22.9782235963004,22.9782235963004
3f3qpwbUJSA_seg30,S5_LR1e3,S10_LR1e3,S2_LR5e3,S20_LR1e2,0,0,9.008278084264864,9.012093988528498,22.88370077950614,22.867889949253627
3f_cAy8ugvQ_seg5,S5_LR1e3,S5_LR1e3,S10_LR1e2,S10_LR1e2,1,1,6.25154819197793,6.25154819197793,13.723299639565605,13.723299639565605
3gmsJGZKeak_seg15,S5_LR1e3,S5_LR1e3,S5_LR1e2,S10_LR1e2,1,0,11.929034467306215,11.929034467306215,19.134202003479004,19.134202003479004
3iX9ybdgbPA_seg11,S5_LR1e3,S10_LR1e3,S10_LR1e2,S10_LR1e3,0,0,11.159939283908482,11.168732761776996,20.14539991106306,20.092278344290598
3iX9ybdgbPA_seg8,S10_LR1e2,S2_LR1e2,S5_LR1e2,S5_LR1e2,0,1,10.683467645300667,10.838137840214383,16.463452747889928,16.054865632738387
3l4KXgg5oGs_seg6,S5_LR1e3,S5_LR1e3,S20_LR5e3,S20_LR1e2,1,0,11.13103727872173,11.13103727872173,26.594684873308456,26.594684873308456
3mQnsPGHLp8_seg112,S10_LR1e2,S2_LR1e2,S2_LR1e3,S20_LR5e3,0,0,8.07196065618032,8.398114476532252,14.035952908652169,13.728616986955915
3mQnsPGHLp8_seg120,S5_LR1e3,S5_LR1e3,S20_LR1e2,S20_LR1e2,1,1,3.513288951782485,3.513288951782485,8.975865193775721,8.975865193775721
3mQnsPGHLp8_seg47,S5_LR1e3,S10_LR1e3,S20_LR1e2,S20_LR1e2,0,1,9.615799328736058,9.650016333389592,9.16438967841012,9.19757672718593
3mQnsPGHLp8_seg67,S5_LR1e3,S10_LR1e3,S5_LR1e3,S20_LR1e2,0,0,11.936321683516736,11.917714108558885,13.038828713553292,13.018359729221888
3mQnsPGHLp8_seg73,S10_LR1e2,S2_LR1e2,S20_LR1e2,S20_LR1e2,0,1,6.537772871661906,6.445144954719374,10.136807918548584,10.14796427318028
3mQnsPGHLp8_seg9,S5_LR1e3,S5_LR1e3,S20_LR5e3,S20_LR5e3,1,1,10.541423004037142,10.541423004037142,10.038792882646833,10.038792882646833
3qn9FcZZe7E_seg16,S5_LR1e3,S10_LR1e3,S5_LR1e2,S10_LR1e3,0,0,8.357846350946485,8.503047824855214,15.87714113507952,15.774053641727992
3qn9FcZZe7E_seg22,S10_LR1e2,S2_LR1e2,S20_LR5e3,S5_LR1e2,0,0,11.27879850398663,11.278921164656436,23.53330189841134,23.490284374782018
3quwc_A6t4s_seg26,S5_LR1e3,S10_LR1e3,S20_LR1e2,S20_LR1e2,0,1,11.718664464526242,11.714931325262356,18.334239142281668,18.332799639020646
3quwc_A6t4s_seg53,S10_LR1e2,S2_LR1e2,S5_LR5e3,S10_LR1e2,0,0,10.521478161620294,10.53094110744918,15.726383822304863,16.372582163129533
3quwc_A6t4s_seg72,S5_LR1e3,S10_LR1e3,S5_LR1e2,S10_LR1e2,0,0,11.501029162172728,11.553931513338048,13.498913901192802,13.490231718335833
3quwc_A6t4s_seg73,S5_LR1e3,S5_LR1e3,S10_LR5e3,S20_LR5e3,1,0,11.218791561085329,11.218791561085329,13.647338594709124,13.647338594709124
3quwc_A6t4s_seg75,S5_LR1e3,S10_LR1e3,S5_LR1e2,S10_LR5e3,0,0,11.320327534538732,11.336658465565733,16.541091101510183,16.53771380015782
3rdeuIj_V3A_seg17,S5_LR1e3,S10_LR1e3,S10_LR1e3,S2_LR1e2,0,0,10.667196150747793,10.848869835872074,14.425354208265032,14.611042158944267
3rdeuIj_V3A_seg68,S5_LR1e3,S5_LR1e3,S10_LR1e2,S2_LR1e3,1,0,5.31718606760915,5.31718606760915,13.920383930206299,13.920383930206299
3rdeuIj_V3A_seg94,S5_LR1e3,S5_LR1e3,S20_LR5e3,S2_LR1e2,1,0,10.310523613250455,10.310523613250455,13.944998604910714,13.944998604910714
3s8cy1_8irk_seg1,S5_LR1e3,S5_LR1e3,S20_LR1e2,S2_LR1e3,1,0,11.170476194734315,11.170476194734315,21.26648575919015,21.26648575919015
3skDNH_jE_g_seg6,S10_LR1e2,S2_LR1e2,S10_LR1e3,S2_LR1e3,0,0,7.8450341228268305,7.809841591727066,29.565467153276717,29.013754435947963
3u-WKDxjnNY_seg19,S5_LR1e3,S5_LR1e3,S5_LR1e2,S2_LR5e3,1,0,6.592473541404519,6.592473541404519,19.94139289855957,19.94139289855957
3v0pHMHCL8Q_seg3,S5_LR1e3,S10_LR1e3,S2_LR5e3,S10_LR5e3,0,0,10.667604582439438,10.723192878444166,18.160892759050643,18.16188621520996
3vJgfHXaFw0_seg15,S5_LR1e3,S10_LR1e3,S20_LR1e2,S20_LR1e2,0,1,11.420218847664554,11.424543658493198,15.544901234763008,15.557185104915074
3wfI7FE68ZE_seg4,S5_LR1e3,S5_LR1e3,S5_LR1e2,S10_LR1e2,1,0,6.489665323067123,6.489665323067123,13.8340881892613,13.8340881892613
3yumLKlB_Ww_seg26,S5_LR1e3,S10_LR1e3,S10_LR1e2,S10_LR5e3,0,0,6.815003746035917,6.811949728126472,30.41383102961949,30.44206850869315
3zjzRA3h194_seg4,S10_LR1e2,S2_LR1e2,S10_LR1e2,S20_LR1e2,0,0,10.029794880790663,9.9070452847988,23.170214925493514,23.555644171578543
4-YLpUiClU4_seg18,S5_LR1e3,S5_LR1e3,S10_LR1e2,S10_LR1e2,1,1,8.068253139765636,8.068253139765636,12.071822711399623,12.071822711399623
4-u24nxcnKI_seg11,S5_LR1e3,S5_LR1e3,S2_LR5e3,S20_LR1e2,1,0,7.418267871891997,7.418267871891997,24.139066287449428,24.139066287449428
40LnAfId60Y_seg3,S5_LR1e3,S10_LR1e3,S20_LR1e2,S20_LR1e2,0,1,11.682985631661017,11.660802072700422,16.925183364323207,16.927323000771658
41GlrMHerto_seg15,S5_LR1e3,S10_LR1e3,S2_LR1e2,S2_LR1e2,0,1,10.76533909631888,10.763992167166393,19.798496791294642,19.85929925101144
41GlrMHerto_seg24,S5_LR1e3,S10_LR1e3,S10_LR5e3,S10_LR1e2,0,0,11.473079038575907,11.480366937801758,9.26415525163923,9.233090128217425
41s12ORkekE_seg3,S5_LR1e3,S5_LR1e3,S5_LR1e3,S2_LR1e2,1,0,8.753379769498766,8.753379769498766,18.10873522077288,18.10873522077288
44-KeyAP8yU_seg33,S10_LR1e2,S2_LR1e2,S5_LR1e2,S10_LR1e3,0,0,10.688634696028851,10.848234961879413,29.60745644569397,28.410974502563477
44rluUpYtwo_seg0,S5_LR1e3,S5_LR1e3,S5_LR1e2,S20_LR1e2,1,0,11.581856712210891,11.581856712210891,14.620452676500593,14.620452676500593
477RiSrmnJo_seg4,S5_LR1e3,S10_LR1e3,S2_LR1e2,S5_LR1e3,0,0,8.676815897725701,8.67918543956376,21.788533210754395,21.93618937901088
487SXKammfY_seg31,S5_LR1e3,S10_LR1e3,S10_LR1e3,S5_LR5e3,0,0,11.194585910382784,11.220956769680425,17.41671507699149,17.314280237470353
49biC7aWOKA_seg1,S5_LR1e3,S5_LR1e3,S10_LR1e2,S10_LR5e3,1,0,6.971857243084045,6.971857243084045,15.859547070094518,15.859547070094518
49biC7aWOKA_seg9,S5_LR1e3,S10_LR1e3,S20_LR1e2,S5_LR1e2,0,0,9.521061959603214,9.510610294567774,16.842781952449254,16.844902106693812
49uTryQC52A_seg15,S5_LR1e3,S5_LR1e3,S5_LR1e2,S10_LR5e3,1,0,9.609704359984786,9.609704359984786,14.634822300502233,14.634822300502233
4Az-tphCyeY_seg1,S10_LR1e2,S2_LR1e2,S5_LR5e3,S20_LR1e2,0,0,7.07044349165559,7.027861908015617,14.478483131953649,14.544621399470739
4Az-tphCyeY_seg23,S5_LR1e3,S10_LR1e3,S5_LR1e2,S20_LR1e2,0,0,10.037714338287726,10.021115342560202,11.632546697344099,11.622487476893834
4CRy4J-OlNU_seg7,S5_LR1e3,S10_LR1e3,S20_LR5e3,S20_LR5e3,0,1,10.543455337698484,10.538741176870088,21.013119561331614,20.802653857639857
4FZqASIwVlg_seg1,S10_LR1e2,S2_LR1e2,S20_LR1e2,S5_LR5e3,0,0,8.478362575584217,8.219562713527294,20.829512187412806,21.02792399270194
4FZqASIwVlg_seg13,S5_LR1e3,S5_LR1e3,S20_LR1e2,S2_LR5e3,1,0,6.319447447651586,6.319447447651586,19.75399112701416,19.75399112701416
4FZqASIwVlg_seg23,S5_LR1e3,S10_LR1e3,S20_LR1e2,S10_LR1e2,0,0,7.709885596620772,7.728419162766692,18.955058915274485,19.0362058367048
4FZqASIwVlg_seg38,S5_LR1e3,S10_LR1e3,S2_LR1e2,S20_LR1e2,0,0,8.174844653183792,8.132735271197847,16.322527272360666,16.175068650926864
4FZqASIwVlg_seg41,S10_LR1e2,S2_LR1e2,S10_LR1e3,S20_LR5e3,0,0,8.90329431186909,9.044037845730108,17.80429901395525,17.92262383869716
4FZqASIwVlg_seg57,S5_LR1e3,S10_LR1e3,S10_LR5e3,S10_LR1e3,0,0,8.450431197302743,8.438440092947827,18.569111619676864,18.45897994722639
4FZqASIwVlg_seg77,S5_LR1e3,S5_LR1e3,S20_LR5e3,S5_LR1e3,1,0,6.255253275874253,6.255253275874253,16.857767241341726,16.857767241341726
4Ie9g24Js-A_seg9,S5_LR1e3,S10_LR1e3,S20_LR5e3,S20_LR5e3,0,1,10.023627281417559,10.016249009112228,18.22919259752546,18.238012518201554
4KkKC2HpNMw_seg35,S5_LR1e3,S5_LR1e3,S10_LR1e2,S20_LR5e3,1,0,8.825353075192023,8.825353075192023,17.021370479038783,17.021370479038783
4KkKC2HpNMw_seg43,S5_LR1e3,S5_LR1e3,S2_LR1e3,S20_LR5e3,1,0,8.203302314673959,8.203302314673959,16.043668610709055,16.043668610709055
4KkKC2HpNMw_seg57,S5_LR1e3,S5_LR1e3,S20_LR1e3,S10_LR1e3,1,0,10.195380224216663,10.195380224216663,26.31097970690046,26.31097970690046
4MHzl26nJ2Y_seg5,S5_LR1e3,S5_LR1e3,S20_LR5e3,S20_LR5e3,1,1,8.843093624683396,8.843093624683396,13.835995606013707,13.835995606013707
4N0CF0t45JA_seg12,S5_LR1e3,S5_LR1e3,S5_LR1e3,S5_LR5e3,1,0,10.682529573144544,10.682529573144544,27.58376799689399,27.58376799689399
4Qkuh_C2Nvs_seg15,S5_LR1e3,S5_LR1e3,S20_LR5e3,S20_LR1e2,1,0,8.96352944629861,8.96352944629861,17.749171325138636,17.749171325138636
4Qkuh_C2Nvs_seg6,S5_LR1e3,S5_LR1e3,S2_LR1e3,S10_LR1e3,1,0,11.180949775277748,11.180949775277748,21.75207655770438,21.75207655770438
4Re9yTAOahY_seg2,S5_LR1e3,S10_LR1e3,S5_LR5e3,S20_LR1e2,0,0,10.622330566783388,10.710552699101296,27.004378455025808,27.154953002929688
4UeC19nkrBc_seg10,S5_LR1e3,S10_LR1e3,S20_LR1e2,S2_LR1e3,0,0,9.793938748091687,9.69211738466561,26.342562130519322,26.319406236921036
4UeC19nkrBc_seg86,S5_LR1e3,S5_LR1e3,S5_LR1e3,S2_LR1e3,1,0,11.244684844010408,11.244684844010408,19.482585089547293,19.482585089547293
4W9QhcpN-ys_seg26,S10_LR1e2,S2_LR1e2,S20_LR5e3,S10_LR5e3,0,0,11.162482510099442,11.1426567262963,24.498271942138672,24.481019292558944
4WgtO8n5A14_seg1,S5_LR1e3,S10_LR1e3,S10_LR1e3,S10_LR1e3,0,1,10.920887633049926,10.940930449393274,27.3940395627703,27.3380583354405
4XHoGfQfdbE_seg3,S10_LR1e2,S2_LR1e2,S5_LR1e2,S20_LR1e2,0,0,10.155403737696286,10.183386667116064,27.751811708722794,28.442071233476913
4XHoGfQfdbE_seg4,S5_LR1e3,S10_LR1e3,S5_LR1e2,S5_LR5e3,0,0,7.0689904391528655,7.073229642854628,31.842126028878347,31.736641883850098
4XvRZeLA0S0_seg15,S5_LR1e3,S5_LR1e3,S20_LR1e2,S5_LR1e2,1,0,7.415068916217394,7.415068916217394,12.919366087232317,12.919366087232317
4XvRZeLA0S0_seg34,S5_LR1e3,S5_LR1e3,S20_LR1e2,S5_LR5e3,1,0,12.164024967386338,12.164024967386338,10.739087241036552,10.739087241036552
4XvRZeLA0S0_seg45,S5_LR1e3,S5_LR1e3,S5_LR1e3,S20_LR1e2,1,0,11.128900674268706,11.128900674268706,17.596778052193777,17.596778052193777
4ZM0FnRmxNk_seg13,S10_LR1e2,S2_LR1e2,S20_LR1e2,S5_LR1e3,0,0,11.277585817521087,11.303965296002474,19.062952177865164,19.0473096711295
4ZM0FnRmxNk_seg15,S5_LR1e3,S5_LR1e3,S2_LR1e2,S5_LR5e3,1,0,9.16478961185201,9.16478961185201,19.333729471479142,19.333729471479142
4ZM0FnRmxNk_seg21,S5_LR1e3,S5_LR1e3,S20_LR1e2,S10_LR1e2,1,0,7.4536984323162,7.4536984323162,21.462631974901473,21.462631974901473
4ZM0FnRmxNk_seg32,S5_LR1e3,S5_LR1e3,S10_LR1e3,S10_LR5e3,1,0,11.890253879180602,11.890253879180602,17.066610676901682,17.066610676901682
4_H7lujyGtE_seg16,S5_LR1e3,S5_LR1e3,S10_LR1e3,S20_LR1e2,1,0,7.402270273383908,7.402270273383908,18.05387191772461,18.05387191772461
4_Sn0IHMaCc_seg10,S5_LR1e3,S5_LR1e3,S5_LR1e3,S20_LR1e2,1,0,8.331863045947774,8.331863045947774,11.910377298082624,11.910377298082624
4aZNYnwsquM_seg8,S5_LR1e3,S5_LR1e3,S10_LR1e2,S20_LR1e2,1,0,8.734011510621539,8.734011510621539,22.838789463043213,22.838789463043213
4d8Smvh1r6o_seg8,S5_LR1e3,S5_LR1e3,S2_LR5e3,S20_LR1e2,1,0,7.770672929749159,7.770672929749159,15.882158483777728,15.882158483777728
4gTYuRXTuaU_seg1,S10_LR1e2,S2_LR1e2,S20_LR1e2,S20_LR5e3,0,0,11.382726099592867,11.364556343269404,19.26179790496826,19.26294708251953
4gpu6i-1bWM_seg11,S10_LR1e2,S2_LR1e2,S10_LR5e3,S5_LR1e2,0,0,10.558817298960363,10.568307565291633,26.95590046473912,26.923777444022043
4gpu6i-1bWM_seg40,S5_LR1e3,S10_LR1e3,S10_LR5e3,S20_LR1e2,0,0,9.070905590079139,9.058335637365278,24.5601681300572,24.519403866359166
4gpu6i-1bWM_seg71,S5_LR1e3,S10_LR1e3,S20_LR1e2,S5_LR1e2,0,0,9.775661448393636,9.787418108905607,15.980793612343925,15.822394234793526
4gpu6i-1bWM_seg74,S5_LR1e3,S10_LR1e3,S10_LR1e3,S20_LR1e2,0,0,10.607322087663901,10.623494206397568,14.192726748330253,14.200913156781878
4kHVLZbruEM_seg4,S5_LR1e3,S5_LR1e3,S5_LR1e3,S5_LR1e2,1,0,9.423107351215592,9.423107351215592,23.900155339922225,23.900155339922225
4kRuNYZCzdQ_seg5,S5_LR1e3,S5_LR1e3,S20_LR1e2,S2_LR1e3,1,0,10.716706852551876,10.716706852551876,19.27289867401123,19.27289867401123
4n0kXj98ZaI_seg9,S5_LR1e3,S10_LR1e3,S20_LR1e2,S5_LR1e2,0,0,11.812118644947684,11.811217048566016,20.747532299586705,20.7468227658953
4oRT7PoXSS0_seg3,S5_LR1e3,S10_LR1e3,S20_LR1e2,S2_LR1e2,0,0,5.810172368800477,5.816342193286218,24.04359313419887,24.03274944850377
4q4c-owkT2w_seg2,S5_LR1e3,S10_LR1e3,S10_LR1e2,S10_LR1e2,0,1,9.998195167991382,9.77424438022784,19.858834675380162,19.726124014173234
4u-sC-Jl76I_seg11,S10_LR1e2,S2_LR1e2,S20_LR1e2,S20_LR1e2,0,1,11.800511834633019,11.812567411450942,17.777111325945175,17.927463667733328
4u-sC-Jl76I_seg135,S5_LR1e3,S10_LR1e3,S2_LR5e3,S10_LR1e3,0,0,10.918110850489231,10.923289757498955,21.539445059640066,21.48418194907052
4u-sC-Jl76I_seg52,S5_LR1e3,S5_LR1e3,S10_LR1e2,S20_LR1e2,1,0,10.817436639141901,10.817436639141901,20.281779834202357,20.281779834202357
4u-sC-Jl76I_seg55,S5_LR1e3,S10_LR1e3,S2_LR1e2,S20_LR5e3,0,0,10.41435513718935,10.421584741640219,19.83009774344308,19.806432042803085
4u-sC-Jl76I_seg88,S10_LR1e2,S2_LR1e2,S20_LR1e2,S20_LR1e2,0,1,8.85916364608808,8.632681643703272,19.067837510790145,18.96027605874198
4u-sC-Jl76I_seg89,S5_LR1e3,S10_LR1e3,S10_LR1e2,S5_LR1e2,0,0,8.2796151900351,8.448742601709759,18.643178599221365,18.628543036324636
4xJpsbk7RL0_seg17,S10_LR1e2,S2_LR1e2,S10_LR1e2,S20_LR1e2,0,0,11.52191457531728,11.414053525431353,21.251938547406876,21.363297326224192
4xJpsbk7RL0_seg9,S5_LR1e3,S10_LR1e3,S20_LR1e2,S2_LR1e2,0,0,10.112804289534614,10.10209693187197,17.1798837525504,17.156465802873885
5-KUdkorvaw_seg10,S5_LR1e3,S5_LR1e3,S20_LR1e3,S20_LR1e2,1,0,11.41258684258521,11.41258684258521,29.076486587524414,29.076486587524414
5-KUdkorvaw_seg41,S5_LR1e3,S5_LR1e3,S5_LR1e2,S20_LR1e2,1,0,6.8259924460175965,6.8259924460175965,22.467228480747767,22.467228480747767
508gQ4BPc5w_seg1,S10_LR1e2,S2_LR1e2,S20_LR1e2,S2_LR1e3,0,0,9.578691325504911,9.529291578268877,19.314784118107386,18.646304403032577
510fDkRzNz4_seg13,S10_LR1e2,S2_LR1e2,S10_LR5e3,S5_LR1e3,0,0,7.970231508368927,8.001122510695051,16.497786113194056,16.188865321023123
51YQ8MOGuLM_seg4,S5_LR1e3,S10_LR1e3,S5_LR1e2,S2_LR1e3,0,0,9.730292107510918,9.73387268598239,15.514115810394287,15.490818977355957
54D9PvJRwlE_seg0,S10_LR1e2,S2_LR1e2,S20_LR5e3,S10_LR5e3,0,0,6.358492902136112,6.454912833682532,18.07624782834734,18.051266738346644
55fH2X182vw_seg2,S5_LR1e3,S10_LR1e3,S20_LR1e3,S2_LR1e3,0,0,11.905523692105508,11.912801526718775,18.596837793077743,18.566159112112864
55fH2X182vw_seg23,S5_LR1e3,S5_LR1e3,S10_LR5e3,S2_LR5e3,1,0,11.754208953723902,11.754208953723902,16.972623211996897,16.972623211996897
55fH2X182vw_seg33,S5_LR1e3,S5_LR1e3,S20_LR1e2,S2_LR1e2,1,0,9.872767371744223,9.872767371744223,21.514304092952184,21.514304092952184
55fH2X182vw_seg35,S10_LR1e2,S2_LR1e2,S20_LR1e2,S20_LR1e3,0,0,7.723284923184875,7.618460592147187,11.394384111676898,11.333428519112724
55q-hYYMxEo_seg64,S5_LR1e3,S10_LR1e3,S10_LR1e2,S20_LR5e3,0,0,11.080235484804712,11.097356541576792,25.520577566964285,25.459300586155482
55q-hYYMxEo_seg8,S5_LR1e3,S10_LR1e3,S20_LR1e3,S10_LR1e2,0,0,8.612562347781237,8.621471044634925,22.900891031537736,22.343089376177108
56J-aLoNT3c_seg14,S5_LR1e3,S5_LR1e3,S10_LR5e3,S20_LR1e2,1,0,10.429270973052779,10.429270973052779,23.624972343444824,23.624972343444824
5AApu90LoI0_seg10,S5_LR1e3,S10_LR1e3,S5_LR1e2,S2_LR5e3,0,0,10.868897591799808,10.8209004779864,20.158356257847377,20.094356264386857
5APs3TfY8Gc_seg1,S5_LR1e3,S10_LR1e3,S5_LR1e3,S20_LR1e2,0,0,11.842974987985006,11.839327037019732,15.013496330806188,15.017774922507149
5AxpKNDk3fs_seg32,S5_LR1e3,S10_LR1e3,S5_LR1e2,S20_LR1e2,0,0,11.77757643738955,11.772561289597999,11.73695979799543,11.741637979234968
5AxpKNDk3fs_seg37,S5_LR1e3,S10_LR1e3,S20_LR1e2,S20_LR1e3,0,0,11.554464647417477,11.547524565875907,20.197416850498744,18.909564563206263
5Bs5mR6dSrU_seg50,S5_LR1e3,S10_LR1e3,S20_LR1e3,S2_LR5e3,0,0,8.289221861833239,8.285124423440793,24.592210905892507,24.594946316310338
5Bs5mR6dSrU_seg54,S5_LR1e3,S10_LR1e3,S20_LR1e2,S10_LR5e3,0,0,10.100955129495414,10.104390174716814,14.363768441336495,14.175343104771205
5CuvLwS8VXw_seg9,S10_LR1e2,S2_LR1e2,S20_LR1e2,S20_LR1e2,0,1,12.140979099626396,12.140566581185114,20.439506667000906,20.602125440325057
5E-a9fBg0yI_seg5,S5_LR1e3,S5_LR1e3,S20_LR1e2,S20_LR1e2,1,1,9.351412685896657,9.351412685896657,12.182859693254743,12.182859693254743
5EVs6D7X7WQ_seg23,S10_LR1e2,S2_LR1e2,S20_LR1e2,S20_LR1e2,0,1,10.590836004123634,10.597392186902725,17.90425375529698,17.516227994646346
5EVs6D7X7WQ_seg3,S5_LR1e3,S10_LR1e3,S2_LR1e2,S2_LR5e3,0,0,10.859277555386024,10.880504691274988,11.201792444501605,11.270169258117676
5EVs6D7X7WQ_seg62,S5_LR1e3,S5_LR1e3,S2_LR1e3,S10_LR1e2,1,0,9.035580701324296,9.035580701324296,17.745136070251466,17.745136070251466
5G5xV7l0jV8_seg10,S5_LR1e3,S5_LR1e3,S2_LR1e2,S5_LR1e2,1,0,7.420359813671294,7.420359813671294,11.896891662052699,11.896891662052699
5GYcRkwFxPQ_seg1,S5_LR1e3,S10_LR1e3,S5_LR5e3,S20_LR1e2,0,0,11.91815202400305,11.913818097405427,17.759247507367814,17.791467939104354
5IVTImJwLhc_seg21,S5_LR1e3,S5_LR1e3,S20_LR1e2,S2_LR1e3,1,0,9.610127745805368,9.610127745805368,11.831287656511579,11.831287656511579
5M-LppCAJGA_seg2,S10_LR1e2,S2_LR1e2,S20_LR5e3,S10_LR1e2,0,0,6.86302765893856,6.882137432009425,17.389640399387904,17.655791350773402
5MGwFQhTI6I_seg13,S5_LR1e3,S5_LR1e3,S20_LR1e3,S20_LR1e2,1,0,10.227167147444517,10.227167147444517,18.103108882904053,18.103108882904053
5MGwFQhTI6I_seg6,S5_LR1e3,S10_LR1e3,S5_LR1e3,S10_LR1e3,0,0,9.109227464909774,9.08459088160969,18.323698452540807,17.212682723999023
5O1izg1ANFg_seg0,S5_LR1e3,S5_LR1e3,S10_LR1e3,S20_LR1e2,1,0,10.355271265224783,10.355271265224783,19.181060314178467,19.181060314178467
5PC6l2c9B7s_seg6,S5_LR1e3,S5_LR1e3,S20_LR5e3,S20_LR5e3,1,1,9.148714110787383,9.148714110787383,18.55688612801688,18.55688612801688
5SbOeQp1EiI_seg53,S5_LR1e3,S10_LR1e3,S2_LR1e2,S20_LR1e2,0,0,9.565914049370278,9.458108340961553,16.35580669130598,16.425679206848145
5SbOeQp1EiI_seg72,S5_LR1e3,S5_LR1e3,S20_LR1e3,S5_LR5e3,1,0,11.254379369976899,11.254379369976899,23.190275986989338,23.190275986989338
5Topj2c6Kr8_seg21,S10_LR1e2,S2_LR1e2,S5_LR1e2,S2_LR1e2,0,0,10.517839321216623,10.527319669480127,16.12653432573591,15.601402010236468
5Topj2c6Kr8_seg30,S5_LR1e3,S5_LR1e3,S2_LR1e3,S20_LR1e2,1,0,9.872977533004013,9.872977533004013,16.63153280530657,16.63153280530657
5Topj2c6Kr8_seg40,S5_LR1e3,S10_LR1e3,S2_LR1e3,S5_LR5e3,0,0,8.491386804470453,8.493593072107052,14.961565903254918,14.964771815708705
5Vj1JAscjcU_seg49,S5_LR1e3,S10_LR1e3,S10_LR1e2,S2_LR1e3,0,0,11.014418017404642,11.055453801688355,13.889339923858643,14.013670580727714
5XbuVPSloCE_seg8,S5_LR1e3,S5_LR1e3,S2_LR5e3,S5_LR1e2,1,0,10.3946252514941,10.3946252514941,20.896209716796875,20.896209716796875
5Y9h7O60fqI_seg2,S5_LR1e3,S10_LR1e3,S20_LR1e2,S10_LR1e2,0,0,11.567971932321234,11.508666699982383,19.974983555930002,19.918167727334158
5YvY6yFJfhQ_seg10,S10_LR1e2,S2_LR1e2,S2_LR5e3,S10_LR1e3,0,0,6.179172236241719,6.058813322521319,19.695865154266357,18.498090471540177
5YvY6yFJfhQ_seg22,S5_LR1e3,S5_LR1e3,S20_LR1e2,S5_LR1e2,1,0,9.411222187062142,9.411222187062142,28.60198143550328,28.60198143550328
5aN07SY-D_s_seg16,S5_LR1e3,S5_LR1e3,S20_LR1e2,S20_LR5e3,1,0,10.4787134600503,10.4787134600503,23.63062940325056,23.63062940325056
5aN07SY-D_s_seg75,S5_LR1e3,S5_LR1e3,S10_LR5e3,S20_LR1e2,1,0,11.566166387988163,11.566166387988163,27.37105805533273,27.37105805533273
5bGZCzpd2Ss_seg15,S5_LR1e3,S5_LR1e3,S10_LR5e3,S10_LR1e2,1,0,11.692487132561952,11.692487132561952,14.215828214372907,14.215828214372907
5bGZCzpd2Ss_seg59,S5_LR1e3,S10_LR1e3,S2_LR1e2,S10_LR1e3,0,0,8.92919620868483,8.834417031166016,16.56196199144636,16.550483771732875
5fpIFi8YOpY_seg13,S5_LR1e3,S10_LR1e3,S20_LR1e2,S20_LR1e2,0,1,7.5723325338710925,7.593810634858246,15.607594694410052,15.603914942060198
5fpIFi8YOpY_seg58,S10_LR1e2,S2_LR1e2,S10_LR1e2,S20_LR1e2,0,0,10.922678165299308,10.907491155822935,13.321460860116142,13.383383001599993
5fpIFi8YOpY_seg61,S5_LR1e3,S10_LR1e3,S2_LR1e3,S2_LR1e2,0,0,9.167733418122534,9.15954374290081,13.524607045309883,13.516089643750872
5fpIFi8YOpY_seg69,S10_LR1e2,S2_LR1e2,S20_LR1e2,S5_LR5e3,0,0,10.68041167312778,10.636129798393442,13.370274816240583,13.269303730555944
5fpIFi8YOpY_seg72,S5_LR1e3,S10_LR1e3,S10_LR1e2,S10_LR1e2,0,1,11.135129153100706,11.11460891635131,10.119315215519496,10.218098572322301
5fpIFi8YOpY_seg73,S10_LR1e2,S2_LR1e2,S20_LR5e3,S20_LR1e2,0,0,11.22427169430355,11.21065133435657,11.564468520028251,11.605369772229876
5fpIFi8YOpY_seg85,S5_LR1e3,S10_LR1e3,S2_LR5e3,S20_LR5e3,0,0,10.60036653646146,10.62262784192985,14.86115210396903,14.780877590179443
5iEjXSmLcj8_seg12,S5_LR1e3,S10_LR1e3,S10_LR1e2,S20_LR1e2,0,0,10.150427357921547,10.132409977759925,11.676337037767683,11.677610669817243
5iEjXSmLcj8_seg13,S5_LR1e3,S5_LR1e3,S20_LR5e3,S20_LR1e2,1,0,11.947661664058362,11.947661664058362,11.77361365727016,11.77361365727016
5iEjXSmLcj8_seg33,S5_LR1e3,S5_LR1e3,S20_LR1e2,S2_LR1e3,1,0,5.212236437719449,5.212236437719449,16.21786069869995,16.21786069869995
5kLpm7CpBao_seg12,S10_LR1e2,S2_LR1e2,S10_LR5e3,S2_LR1e2,0,0,10.882279786981101,10.866592345549941,20.63822868892125,20.359841074262345
5mOfGfp7yFc_seg9,S10_LR1e2,S2_LR1e2,S10_LR1e2,S2_LR1e2,0,0,9.252903187517532,9.027856887438803,23.068040711539133,22.088678223746165
5qLlAnYW9n4_seg17,S5_LR1e3,S10_LR1e3,S2_LR1e3,S2_LR1e3,0,1,9.123947074194666,9.11285906358969,22.67066260746547,22.732235772269114
5qvSSJjL818_seg5,S5_LR1e3,S10_LR1e3,S20_LR1e3,S5_LR5e3,0,0,10.849833805672787,10.846798101113416,9.389594078063965,9.76868200302124
5ueXeg_-WBY_seg9,S5_LR1e3,S10_LR1e3,S2_LR1e2,S20_LR1e2,0,0,11.278125981119091,11.242141040103345,22.32388401031494,22.32039315359933
5v-eepDq-NQ_seg44,S5_LR1e3,S5_LR1e3,S20_LR1e3,S20_LR1e2,1,0,11.021249310941412,11.021249310941412,17.957961831774032,17.957961831774032
5v-eepDq-NQ_seg62,S5_LR1e3,S5_LR1e3,S10_LR1e2,S20_LR1e3,1,0,10.369192214605869,10.369192214605869,20.699572018214635,20.699572018214635
5zLlvnz1tZs_seg2,S5_LR1e3,S10_LR1e3,S5_LR1e2,S20_LR1e2,0,0,8.77191728136325,8.78687977153046,12.441491331372942,12.645590203148979
5zLlvnz1tZs_seg8,S10_LR1e2,S2_LR1e2,S20_LR5e3,S10_LR1e3,0,0,9.678193531304615,9.63122988466561,13.499709061213903,13.519283635275704
6-tPnGgexjU_seg29,S5_LR1e3,S10_LR1e3,S5_LR1e3,S20_LR5e3,0,0,10.798785892637422,10.753100846762365,12.050416333334786,12.043749059949603
6-tPnGgexjU_seg30,S5_LR1e3,S5_LR1e3,S2_LR1e3,S5_LR1e2,1,0,7.422565441339089,7.422565441339089,17.347420692443848,17.347420692443848
6-tPnGgexjU_seg6,S5_LR1e3,S10_LR1e3,S20_LR1e3,S2_LR1e2,0,0,11.772059559272623,11.774270084875296,21.580822127205984,21.570693152291433
6-tPnGgexjU_seg68,S10_LR1e2,S2_LR1e2,S10_LR1e2,S20_LR1e2,0,0,11.298603398589242,11.260396032339065,15.685648305075508,15.770192759377617
6-w2FB2KibI_seg7,S5_LR1e3,S10_LR1e3,S20_LR5e3,S5_LR5e3,0,0,10.02952122334196,10.104396182357945,20.633228165762766,20.615637370518275
61Hd_rbtiHc_seg5,S5_LR1e3,S5_LR1e3,S2_LR1e2,S20_LR1e2,1,0,11.288148606707342,11.288148606707342,20.751248632158553,20.751248632158553
630tA8NxpKs_seg5,S5_LR1e3,S5_LR1e3,S2_LR5e3,S2_LR5e3,1,1,11.41444126046359,11.41444126046359,37.09515380859375,37.09515380859375
65Rzu7ROwsE_seg13,S5_LR1e3,S5_LR1e3,S10_LR1e2,S20_LR5e3,1,0,8.422858073593984,8.422858073593984,24.582192148481095,24.582192148481095
65Vec8ElQ5o_seg7,S5_LR1e3,S5_LR1e3,S20_LR1e2,S20_LR1e2,1,1,7.073001879483772,7.073001879483772,17.57062898363386,17.57062898363386
674gqLqYK80_seg15,S5_LR1e3,S5_LR1e3,S20_LR1e3,S5_LR1e2,1,0,9.043212022817324,9.043212022817324,21.895751512967625,21.895751512967625
674gqLqYK80_seg38,S5_LR1e3,S5_LR1e3,S20_LR5e3,S2_LR1e2,1,0,11.587140022103677,11.587140022103677,17.7763032913208,17.7763032913208
67hoYjdNZOo_seg18,S10_LR1e2,S2_LR1e2,S20_LR5e3,S20_LR1e2,0,0,7.642055332025093,7.658620593315951,8.856056451797485,8.863762480872017
67hoYjdNZOo_seg23,S10_LR1e2,S2_LR1e2,S10_LR1e3,S20_LR1e2,0,0,11.016172901261356,11.02373947564574,23.352528163364955,24.097130366734095
69RfzrMcQJw_seg14,S10_LR1e2,S2_LR1e2,S20_LR1e2,S20_LR5e3,0,0,11.926682779812012,11.934432241942613,20.988341331481934,21.23860032217843
69RfzrMcQJw_seg4,S5_LR1e3,S10_LR1e3,S10_LR1e2,S2_LR1e2,0,0,10.971246506365558,10.945427785900735,28.365091596330917,28.374373980930873
6AYjT0-MVfw_seg5,S10_LR1e2,S2_LR1e2,S2_LR5e3,S5_LR1e2,0,0,6.365405882366305,6.321522358502508,16.0091814994812,15.995709759848458
6AiG-y7sdPU_seg38,S5_LR1e3,S5_LR1e3,S10_LR1e2,S20_LR5e3,1,0,7.767992366186733,7.767992366186733,12.652880532400948,12.652880532400948
6Apc-K08fhI_seg119,S5_LR1e3,S5_LR1e3,S2_LR5e3,S5_LR1e2,1,0,11.023985017117692,11.023985017117692,15.839308398110527,15.839308398110527
6Apc-K08fhI_seg13,S10_LR1e2,S2_LR1e2,S10_LR5e3,S20_LR5e3,0,0,10.812240163026273,10.785139784259059,19.67613329206194,19.662210873195104
6Apc-K08fhI_seg143,S5_LR1e3,S10_LR1e3,S20_LR1e3,S20_LR1e2,0,0,7.624119206021045,7.613588728350772,17.96025252342224,17.97263813018799
6Apc-K08fhI_seg187,S10_LR1e2,S2_LR1e2,S10_LR1e2,S20_LR1e2,0,0,10.567699841337946,10.51326643239598,15.794595990862165,15.696192945752825
6Apc-K08fhI_seg209,S10_LR1e2,S2_LR1e2,S2_LR1e2,S20_LR1e2,0,0,10.522890204462707,10.550549608198738,22.477063751220705,23.090333938598633
6Apc-K08fhI_seg249,S5_LR1e3,S10_LR1e3,S10_LR1e3,S2_LR1e3,0,0,10.499207107869083,10.556366107291344,15.674478939601354,15.680416788373675
6Apc-K08fhI_seg259,S10_LR1e2,S2_LR1e2,S10_LR1e3,S20_LR1e2,0,0,11.236586061722422,11.235137219212108,16.661679812840053,16.766551767076766
6Apc-K08fhI_seg265,S5_LR1e3,S5_LR1e3,S2_LR1e2,S10_LR1e2,1,0,8.046227672882148,8.046227672882148,16.896564892360143,16.896564892360143
6Apc-K08fhI_seg266,S5_LR1e3,S5_LR1e3,S20_LR5e3,S20_LR1e2,1,0,11.713884939263847,11.713884939263847,16.622650487082346,16.622650487082346
6Apc-K08fhI_seg283,S5_LR1e3,S5_LR1e3,S20_LR1e2,S10_LR1e2,1,0,11.383605006880313,11.383605006880313,14.676553862435478,14.676553862435478
6Apc-K08fhI_seg33,S5_LR1e3,S5_LR1e3,S5_LR1e3,S20_LR5e3,1,0,7.391645503349189,7.391645503349189,12.822449260287815,12.822449260287815
6Apc-K08fhI_seg98,S5_LR1e3,S5_LR1e3,S20_LR5e3,S20_LR1e2,1,0,6.858007572431885,6.858007572431885,14.952102524893624,14.952102524893624
6BEvmZh2aGg_seg37,S5_LR1e3,S5_LR1e3,S5_LR1e3,S10_LR1e3,1,0,10.643647163251577,10.643647163251577,16.954275131225586,16.954275131225586
6BNwxPnGuHM_seg36,S5_LR1e3,S5_LR1e3,S20_LR5e3,S2_LR1e2,1,0,9.847673816658503,9.847673816658503,27.868168694632395,27.868168694632395
6BNwxPnGuHM_seg5,S10_LR1e2,S2_LR1e2,S10_LR1e2,S20_LR1e3,0,0,11.440437345025739,11.136120551704746,30.179803167070663,28.517258507864817
6BNwxPnGuHM_seg84,S10_LR1e2,S2_LR1e2,S20_LR1e2,S20_LR5e3,0,0,8.052712066044714,7.969413339846834,25.381284713745117,25.171312059674943
6BtX8v4-6GU_seg7,S10_LR1e2,S2_LR1e2,S10_LR1e3,S5_LR1e3,0,0,11.103627592030799,11.204581978844336,17.38639967782157,17.41810635157994
6CtWTxpStII_seg24,S5_LR1e3,S5_LR1e3,S5_LR1e3,S10_LR1e2,1,0,10.303236067707628,10.303236067707628,8.950712033680507,8.950712033680507
6CtWTxpStII_seg44,S5_LR1e3,S5_LR1e3,S10_LR1e2,S10_LR1e2,1,1,11.40700452636971,11.40700452636971,18.27121250970023,18.27121250970023
6Diop4IOk68_seg21,S10_LR1e2,S2_LR1e2,S10_LR1e2,S10_LR1e2,0,1,9.65537543874694,9.59420586669151,17.490913677215577,18.009257316589355
6FSNPileAZA_seg50,S5_LR1e3,S10_LR1e3,S20_LR5e3,S10_LR5e3,0,0,11.28406889774691,11.29284211287917,18.358376026153564,18.362666402544296
6FSNPileAZA_seg61,S5_LR1e3,S5_LR1e3,S20_LR5e3,S10_LR5e3,1,0,10.106696155205361,10.106696155205361,20.3546331193712,20.3546331193712
6G7PpKq6nmM_seg10,S5_LR1e3,S5_LR1e3,S5_LR1e2,S20_LR1e2,1,0,10.055308718253277,10.055308718253277,17.058167253221786,17.058167253221786
6HjusvJIGL0_seg0,S5_LR1e3,S5_LR1e3,S20_LR1e2,S10_LR1e2,1,0,10.21637584897952,10.21637584897952,25.210863658360072,25.210863658360072
6MzFag4LrEg_seg11,S10_LR1e2,S2_LR1e2,S5_LR5e3,S20_LR1e2,0,0,10.64900003159093,10.662842404708682,12.80258914402553,12.61852468763079
6QHACA55aHQ_seg4,S5_LR1e3,S10_LR1e3,S20_LR1e2,S5_LR5e3,0,0,8.828689295287132,8.848338205209515,22.22276156289237,22.21336187635149
6QIDnAEjJqM_seg13,S5_LR1e3,S10_LR1e3,S5_LR1e2,S20_LR1e2,0,0,8.59713346278207,8.482480152303692,25.317983763558523,25.326444149017334
6QIDnAEjJqM_seg17,S5_LR1e3,S5_LR1e3,S5_LR1e3,S2_LR1e3,1,0,7.100833640844905,7.100833640844905,21.56385394505092,21.56385394505092
6Qt7TnXZod8_seg18,S10_LR1e2,S2_LR1e2,S10_LR5e3,S2_LR1e3,0,0,9.94187512212124,9.92991055382346,13.896999563489642,13.435599258967809
6Vqt6MOsqyw_seg1,S10_LR1e2,S2_LR1e2,S5_LR1e2,S5_LR1e3,0,0,9.778523240789974,9.761601374883139,24.80288600921631,24.59133734021868
6XqQ5evveLk_seg0,S10_LR1e2,S2_LR1e2,S2_LR1e2,S20_LR1e2,0,0,9.84898908080215,10.084063114136654,19.949521814073837,25.797746113368444
6Y1XbDuNYqk_seg15,S5_LR1e3,S10_LR1e3,S20_LR5e3,S20_LR1e2,0,0,8.089657847356898,8.105035388233949,34.63085324423654,35.47243063790457
6Y1XbDuNYqk_seg23,S10_LR1e2,S2_LR1e2,S10_LR1e2,S20_LR1e2,0,0,11.52137955102896,11.494226180380995,15.940380845751081,15.887624195643834
6cD8MZdrAMw_seg3,S10_LR1e2,S2_LR1e2,S2_LR1e3,S2_LR1e3,0,1,8.058474223982612,8.166319561914401,27.01008129119873,26.64530508858817
6dO7qw-EoJo_seg140,S5_LR1e3,S5_LR1e3,S20_LR1e2,S10_LR1e2,1,0,6.376375424656089,6.376375424656089,17.75088037763323,17.75088037763323
6dO7qw-EoJo_seg227,S5_LR1e3,S5_LR1e3,S20_LR1e2,S2_LR1e2,1,0,5.210009385505299,5.210009385505299,20.591689654758998,20.591689654758998
6dO7qw-EoJo_seg230,S5_LR1e3,S5_LR1e3,S10_LR1e2,S10_LR1e2,1,1,10.426771906620472,10.426771906620472,14.45706592287336,14.45706592287336
6dO7qw-EoJo_seg244,S5_LR1e3,S5_LR1e3,S2_LR5e3,S20_LR1e3,1,0,9.414340706379184,9.414340706379184,13.081357683454241,13.081357683454241
6dO7qw-EoJo_seg58,S5_LR1e3,S5_LR1e3,S2_LR1e2,S20_LR1e2,1,0,8.484907858541899,8.484907858541899,16.669090577534266,16.669090577534266
6jJb7Ez3Mbo_seg11,S5_LR1e3,S10_LR1e3,S10_LR1e2,S2_LR1e3,0,0,4.624811055361685,4.6034093913050205,29.983181953430176,29.977710042681014
6jJb7Ez3Mbo_seg21,S5_LR1e3,S10_LR1e3,S2_LR1e2,S10_LR1e2,0,0,10.661762851281761,10.664943775919687,21.02235678264073,21.512233393532888
6kPWEq4ooQk_seg3,S5_LR1e3,S5_LR1e3,S2_LR1e2,S5_LR1e2,1,0,9.795986923171666,9.795986923171666,16.826833180018834,16.826833180018834
6q_FaJq7Yuc_seg30,S5_LR1e3,S5_LR1e3,S20_LR1e3,S20_LR5e3,1,0,10.915423387306893,10.915423387306893,30.444972855704172,30.444972855704172
6tYx0aycDtQ_seg4,S5_LR1e3,S5_LR1e3,S20_LR1e2,S10_LR1e2,1,0,10.364380838430298,10.364380838430298,18.37544904436384,18.37544904436384
6tnAMSkUnNM_seg25,S5_LR1e3,S5_LR1e3,S20_LR1e3,S10_LR1e2,1,0,11.330434050976166,11.330434050976166,19.64408387078179,19.64408387078179
71JgkYLjn5M_seg18,S5_LR1e3,S10_LR1e3,S20_LR1e2,S20_LR1e2,0,1,7.945356008797295,7.879280132346473,11.686990669795446,11.66720451627459
71JgkYLjn5M_seg7,S10_LR1e2,S2_LR1e2,S5_LR1e2,S20_LR5e3,0,0,10.811300968533128,10.813132385273502,17.61169045312064,17.487510681152344
73f0-TMph3g_seg5,S5_LR1e3,S10_LR1e3,S20_LR1e3,S20_LR1e2,0,0,10.22919534406816,10.246307700237256,23.151411601475306,23.28587027958461
73f0-TMph3g_seg9,S5_LR1e3,S10_LR1e3,S5_LR1e2,S20_LR1e2,0,0,5.738090803672715,5.742440746027742,20.268499510628835,20.326686314174108
759kbMqhLSs_seg3,S5_LR1e3,S5_LR1e3,S20_LR5e3,S10_LR1e2,1,0,11.67735467135922,11.67735467135922,14.01811797278268,14.01811797278268
759kbMqhLSs_seg66,S5_LR1e3,S10_LR1e3,S2_LR1e2,S20_LR1e2,0,0,11.512964050940978,11.514317315809643,17.36031641278948,17.33709260395595
759kbMqhLSs_seg81,S5_LR1e3,S10_LR1e3,S10_LR1e2,S20_LR1e2,0,0,11.854681661019615,11.85544193525874,17.960224287850515,17.954739366258895
792KOZVKWT8_seg12,S5_LR1e3,S5_LR1e3,S20_LR5e3,S2_LR5e3,1,0,10.480482323823717,10.480482323823717,22.458876064845494,22.458876064845494
792KOZVKWT8_seg13,S5_LR1e3,S5_LR1e3,S20_LR5e3,S20_LR1e2,1,0,9.63066257664731,9.63066257664731,13.894079004015241,13.894079004015241
792KOZVKWT8_seg9,S5_LR1e3,S10_LR1e3,S5_LR1e2,S20_LR1e3,0,0,6.7370297351125314,6.693514868293362,22.232657023838588,22.14770303453718
7AKukn1eWjQ_seg14,S5_LR1e3,S10_LR1e3,S20_LR1e2,S20_LR5e3,0,0,5.120287924977026,5.150975083862412,15.865806375231061,15.864410604749407
7Apr11UjMQA_seg13,S5_LR1e3,S5_LR1e3,S5_LR1e3,S2_LR5e3,1,0,8.227513667412515,8.227513667412515,16.410710539136613,16.410710539136613
7ArBHZX1yHA_seg0,S5_LR1e3,S5_LR1e3,S10_LR1e2,S2_LR1e3,1,0,10.826270975436312,10.826270975436312,23.50621155330113,23.50621155330113
7CJXZdU5A6E_seg1,S10_LR1e2,S2_LR1e2,S10_LR5e3,S5_LR1e2,0,0,11.061239102873103,11.06416601532942,24.660902432032994,24.376794815063477
7EWYDJdX0WE_seg22,S5_LR1e3,S10_LR1e3,S20_LR1e2,S2_LR5e3,0,0,7.161106860633936,6.818417685559782,28.20392608642578,28.140758514404297
7GrgxTCAOGA_seg5,S5_LR1e3,S5_LR1e3,S20_LR1e2,S5_LR5e3,1,0,10.156891582823409,10.156891582823409,17.243844849722727,17.243844849722727
7GrgxTCAOGA_seg8,S5_LR1e3,S10_LR1e3,S2_LR1e2,S2_LR1e2,0,1,11.292201918367512,11.281938140649798,18.36996868678502,18.37657492501395
7NMDMcfa-zc_seg7,S5_LR1e3,S5_LR1e3,S20_LR1e2,S10_LR5e3,1,0,11.326376578680163,11.326376578680163,19.67788287571498,19.67788287571498
7QBvicGzlrk_seg18,S5_LR1e3,S10_LR1e3,S10_LR1e2,S10_LR1e2,0,1,9.470319368240178,9.448958709481259,27.060205663953507,29.17608506338937
7RL1AIhXYY8_seg22,S5_LR1e3,S5_LR1e3,S2_LR1e3,S5_LR1e3,1,0,8.80897303875663,8.80897303875663,29.8693208694458,29.8693208694458
7RL1AIhXYY8_seg49,S5_LR1e3,S10_LR1e3,S5_LR1e2,S10_LR5e3,0,0,11.70501127494975,11.71288675762763,21.223676409040177,21.22575078691755
7RRIpjAirsk_seg47,S5_LR1e3,S5_LR1e3,S2_LR1e2,S2_LR5e3,1,0,11.734584759672321,11.734584759672321,17.2849734379695,17.2849734379695
7RehlPr1kvY_seg70,S5_LR1e3,S10_LR1e3,S20_LR1e2,S5_LR1e2,0,0,11.257249220117572,11.278853389356263,20.986139678955077,21.015715408325196
7TO_CrB7PSI_seg1,S5_LR1e3,S10_LR1e3,S5_LR1e3,S2_LR1e3,0,0,9.839706597751723,9.785908438322044,25.352759769984655,24.816905294145858
7TO_CrB7PSI_seg25,S5_LR1e3,S5_LR1e3,S2_LR1e3,S2_LR5e3,1,0,11.848634562699372,11.848634562699372,25.71956471034459,25.71956471034459
7TO_CrB7PSI_seg27,S5_LR1e3,S5_LR1e3,S5_LR1e2,S10_LR1e2,1,0,10.666099717777383,10.666099717777383,17.06140742983137,17.06140742983137
7XIuoTDriGA_seg2,S5_LR1e3,S10_LR1e3,S20_LR5e3,S5_LR5e3,0,0,7.550294734725192,7.59219600705633,12.381792204720634,12.377673353467669
7YkEz7NNpuk_seg30,S5_LR1e3,S10_LR1e3,S10_LR1e3,S20_LR1e2,0,0,6.2442443670293235,6.248465378642541,28.25769301823207,28.277501787458146
7YkEz7NNpuk_seg58,S5_LR1e3,S5_LR1e3,S2_LR5e3,S20_LR1e2,1,0,8.130006920535624,8.130006920535624,11.40446410860334,11.40446410860334
7alO_i9sBi8_seg19,S5_LR1e3,S10_LR1e3,S5_LR1e3,S2_LR1e3,0,0,11.46758405902201,11.462476056902394,14.134308201926094,14.138052531651088
7dba6eIC8Rc_seg14,S10_LR1e2,S2_LR1e2,S20_LR1e2,S20_LR1e2,0,1,9.381174453554333,9.337891457755605,19.961999893188477,20.64947850363595
7dsxaoQlLKg_seg28,S5_LR1e3,S10_LR1e3,S20_LR5e3,S10_LR1e2,0,0,9.568638082924181,9.62984071725794,25.80614049094064,25.794405392238072
7gQuTixqqDk_seg2,S10_LR1e2,S2_LR1e2,S20_LR1e2,S20_LR1e2,0,1,11.507592726324416,11.483976967429266,30.19631508418492,30.35106658935547
7lvJJhjaA6g_seg1,S5_LR1e3,S10_LR1e3,S2_LR1e2,S10_LR1e2,0,0,11.690373990835994,11.687399200089983,23.365782601492747,23.34761537824358
7lvJJhjaA6g_seg3,S5_LR1e3,S10_LR1e3,S10_LR1e2,S10_LR1e2,0,1,10.564902817011145,10.580178135987394,16.000531469072616,15.988280500684466
7q6ORbVApjY_seg25,S10_LR1e2,S2_LR1e2,S20_LR1e2,S20_LR1e2,0,1,9.725977648314153,9.793572238632578,19.964153017316544,20.09364686693464
7q6ORbVApjY_seg47,S5_LR1e3,S10_LR1e3,S2_LR1e2,S20_LR1e2,0,0,9.670526266910658,9.66186060241095,33.350251470293315,33.35852364131382
7q6ORbVApjY_seg7,S5_LR1e3,S10_LR1e3,S5_LR5e3,S20_LR1e2,0,0,8.724022367137811,8.699431353924268,33.682614190237864,33.629155840192524
7qPsXB-HLjA_seg2,S10_LR1e2,S2_LR1e2,S20_LR1e2,S20_LR1e2,0,1,11.46253658610219,11.464382418633326,25.37252071925572,25.36637510572161
7qPsXB-HLjA_seg55,S5_LR1e3,S10_LR1e3,S20_LR1e2,S5_LR1e2,0,0,10.893776528497057,10.878944055105523,30.864649772644043,30.928349494934082
7qPsXB-HLjA_seg8,S5_LR1e3,S10_LR1e3,S10_LR5e3,S10_LR1e2,0,0,6.9799634193652285,6.978893452922695,32.401220730372835,32.04891109466553
7qzAKflgzCo_seg24,S10_LR1e2,S2_LR1e2,S2_LR1e3,S10_LR5e3,0,0,7.179435811406721,7.207009822606066,27.876816477094376,27.783854620797293
7se90penqkk_seg24,S10_LR1e2,S2_LR1e2,S2_LR1e3,S5_LR5e3,0,0,7.04551007134534,6.673462449879034,21.87002182006836,22.060595784868514
7stdXykD-2I_seg21,S5_LR1e3,S10_LR1e3,S20_LR1e2,S5_LR1e2,0,0,11.831432815892311,11.826664392749796,15.174293994903564,15.129881381988525
7t86atu0tDw_seg3,S5_LR1e3,S10_LR1e3,S10_LR1e2,S2_LR5e3,0,0,9.836888373500921,9.821641638744543,22.32431411743164,22.323054313659668
7t86atu0tDw_seg59,S5_LR1e3,S5_LR1e3,S20_LR1e2,S20_LR1e2,1,1,7.869135015966661,7.869135015966661,23.009034429277694,23.009034429277694
7t86atu0tDw_seg71,S5_LR1e3,S10_LR1e3,S2_LR1e2,S20_LR5e3,0,0,11.247041141923253,11.277847803354943,30.031430789402553,29.992599896022252
7umI3H_zlPU_seg15,S5_LR1e3,S5_LR1e3,S5_LR5e3,S20_LR1e2,1,0,11.817631957800915,11.817631957800915,19.245950835091726,19.245950835091726
7umI3H_zlPU_seg20,S5_LR1e3,S10_LR1e3,S2_LR1e2,S20_LR1e2,0,0,11.234551492729667,11.234772768574777,18.570347785949707,18.591636180877686
7xpR1omq9sI_seg18,S5_LR1e3,S10_LR1e3,S20_LR1e2,S10_LR1e2,0,0,10.241531507833582,10.25696330422081,13.70817940575736,13.544881071363177
7zaPPzzUMBg_seg27,S5_LR1e3,S5_LR1e3,S5_LR5e3,S10_LR1e3,1,0,11.48223229084503,11.48223229084503,34.45170743124826,34.45170743124826
7zaPPzzUMBg_seg48,S10_LR1e2,S2_LR1e2,S20_LR1e2,S10_LR1e2,0,0,10.596953009894463,10.4462377348824,27.39466163090297,27.719513620649064
7zszVmp_hnY_seg11,S5_LR1e3,S10_LR1e3,S2_LR1e2,S5_LR1e2,0,0,11.629730846485586,11.555739189630694,27.99556609562465,27.958718027387345
839tKr1ACyE_seg1,S5_LR1e3,S10_LR1e3,S10_LR1e2,S10_LR1e2,0,1,11.350519971048312,11.31956155608766,17.972879477909633,18.215620040893555
839tKr1ACyE_seg13,S5_LR1e3,S5_LR1e3,S20_LR1e2,S5_LR1e2,1,0,10.692697154645952,10.692697154645952,12.982993807111468,12.982993807111468
839tKr1ACyE_seg14,S5_LR1e3,S5_LR1e3,S2_LR5e3,S5_LR1e2,1,0,11.45826467769235,11.45826467769235,12.454599721091133,12.454599721091133
84RwR60yIlQ_seg6,S5_LR1e3,S5_LR1e3,S2_LR1e3,S10_LR5e3,1,0,8.151814232881181,8.151814232881181,15.353597913469587,15.353597913469587
86KC2a8qcQI_seg20,S5_LR1e3,S10_LR1e3,S5_LR1e3,S20_LR5e3,0,0,12.10311987091653,12.093088330475855,22.524825641087123,22.511684826442174
86KC2a8qcQI_seg21,S10_LR1e2,S2_LR1e2,S10_LR1e2,S10_LR5e3,0,0,6.584160796943458,6.5313286199259135,21.244204793657577,21.22178758893694
86Y1ciTeNHU_seg18,S5_LR1e3,S10_LR1e3,S2_LR1e3,S20_LR5e3,0,0,11.442038300449592,11.462506909894765,11.572561808994838,11.577597277505058
86Y1ciTeNHU_seg26,S5_LR1e3,S10_LR1e3,S20_LR1e2,S20_LR1e2,0,1,10.306188396606517,10.309213546879917,15.159643718174525,15.390158448900495
86Y1ciTeNHU_seg34,S5_LR1e3,S5_LR1e3,S2_LR5e3,S5_LR1e2,1,0,10.864252882446399,10.864252882446399,11.08005326134818,11.08005326134818
86Y1ciTeNHU_seg41,S5_LR1e3,S10_LR1e3,S20_LR1e2,S10_LR1e3,0,0,9.82840893768301,9.828064976569745,12.938558782849993,12.935166767665319
86Y1ciTeNHU_seg60,S5_LR1e3,S5_LR1e3,S20_LR1e2,S5_LR5e3,1,0,10.500004956800014,10.500004956800014,12.384964397975377,12.384964397975377
86Y1ciTeNHU_seg67,S10_LR1e2,S2_LR1e2,S5_LR1e3,S20_LR5e3,0,0,11.856389253873276,11.874340332674914,14.57602834701538,14.476327078683036
86Y1ciTeNHU_seg89,S5_LR1e3,S5_LR1e3,S5_LR5e3,S20_LR1e2,1,0,9.681602962328316,9.681602962328316,13.793928759438652,13.793928759438652
89c_OQepOv8_seg23,S5_LR1e3,S5_LR1e3,S20_LR1e2,S20_LR5e3,1,0,9.218036360425362,9.218036360425362,15.820797511509486,15.820797511509486
89c_OQepOv8_seg3,S5_LR1e3,S10_LR1e3,S10_LR5e3,S20_LR1e2,0,0,6.9513113524787515,6.954776028872753,12.697366510118757,12.67596708025251
89c_OQepOv8_seg44,S10_LR1e2,S2_LR1e2,S5_LR5e3,S20_LR1e2,0,0,8.789931312997187,9.059434401737084,18.245201928274973,18.27318675177438
89hxb47L978_seg3,S5_LR1e3,S10_LR1e3,S10_LR5e3,S20_LR1e2,0,0,10.448432210242286,10.537756672394904,13.958773681095668,13.968894141060966
8AvjppsfnRE_seg54,S10_LR1e2,S2_LR1e2,S20_LR1e3,S20_LR5e3,0,0,10.873866351005498,10.862998667860017,14.548270361764091,14.74253170830863
8DduH4ccezI_seg1,S5_LR1e3,S10_LR1e3,S20_LR1e2,S20_LR1e2,0,1,8.359433244961682,8.345047387252727,9.87644192150661,10.095432724271502
8Fd13MxtGmQ_seg0,S5_LR1e3,S5_LR1e3,S5_LR1e2,S5_LR1e3,1,0,11.037197228016412,11.037197228016412,22.12610122135707,22.12610122135707
8HpFr7x5Dk0_seg1,S5_LR1e3,S5_LR1e3,S10_LR1e3,S20_LR1e2,1,0,10.726902078826086,10.726902078826086,13.51787349155971,13.51787349155971
8HpFr7x5Dk0_seg4,S5_LR1e3,S10_LR1e3,S10_LR1e2,S10_LR1e2,0,1,9.700418807986368,9.708162901221836,14.530634607587542,14.51003088269915
8JFJOYA5dNE_seg31,S5_LR1e3,S5_LR1e3,S10_LR1e2,S5_LR1e2,1,0,10.479317143292437,10.479317143292437,18.511439187186106,18.511439187186106
8JFJOYA5dNE_seg4,S5_LR1e3,S10_LR1e3,S10_LR5e3,S10_LR1e2,0,0,7.869417234357628,7.815290257252967,16.89102574757167,16.82528325489589
8K8am2G2Ny8_seg6,S5_LR1e3,S10_LR1e3,S20_LR5e3,S20_LR5e3,0,1,9.976076792670408,9.99691537107854,18.696663515908376,18.657603195735387
8K8am2G2Ny8_seg9,S5_LR1e3,S10_LR1e3,S20_LR1e3,S10_LR1e2,0,0,11.46200907400677,11.486544645394948,16.124711513519287,16.09062603541783
8N_U2doXq7E_seg14,S5_LR1e3,S5_LR1e3,S20_LR1e2,S5_LR1e3,1,0,6.8845238335467185,6.8845238335467185,13.831735951559883,13.831735951559883
8N_U2doXq7E_seg26,S5_LR1e3,S10_LR1e3,S10_LR5e3,S10_LR1e2,0,0,9.547602224332081,9.55467980008108,17.456238951001847,17.469487803322927
8PGS07JD3fQ_seg5,S5_LR1e3,S5_LR1e3,S10_LR1e2,S20_LR1e3,1,0,9.821761883007097,9.821761883007097,26.056665693010604,26.056665693010604
8PmbG1A35Oc_seg1,S5_LR1e3,S10_LR1e3,S10_LR1e2,S20_LR1e2,0,0,6.684377906142246,6.730087725528818,17.678534712110245,17.846908024379186
8TBegVdmR_8_seg24,S5_LR1e3,S10_LR1e3,S20_LR1e3,S5_LR5e3,0,0,9.941833895317355,9.95398516586569,23.575078010559082,23.555846214294434
8Trwpnbv71E_seg9,S5_LR1e3,S10_LR1e3,S10_LR1e2,S20_LR1e2,0,0,8.32004783311479,8.400410341685236,15.485340459006173,15.487597124917167
8Ux_QKDIp5E_seg15,S5_LR1e3,S5_LR1e3,S10_LR1e2,S10_LR1e2,1,1,8.933421567025642,8.933421567025642,14.419853687286377,14.419853687286377
8Ux_QKDIp5E_seg23,S5_LR1e3,S5_LR1e3,S10_LR5e3,S10_LR1e2,1,0,10.883552916451906,10.883552916451906,11.883666174752372,11.883666174752372
8W0jj0t3qHs_seg0,S5_LR1e3,S5_LR1e3,S20_LR1e3,S20_LR1e2,1,0,9.070599252919711,9.070599252919711,20.375770568847656,20.375770568847656
8W0jj0t3qHs_seg64,S5_LR1e3,S10_LR1e3,S10_LR1e2,S20_LR1e2,0,0,8.96949011286342,8.907539070783265,17.007146630968368,17.070879186902726
8W0jj0t3qHs_seg88,S10_LR1e2,S2_LR1e2,S5_LR1e3,S20_LR1e2,0,0,11.055034506519629,11.052088847284278,21.54158088139125,21.373925345284597
8YdkwZX4KKw_seg2,S5_LR1e3,S10_LR1e3,S5_LR1e2,S20_LR1e2,0,0,8.484578828092635,8.510905395053996,13.161041327885219,13.16451896939959
8YpaDCqMjog_seg15,S5_LR1e3,S10_LR1e3,S10_LR5e3,S5_LR1e2,0,0,7.736929139653647,7.750634536963121,16.764269488198416,16.7791200365339
8YpaDCqMjog_seg16,S5_LR1e3,S5_LR1e3,S5_LR1e3,S5_LR5e3,1,0,9.669682911903227,9.669682911903227,13.958915437970843,13.958915437970843
8_yoTrqMAu4_seg3,S5_LR1e3,S5_LR1e3,S10_LR5e3,S5_LR1e2,1,0,6.5955193120558375,6.5955193120558375,11.977794374738421,11.977794374738421
8_yoTrqMAu4_seg90,S5_LR1e3,S10_LR1e3,S5_LR1e3,S20_LR1e2,0,0,6.2724329710029485,5.9401221864931655,19.99801172528948,19.969532830374582
8cNRkvxKiaw_seg15,S5_LR1e3,S10_LR1e3,S10_LR1e3,S20_LR1e2,0,0,11.601608903071982,11.618243117292835,13.360398973737444,13.382125786372594
8cNRkvxKiaw_seg43,S5_LR1e3,S10_LR1e3,S5_LR1e2,S5_LR1e2,0,1,5.799341062010946,5.865435616513862,21.49179662976946,21.83363962173462
8cNRkvxKiaw_seg51,S5_LR1e3,S5_LR1e3,S10_LR1e3,S20_LR1e2,1,0,5.898367849921529,5.898367849921529,19.043771198817662,19.043771198817662
8kTHFkpE-fU_seg4,S5_LR1e3,S5_LR1e3,S5_LR1e3,S10_LR1e2,1,0,10.471364838874385,10.471364838874385,16.826023169926234,16.826023169926234
8nNofPO-BKU_seg13,S10_LR1e2,S2_LR1e2,S5_LR1e3,S20_LR1e2,0,0,11.796455151440654,11.79564333373177,23.727435520717076,24.477559770856583
8nuEtFpcHBk_seg5,S10_LR1e2,S2_LR1e2,S5_LR1e2,S2_LR1e2,0,0,11.507074537527572,12.086109470338483,25.31844983782087,25.300660269601003
8pYmuIyCbOI_seg0,S5_LR1e3,S5_LR1e3,S20_LR1e2,S20_LR1e3,1,0,7.6805555395837946,7.6805555395837946,22.803666251046316,22.803666251046316
8qexZV9WySQ_seg37,S5_LR1e3,S10_LR1e3,S5_LR5e3,S2_LR1e3,0,0,8.571845125118978,8.54511205674427,18.444556342230904,18.571184582180447
8qexZV9WySQ_seg4,S10_LR1e2,S2_LR1e2,S5_LR1e3,S20_LR5e3,0,0,10.176603823609728,10.229111715032337,10.600090776171003,11.215776511601039
8qexZV9WySQ_seg56,S5_LR1e3,S5_LR1e3,S5_LR5e3,S10_LR1e2,1,0,11.721380118014148,11.721380118014148,31.676537831624348,31.676537831624348
8rdmzkr-AFg_seg0,S5_LR1e3,S5_LR1e3,S5_LR5e3,S2_LR1e3,1,0,9.93616522647371,9.93616522647371,15.832913398742676,15.832913398742676
8rdmzkr-AFg_seg15,S5_LR1e3,S5_LR1e3,S5_LR5e3,S20_LR5e3,1,0,11.633927188560751,11.633927188560751,39.84026282174246,39.84026282174246
8tkbxNTFStU_seg13,S5_LR1e3,S10_LR1e3,S20_LR5e3,S5_LR1e2,0,0,10.36309688573581,10.380761365197825,15.595583166394915,15.518276691436768
8wDZ3LqcGUQ_seg11,S5_LR1e3,S10_LR1e3,S20_LR1e2,S20_LR1e2,0,1,5.45564307405968,5.461435250885904,20.014646938868932,20.00975785936628
8wDZ3LqcGUQ_seg8,S5_LR1e3,S10_LR1e3,S20_LR1e2,S20_LR5e3,0,0,7.720685728196666,7.728319665604334,19.10257421221052,19.097296169825963
8xxI4M97RXg_seg0,S5_LR1e3,S10_LR1e3,S2_LR1e2,S10_LR5e3,0,0,9.890785411017927,9.883307947642963,11.77592488697597,11.784190995352608
8zevIVSJ84w_seg10,S5_LR1e3,S10_LR1e3,S2_LR1e3,S5_LR5e3,0,0,9.735579479590324,9.684771820538431,13.795284884316581,13.766779695238386
90Q2FbRinEE_seg12,S5_LR1e3,S5_LR1e3,S20_LR5e3,S10_LR1e3,1,0,7.677711256659471,7.677711256659471,18.99461078643799,18.99461078643799
90Q2FbRinEE_seg19,S10_LR1e2,S2_LR1e2,S20_LR1e3,S20_LR1e3,0,1,10.331279278152047,10.347832240963204,16.654462678091868,16.58365842274257
94dLtsm7N6A_seg0,S5_LR1e3,S10_LR1e3,S2_LR1e3,S20_LR1e2,0,0,11.317079936748298,11.322824587916028,11.207417147500175,11.278825691768102
95Ah1eCFJ9M_seg17,S5_LR1e3,S5_LR1e3,S20_LR1e3,S20_LR1e2,1,0,4.504356856276179,4.504356856276179,27.374100957598007,27.374100957598007
95Ah1eCFJ9M_seg20,S10_LR1e2,S2_LR1e2,S20_LR5e3,S10_LR5e3,0,0,9.196796599545596,9.195289405922694,29.16382612500872,29.205127034868514
96zodDuKMDw_seg57,S5_LR1e3,S5_LR1e3,S5_LR5e3,S10_LR1e2,1,0,10.063297491939935,10.063297491939935,10.930358614240374,10.930358614240374
96zodDuKMDw_seg85,S5_LR1e3,S5_LR1e3,S20_LR1e2,S2_LR1e2,1,0,9.119036619188002,9.119036619188002,13.871396269117083,13.871396269117083
96zodDuKMDw_seg88,S10_LR1e2,S2_LR1e2,S5_LR5e3,S20_LR1e2,0,0,7.518578589998156,7.490034984655196,8.286875792912074,8.340013435908727
96zodDuKMDw_seg93,S5_LR1e3,S10_LR1e3,S20_LR1e2,S20_LR1e2,0,1,10.346082768234771,10.357926013130546,15.428902308146158,15.40165212419298
96zodDuKMDw_seg95,S5_LR1e3,S10_LR1e3,S20_LR5e3,S5_LR1e2,0,0,11.283336138652482,11.296740225179265,15.244447390238443,15.257450315687391
97xBojxkpIE_seg1,S10_LR1e2,S2_LR1e2,S10_LR5e3,S10_LR1e2,0,0,8.138900349687221,7.986685686012811,38.427716391427175,38.6068959917341
9BNMVDIJKrQ_seg10,S5_LR1e3,S5_LR1e3,S2_LR1e2,S20_LR1e2,1,0,9.540854898225126,9.540854898225126,17.524204390389578,17.524204390389578
9BNMVDIJKrQ_seg24,S5_LR1e3,S10_LR1e3,S20_LR5e3,S20_LR1e3,0,0,8.513252002305004,8.448164290631599,18.15617377417428,18.153765542166575
9BqMl1Yc8BY_seg8,S10_LR1e2,S2_LR1e2,S10_LR5e3,S2_LR1e2,0,0,7.1374926911486325,7.526397626259894,16.193326677594865,16.13388442993164
9Igfu0VwdkQ_seg58,S5_LR1e3,S10_LR1e3,S5_LR1e3,S10_LR1e2,0,0,7.777839509643913,7.5252692642564165,23.172430719648087,23.160753386361257
9IvtvNFhRds_seg0,S5_LR1e3,S10_LR1e3,S20_LR5e3,S5_LR1e2,0,0,10.819918602357165,10.809588464185532,21.108611856188094,21.087605476379395
9KaU2arvij4_seg2,S5_LR1e3,S10_LR1e3,S5_LR5e3,S20_LR1e2,0,0,10.980224325713825,10.97878088082239,18.563281740461075,18.55438791002546
9KaU2arvij4_seg5,S10_LR1e2,S2_LR1e2,S10_LR1e2,S20_LR5e3,0,0,11.292176210185533,11.271616236186455,19.808051790509904,19.81929084232875
9LGyz-kp8ww_seg9,S5_LR1e3,S5_LR1e3,S10_LR1e2,S20_LR5e3,1,0,7.886523979215975,7.886523979215975,18.03936767578125,18.03936767578125
9QTcKSJNM9w_seg20,S5_LR1e3,S5_LR1e3,S2_LR1e3,S20_LR5e3,1,0,7.397808989695028,7.397808989695028,20.63876465388707,20.63876465388707
9QTcKSJNM9w_seg28,S10_LR1e2,S2_LR1e2,S10_LR1e2,S10_LR1e2,0,1,5.229495951817912,5.187890969007542,23.220820835658483,23.36200945717948
9QTcKSJNM9w_seg31,S5_LR1e3,S5_LR1e3,S10_LR1e3,S2_LR5e3,1,0,9.768604417141788,9.768604417141788,12.577758380344935,12.577758380344935
9QTcKSJNM9w_seg44,S5_LR1e3,S5_LR1e3,S10_LR1e3,S10_LR5e3,1,0,10.782210479694099,10.782210479694099,26.191518102373397,26.191518102373397
9QTcKSJNM9w_seg57,S5_LR1e3,S5_LR1e3,S10_LR1e2,S10_LR5e3,1,0,11.504966029896451,11.504966029896451,11.602798870631627,11.602798870631627
9QTcKSJNM9w_seg8,S5_LR1e3,S5_LR1e3,S2_LR1e2,S10_LR1e3,1,0,8.86847442117,8.86847442117,33.349202973502024,33.349202973502024
9QTcKSJNM9w_seg86,S5_LR1e3,S5_LR1e3,S20_LR1e2,S20_LR1e2,1,1,7.1229768950893675,7.1229768950893675,14.700070789882115,14.700070789882115
9QTcKSJNM9w_seg90,S5_LR1e3,S10_LR1e3,S5_LR5e3,S20_LR1e2,0,0,11.411790007989678,11.403403084791572,26.67668846675328,26.663599831717356
9RHvqC6j91w_seg4,S5_LR1e3,S5_LR1e3,S20_LR1e2,S2_LR5e3,1,0,7.014059654422496,7.014059654422496,27.472264426095144,27.472264426095144
9RJFP3OgVKU_seg6,S5_LR1e3,S10_LR1e3,S10_LR1e2,S5_LR1e2,0,0,8.709527308794518,8.717340889185547,9.325279985155378,9.325918401990618
9SnLV9nn4yo_seg36,S5_LR1e3,S10_LR1e3,S5_LR1e2,S10_LR1e2,0,0,11.614278239408732,11.618329398779116,12.629441397530693,12.616541726248604
9VJjGlf_owA_seg16,S10_LR1e2,S2_LR1e2,S5_LR1e2,S10_LR1e2,0,0,8.726675644785914,8.86310757089654,17.4186532838004,17.584149837493896
9XbtwCXwN-I_seg35,S5_LR1e3,S10_LR1e3,S10_LR1e3,S10_LR5e3,0,0,11.184829207367587,11.217359560790253,12.493576117924281,12.494289534432548
9XbtwCXwN-I_seg57,S10_LR1e2,S2_LR1e2,S20_LR1e2,S10_LR1e2,0,0,10.20288576725886,10.215244584981969,13.533857413700648,13.675524030412946
9Y5wy53MaJ0_seg5,S10_LR1e2,S2_LR1e2,S10_LR1e2,S20_LR1e3,0,0,10.221836393940249,10.119951694043337,19.830392360687256,19.766025883810862
9_DdqrFpPW8_seg21,S10_LR1e2,S2_LR1e2,S20_LR1e2,S10_LR5e3,0,0,11.812181828917913,11.82614154718898,22.287684985569545,22.448637553623744
9_iVj6vmG-8_seg0,S5_LR1e3,S10_LR1e3,S20_LR1e2,S20_LR5e3,0,0,10.332751247197782,10.448147040295366,19.07289375577654,19.087238720485143
9_iVj6vmG-8_seg11,S10_LR1e2,S2_LR1e2,S10_LR1e3,S20_LR1e2,0,0,8.29595844079998,8.355604092660977,18.47057921545846,18.4808509009225
9_iVj6vmG-8_seg14,S10_LR1e2,S2_LR1e2,S20_LR5e3,S20_LR1e2,0,0,4.641682797849114,4.617036327341021,20.670803342546737,22.00979232788086
9b9KjBotw6Y_seg0,S5_LR1e3,S5_LR1e3,S10_LR1e2,S20_LR5e3,1,0,9.483481966547087,9.483481966547087,29.878957748413086,29.878957748413086
9gg6N7k6e2I_seg11,S5_LR1e3,S5_LR1e3,S20_LR5e3,S5_LR5e3,1,0,8.972830646959315,8.972830646959315,20.589083944048202,20.589083944048202
9gg6N7k6e2I_seg13,S10_LR1e2,S2_LR1e2,S20_LR1e2,S20_LR1e2,0,1,8.468854603884568,8.342393575214482,14.641381468091692,14.68410859789167
9kUhOj6FHsM_seg1,S5_LR1e3,S5_LR1e3,S20_LR1e2,S2_LR5e3,1,0,11.994749431683397,11.994749431683397,23.919867515563965,23.919867515563965
9kphy3ngilM_seg2,S5_LR1e3,S10_LR1e3,S20_LR5e3,S5_LR1e2,0,0,6.1735290396195115,6.176027982187136,25.347998755318777,25.309314046587264
9mVRc80vhhQ_seg1,S5_LR1e3,S10_LR1e3,S5_LR1e2,S2_LR1e3,0,0,12.014149823183326,12.008665912752695,22.161434718540736,22.177041053771973
9onqdz1EHcw_seg5,S5_LR1e3,S10_LR1e3,S5_LR1e3,S20_LR1e2,0,0,11.140904058913367,11.130724474475276,19.127878189086914,19.080097334725515
9pXpaSEym1E_seg1,S5_LR1e3,S10_LR1e3,S10_LR5e3,S5_LR1e2,0,0,9.994454078266902,10.01316012112915,20.04153483254569,19.692035130092076
9uoHmIdCidc_seg10,S5_LR1e3,S10_LR1e3,S5_LR1e2,S5_LR5e3,0,0,9.0066809780767,9.011562995103413,31.95485523768834,31.81122371128627
9vV4m2nKAjw_seg24,S10_LR1e2,S2_LR1e2,S5_LR1e3,S10_LR1e2,0,0,10.563168416395195,10.564295205984392,16.275628430502756,16.388664381844656
9xQaN5BkkGA_seg25,S5_LR1e3,S5_LR1e3,S20_LR1e2,S20_LR1e2,1,1,8.46971269231683,8.46971269231683,19.195125443594797,19.195125443594797
9yHJGyCTUWw_seg9,S10_LR1e2,S2_LR1e2,S5_LR1e2,S20_LR1e2,0,0,11.789320290015764,11.782253434119365,28.759351457868302,28.624127660478866
A2WNLSND0qA_seg2,S10_LR1e2,S2_LR1e2,S2_LR1e3,S5_LR5e3,0,0,10.82742803863798,10.878001018651506,16.727388381958008,16.82271112714495
A2cn-DILaos_seg37,S5_LR1e3,S5_LR1e3,S5_LR1e2,S20_LR5e3,1,0,11.342809814096139,11.342809814096139,19.185567992074148,19.185567992074148
A2cn-DILaos_seg39,S5_LR1e3,S5_LR1e3,S20_LR5e3,S20_LR5e3,1,1,9.921649747064643,9.921649747064643,20.296335765293666,20.296335765293666
A2cn-DILaos_seg8,S10_LR1e2,S2_LR1e2,S2_LR1e3,S20_LR1e2,0,0,10.903685679274156,10.905689241106518,21.617839132036483,21.553720474243164
A8j-jvlbxSE_seg11,S5_LR1e3,S5_LR1e3,S10_LR1e2,S20_LR1e2,1,0,7.422111282749997,7.422111282749997,11.350933756147112,11.350933756147112
A8j-jvlbxSE_seg15,S5_LR1e3,S10_LR1e3,S5_LR1e2,S20_LR1e2,0,0,9.691005020624376,9.82687585483552,18.751016071864537,18.74107074737549
A8j-jvlbxSE_seg42,S5_LR1e3,S5_LR1e3,S20_LR5e3,S10_LR1e3,1,0,10.503085854061847,10.503085854061847,18.988867350987025,18.988867350987025
A8j-jvlbxSE_seg7,S5_LR1e3,S5_LR1e3,S20_LR1e3,S20_LR1e2,1,0,11.615757013728203,11.615757013728203,18.28784281866891,18.28784281866891
AAtZHS_dLQk_seg7,S5_LR1e3,S5_LR1e3,S20_LR5e3,S2_LR5e3,1,0,11.03189156438269,11.03189156438269,16.7297077860151,16.7297077860151
ABIkWS_YavM_seg9,S5_LR1e3,S5_LR1e3,S20_LR1e2,S5_LR1e3,1,0,7.643308175948413,7.643308175948413,23.626838411603654,23.626838411603654
ABe3TxaPD4s_seg7,S5_LR1e3,S10_LR1e3,S10_LR1e2,S2_LR1e2,0,0,10.859153238823895,10.818779727601008,20.21153667994908,20.028379712785995
ABe3TxaPD4s_seg8,S5_LR1e3,S5_LR1e3,S5_LR1e2,S2_LR1e2,1,0,11.533731251996484,11.533731251996484,18.57129887172154,18.57129887172154
ACUABdgkjgA_seg6,S10_LR1e2,S2_LR1e2,S20_LR1e3,S5_LR1e2,0,0,11.829381604837192,11.708859294829127,15.599335397992816,15.708790166037423
ADqku-dGgd4_seg5,S5_LR1e3,S5_LR1e3,S20_LR1e2,S10_LR5e3,1,0,10.94634727180941,10.94634727180941,21.960376467023575,21.960376467023575
AG54Yim7tbE_seg1,S5_LR1e3,S10_LR1e3,S20_LR5e3,S5_LR1e3,0,0,11.150150636069913,11.160174951068907,25.753949271308052,26.46227921379937
AG54Yim7tbE_seg19,S5_LR1e3,S10_LR1e3,S10_LR1e2,S10_LR1e2,0,1,11.301099430259752,11.290201852001355,25.363580295017787,25.36925506591797
AH4H2LODmFs_seg26,S5_LR1e3,S10_LR1e3,S20_LR1e2,S10_LR1e2,0,0,9.903982141399734,9.879976025994903,22.707396234784806,22.671015739440918
AH4H2LODmFs_seg55,S5_LR1e3,S5_LR1e3,S20_LR1e2,S20_LR5e3,1,0,8.305332585894034,8.305332585894034,17.5852153641837,17.5852153641837
AIZJbicL0nM_seg2,S5_LR1e3,S10_LR1e3,S20_LR1e2,S2_LR1e3,0,0,10.89562574066793,10.89121975476877,11.16578129359654,11.143795217786517
AKc6LItAcp4_seg14,S5_LR1e3,S10_LR1e3,S5_LR1e3,S20_LR5e3,0,0,6.73832861151243,6.545534168618893,15.854736191885811,15.84907899584089
AMx_rtGmkkQ_seg14,S5_LR1e3,S5_LR1e3,S5_LR1e3,S20_LR5e3,1,0,7.103247542422095,7.103247542422095,23.514903341020858,23.514903341020858
AP_tlMJEJlk_seg1,S5_LR1e3,S5_LR1e3,S10_LR5e3,S10_LR5e3,1,1,10.654548796067862,10.654548796067862,26.009612355913436,26.009612355913436
AP_tlMJEJlk_seg11,S5_LR1e3,S5_LR1e3,S2_LR1e2,S20_LR1e2,1,0,11.6633189658165,11.6633189658165,26.218857220241002,26.218857220241002
AP_tlMJEJlk_seg5,S5_LR1e3,S5_LR1e3,S20_LR1e2,S20_LR1e2,1,1,9.963761482940187,9.963761482940187,28.661841664995467,28.661841664995467
ATA22800GHs_seg21,S5_LR1e3,S10_LR1e3,S20_LR1e2,S20_LR1e2,0,1,8.112992744808968,7.918214557796431,20.42361068725586,20.458180018833705
ATGQMqbVvC4_seg25,S5_LR1e3,S5_LR1e3,S20_LR1e2,S20_LR1e2,1,1,11.9603805179824,11.9603805179824,27.119667598179408,27.119667598179408
ATGQMqbVvC4_seg5,S5_LR1e3,S5_LR1e3,S10_LR5e3,S20_LR1e2,1,0,9.700722967448453,9.700722967448453,25.447917257036483,25.447917257036483
ATq7JigwVkI_seg2,S5_LR1e3,S5_LR1e3,S10_LR5e3,S20_LR1e2,1,0,11.918287931678455,11.918287931678455,25.272127287728445,25.272127287728445
A_FfyPGkpTk_seg15,S10_LR1e2,S2_LR1e2,S5_LR5e3,S5_LR1e2,0,0,8.493913857912439,8.746689077651029,20.093080043792725,20.057782581874303
Ac7yJ9omw58_seg27,S10_LR1e2,S2_LR1e2,S5_LR1e2,S20_LR1e3,0,0,8.7572107280827,8.731555069608083,21.7501254762922,21.72342954363142
Ac7yJ9omw58_seg31,S5_LR1e3,S10_LR1e3,S20_LR1e2,S20_LR1e2,0,1,7.673962778885638,7.651468883924861,19.33049556187221,19.350121089390345
AcZ0E-h7VNg_seg20,S5_LR1e3,S10_LR1e3,S2_LR1e3,S10_LR1e3,0,0,11.535516195812681,11.534389716446425,21.566101286146377,21.40288649664985
AfEEIFIMEo0_seg4,S5_LR1e3,S5_LR1e3,S5_LR1e3,S5_LR1e2,1,0,11.805754255436566,11.805754255436566,11.298225811549596,11.298225811549596
AhSputajowA_seg13,S10_LR1e2,S2_LR1e2,S5_LR1e3,S2_LR5e3,0,0,9.856238139820888,9.858103325324606,23.284734862191335,22.99632399422782
AilMViy7QiE_seg0,S5_LR1e3,S5_LR1e3,S2_LR1e3,S10_LR1e2,1,0,7.873890414029049,7.873890414029049,30.625617299761092,30.625617299761092
Aj2Td0tfkOE_seg4,S5_LR1e3,S10_LR1e3,S2_LR5e3,S10_LR1e2,0,0,8.937828452373122,8.927033101376075,15.105826105390276,15.102132388523646
AlmbhUoSRXs_seg25,S5_LR1e3,S10_LR1e3,S10_LR1e2,S10_LR1e3,0,0,11.284080533773688,11.292939684918116,28.48216220310756,28.451965876988
AmStHwizc3I_seg18,S5_LR1e3,S5_LR1e3,S20_LR1e2,S20_LR1e2,1,1,11.21877341872287,11.21877341872287,16.14022466114589,16.14022466114589
An0WrT6IyNs_seg7,S5_LR1e3,S5_LR1e3,S5_LR1e3,S5_LR5e3,1,0,11.804844772760703,11.804844772760703,21.547703538622176,21.547703538622176
Antd1_bAfqo_seg2,S5_LR1e3,S10_LR1e3,S10_LR1e2,S20_LR1e2,0,0,8.400046138464367,8.387969021554808,28.423267364501953,28.436227798461914
Aotfay-xuH0_seg41,S5_LR1e3,S10_LR1e3,S20_LR1e2,S20_LR1e2,0,1,9.888311444594748,9.862156253569811,22.117792878832137,22.09211186000279
Ap7hNuoPLEw_seg1,S5_LR1e3,S10_LR1e3,S10_LR1e3,S10_LR1e2,0,0,9.201848826625422,9.223860273398069,18.04559884752546,18.035163606916154
Apfu_FgbNfI_seg7,S5_LR1e3,S5_LR1e3,S10_LR1e2,S5_LR1e3,1,0,8.779122712723895,8.779122712723895,20.473805359431676,20.473805359431676
Ar4gK2Sq7_o_seg4,S5_LR1e3,S10_LR1e3,S2_LR5e3,S10_LR1e2,0,0,11.767122711167053,11.758357867653976,16.175885881696427,15.733779157911028
ArIUO4ygglY_seg1,S5_LR1e3,S10_LR1e3,S20_LR5e3,S5_LR5e3,0,0,10.517711718728625,10.496310043247837,18.13440704345703,18.19472530909947
ArIUO4ygglY_seg23,S5_LR1e3,S10_LR1e3,S20_LR1e2,S20_LR5e3,0,0,8.804053217005746,8.78620010618928,17.672735486711776,17.40198700768607
ArIUO4ygglY_seg4,S5_LR1e3,S10_LR1e3,S10_LR1e3,S20_LR5e3,0,0,7.436473317180828,7.451710989334056,23.195604051862443,23.172286169869558
ArtaUf27zxA_seg11,S5_LR1e3,S5_LR1e3,S10_LR5e3,S5_LR1e2,1,0,11.690189505115923,11.690189505115923,20.24750804901123,20.24750804901123
ArtaUf27zxA_seg8,S5_LR1e3,S10_LR1e3,S10_LR1e3,S2_LR5e3,0,0,10.066061434894646,10.15722479187736,16.82372679029192,16.728773253304617
AtWwRyr6DGU_seg0,S5_LR1e3,S10_LR1e3,S2_LR1e3,S10_LR1e2,0,0,11.255632930960013,11.249048647335485,17.91722869873047,17.904212270464217
Aw3R-4UC4wI_seg10,S5_LR1e3,S10_LR1e3,S2_LR1e3,S2_LR1e3,0,1,7.910786655063435,7.945966972158415,30.644640377589635,30.62979848044259
Aw3R-4UC4wI_seg3,S5_LR1e3,S5_LR1e3,S20_LR1e2,S5_LR1e2,1,0,11.732911399643376,11.732911399643376,23.221431187220983,23.221431187220983
Aw3R-4UC4wI_seg37,S5_LR1e3,S10_LR1e3,S20_LR5e3,S20_LR1e2,0,0,7.914148248593419,7.967134834351019,19.981765747070312,19.946686472211564
AwqD7Chf344_seg57,S5_LR1e3,S5_LR1e3,S10_LR1e3,S20_LR5e3,1,0,11.243748365108543,11.243748365108543,16.04120261328561,16.04120261328561
AwqD7Chf344_seg78,S5_LR1e3,S5_LR1e3,S2_LR1e2,S10_LR1e2,1,0,9.573312014787385,9.573312014787385,10.508049488067627,10.508049488067627
Axo5SyqLhgI_seg16,S5_LR1e3,S10_LR1e3,S2_LR1e2,S20_LR1e2,0,0,6.449962748297932,6.44528359204181,21.322288240705216,21.32404981340681
Ay_Eqbgxmgo_seg22,S5_LR1e3,S10_LR1e3,S20_LR1e2,S20_LR1e2,0,1,9.378531910052658,9.381650828678895,15.362000397273473,15.35869550704956
Ay_Eqbgxmgo_seg23,S5_LR1e3,S5_LR1e3,S10_LR5e3,S20_LR1e2,1,0,6.156283439432023,6.156283439432023,18.595632553100586,18.595632553100586
B8ulmmXTizI_seg20,S5_LR1e3,S10_LR1e3,S2_LR1e3,S5_LR5e3,0,0,10.140506083927011,10.11374681187886,33.41055965423584,33.39993531363351
BGslyFlXfTA_seg2,S5_LR1e3,S5_LR1e3,S5_LR5e3,S10_LR1e2,1,0,8.73616834195282,8.73616834195282,15.626792498997279,15.626792498997279
BHsSTemaGXk_seg14,S10_LR1e2,S2_LR1e2,S2_LR1e3,S20_LR1e2,0,0,9.464772802425339,9.9866622562585,15.39835296358381,15.254557745797294
BHsSTemaGXk_seg26,S5_LR1e3,S10_LR1e3,S10_LR1e3,S2_LR1e2,0,0,7.6497370034543835,7.659542699739083,12.090741838727679,12.210214751107353
BHsSTemaGXk_seg62,S10_LR1e2,S2_LR1e2,S20_LR1e2,S20_LR1e2,0,1,8.843179241870208,8.855082578667972,12.505850655691964,12.116397857666016
BKA8tv3LrWI_seg7,S5_LR1e3,S10_LR1e3,S20_LR1e2,S2_LR1e3,0,0,9.973589926523967,9.988148252068125,18.235779217311315,18.235255581992014
BKLHuR9WQ_o_seg14,S5_LR1e3,S10_LR1e3,S2_LR1e3,S2_LR1e3,0,1,6.292884782374565,6.248588937806493,17.545891761779785,17.5804283959525
BKLHuR9WQ_o_seg6,S5_LR1e3,S5_LR1e3,S2_LR5e3,S10_LR1e2,1,0,8.449194187875095,8.449194187875095,21.626198768615723,21.626198768615723
BKs4uSxQiDw_seg7,S5_LR1e3,S10_LR1e3,S20_LR5e3,S10_LR1e2,0,0,12.046022135499369,12.051076647926502,20.79421547480992,20.56221798488072
BL7cJOqQ4j8_seg4,S5_LR1e3,S10_LR1e3,S20_LR1e2,S5_LR1e2,0,0,8.999627188547851,8.92114645042451,24.065739699772426,24.157963752746582
BMDCRICN63w_seg30,S5_LR1e3,S5_LR1e3,S10_LR5e3,S2_LR5e3,1,0,9.569416699607547,9.569416699607547,20.640682220458984,20.640682220458984
BMW6BSRWm6c_seg0,S5_LR1e3,S10_LR1e3,S20_LR1e2,S2_LR1e3,0,0,9.751432425472874,9.970354552100826,21.785402842930385,21.993800571986608
BMW6BSRWm6c_seg7,S10_LR1e2,S2_LR1e2,S5_LR1e3,S5_LR1e3,0,1,11.82114685085175,11.815903328654073,13.990609577723912,13.579870700836182
BOez50ta_rQ_seg12,S10_LR1e2,S2_LR1e2,S2_LR1e3,S2_LR1e2,0,0,11.67149870295219,11.69161870808919,26.589435032435826,25.562098911830358
BSIu2BOjINg_seg3,S5_LR1e3,S10_LR1e3,S2_LR1e3,S10_LR1e3,0,0,6.175183366615832,6.166520619389773,26.42655309041341,26.258338928222656
BSIu2BOjINg_seg5,S5_LR1e3,S10_LR1e3,S20_LR1e2,S2_LR1e3,0,0,11.133053983736522,11.157311761692247,29.340963227408274,29.32698290688651
BUEOhsJQ5A4_seg17,S5_LR1e3,S5_LR1e3,S5_LR5e3,S10_LR1e3,1,0,9.805368625419996,9.805368625419996,18.804321425301687,18.804321425301687
BUEOhsJQ5A4_seg41,S5_LR1e3,S10_LR1e3,S5_LR1e3,S2_LR1e3,0,0,12.06874151313808,12.052700052246779,38.009189060756135,38.19128908429827
BUEOhsJQ5A4_seg46,S5_LR1e3,S10_LR1e3,S20_LR1e2,S5_LR1e3,0,0,12.24990870286824,12.25036956519691,16.342964717320033,16.360577242715017
BUEOhsJQ5A4_seg62,S5_LR1e3,S10_LR1e3,S10_LR1e2,S10_LR5e3,0,0,10.783531356386007,10.66074424751328,37.48288495200021,37.50563662392752
BUEOhsJQ5A4_seg75,S5_LR1e3,S10_LR1e3,S5_LR1e3,S10_LR5e3,0,0,8.575849805146364,8.523695600222936,13.92868457521711,13.924959046500069
BUNW1CRQzaU_seg17,S5_LR1e3,S10_LR1e3,S20_LR1e2,S2_LR5e3,0,0,11.491398080651493,11.449727728661841,20.253577709197998,21.413969039916992
BUhkvjH8Yf8_seg2,S5_LR1e3,S5_LR1e3,S10_LR1e2,S20_LR1e2,1,0,10.44744984949789,10.44744984949789,22.952134291330974,22.952134291330974
BVgL39i98Vo_seg0,S5_LR1e3,S5_LR1e3,S5_LR1e2,S10_LR1e2,1,0,10.120237272833068,10.120237272833068,34.6926759992327,34.6926759992327
BVquf7NxGY4_seg0,S5_LR1e3,S10_LR1e3,S20_LR5e3,S5_LR1e3,0,0,6.467116845393002,6.280510874154383,24.685259410313197,25.115150451660156
BXgBOwDYsNg_seg2,S10_LR1e2,S2_LR1e2,S10_LR1e2,S10_LR1e3,0,0,11.552293856779428,11.531541175205763,23.948892805311417,23.979564242892796
BZv1MjXOzLY_seg2,S5_LR1e3,S10_LR1e3,S20_LR5e3,S10_LR5e3,0,0,2.929863496091397,2.8838153397407424,21.87184156690325,21.862311363220215
B_u6_ACXgL0_seg12,S5_LR1e3,S10_LR1e3,S5_LR1e2,S20_LR1e2,0,0,11.506982715890398,11.502809042853716,12.108223233904157,12.208801542009626
B_u6_ACXgL0_seg13,S5_LR1e3,S5_LR1e3,S2_LR1e3,S20_LR5e3,1,0,9.237344677009405,9.237344677009405,17.205690247671946,17.205690247671946
B_u6_ACXgL0_seg71,S5_LR1e3,S10_LR1e3,S2_LR5e3,S5_LR1e3,0,0,11.096390912046527,11.10246615630472,14.446820940290179,14.471312863486153
BbF_xIvxCDE_seg60,S5_LR1e3,S5_LR1e3,S10_LR1e2,S5_LR1e3,1,0,8.899536712535728,8.899536712535728,29.50758307320731,29.50758307320731
BbXwDH4RGX4_seg3,S5_LR1e3,S10_LR1e3,S2_LR1e3,S20_LR1e2,0,0,11.803137362107393,11.800727541760002,29.45073209490095,29.454759870256698
Be5Ezao-wF4_seg10,S5_LR1e3,S5_LR1e3,S10_LR5e3,S10_LR1e2,1,0,8.998167305925023,8.998167305925023,11.990888936179024,11.990888936179024
BeJn0GOJ1-Y_seg1,S5_LR1e3,S10_LR1e3,S10_LR1e2,S20_LR5e3,0,0,10.003183576849121,9.960060159585892,18.379228523799352,18.39131430217198
BhAKLkZ_hZE_seg6,S5_LR1e3,S5_LR1e3,S20_LR1e3,S10_LR5e3,1,0,10.140997849655545,10.140997849655545,28.66272803715297,28.66272803715297
BhF8R3iaDnU_seg9,S5_LR1e3,S5_LR1e3,S5_LR5e3,S20_LR1e2,1,0,10.257644698062094,10.257644698062094,24.212462288992747,24.212462288992747
BiokHdqvzMg_seg15,S5_LR1e3,S10_LR1e3,S5_LR5e3,S20_LR1e2,0,0,11.025953036350405,11.026349244245898,10.70557941709246,10.712447098323278
BjmchlyDF2g_seg11,S5_LR1e3,S10_LR1e3,S10_LR1e2,S10_LR1e2,0,1,9.06584972390925,9.06216029341939,25.58200536455427,25.551922934395925
Bjr0agSTob8_seg11,S5_LR1e3,S10_LR1e3,S20_LR1e2,S10_LR5e3,0,0,10.394475168391727,10.378875538830526,17.44994102205549,17.481528486524308
BkWRaS2ATg8_seg0,S5_LR1e3,S5_LR1e3,S20_LR5e3,S20_LR1e2,1,0,10.22199490202092,10.22199490202092,13.685340745108467,13.685340745108467
BmSGyQcEFws_seg31,S5_LR1e3,S5_LR1e3,S2_LR5e3,S5_LR1e2,1,0,5.9741494500185865,5.9741494500185865,16.614409719194686,16.614409719194686
BmYnsyFuZ80_seg73,S5_LR1e3,S10_LR1e3,S20_LR1e2,S2_LR1e2,0,0,10.722828462829481,10.632869299093262,13.226420743124825,13.220184666769844
Bmm7s4szBCI_seg1,S5_LR1e3,S10_LR1e3,S2_LR5e3,S5_LR1e2,0,0,10.492652488364868,10.451670495817641,29.738473074776785,29.625372750418528
BnJYZPnA4uo_seg3,S5_LR1e3,S10_LR1e3,S20_LR5e3,S2_LR5e3,0,0,7.814282094394136,7.437178272399573,15.840284892490931,15.859703745160784
Bpy28o7ve3Q_seg18,S10_LR1e2,S2_LR1e2,S20_LR1e3,S20_LR1e2,0,0,5.2696972536798485,5.2902125155060995,20.782344681876047,20.7867397580828
Bpy28o7ve3Q_seg5,S5_LR1e3,S5_LR1e3,S2_LR1e3,S20_LR1e2,1,0,9.591578412039047,9.591578412039047,19.152497700282506,19.152497700282506
BrCtyTSEcgQ_seg12,S5_LR1e3,S10_LR1e3,S20_LR1e2,S10_LR1e2,0,0,10.775319700878459,10.823391894769985,23.921535083225795,23.93779972621373
Bu0hjZlB2gk_seg16,S10_LR1e2,S2_LR1e2,S5_LR5e3,S20_LR1e2,0,0,8.680459400792802,8.736324512449505,22.1019253049578,22.259302139282227
Bu0hjZlB2gk_seg21,S5_LR1e3,S10_LR1e3,S20_LR1e2,S2_LR1e2,0,0,7.6256445206608205,7.710134204946682,19.733365195138113,19.731071063450404
Bu0hjZlB2gk_seg28,S5_LR1e3,S5_LR1e3,S10_LR1e2,S10_LR1e3,1,0,11.160962765656336,11.160962765656336,23.602805410112655,23.602805410112655
BvQ2EDUSEB8_seg14,S5_LR1e3,S10_LR1e3,S20_LR1e2,S5_LR1e2,0,0,5.987389336280271,6.038999238745062,28.85478959764753,29.094030107770646
BvQ2EDUSEB8_seg22,S5_LR1e3,S5_LR1e3,S5_LR5e3,S20_LR5e3,1,0,9.657002859221029,9.657002859221029,12.977195342381796,12.977195342381796
BwAy-VDjDh4_seg4,S5_LR1e3,S10_LR1e3,S20_LR5e3,S20_LR5e3,0,1,11.712263456229861,11.700856528249547,24.878790310450963,24.872281210763113
Bwi3D_NjAF4_seg1,S5_LR1e3,S5_LR1e3,S5_LR1e2,S20_LR5e3,1,0,9.662664796318227,9.662664796318227,11.16993134362357,11.16993134362357
Bwua17jkR6k_seg19,S10_LR1e2,S2_LR1e2,S20_LR1e2,S10_LR1e2,0,0,10.979358861810127,11.005699459423129,21.438837899102104,21.745757420857746
Bwua17jkR6k_seg31,S5_LR1e3,S5_LR1e3,S2_LR1e2,S20_LR1e2,1,0,10.788764331716882,10.788764331716882,25.245236941746303,25.245236941746303
Bwua17jkR6k_seg32,S5_LR1e3,S5_LR1e3,S2_LR1e3,S20_LR5e3,1,0,11.23557438667485,11.23557438667485,26.889500935872395,26.889500935872395
ByR-GpA9bkM_seg32,S5_LR1e3,S5_LR1e3,S20_LR5e3,S5_LR5e3,1,0,11.74152769562895,11.74152769562895,23.023853165762766,23.023853165762766
C0AQmPp2IFA_seg21,S5_LR1e3,S5_LR1e3,S20_LR5e3,S5_LR5e3,1,0,10.530973456499515,10.530973456499515,10.8857022694179,10.8857022694179
C0AQmPp2IFA_seg34,S5_LR1e3,S10_LR1e3,S2_LR5e3,S2_LR1e2,0,0,9.705395263605013,9.662483215694866,26.51725128718785,26.50877094268799
C1PbAobJwI0_seg5,S5_LR1e3,S10_LR1e3,S10_LR1e3,S20_LR5e3,0,0,5.1137719275872,5.134263830473494,18.751598562513077,18.786471843719482
C52Yju5GdGg_seg18,S5_LR1e3,S10_LR1e3,S10_LR5e3,S10_LR5e3,0,1,10.98934956340282,10.985491018589817,13.497023514338903,13.489180156162806
C52Yju5GdGg_seg28,S10_LR1e2,S2_LR1e2,S20_LR1e3,S5_LR1e3,0,0,11.6476604327349,11.665731831504944,15.722854818616595,15.642022473471505
C52Yju5GdGg_seg3,S10_LR1e2,S2_LR1e2,S5_LR5e3,S20_LR1e2,0,0,9.461179100212886,9.518584359935291,17.634390830993652,17.91311080115182
C52Yju5GdGg_seg38,S5_LR1e3,S5_LR1e3,S5_LR1e3,S5_LR1e3,1,1,10.432416598264712,10.432416598264712,18.50086682183402,18.50086682183402
C7m1-igI814_seg1,S5_LR1e3,S5_LR1e3,S5_LR5e3,S5_LR1e3,1,0,9.080211291188895,9.080211291188895,30.44671745300293,30.44671745300293
CAx6OUL25Eg_seg8,S5_LR1e3,S5_LR1e3,S5_LR5e3,S20_LR1e2,1,0,5.592670465189444,5.592670465189444,23.64940902165004,23.64940902165004
CCIi0Iy0jtI_seg1,S10_LR1e2,S2_LR1e2,S10_LR1e2,S5_LR1e2,0,0,9.024897637586653,8.801361853949212,16.335497447422572,16.32014492579869
CCIi0Iy0jtI_seg2,S5_LR1e3,S10_LR1e3,S5_LR5e3,S20_LR1e2,0,0,10.976073398402715,10.968731712436094,17.80989715031215,17.753661496298655
CD2Mi7vwPF8_seg16,S5_LR1e3,S10_LR1e3,S20_LR1e2,S20_LR1e2,0,1,8.953512076752965,8.807964445563465,19.650246007101877,19.634334019252233
CFXda8HWhyk_seg13,S5_LR1e3,S5_LR1e3,S20_LR1e2,S10_LR5e3,1,0,8.295339493908633,8.295339493908633,28.20123291015625,28.20123291015625
CHbY6fcqPak_seg11,S5_LR1e3,S5_LR1e3,S2_LR1e2,S20_LR5e3,1,0,9.042141232776833,9.042141232776833,29.52113437652588,29.52113437652588
CHbY6fcqPak_seg34,S5_LR1e3,S5_LR1e3,S20_LR1e2,S20_LR1e2,1,1,11.051474334906457,11.051474334906457,26.774564061846053,26.774564061846053
CM0xFF0m1Ts_seg47,S5_LR1e3,S5_LR1e3,S20_LR1e2,S2_LR1e3,1,0,5.04666191176572,5.04666191176572,11.823762757437569,11.823762757437569
CM0xFF0m1Ts_seg55,S10_LR1e2,S2_LR1e2,S20_LR1e2,S2_LR1e2,0,0,12.04942112765522,12.050881783679234,17.991003445216588,17.854209150586808
CM5WsEBnHGY_seg45,S5_LR1e3,S10_LR1e3,S5_LR1e2,S20_LR1e3,0,0,6.919505040928163,6.918037991537815,20.19516454424177,20.17345925739833
CM5WsEBnHGY_seg46,S5_LR1e3,S5_LR1e3,S5_LR1e2,S2_LR1e3,1,0,11.440118782966078,11.440118782966078,16.02887691770281,16.02887691770281
CM5WsEBnHGY_seg54,S5_LR1e3,S10_LR1e3,S5_LR5e3,S10_LR1e2,0,0,9.80805902960252,9.792950072130264,16.35472447531564,16.34635611942836
CRZ4rjGUKiA_seg13,S5_LR1e3,S10_LR1e3,S2_LR5e3,S20_LR1e2,0,0,5.797611691197521,5.788503700710619,26.388393538338796,26.446002551487513
CScUfYsKrUY_seg27,S10_LR1e2,S2_LR1e2,S20_LR1e2,S5_LR1e3,0,0,11.706083219413006,11.693528737705337,26.849425179617747,26.451600619724818
CScUfYsKrUY_seg6,S5_LR1e3,S5_LR1e3,S10_LR1e2,S2_LR1e2,1,0,9.23334229652333,9.23334229652333,18.15703841618129,18.15703841618129
CUPaieJrsO4_seg14,S5_LR1e3,S5_LR1e3,S20_LR1e3,S10_LR1e3,1,0,9.404146064844038,9.404146064844038,23.236361231122697,23.236361231122697
CUPaieJrsO4_seg33,S5_LR1e3,S5_LR1e3,S20_LR1e3,S20_LR1e2,1,0,10.494254944553049,10.494254944553049,18.926393508911133,18.926393508911133
CUWzuLBUMmM_seg9,S5_LR1e3,S10_LR1e3,S20_LR5e3,S10_LR1e2,0,0,10.717868682758702,10.724597974848942,17.84049994604928,17.797887529645646
CVohIxzPiZk_seg20,S10_LR1e2,S2_LR1e2,S20_LR1e2,S10_LR1e2,0,0,8.206065912898248,8.245438967321844,14.08337572642735,14.300248350415911
CWeLhyluVEk_seg4,S5_LR1e3,S10_LR1e3,S10_LR1e3,S20_LR1e2,0,0,9.051295404682326,9.05305408461327,14.960307053157262,14.951302119663783
CX85GdPmALw_seg26,S5_LR1e3,S5_LR1e3,S20_LR1e2,S20_LR1e2,1,1,8.78337357258855,8.78337357258855,21.430494580950057,21.430494580950057
CYgtPv5FZ64_seg7,S10_LR1e2,S2_LR1e2,S20_LR5e3,S20_LR1e2,0,0,7.804402657147415,7.929556240159671,19.532388823372976,19.871601240975515
CaZEedEwNQ4_seg1,S5_LR1e3,S10_LR1e3,S10_LR5e3,S2_LR5e3,0,0,9.508768086504299,9.492831129581349,15.540564128330775,15.504495893205915
CaZEedEwNQ4_seg110,S10_LR1e2,S2_LR1e2,S20_LR1e2,S20_LR1e2,0,1,11.76639640971509,11.682865576817974,18.125613961900985,18.445449147905624
CaZEedEwNQ4_seg87,S5_LR1e3,S10_LR1e3,S20_LR1e3,S5_LR1e2,0,0,10.421136190336217,10.482293134067666,20.41828387124198,20.491542952401296
CaZEedEwNQ4_seg94,S5_LR1e3,S5_LR1e3,S5_LR1e2,S20_LR1e2,1,0,10.122531616893264,10.122531616893264,20.915274143218994,20.915274143218994
CawsZxg6gtc_seg21,S5_LR1e3,S10_LR1e3,S5_LR5e3,S5_LR1e3,0,0,9.526080679019076,9.518639284320388,23.63476058415004,24.041292871747697
CawsZxg6gtc_seg52,S5_LR1e3,S5_LR1e3,S10_LR1e3,S20_LR1e2,1,0,11.692191114544467,11.692191114544467,20.45823642185756,20.45823642185756
CazGwH9oxqc_seg3,S5_LR1e3,S5_LR1e3,S20_LR1e2,S5_LR1e3,1,0,8.546349353210955,8.546349353210955,26.07670647757394,26.07670647757394
CazGwH9oxqc_seg32,S5_LR1e3,S5_LR1e3,S5_LR1e3,S20_LR1e2,1,0,10.464306199224948,10.464306199224948,18.257499762943812,18.257499762943812
CazGwH9oxqc_seg67,S5_LR1e3,S10_LR1e3,S20_LR1e2,S10_LR5e3,0,0,10.561797975616583,10.555117028288707,18.32204450879778,18.311464514051163
CazGwH9oxqc_seg71,S5_LR1e3,S10_LR1e3,S10_LR1e3,S20_LR5e3,0,0,11.429475745412214,11.43616592072064,20.334037712642125,20.380701678139822
Cb0p68ULQUM_seg1,S5_LR1e3,S10_LR1e3,S2_LR1e3,S20_LR1e2,0,0,11.305521185419082,11.300923269605994,17.801076253255207,17.825875600179035
Cb0p68ULQUM_seg47,S5_LR1e3,S10_LR1e3,S2_LR1e2,S2_LR1e2,0,1,5.46796931791602,5.561084019647679,31.4450101852417,31.4338436126709
CbqU2B3fQ9c_seg22,S5_LR1e3,S5_LR1e3,S10_LR5e3,S10_LR5e3,1,1,11.724733485913575,11.724733485913575,14.770730018615723,14.770730018615723
CcaxfLmi2dk_seg5,S5_LR1e3,S10_LR1e3,S10_LR5e3,S20_LR1e2,0,0,11.733625662087814,11.72946576561681,20.993031910487584,21.019125529697963
Cce3UICKurs_seg10,S5_LR1e3,S10_LR1e3,S20_LR5e3,S10_LR5e3,0,0,11.686396962192473,11.685778868432166,24.065404891967773,24.05054269518171
CcgcEztuVP8_seg1,S5_LR1e3,S5_LR1e3,S20_LR1e2,S20_LR1e2,1,1,9.433721728153992,9.433721728153992,12.006991931370326,12.006991931370326
Chbwjwx9e5U_seg5,S10_LR1e2,S2_LR1e2,S5_LR1e2,S10_LR1e3,0,0,11.50217379478181,11.534928379672206,15.384044306618827,18.16617407117571
Cl340QBANVQ_seg0,S5_LR1e3,S5_LR1e3,S20_LR5e3,S20_LR1e2,1,0,11.605616001747679,11.605616001747679,15.748371464865548,15.748371464865548
Cl340QBANVQ_seg28,S5_LR1e3,S5_LR1e3,S10_LR1e3,S10_LR1e2,1,0,6.352723766546194,6.352723766546194,12.796486173357282,12.796486173357282
Cln1xV5j8Gg_seg4,S5_LR1e3,S5_LR1e3,S10_LR1e3,S20_LR5e3,1,0,11.913441831152962,11.913441831152962,13.210125310080391,13.210125310080391
CmWdPJhHpmg_seg12,S5_LR1e3,S5_LR1e3,S20_LR1e3,S2_LR1e2,1,0,11.3079986015783,11.3079986015783,33.75162328992571,33.75162328992571
CrUsUVOtmuQ_seg0,S5_LR1e3,S10_LR1e3,S20_LR1e2,S5_LR1e2,0,0,10.643107958598778,10.678196226477308,23.142460005623953,23.08182348523821
CrUsUVOtmuQ_seg15,S5_LR1e3,S10_LR1e3,S20_LR1e2,S20_LR1e2,0,1,8.756890465593036,8.721226385539518,20.795733860560826,20.790087836129324
CtHWUi52FQE_seg11,S5_LR1e3,S10_LR1e3,S10_LR5e3,S5_LR1e2,0,0,11.133262624784292,11.109892734802232,22.97216374533517,22.990236691066197
CyeuiHFNumM_seg2,S5_LR1e3,S5_LR1e3,S10_LR1e3,S20_LR1e2,1,0,8.456535159250707,8.456535159250707,16.8412047794887,16.8412047794887
D27Ecr9vxKQ_seg17,S5_LR1e3,S10_LR1e3,S20_LR1e2,S10_LR5e3,0,0,11.073467757940621,11.073342106775106,24.04529026576451,24.04574489593506
D5QkUJGSnyU_seg11,S5_LR1e3,S10_LR1e3,S10_LR1e3,S20_LR1e2,0,0,6.143264291007404,6.23617332883971,24.717129026140487,24.71310942513602
D6SMMkvW5pI_seg5,S5_LR1e3,S5_LR1e3,S20_LR1e2,S5_LR1e3,1,0,11.392501347401438,11.392501347401438,30.420182500566757,30.420182500566757
D8Px3DzaEvk_seg0,S5_LR1e3,S10_LR1e3,S2_LR1e3,S20_LR1e3,0,0,8.247912533553642,8.250567953745563,23.516024044581822,23.52607536315918
D8op3DJEZyg_seg0,S5_LR1e3,S10_LR1e3,S10_LR5e3,S20_LR1e2,0,0,11.014591945696724,11.012318647561127,26.540046056111652,26.90836058722602
DDuDtra_YYg_seg25,S5_LR1e3,S10_LR1e3,S2_LR1e2,S2_LR5e3,0,0,4.855058578830284,4.850553204862737,29.814492225646973,29.697111674717494
DDuDtra_YYg_seg9,S10_LR1e2,S2_LR1e2,S5_LR1e2,S10_LR1e2,0,0,10.190008849886851,10.199207632341198,26.087090764726913,26.19890580858503
DE6IkjpCxQE_seg1,S5_LR1e3,S10_LR1e3,S2_LR1e2,S20_LR1e2,0,0,7.739990862616028,7.90740894133642,18.283203125,18.13076741354806
DE6IkjpCxQE_seg4,S5_LR1e3,S10_LR1e3,S5_LR5e3,S20_LR5e3,0,0,10.78887519546274,10.780470795143538,13.69899661200387,13.685510771615165
DE9H16EHXv0_seg9,S5_LR1e3,S10_LR1e3,S20_LR1e3,S2_LR1e3,0,0,9.392007749833851,9.386611741951151,12.11470195225307,12.050451006208148
DFXUTQsDI1M_seg101,S5_LR1e3,S10_LR1e3,S20_LR1e2,S10_LR1e3,0,0,8.102201641177583,8.101999414067945,13.630534240177699,13.34617464882987
DFXUTQsDI1M_seg5,S5_LR1e3,S10_LR1e3,S10_LR1e2,S5_LR1e2,0,0,9.1326573237346,9.061835675764959,18.261158806937082,18.369949204581125
DGLYV1RCVQY_seg14,S5_LR1e3,S5_LR1e3,S10_LR1e2,S10_LR1e3,1,0,7.728211388546357,7.728211388546357,18.170407840183803,18.170407840183803
DGLYV1RCVQY_seg27,S5_LR1e3,S5_LR1e3,S10_LR5e3,S20_LR1e2,1,0,10.695114658297365,10.695114658297365,15.27778046471732,15.27778046471732
DGP3zZMjIUA_seg1,S10_LR1e2,S2_LR1e2,S20_LR1e3,S20_LR1e2,0,0,3.764550250484525,3.774430812686884,22.694431645529612,22.565125601632253
DIeZrHH3cFs_seg0,S5_LR1e3,S10_LR1e3,S2_LR1e3,S5_LR1e3,0,0,8.904813399158929,8.905874524612512,24.778741155351913,24.822444234575546
DJzHjtzNqJM_seg0,S10_LR1e2,S2_LR1e2,S10_LR5e3,S10_LR1e2,0,0,7.511412270938221,7.50562785175731,16.87125587463379,17.387715413020207
DJzHjtzNqJM_seg3,S5_LR1e3,S10_LR1e3,S5_LR5e3,S20_LR1e2,0,0,11.143363236372338,11.1079081148868,13.319682393755231,13.279756886618477
DJzb1xoVzIY_seg13,S5_LR1e3,S10_LR1e3,S10_LR1e3,S5_LR1e3,0,0,10.846502227966274,10.846571185273314,22.756928171430314,22.83464459010533
DJzb1xoVzIY_seg20,S5_LR1e3,S10_LR1e3,S2_LR1e2,S10_LR1e2,0,0,8.588392192575443,8.636871103272318,24.452880586896622,23.86812836783273
DJzb1xoVzIY_seg22,S5_LR1e3,S10_LR1e3,S10_LR1e2,S10_LR1e2,0,1,5.383359656489882,5.540537505192902,21.61206422533308,21.600278990609304
DMQjLBXLCMI_seg145,S5_LR1e3,S10_LR1e3,S20_LR1e2,S10_LR1e2,0,0,7.222465549615111,7.322455320876924,18.166154520852224,18.10545560291835
DMgc0RLTWdk_seg9,S5_LR1e3,S5_LR1e3,S2_LR1e3,S20_LR1e2,1,0,11.469879817901687,11.469879817901687,21.29022216796875,21.29022216796875
DNIIe7HSz5s_seg7,S5_LR1e3,S5_LR1e3,S5_LR5e3,S20_LR1e2,1,0,9.515552505219619,9.515552505219619,20.241256577628,20.241256577628
DNv789iH_W0_seg2,S5_LR1e3,S10_LR1e3,S5_LR5e3,S20_LR1e2,0,0,8.671678212725134,8.65431895638834,14.536975179399763,14.538091932024274
DNv789iH_W0_seg3,S10_LR1e2,S2_LR1e2,S10_LR1e2,S5_LR1e3,0,0,8.363094708123763,8.305967644303218,24.608621052333287,24.558013234819686
DRbjD7TsX5g_seg12,S5_LR1e3,S5_LR1e3,S20_LR5e3,S20_LR1e2,1,0,10.211741327007061,10.211741327007061,24.542079516819545,24.542079516819545
DRbjD7TsX5g_seg16,S5_LR1e3,S10_LR1e3,S20_LR1e2,S10_LR1e2,0,0,9.303866177163984,9.284456179568554,29.312469482421875,29.294510432652064
DRi5JA7_da8_seg13,S5_LR1e3,S5_LR1e3,S20_LR5e3,S20_LR5e3,1,1,7.368031966389417,7.368031966389417,18.26194245474679,18.26194245474679
DRi5JA7_da8_seg8,S10_LR1e2,S2_LR1e2,S2_LR1e2,S5_LR1e2,0,0,9.842099438559933,10.248211236966537,35.56619535173689,36.00200843811035
DW6KF_ia2HE_seg49,S5_LR1e3,S5_LR1e3,S20_LR1e2,S5_LR1e3,1,0,10.530114853714538,10.530114853714538,19.73366505759103,19.73366505759103
DW6KF_ia2HE_seg53,S5_LR1e3,S5_LR1e3,S20_LR5e3,S20_LR1e2,1,0,10.710235308336719,10.710235308336719,20.31372356414795,20.31372356414795
DWyCxw7jJUY_seg16,S5_LR1e3,S10_LR1e3,S20_LR1e2,S10_LR1e3,0,0,11.919031530932726,11.920123769119725,27.83215590885707,27.68430096762521
DetiX_XKG6c_seg3,S10_LR1e2,S2_LR1e2,S10_LR5e3,S5_LR1e2,0,0,8.375789658778528,8.598455803357092,22.140334401811874,22.03616224016462
DgAu1QHIm_g_seg45,S5_LR1e3,S5_LR1e3,S20_LR1e2,S20_LR1e2,1,1,11.52002138030738,11.52002138030738,17.856406961168563,17.856406961168563
DgAu1QHIm_g_seg9,S5_LR1e3,S5_LR1e3,S10_LR5e3,S10_LR1e2,1,0,11.012671805686741,11.012671805686741,14.04272392817906,14.04272392817906
DhfTMcc7W64_seg0,S5_LR1e3,S10_LR1e3,S2_LR5e3,S20_LR1e2,0,0,11.421389069324604,11.417918167715133,13.27902626991272,13.800384283065796
DiSbUrcVgXM_seg15,S5_LR1e3,S5_LR1e3,S20_LR5e3,S5_LR1e2,1,0,11.253533642276512,11.253533642276512,12.3958648954119,12.3958648954119
DiSbUrcVgXM_seg19,S10_LR1e2,S2_LR1e2,S20_LR1e3,S20_LR5e3,0,0,8.16863614582521,7.974699971502571,18.501260621207102,18.45270143236433
Diijq98QXNs_seg3,S5_LR1e3,S5_LR1e3,S5_LR1e2,S10_LR1e2,1,0,11.597879610689414,11.597879610689414,21.444729804992676,21.444729804992676
Diijq98QXNs_seg7,S5_LR1e3,S10_LR1e3,S20_LR1e2,S10_LR1e2,0,0,6.79491982914496,6.8668352740618746,25.43596363067627,25.361092567443848
Dj0hDrLiP5A_seg1,S5_LR1e3,S5_LR1e3,S10_LR1e2,S10_LR1e2,1,1,6.954693214990714,6.954693214990714,16.36585739680699,16.36585739680699
DjWknohFXPE_seg34,S5_LR1e3,S5_LR1e3,S5_LR1e2,S20_LR1e2,1,0,11.582947489674316,11.582947489674316,22.75528941835676,22.75528941835676
DjWknohFXPE_seg42,S10_LR1e2,S2_LR1e2,S20_LR1e2,S5_LR1e2,0,0,9.953731817159923,9.837982535612186,23.55861186981201,22.653019496372767
DjWknohFXPE_seg50,S5_LR1e3,S5_LR1e3,S5_LR5e3,S20_LR1e2,1,0,6.781856762751636,6.781856762751636,10.53275305884225,10.53275305884225
DjWknohFXPE_seg53,S5_LR1e3,S10_LR1e3,S10_LR1e3,S20_LR1e3,0,0,10.823044865766278,10.834699894931273,17.683453917503357,17.651392817497253
Dkb3reVIyoU_seg55,S10_LR1e2,S2_LR1e2,S20_LR1e2,S10_LR1e2,0,0,10.517038455166784,10.525014119520028,14.945835862840925,14.969932419913155
Dkb3reVIyoU_seg97,S10_LR1e2,S2_LR1e2,S20_LR1e2,S20_LR1e2,0,1,7.515209573857787,7.458432781402462,24.686850139072963,24.748174258640834
DluXKpkd2jI_seg21,S5_LR1e3,S5_LR1e3,S10_LR1e3,S20_LR1e2,1,0,11.460915783978534,11.460915783978534,21.547363417489187,21.547363417489187
Dnpz8fSVuOI_seg0,S10_LR1e2,S2_LR1e2,S10_LR1e3,S10_LR1e3,0,1,6.258380808161441,6.389659556639562,13.78592838559832,13.386011464255196
DsRkT8AegwY_seg33,S10_LR1e2,S2_LR1e2,S20_LR1e2,S10_LR1e2,0,0,7.94210405469625,7.959063402826266,25.36578927721296,25.54973942892892
DtgwShdxQLk_seg20,S5_LR1e3,S5_LR1e3,S10_LR5e3,S20_LR1e2,1,0,10.792427155003748,10.792427155003748,17.554137706756592,17.554137706756592
DudiRFnAr2g_seg9,S5_LR1e3,S10_LR1e3,S20_LR1e3,S2_LR1e2,0,0,7.874846988223292,7.858857982264846,14.69846589224679,14.713836465563093
Dvu1dgjPq3Q_seg3,S5_LR1e3,S5_LR1e3,S20_LR5e3,S5_LR5e3,1,0,10.874772976092641,10.874772976092641,21.42685862949916,21.42685862949916
DzIgcMr1oYM_seg3,S5_LR1e3,S10_LR1e3,S2_LR1e3,S10_LR1e2,0,0,10.325614919711498,10.316513383470948,20.27179936000279,20.32244041987828
Dz_OObG6V_M_seg5,S5_LR1e3,S10_LR1e3,S5_LR1e2,S5_LR5e3,0,0,10.804390076536146,10.801582648430237,35.39917882283529,35.42127227783203
E-5hapEZQNM_seg27,S5_LR1e3,S10_LR1e3,S5_LR5e3,S10_LR1e2,0,0,9.071884663642653,9.047983731933538,13.88791309084211,13.893425124032158
E-ZBz4ToXTk_seg50,S5_LR1e3,S5_LR1e3,S2_LR1e2,S20_LR1e2,1,0,9.32466296332491,9.32466296332491,21.19390937260219,21.19390937260219
E-ZBz4ToXTk_seg53,S10_LR1e2,S2_LR1e2,S20_LR1e2,S5_LR5e3,0,0,3.8426503449019203,3.779962872240773,17.316527230398997,17.36051641191755
E-ZBz4ToXTk_seg58,S5_LR1e3,S10_LR1e3,S10_LR1e2,S5_LR5e3,0,0,11.739908518100746,11.730356134808066,21.67344297681536,23.027367728097097
E-ZBz4ToXTk_seg60,S10_LR1e2,S2_LR1e2,S20_LR1e3,S2_LR5e3,0,0,8.513005809721047,8.500714326596126,15.799665655408587,15.293586935315814
E0WQ3lgT9zc_seg11,S5_LR1e3,S10_LR1e3,S5_LR1e2,S5_LR1e2,0,1,11.15564288980855,11.113794032868794,20.31738213130406,20.292925153459823
E3QlJBzRpP0_seg17,S5_LR1e3,S5_LR1e3,S20_LR5e3,S20_LR1e2,1,0,7.467041412332589,7.467041412332589,4.159318430083139,4.159318430083139
E3QlJBzRpP0_seg4,S5_LR1e3,S5_LR1e3,S5_LR1e3,S10_LR1e3,1,0,8.803678760077783,8.803678760077783,9.286861215318952,9.286861215318952
E3QlJBzRpP0_seg48,S10_LR1e2,S2_LR1e2,S20_LR1e2,S10_LR1e2,0,0,7.801418150751801,7.738471279335532,18.989001478467667,19.18994140625
E3QlJBzRpP0_seg7,S5_LR1e3,S5_LR1e3,S2_LR1e3,S20_LR5e3,1,0,11.776667372115606,11.776667372115606,14.99356746673584,14.99356746673584
E3QlJBzRpP0_seg82,S5_LR1e3,S10_LR1e3,S20_LR1e2,S5_LR1e2,0,0,8.446233647928734,8.45903605174626,10.745931897844587,10.755032879965645
E3QlJBzRpP0_seg95,S5_LR1e3,S5_LR1e3,S2_LR5e3,S10_LR1e2,1,0,9.435204675326105,9.435204675326105,13.629091330936976,13.629091330936976
E3STwDrJrTM_seg3,S5_LR1e3,S5_LR1e3,S20_LR5e3,S20_LR1e2,1,0,9.679645472987303,9.679645472987303,20.434251376560756,20.434251376560756
E4C3X26dxbM_seg12,S5_LR1e3,S5_LR1e3,S20_LR1e2,S20_LR1e2,1,1,9.493437326179219,9.493437326179219,18.307010446275985,18.307010446275985
E4C3X26dxbM_seg4,S5_LR1e3,S10_LR1e3,S10_LR5e3,S10_LR1e2,0,0,10.262258693183627,10.312559744070805,17.01235376085554,16.98247786930629
E4C3X26dxbM_seg48,S5_LR1e3,S5_LR1e3,S10_LR1e3,S5_LR1e3,1,0,6.176336497360731,6.176336497360731,21.4327906199864,21.4327906199864
E4C3X26dxbM_seg73,S10_LR1e2,S2_LR1e2,S5_LR5e3,S20_LR1e2,0,0,10.065101047047145,10.109586210057078,26.420944486345565,26.43961102621896
E4ImPBZ3eM8_seg20,S10_LR1e2,S2_LR1e2,S20_LR1e3,S5_LR1e2,0,0,6.19702325859445,6.250001024386957,20.261388438088552,20.16178798675537
E4ImPBZ3eM8_seg43,S5_LR1e3,S5_LR1e3,S20_LR1e3,S20_LR1e2,1,0,9.776854016018474,9.776854016018474,13.560777255467006,13.560777255467006
E4ImPBZ3eM8_seg55,S5_LR1e3,S10_LR1e3,S20_LR5e3,S10_LR1e3,0,0,10.827124044053027,10.80109547004375,27.622073433615945,27.613665494051848
E4l92dWi-mU_seg9,S5_LR1e3,S5_LR1e3,S10_LR1e3,S10_LR1e2,1,0,10.99838672512614,10.99838672512614,23.462174551827566,23.462174551827566
E59xZyDFiJ8_seg10,S5_LR1e3,S10_LR1e3,S5_LR5e3,S20_LR5e3,0,0,11.538463700265911,11.539197303246455,25.672680854797363,25.71522181374686
E68pr2Mt6jM_seg8,S5_LR1e3,S5_LR1e3,S20_LR1e2,S5_LR1e3,1,0,8.334279240950671,8.334279240950671,16.950158868517196,16.950158868517196
E8XW83IRNQo_seg0,S10_LR1e2,S2_LR1e2,S5_LR5e3,S2_LR1e2,0,0,11.596712214271092,11.592702564885014,20.411654267992294,19.227710587637766
E9PBF6Fy93M_seg4,S5_LR1e3,S5_LR1e3,S5_LR1e2,S10_LR1e3,1,0,9.604104682318942,9.604104682318942,17.01219313485282,17.01219313485282
EAHBlwlsoRA_seg4,S5_LR1e3,S10_LR1e3,S10_LR1e2,S5_LR1e3,0,0,10.974708092390216,10.97061718071123,24.59190927233015,24.946536745343888
EAt1pJKb2DQ_seg10,S5_LR1e3,S10_LR1e3,S20_LR5e3,S20_LR1e2,0,0,8.909646676835376,8.919551903644878,15.088710308074951,15.007473400660924
EAt1pJKb2DQ_seg42,S5_LR1e3,S5_LR1e3,S2_LR1e3,S5_LR1e2,1,0,10.391548631143491,10.391548631143491,23.63758455004011,23.63758455004011
EAt1pJKb2DQ_seg8,S5_LR1e3,S10_LR1e3,S20_LR5e3,S20_LR5e3,0,1,8.215405951429997,8.231866287450138,22.659849303109304,22.659968648638046
ECOX8vpo6Ug_seg10,S5_LR1e3,S5_LR1e3,S2_LR5e3,S20_LR1e2,1,0,8.479868711837629,8.479868711837629,22.728642191205704,22.728642191205704
ECOX8vpo6Ug_seg3,S5_LR1e3,S5_LR1e3,S20_LR1e2,S10_LR1e2,1,0,9.54970559572941,9.54970559572941,17.31808274132865,17.31808274132865
ECRtOBCDiX0_seg24,S10_LR1e2,S2_LR1e2,S20_LR1e2,S5_LR5e3,0,0,10.424602509088444,10.291820592211746,17.6452545438494,17.595357758658274
EGg5BusAJEE_seg15,S5_LR1e3,S10_LR1e3,S20_LR1e2,S20_LR1e2,0,1,8.737896778083309,8.725007218509658,18.020694051470077,18.015215056283132
EIHSd9qlWkc_seg24,S10_LR1e2,S2_LR1e2,S20_LR1e2,S20_LR1e3,0,0,6.64685708391393,6.524494664586838,14.27926804469182,14.447852648221529
EIHSd9qlWkc_seg35,S5_LR1e3,S5_LR1e3,S2_LR5e3,S20_LR1e2,1,0,11.314818085358214,11.314818085358214,16.210235391344344,16.210235391344344
EIHSd9qlWkc_seg38,S10_LR1e2,S2_LR1e2,S20_LR1e2,S5_LR5e3,0,0,9.799796592900375,9.801689454869162,19.63736343383789,19.621388707842147
EIZRGl0BxD4_seg2,S5_LR1e3,S5_LR1e3,S2_LR1e3,S20_LR1e2,1,0,5.998770429405944,5.998770429405944,26.561572756086075,26.561572756086075
EPui1IxEKco_seg9,S5_LR1e3,S5_LR1e3,S20_LR1e3,S10_LR1e3,1,0,8.742413659031705,8.742413659031705,14.248285157339913,14.248285157339913
EQM6INyKJj4_seg10,S5_LR1e3,S5_LR1e3,S2_LR5e3,S5_LR1e2,1,0,10.931995537035776,10.931995537035776,15.207768985203334,15.207768985203334
EVR63OYUZjo_seg44,S5_LR1e3,S10_LR1e3,S2_LR1e3,S5_LR1e2,0,0,7.322217728295021,7.324293792305242,18.226661205291748,18.223271983010427
EXR3Go7U2rk_seg10,S5_LR1e3,S10_LR1e3,S5_LR1e2,S10_LR1e3,0,0,9.496538151927625,9.508655871843336,22.094847679138184,21.852744374956405
EXR3Go7U2rk_seg34,S5_LR1e3,S5_LR1e3,S20_LR1e2,S2_LR1e2,1,0,11.956252408502078,11.956252408502078,21.098063945770264,21.098063945770264
EYRI9HU7DdQ_seg4,S10_LR1e2,S2_LR1e2,S5_LR1e2,S5_LR1e3,0,0,10.886477257418909,10.856027998652854,26.94764723096575,26.68080316271101
EYUFe45xItI_seg10,S5_LR1e3,S10_LR1e3,S10_LR1e3,S5_LR1e2,0,0,11.436794961852886,11.44323735885129,17.581414018358505,17.599635328565324
EYoKJPJSeeU_seg20,S5_LR1e3,S5_LR1e3,S20_LR1e2,S2_LR1e2,1,0,5.259486876573535,5.259486876573535,9.761907430795523,9.761907430795523
EYoKJPJSeeU_seg26,S5_LR1e3,S5_LR1e3,S10_LR1e3,S10_LR1e2,1,0,5.793219755485031,5.793219755485031,11.84031070981707,11.84031070981707
EYoKJPJSeeU_seg27,S5_LR1e3,S10_LR1e3,S20_LR1e2,S10_LR1e2,0,0,11.972289107708793,11.977018980468623,24.07812077658517,24.077588081359863
EYoKJPJSeeU_seg35,S5_LR1e3,S5_LR1e3,S20_LR1e2,S20_LR1e2,1,1,10.605297206411592,10.605297206411592,10.99809728349958,10.99809728349958
EYoKJPJSeeU_seg36,S5_LR1e3,S5_LR1e3,S20_LR1e2,S5_LR1e3,1,0,7.736241710925451,7.736241710925451,23.37545939854213,23.37545939854213
EZTljA33Ol0_seg22,S5_LR1e3,S5_LR1e3,S20_LR1e2,S10_LR1e2,1,0,6.300252946420822,6.300252946420822,15.440143857683454,15.440143857683454
EZTljA33Ol0_seg24,S5_LR1e3,S10_LR1e3,S2_LR1e3,S5_LR1e3,0,0,10.537673485203872,10.528996489003818,18.45425489970616,18.508121149880544
EaKYAob9dMY_seg6,S5_LR1e3,S10_LR1e3,S20_LR1e2,S5_LR1e3,0,0,7.204026494271436,7.189574406583402,15.09130791255406,15.142863886696952
EaiYFuJO39o_seg27,S5_LR1e3,S10_LR1e3,S20_LR1e2,S20_LR5e3,0,0,3.720800804495316,3.7301078893717485,25.21386800493513,25.09139551435198
Ec3TAVZigoc_seg1,S5_LR1e3,S5_LR1e3,S5_LR5e3,S20_LR1e2,1,0,12.226218003657085,12.226218003657085,18.2941860471453,18.2941860471453
Ecrc8VuO1I8_seg15,S5_LR1e3,S10_LR1e3,S2_LR5e3,S5_LR1e3,0,0,11.027928737825343,11.023599864189597,16.706384795052664,16.71560083116804
EftcmyooRMk_seg31,S5_LR1e3,S5_LR1e3,S20_LR5e3,S20_LR5e3,1,1,11.275918937973717,11.275918937973717,26.11749758039202,26.11749758039202
EftcmyooRMk_seg50,S5_LR1e3,S10_LR1e3,S20_LR5e3,S2_LR1e3,0,0,11.714164812952145,11.711106636739817,29.67926393236433,29.68238013131278
EftcmyooRMk_seg69,S10_LR1e2,S2_LR1e2,S20_LR1e3,S5_LR1e3,0,0,10.108199060481002,9.98629089255807,19.728588785443986,19.794401032584055
EgFc44ubj2Q_seg12,S5_LR1e3,S10_LR1e3,S2_LR1e2,S20_LR1e2,0,0,10.142726193890681,10.138012017280905,12.72216796875,12.734572410583496
EgFc44ubj2Q_seg5,S5_LR1e3,S10_LR1e3,S5_LR5e3,S10_LR1e2,0,0,10.382719161914864,10.383016036363982,8.296457903725761,8.29753487450736
EkjA8CiA0sQ_seg16,S5_LR1e3,S5_LR1e3,S5_LR1e3,S20_LR1e2,1,0,8.41516717454506,8.41516717454506,17.930858203342982,17.930858203342982
EmD8mLKjKGo_seg17,S5_LR1e3,S5_LR1e3,S2_LR1e3,S20_LR1e2,1,0,7.018968616903451,7.018968616903451,24.404285839625768,24.404285839625768
ErlMpu01xbQ_seg3,S5_LR1e3,S10_LR1e3,S20_LR5e3,S10_LR5e3,0,0,11.112445929482377,11.098834651740974,18.138733659471786,18.13053982598441
Es3bNcw0TYc_seg15,S5_LR1e3,S5_LR1e3,S20_LR5e3,S20_LR5e3,1,1,4.6727530754753515,4.6727530754753515,14.617015838623047,14.617015838623047
Es3bNcw0TYc_seg9,S5_LR1e3,S5_LR1e3,S20_LR5e3,S20_LR1e2,1,0,5.643081435343416,5.643081435343416,25.26520892551967,25.26520892551967
EsR0MQlfgYc_seg3,S5_LR1e3,S5_LR1e3,S20_LR1e3,S10_LR1e2,1,0,11.421496895060072,11.421496895060072,14.633852277483259,14.633852277483259
EtvIWDk8nwU_seg13,S5_LR1e3,S5_LR1e3,S20_LR1e2,S10_LR1e2,1,0,7.581453766531274,7.581453766531274,17.26656300680978,17.26656300680978
Eu9Eu9oHByI_seg20,S5_LR1e3,S5_LR1e3,S10_LR1e3,S20_LR1e3,1,0,10.79172060498306,10.79172060498306,21.78083746773856,21.78083746773856
EuaZPHDsuDQ_seg3,S5_LR1e3,S10_LR1e3,S10_LR1e2,S2_LR1e3,0,0,5.1474163259696875,5.197541772362262,26.774253050486248,26.79174502690633
EvL6_CsH90A_seg7,S10_LR1e2,S2_LR1e2,S5_LR1e3,S10_LR1e2,0,0,11.102238387492351,11.167966365082176,21.90643732888358,21.956152507237025
EwTDvO4WO5o_seg0,S5_LR1e3,S5_LR1e3,S20_LR1e3,S2_LR5e3,1,0,9.873605118326667,9.873605118326667,31.853242353959516,31.853242353959516
EwTDvO4WO5o_seg106,S5_LR1e3,S5_LR1e3,S5_LR1e3,S2_LR1e3,1,0,7.486307578517537,7.486307578517537,31.206560407366073,31.206560407366073
EwTDvO4WO5o_seg22,S10_LR1e2,S2_LR1e2,S20_LR5e3,S10_LR1e2,0,0,9.825030943382847,9.734728834701112,17.57454013824463,17.630136217389786
