video_id,subject_consistency,background_consistency,aesthetic_quality,motion_smoothness,dynamic_degree,imaging_quality,temporal_flickering
0_a-close-up-of-a-truck-with-its-hood-open_FVD-492.6_PSNR-15.225_SSIM-0.436_LPIPS-0.279_FID-77.0_adasteer,,,,0.9910085162871237,0.0,59.84328355460331,0.9678462533389821
100_a-group-of-people-in-a-video-game-are-walking-down-a-dirt-path_FVD-569.5_PSNR-18.754_SSIM-0.528_LPIPS-0.661_FID-75.5_adasteer,,,,0.9945901254799463,1.0,40.35365650571626,0.9904003311606014
101_a-person-is-frying-food-in-a-restaurant-kitchen-using-a-frying-pan-and-a-frying_FVD-590.4_PSNR-12.736_SSIM-0.707_LPIPS-0.420_FID-85.9_adasteer,,,,0.9896156301062091,1.0,61.840875691380994,0.982824847277473
102_the-word-yum-is-written-in-pink-on-a-black-background_FVD-463.1_PSNR-8.004_SSIM-0.583_LPIPS-0.617_FID-75.0_adasteer,,,,0.9905452175862332,1.0,62.30488375959725,0.9861680358063941
103_a-basketball-game-is-being-played-in-a-crowded-stadium-and-a-basketball-player-i_FVD-542.0_PSNR-20.773_SSIM-0.711_LPIPS-0.649_FID-84.1_adasteer,,,,0.995138180004908,0.0,69.38487125265188,0.9887599356034222
104_a-man-wearing-headphones-is-standing-in-front-of-a-black-background_FVD-569.5_PSNR-22.165_SSIM-0.493_LPIPS-0.469_FID-75.5_adasteer,,,,0.9819066849162208,0.0,42.821509065299196,0.9770986164317411
105_there-is-a-man-wearing-a-green-shirt-and-glasses-standing-in-front-of-a-wall-wit_FVD-463.1_PSNR-18.213_SSIM-0.738_LPIPS-0.215_FID-75.0_adasteer,,,,0.9916162047417791,1.0,74.75147589321794,0.9862779738856297
106_a-man-with-a-beard-and-hat-is-smiling-for-the-camera-in-front-of-a-vehicle_FVD-463.1_PSNR-9.971_SSIM-0.422_LPIPS-0.668_FID-75.0_adasteer,,,,0.9788806630758607,0.0,59.01861309183055,0.9796574442994361
107_there-is-a-bathroom-with-a-sink-toilet-and-mirror_FVD-579.6_PSNR-14.833_SSIM-0.662_LPIPS-0.477_FID-74.3_adasteer,,,,0.9867529917616086,1.0,41.92703628540039,0.9759835879007975
108_two-men-standing-next-to-a-robot-on-a-construction-site_FVD-492.6_PSNR-17.461_SSIM-0.753_LPIPS-0.187_FID-77.0_adasteer,,,,0.9906030465738646,1.0,67.77788662088328,0.9612058415132411
109_a-video-game-of-a-street-with-cars-and-buildings-in-the-background_FVD-590.4_PSNR-11.281_SSIM-0.221_LPIPS-0.870_FID-85.9_adasteer,,,,0.9804090791297823,1.0,48.93910940762224,0.9653416016522576
10_the-person-is-preparing-food-on-a-wooden-table-near-a-body-of-water_FVD-579.6_PSNR-5.401_SSIM-0.233_LPIPS-0.869_FID-74.3_adasteer,,,,0.982914434336769,0.0,62.18312980388773,0.9716560494666006
110_a-blurry-picture-of-a-hallway-with-an-elevator_FVD-510.1_PSNR-7.906_SSIM-0.409_LPIPS-0.641_FID-81.1_adasteer,,,,0.9431389127833292,1.0,74.37112926614695,0.9156292111265893
111_products-are-sitting-on-a-counter-in-a-refrigerator_FVD-542.0_PSNR-11.834_SSIM-0.491_LPIPS-0.839_FID-84.1_adasteer,,,,0.9870500256058621,0.0,68.74202202106345,0.9875249133390539
112_a-blue-background-with-the-words-22-news-new-at-11_FVD-564.4_PSNR-19.789_SSIM-0.812_LPIPS-0.212_FID-87.0_adasteer,,,,0.9927296127118048,1.0,65.87216304910594,0.9805240462808048
113_a-beekeeper-is-wearing-a-beekeeping-suit-and-holding-a-piece-of-honeycomb-in-his_FVD-569.5_PSNR-21.811_SSIM-0.700_LPIPS-0.124_FID-75.5_adasteer,,,,0.9909991997934323,0.0,70.85362638276199,0.9862037079007018
114_it-is-a-pond-filter-made-from-a-plastic-terracotta-pot-with-a-18-inch-hole-drill_FVD-569.5_PSNR-18.014_SSIM-0.676_LPIPS-0.346_FID-75.5_adasteer,,,,0.9906867381367611,1.0,72.82643258982691,0.9782982527040968
115_a-field-of-grass-with-trees-and-a-house-in-the-distance_FVD-542.0_PSNR-10.119_SSIM-0.297_LPIPS-0.648_FID-84.1_adasteer,,,,0.9800991446257991,1.0,60.81654844612911,0.9781546461815928
116_a-screen-shot-of-a-computer-screen-showing-a-list-of-buttons_FVD-545.1_PSNR-18.284_SSIM-0.779_LPIPS-0.404_FID-82.7_adasteer,,,,0.9905298049708665,0.0,67.29910449323982,0.9892922700620165
117_a-person-is-holding-a-smartphone-in-their-hand-and-appears-to-be-scrolling-throu_FVD-545.1_PSNR-20.365_SSIM-0.814_LPIPS-0.265_FID-82.7_adasteer,,,,0.9907323126900333,0.0,77.3398876847892,0.987967596802057
118_the-player-is-in-a-post-apocalyptic-world-shooting-at-zombies-with-a-gun_FVD-590.4_PSNR-17.879_SSIM-0.565_LPIPS-0.410_FID-85.9_adasteer,,,,0.9861619877985917,1.0,41.757982977505385,0.9761444933274213
119_a-piece-of-paper-with-information-about-a-robbery_FVD-542.0_PSNR-8.576_SSIM-0.286_LPIPS-0.656_FID-84.1_adasteer,,,,0.9617065021120628,1.0,72.41351239434604,0.9442521525364296
11_there-is-a-white-bowl-filled-with-oatmeal-and-almonds-on-a-table_FVD-569.5_PSNR-17.209_SSIM-0.618_LPIPS-0.406_FID-75.5_adasteer,,,,0.9861690109403805,1.0,58.57673552940632,0.977616371827967
120_a-blender-with-a-brown-liquid-inside-of-it_FVD-510.1_PSNR-37.983_SSIM-0.980_LPIPS-0.018_FID-81.1_adasteer,,,,0.9963809092680875,0.0,78.00250533531452,0.9976230864431344
121_a-picture-of-a-plate-with-skewers-on-it_FVD-463.1_PSNR-16.526_SSIM-0.757_LPIPS-0.193_FID-75.0_adasteer,,,,0.9815352650141252,0.0,67.25196772608264,0.9708231608072917
122_a-man-in-an-office-is-talking-to-another-man-who-is-wearing-a-suit-and-tie_FVD-564.4_PSNR-14.235_SSIM-0.428_LPIPS-0.361_FID-87.0_adasteer,,,,0.9846248418571488,1.0,75.23266259555159,0.950502732220818
123_it-is-a-chandelier-made-of-naturally-shed-antlers-no-animals-are-harmed-in-the-m_FVD-564.4_PSNR-38.161_SSIM-0.962_LPIPS-0.009_FID-87.0_adasteer,,,,0.9970367620873135,0.0,77.76926921976023,0.9977064728736877
124_a-person-is-frying-butter-in-a-pan-on-a-stove_FVD-545.1_PSNR-8.636_SSIM-0.497_LPIPS-0.612_FID-82.7_adasteer,,,,0.9736873731864542,1.0,52.83478019977438,0.9438883201748717
125_a-man-in-blue-shirt-is-cooking-food-in-a-kitchen_FVD-492.6_PSNR-25.721_SSIM-0.885_LPIPS-0.072_FID-77.0_adasteer,,,,0.9945151801706259,1.0,75.74795979466931,0.9917282384984634
126_the-air-conditioning-vents-are-made-of-metal-and-are-arranged-in-a-grid-pattern_FVD-545.1_PSNR-18.689_SSIM-0.717_LPIPS-0.432_FID-82.7_adasteer,,,,0.9935451301914997,1.0,44.65127866021518,0.9849263686759799
127_a-white-suv-driving-through-a-rocky-desert-area_FVD-542.0_PSNR-9.078_SSIM-0.811_LPIPS-0.273_FID-84.1_adasteer,,,,0.9907646702511133,0.0,59.48751396968447,0.9901125412361295
128_a-billboard-with-a-picture-of-a-man-with-a-smile-on-it_FVD-708.4_PSNR-14.329_SSIM-0.669_LPIPS-0.352_FID-80.9_adasteer,,,,0.9910584320533768,0.0,77.05789000412514,0.9903639241760852
129_a-close-up-view-of-a-door-in-a-kitchen_FVD-564.4_PSNR-23.354_SSIM-0.736_LPIPS-0.350_FID-87.0_adasteer,,,,0.9937715540943942,0.0,67.41502248829809,0.9919937835020177
12_a-cartoon-girl-with-a-smile-on-her-face_FVD-569.5_PSNR-16.617_SSIM-0.904_LPIPS-0.157_FID-75.5_adasteer,,,,0.9946426717388344,0.0,66.96525139644228,0.9966745512158263
130_a-screen-shot-of-a-website-for-sonoma-shops_FVD-463.1_PSNR-37.521_SSIM-0.980_LPIPS-0.022_FID-75.0_adasteer,,,,0.9964379517498773,0.0,67.9818554582267,0.997423089018055
131_there-is-a-black-background-with-white-text-on-it_FVD-492.6_PSNR-19.770_SSIM-0.897_LPIPS-0.067_FID-77.0_adasteer,,,,0.994936983440545,1.0,76.08994977227573,0.9887120733074114
132_it-is-a-black-background-with-white-text-that-reads-learn-photography-with-antho_FVD-492.6_PSNR-29.219_SSIM-0.945_LPIPS-0.015_FID-77.0_adasteer,,,,0.9987618195648986,0.0,38.48103661372744,0.9979221299582837
133_there-is-a-black-iron-fireplace-tool-set-on-a-white-background_FVD-492.6_PSNR-18.807_SSIM-0.739_LPIPS-0.325_FID-77.0_adasteer,,,,0.9915930785709048,1.0,52.346433310673156,0.9841495626112994
134_a-man-in-a-suit-standing-in-front-of-a-news-station_FVD-708.4_PSNR-26.811_SSIM-0.892_LPIPS-0.037_FID-80.9_adasteer,,,,0.9830305517305746,1.0,71.49089010830583,0.9779712471307492
135_the-word-making-music-is-spelled-out-with-toy-instruments-on-a-black-background_FVD-492.6_PSNR-5.148_SSIM-0.318_LPIPS-0.728_FID-77.0_adasteer,,,,0.9425560326961981,1.0,66.34803942976326,0.9320022508209826
136_a-musician-is-playing-an-electric-guitar-and-sitting-on-a-chair-in-a-studio_FVD-510.1_PSNR-9.755_SSIM-0.595_LPIPS-0.481_FID-81.1_adasteer,,,,0.9889154872352253,0.0,74.01069983120622,0.9885550237169453
137_there-is-a-hallway-in-an-old-building-with-a-door-open-revealing-a-dark-room_FVD-510.1_PSNR-6.956_SSIM-0.123_LPIPS-0.879_FID-81.1_adasteer,,,,0.9851519499359572,0.0,59.2069688994309,0.985016253415276
138_a-man-is-sitting-at-a-desk-in-an-office-with-multiple-computer-monitors-he-is-we_FVD-708.4_PSNR-25.742_SSIM-0.938_LPIPS-0.029_FID-80.9_adasteer,,,,0.9948237595652577,0.0,78.16636815564385,0.9947404005948235
139_the-person-is-rolling-out-dough-on-a-piece-of-parchment-paper_FVD-510.1_PSNR-21.919_SSIM-0.764_LPIPS-0.096_FID-81.1_adasteer,,,,0.9944127847787085,0.0,75.6786530593346,0.9842174473930808
13_there-is-a-small-spot-on-the-ceiling-of-a-bathroom-caused-by-an-accumulation-of_FVD-463.1_PSNR-44.875_SSIM-0.952_LPIPS-0.010_FID-75.0_adasteer,,,,0.9972213265314138,0.0,68.83345873602505,0.9983447287596908
140_a-red-and-white-background-with-the-words-the-holidays-are-coming_FVD-492.6_PSNR-20.926_SSIM-0.673_LPIPS-0.129_FID-77.0_adasteer,,,,0.9951997063181576,0.0,73.48418031889817,0.9887150829913569
141_a-close-up-of-a-red-cup-on-a-table_FVD-590.4_PSNR-15.425_SSIM-0.802_LPIPS-0.245_FID-85.9_adasteer,,,,0.9926423540503274,1.0,55.857743361900596,0.9838527305453432
142_a-sign-hanging-on-the-side-of-a-building_FVD-545.1_PSNR-12.139_SSIM-0.672_LPIPS-0.556_FID-82.7_adasteer,,,,0.9751244336877379,1.0,77.40143190581223,0.9480409435197419
143_a-young-man-is-standing-in-front-of-a-green-wall-wearing-a-black-tank-top-and-sh_FVD-564.4_PSNR-14.298_SSIM-0.699_LPIPS-0.359_FID-87.0_adasteer,,,,0.9886985056108447,1.0,70.74954355174097,0.9811894865596995
144_it-is-a-black-background-with-text-on-it_FVD-492.6_PSNR-34.287_SSIM-0.962_LPIPS-0.005_FID-77.0_adasteer,,,,0.9986218495811786,0.0,43.94893817243905,0.99706450770883
145_there-are-two-men-shopping-in-a-toy-store_FVD-492.6_PSNR-19.666_SSIM-0.629_LPIPS-0.403_FID-77.0_adasteer,,,,0.9939678074087541,1.0,38.63027960678627,0.9807859177682914
146_a-man-in-a-brown-suit-holding-a-metal-tool_FVD-564.4_PSNR-11.371_SSIM-0.376_LPIPS-0.481_FID-87.0_adasteer,,,,0.9744725795633424,1.0,69.13583610797751,0.9726703251109404
147_a-set-of-copper-plumbing-fittings-on-a-wooden-surface_FVD-564.4_PSNR-17.341_SSIM-0.814_LPIPS-0.309_FID-87.0_adasteer,,,,0.9932577698547368,1.0,70.73165288464776,0.9865043705584956
148_a-person-is-washing-dishes-with-a-dish-washing-liquid_FVD-492.6_PSNR-11.233_SSIM-0.777_LPIPS-0.297_FID-77.0_adasteer,,,,0.9771509148531208,1.0,74.52452850341797,0.9656165403478286
149_a-close-up-of-a-white-flower-with-the-words-clematis-x-carminii-sweet-heart_FVD-545.1_PSNR-29.332_SSIM-0.881_LPIPS-0.027_FID-82.7_adasteer,,,,0.9955598867151028,0.0,79.23376859467605,0.9950530860938278
14_it-is-a-news-broadcast-with-two-people-sitting-at-a-desk-one-of-them-is-wearing_FVD-708.4_PSNR-12.794_SSIM-0.616_LPIPS-0.316_FID-80.9_adasteer,,,,0.9913113170615468,0.0,69.5823095913591,0.9804921075409534
150_a-bald-man-wearing-a-black-shirt-with-the-words-2013-on-it_FVD-542.0_PSNR-6.416_SSIM-0.207_LPIPS-0.756_FID-84.1_adasteer,,,,0.9884886565470206,1.0,58.30475919000034,0.977958615620931
151_a-woman-pouring-liquid-into-a-pot-on-a-stove_FVD-542.0_PSNR-21.017_SSIM-0.734_LPIPS-0.174_FID-84.1_adasteer,,,,0.9749568518312774,1.0,75.85836160594019,0.9703551367217419
152_a-bunch-of-toy-horses-and-a-purple-horse-house_FVD-542.0_PSNR-8.286_SSIM-0.514_LPIPS-0.742_FID-84.1_adasteer,,,,0.968064616271188,0.0,68.75777935159617,0.9692070418713139
153_a-person-holding-an-iphone-in-their-hand_FVD-545.1_PSNR-30.348_SSIM-0.874_LPIPS-0.253_FID-82.7_adasteer,,,,0.99525825611361,0.0,43.8520543328647,0.9953719227921729
154_a-man-sitting-in-the-drivers-seat-of-a-suv_FVD-545.1_PSNR-17.414_SSIM-0.432_LPIPS-0.282_FID-82.7_adasteer,,,,0.9812811799065245,1.0,74.40881794896619,0.9457523345947265
155_a-man-giving-a-speech-on-a-stage-with-mountains-in-the-background_FVD-590.4_PSNR-26.887_SSIM-0.906_LPIPS-0.062_FID-85.9_adasteer,,,,0.9951332362873033,0.0,70.22726111576475,0.9930782631331799
156_a-piece-of-meat-on-a-white-plate-next-to-a-red-spatula_FVD-708.4_PSNR-27.482_SSIM-0.850_LPIPS-0.060_FID-80.9_adasteer,,,,0.9913597542716338,1.0,75.8220285876044,0.9602656009150486
157_a-colorful-group-of-bacteria-and-viruses-on-a-black-background_FVD-542.0_PSNR-5.030_SSIM-0.324_LPIPS-0.769_FID-84.1_adasteer,,,,0.9638378508788665,1.0,67.49950514168575,0.941912722120098
158_a-computer-screen-displaying-a-website_FVD-579.6_PSNR-23.817_SSIM-0.842_LPIPS-0.096_FID-74.3_adasteer,,,,0.9948397396151302,0.0,72.5645523071289,0.994146850529839
159_an-advertisement-for-the-nexus-5x_FVD-708.4_PSNR-19.287_SSIM-0.909_LPIPS-0.216_FID-80.9_adasteer,,,,0.9907907900072422,1.0,60.47259468867861,0.9882636939778048
15_a-black-and-white-photo-of-a-pile-of-dirt-on-the-moon_FVD-545.1_PSNR-22.950_SSIM-0.881_LPIPS-0.078_FID-82.7_adasteer,,,,0.9923570544336858,0.0,43.85944721616548,0.9927396059036255
160_a-pixelated-image-of-a-bridge-in-a-video-game_FVD-463.1_PSNR-9.990_SSIM-0.551_LPIPS-0.578_FID-75.0_adasteer,,,,0.9784259612298445,1.0,78.25152929897966,0.9770410911709655
161_a-close-up-of-a-computer-screen-with-a-lot-of-information-on-it_FVD-463.1_PSNR-31.632_SSIM-0.948_LPIPS-0.020_FID-75.0_adasteer,,,,0.993860808011773,0.0,59.33195863921067,0.9928943928550271
162_a-man-wearing-a-purple-cap-stands-in-a-living-room-while-looking-at-the-camera_FVD-542.0_PSNR-19.826_SSIM-0.734_LPIPS-0.187_FID-84.1_adasteer,,,,0.9920317283564066,1.0,70.6054108718346,0.9780461479635799
163_a-spoon-is-drizzling-a-sauce-over-a-plate-of-food_FVD-569.5_PSNR-18.155_SSIM-0.812_LPIPS-0.241_FID-75.5_adasteer,,,,0.9835288882847477,1.0,61.323917651998585,0.9755253380420161
164_there-is-a-man-sitting-at-a-table-with-a-can-of-sour-patch-kids-cereal-in-front_FVD-492.6_PSNR-12.025_SSIM-0.655_LPIPS-0.601_FID-77.0_adasteer,,,,0.9438977443274319,1.0,46.95320247781688,0.9252883013556985
165_two-men-standing-next-to-each-other-in-a-stadium_FVD-590.4_PSNR-17.255_SSIM-0.524_LPIPS-0.399_FID-85.9_adasteer,,,,0.9888586967906821,0.0,77.48213748274178,0.9864687872867958
166_a-dark-scene-with-lanterns-and-trees-in-the-background_FVD-463.1_PSNR-14.539_SSIM-0.405_LPIPS-0.224_FID-75.0_adasteer,,,,0.9916467171470619,1.0,56.28958748126852,0.9837416873258703
167_a-man-standing-in-front-of-a-building-in-a-minecraft-game_FVD-569.5_PSNR-9.308_SSIM-0.436_LPIPS-0.648_FID-75.5_adasteer,,,,0.9105983254346076,1.0,77.87327207367996,0.9116105547138289
168_two-men-playing-a-video-game-with-a-hot-air-balloon-in-the-background_FVD-579.6_PSNR-13.887_SSIM-0.562_LPIPS-0.480_FID-74.3_adasteer,,,,0.9801931659749904,1.0,71.79548645019531,0.9796764747769224
169_the-user-is-logged-into-the-wordpress-administration-area-and-is-on-the-plugins_FVD-492.6_PSNR-21.903_SSIM-0.786_LPIPS-0.219_FID-77.0_adasteer,,,,0.9829213754144821,1.0,63.60876320148336,0.9824952910928165
16_there-is-a-sign-with-information-about-the-asia-black-bear-restoration-health-pr_FVD-542.0_PSNR-12.170_SSIM-0.550_LPIPS-0.388_FID-84.1_adasteer,,,,0.9908970194982374,0.0,65.17485901405071,0.9883544258042878
170_a-blue-background-with-the-words-5-things-to-never-say-at-the-dive-site_FVD-708.4_PSNR-21.185_SSIM-0.625_LPIPS-0.230_FID-80.9_adasteer,,,,0.9899297414612213,1.0,73.01108682566675,0.9837482863781499
171_a-close-up-of-a-door-with-the-words-rigid-overhead-door-on-it_FVD-542.0_PSNR-13.882_SSIM-0.641_LPIPS-0.451_FID-84.1_adasteer,,,,0.9801939562216447,1.0,66.44198910943393,0.9512868021048752
172_a-man-is-standing-in-front-of-a-white-wall-and-holding-a-metal-rod_FVD-492.6_PSNR-7.744_SSIM-0.272_LPIPS-0.796_FID-77.0_adasteer,,,,0.9883067291419774,0.0,59.9095098561254,0.9764163596957338
173_a-television-with-a-colorful-flickering-screen-is-on_FVD-492.6_PSNR-17.272_SSIM-0.764_LPIPS-0.175_FID-77.0_adasteer,,,,0.9870947458510648,0.0,53.26323094861261,0.9844704973931406
174_a-living-room-with-couch-chair-table-lamp-and-vase-in-front-of-a-window_FVD-579.6_PSNR-29.105_SSIM-0.867_LPIPS-0.036_FID-74.3_adasteer,,,,0.9943333953840618,0.0,76.04129817568023,0.9861703629587211
175_a-view-from-the-front-of-a-boat-on-a-large-body-of-water_FVD-545.1_PSNR-5.948_SSIM-0.108_LPIPS-0.860_FID-82.7_adasteer,,,,0.9900255857551354,0.0,59.72417581492457,0.9772859891255696
176_a-man-standing-next-to-a-black-chevy-truck_FVD-569.5_PSNR-11.340_SSIM-0.350_LPIPS-0.592_FID-75.5_adasteer,,,,0.9925351281003854,1.0,75.00315409693225,0.9834464933357987
177_a-person-holding-a-piece-of-paper-over-a-piece-of-food_FVD-569.5_PSNR-12.781_SSIM-0.439_LPIPS-0.697_FID-75.5_adasteer,,,,0.9630557720550826,1.0,50.918784569049706,0.9697041193644206
178_a-man-in-a-suit-standing-next-to-a-car-in-a-showroom_FVD-569.5_PSNR-12.100_SSIM-0.438_LPIPS-0.616_FID-75.5_adasteer,,,,0.9840288036956235,0.0,62.00717334089608,0.9844413822772456
179_the-user-provides-a-black-background-with-white-text-on-it_FVD-545.1_PSNR-36.119_SSIM-0.949_LPIPS-0.004_FID-82.7_adasteer,,,,0.9988976274270391,0.0,40.40778679683291,0.9985131342037051
17_there-is-a-black-object-on-the-ground-and-it-appears-to-be-an-electronic-device_FVD-545.1_PSNR-22.926_SSIM-0.772_LPIPS-0.102_FID-82.7_adasteer,,,,0.9936600163903703,0.0,58.1493701277108,0.9893227474362243
180_a-picture-of-a-man-with-a-beard-on-a-tv-screen_FVD-542.0_PSNR-22.605_SSIM-0.847_LPIPS-0.105_FID-84.1_adasteer,,,,0.9940617394460455,1.0,74.01924291150323,0.9901016861784692
181_the-cars-engine-and-other-mechanical-components-are-visible-underneath-the-hood_FVD-492.6_PSNR-10.131_SSIM-0.276_LPIPS-0.658_FID-77.0_adasteer,,,,0.9950855982083004,0.0,66.40502285135203,0.9850762956282672
182_a-soccer-game-is-being-played-in-a-stadium-with-a-large-crowd-of-people-watching_FVD-569.5_PSNR-18.764_SSIM-0.429_LPIPS-0.245_FID-75.5_adasteer,,,,0.9692060368485,1.0,63.83076292892982,0.9402494056552064
183_a-cave-with-text-that-reads-rukuriri-cave-tour_FVD-564.4_PSNR-12.874_SSIM-0.412_LPIPS-0.524_FID-87.0_adasteer,,,,0.9828244331920803,1.0,58.89515159870016,0.9639255224489698
184_a-picture-of-a-jar-of-liquid-with-the-words-do-it-yourself-lactobacillus-serum-o_FVD-510.1_PSNR-37.940_SSIM-0.977_LPIPS-0.007_FID-81.1_adasteer,,,,0.9960221206872173,0.0,67.27741767620218,0.9975472630239001
185_a-person-holding-a-piece-of-cloth-in-their-hand_FVD-492.6_PSNR-17.072_SSIM-0.778_LPIPS-0.192_FID-77.0_adasteer,,,,0.9888108892061098,0.0,72.22822597109038,0.9884772366168453
186_a-wooden-deck-with-potted-plants-on-it_FVD-564.4_PSNR-17.316_SSIM-0.525_LPIPS-0.675_FID-87.0_adasteer,,,,0.9859568063336446,0.0,61.9421422234897,0.9840132900312835
187_a-stack-of-saltfish-fritters-on-a-white-plate_FVD-708.4_PSNR-17.647_SSIM-0.703_LPIPS-0.213_FID-80.9_adasteer,,,,0.9807610779020476,1.0,70.9152103292531,0.9797993398180195
188_a-person-washing-a-chicken-in-a-kitchen-sink_FVD-545.1_PSNR-11.549_SSIM-0.240_LPIPS-0.702_FID-82.7_adasteer,,,,0.9907865156612858,1.0,65.86107306644834,0.97730027180092
189_there-is-a-black-and-white-logo-of-a-fork-and-knife-on-a-black-background_FVD-463.1_PSNR-42.748_SSIM-0.966_LPIPS-0.001_FID-75.0_adasteer,,,,0.9988454755900759,0.0,54.00489228347252,0.9990696973660413
18_a-man-is-sitting-in-a-car-and-ordering-food-from-a-drive-through-window_FVD-569.5_PSNR-22.268_SSIM-0.872_LPIPS-0.046_FID-75.5_adasteer,,,,0.995324436699092,0.0,73.78635616960197,0.9937934062060187
190_there-is-a-protest-in-the-city-and-police-officers-are-trying-to-control-the-cro_FVD-542.0_PSNR-15.124_SSIM-0.595_LPIPS-0.266_FID-84.1_adasteer,,,,0.9865298829200484,1.0,50.232581171496165,0.9557262458053289
191_a-news-anchor-with-a-fire-in-the-background_FVD-463.1_PSNR-17.110_SSIM-0.650_LPIPS-0.289_FID-75.0_adasteer,,,,0.9903577063170353,1.0,75.98414375042093,0.9897171927433388
192_a-blue-bowl-of-food-with-pasta-tomatoes-and-other-vegetables-on-a-table_FVD-590.4_PSNR-28.298_SSIM-0.910_LPIPS-0.062_FID-85.9_adasteer,,,,0.9950922402548092,0.0,74.94380345837823,0.9927063895206826
193_two-women-standing-next-to-each-other-in-front-of-a-blue-background_FVD-492.6_PSNR-20.218_SSIM-0.841_LPIPS-0.161_FID-77.0_adasteer,,,,0.9942475065613852,0.0,75.34631926437905,0.9909534725488401
194_an-empty-street-with-buildings-on-both-sides_FVD-542.0_PSNR-21.078_SSIM-0.713_LPIPS-0.044_FID-84.1_adasteer,,,,0.9930328630851379,0.0,74.78626409070245,0.9867006956362256
195_a-black-and-white-dog-running-through-a-warehouse_FVD-545.1_PSNR-20.658_SSIM-0.690_LPIPS-0.280_FID-82.7_adasteer,,,,0.9922665400962736,1.0,54.788169860839844,0.9850817895403096
196_the-person-is-holding-a-steelbook-edition-of-batman-arkham-city-and-they-are-unb_FVD-590.4_PSNR-15.324_SSIM-0.744_LPIPS-0.303_FID-85.9_adasteer,,,,0.9856527397617701,1.0,74.59520090037378,0.9719906825645297
197_a-man-is-sitting-at-a-table-with-a-fish-tank-in-front-of-him-and-he-is-looking-a_FVD-564.4_PSNR-7.124_SSIM-0.389_LPIPS-0.592_FID-87.0_adasteer,,,,0.9782236838044512,1.0,72.9247766692063,0.965934996511422
198_there-is-a-computer-with-a-blue-screen-displaying-various-windows-and-icons_FVD-579.6_PSNR-18.194_SSIM-0.690_LPIPS-0.275_FID-74.3_adasteer,,,,0.9838121470543345,0.0,75.90463704076306,0.9795850248897777
199_a-close-up-of-a-plastic-model-of-some-sort_FVD-579.6_PSNR-23.381_SSIM-0.909_LPIPS-0.135_FID-74.3_adasteer,,,,0.9937707795123926,1.0,79.68343458504512,0.9876065702999339
19_a-car-with-a-colorful-paint-job-parked-in-a-parking-lot_FVD-545.1_PSNR-25.195_SSIM-0.891_LPIPS-0.080_FID-82.7_adasteer,,,,0.9954301471523439,1.0,59.64800670229155,0.9928536335627238
1_a-young-woman-is-standing-in-front-of-a-kitchen-counter-she-has-tattoos-on-her-a_FVD-463.1_PSNR-20.178_SSIM-0.683_LPIPS-0.238_FID-75.0_adasteer,,,,0.9948532748101911,0.0,71.04256807524582,0.9913651419620888
200_a-city-street-with-a-lot-of-cars-and-a-hole-in-the-ground_FVD-708.4_PSNR-5.329_SSIM-0.368_LPIPS-0.681_FID-80.9_adasteer,,,,0.982437904615639,0.0,73.7152749423323,0.9717743537005257
201_there-is-a-man-standing-at-a-podium-in-front-of-a-large-crowd-holding-a-micropho_FVD-463.1_PSNR-16.628_SSIM-0.510_LPIPS-0.239_FID-75.0_adasteer,,,,0.976349646596085,1.0,65.91505445283035,0.967665002860275
202_a-man-in-a-black-t-shirt-and-cap-is-standing-in-front-of-a-white-desk-and-pointi_FVD-564.4_PSNR-10.418_SSIM-0.416_LPIPS-0.681_FID-87.0_adasteer,,,,0.9615490571562493,1.0,63.8295336756213,0.9124962152219286
203_a-koala-is-sitting-in-a-tree-with-a-blue-sky-in-the-background_FVD-545.1_PSNR-22.407_SSIM-0.857_LPIPS-0.317_FID-82.7_adasteer,,,,0.9877221907058764,1.0,54.76760390709187,0.9778557983099245
204_an-elephant-peeking-out-from-behind-some-bushes_FVD-590.4_PSNR-9.922_SSIM-0.443_LPIPS-0.851_FID-85.9_adasteer,,,,0.945976431805361,1.0,51.001737397292565,0.9203911725212546
205_a-purple-background-with-a-lot-of-spheres-and-bubbles_FVD-463.1_PSNR-22.782_SSIM-0.875_LPIPS-0.229_FID-75.0_adasteer,,,,0.9954398702256009,1.0,72.14598872743804,0.9915637558581782
206_a-red-sports-car-is-driving-on-a-dirt-road-and-the-wheels-are-spinning_FVD-708.4_PSNR-12.950_SSIM-0.494_LPIPS-0.351_FID-80.9_adasteer,,,,0.9883765413550569,1.0,68.38909714797447,0.9287989223704619
207_there-is-a-barbie-doll-sitting-at-a-vanity-table-with-various-cosmetics-and-make_FVD-542.0_PSNR-13.408_SSIM-0.694_LPIPS-0.324_FID-84.1_adasteer,,,,0.9892995845173006,1.0,78.01638715020542,0.9866536392885096
208_a-document-on-a-white-sheet-of-paper_FVD-579.6_PSNR-21.332_SSIM-0.728_LPIPS-0.082_FID-74.3_adasteer,,,,0.9946248982031382,0.0,74.13375459868332,0.9906548640307258
209_a-piece-of-dough-in-a-frying-pan-on-a-stove_FVD-579.6_PSNR-11.768_SSIM-0.393_LPIPS-0.667_FID-74.3_adasteer,,,,0.9831196209453332,0.0,66.26391285863416,0.9801788535772585
20_a-close-up-of-a-flashlight-in-a-box_FVD-463.1_PSNR-10.379_SSIM-0.731_LPIPS-0.541_FID-75.0_adasteer,,,,0.9853222300872807,1.0,36.0354495870656,0.973833594602697
210_an-aerial-view-of-a-snowy-mountain-range-with-snow-on-the-ground_FVD-510.1_PSNR-21.998_SSIM-0.750_LPIPS-0.240_FID-81.1_adasteer,,,,0.9902668590473048,1.0,67.21963987679317,0.9703983923968147
211_there-is-a-man-wearing-a-blue-shirt-and-a-beard-and-he-is-standing-in-front-of-a_FVD-590.4_PSNR-12.738_SSIM-0.400_LPIPS-0.512_FID-85.9_adasteer,,,,0.9885312012759163,1.0,69.14703816380994,0.9591252083871878
212_a-room-with-white-walls-a-fireplace-and-a-flat-screen-tv-is-a-staircase_FVD-492.6_PSNR-9.102_SSIM-0.382_LPIPS-0.777_FID-77.0_adasteer,,,,0.980775388848114,0.0,70.01375856070683,0.9784808439366958
213_there-is-a-man-playing-a-video-game-on-a-computer-screen-and-he-is-wearing-a-hat_FVD-510.1_PSNR-18.803_SSIM-0.727_LPIPS-0.341_FID-81.1_adasteer,,,,0.9871323190400626,1.0,60.85013738171808,0.9869045865301992
214_two-cars-parked-next-to-each-other-in-a-parking-lot_FVD-463.1_PSNR-13.213_SSIM-0.454_LPIPS-0.720_FID-75.0_adasteer,,,,0.9928825247379935,1.0,46.606268718324856,0.9806203075483734
215_a-close-up-of-a-space-station-with-the-words-16-modules-written-on-it_FVD-510.1_PSNR-22.986_SSIM-0.914_LPIPS-0.168_FID-81.1_adasteer,,,,0.9980427755370311,0.0,39.152148016567885,0.9978336144896115
216_a-blurry-picture-of-a-white-bird-with-a-green-background_FVD-708.4_PSNR-46.342_SSIM-0.992_LPIPS-0.008_FID-80.9_adasteer,,,,0.9963868019830796,0.0,38.358167187920934,0.9979965756921207
217_a-green-sphere-with-some-clouds-in-it_FVD-708.4_PSNR-26.587_SSIM-0.540_LPIPS-0.100_FID-80.9_adasteer,,,,0.9958636135744362,0.0,47.26733030121902,0.9833130836486816
218_a-drawing-of-two-kangaroos-standing-next-to-each-other_FVD-510.1_PSNR-27.909_SSIM-0.904_LPIPS-0.025_FID-81.1_adasteer,,,,0.9947695830134938,0.0,70.92969355089912,0.9933425108591716
219_a-group-of-people-are-gathered-in-a-room-and-one-man-is-speaking-into-a-micropho_FVD-564.4_PSNR-23.368_SSIM-0.780_LPIPS-0.109_FID-87.0_adasteer,,,,0.9946554978161136,1.0,69.87066045300713,0.9920000057594449
21_a-comic-book-cover-featuring-a-group-of-superheroes_FVD-463.1_PSNR-10.250_SSIM-0.468_LPIPS-0.493_FID-75.0_adasteer,,,,0.9819171596590024,1.0,75.71112955027613,0.9777270747166054
220_a-person-is-standing-on-a-wooden-staircase-with-their-feet-covered-in-blood_FVD-492.6_PSNR-31.925_SSIM-0.952_LPIPS-0.014_FID-77.0_adasteer,,,,0.9963958935604156,0.0,55.62487556194437,0.9964299627378875
221_a-long-hallway-with-lots-of-tables-and-chairs_FVD-510.1_PSNR-8.867_SSIM-0.436_LPIPS-0.756_FID-81.1_adasteer,,,,0.9651449695797122,1.0,78.4721548146215,0.9508403366687251
222_there-is-a-soccer-game-happening-in-a-stadium-and-the-fans-are-cheering-for-thei_FVD-545.1_PSNR-21.132_SSIM-0.755_LPIPS-0.142_FID-82.7_adasteer,,,,0.9830041766639883,1.0,67.54676161141231,0.9718629930533614
223_a-close-up-of-two-hands-holding-a-small-object_FVD-569.5_PSNR-24.282_SSIM-0.928_LPIPS-0.065_FID-75.5_adasteer,,,,0.9957940905729279,1.0,75.24091523269126,0.9944637172362384
224_a-woman-is-unpacking-a-box-of-household-appliances-including-a-vacuum-cleaner-an_FVD-564.4_PSNR-8.376_SSIM-0.431_LPIPS-0.546_FID-87.0_adasteer,,,,0.9639769859599823,1.0,62.55907256027748,0.9503516141106101
225_a-stick-figure-in-a-blue-hoodie-and-glasses-is-waving-its-arms-up-and-down-on-a_FVD-542.0_PSNR-10.929_SSIM-0.803_LPIPS-0.263_FID-84.1_adasteer,,,,0.9826619580123716,1.0,75.1315320771316,0.9744250839831783
226_a-cartoon-of-a-boy-standing-next-to-a-red-chair_FVD-542.0_PSNR-9.552_SSIM-0.651_LPIPS-0.416_FID-84.1_adasteer,,,,0.9866143500001496,1.0,72.9494830164416,0.9791262009564567
227_there-are-two-men-sitting-at-a-table-with-a-bag-of-food-in-front-of-them_FVD-590.4_PSNR-25.080_SSIM-0.897_LPIPS-0.035_FID-85.9_adasteer,,,,0.9955584918596178,0.0,73.27286713698814,0.9948700932895436
228_a-chef-is-standing-in-front-of-a-stainless-steel-kitchen-counter-he-is-wearing-a_FVD-492.6_PSNR-8.243_SSIM-0.182_LPIPS-0.740_FID-77.0_adasteer,,,,0.9890940694186329,0.0,63.64910309890221,0.9767177619186103
229_a-man-and-a-woman-are-standing-in-the-woods-with-the-man-wearing-an-orange-life_FVD-542.0_PSNR-14.389_SSIM-0.526_LPIPS-0.502_FID-84.1_adasteer,,,,0.974423104043968,1.0,64.21558906292093,0.9617596495385263
22_a-man-is-standing-on-a-bridge-on-a-tv_FVD-545.1_PSNR-8.002_SSIM-0.281_LPIPS-0.735_FID-82.7_adasteer,,,,0.9698917422871927,1.0,63.07422506398168,0.9609847311880074
230_there-is-a-large-rock-floating-in-space-surrounded-by-smaller-rocks-and-debris_FVD-708.4_PSNR-10.415_SSIM-0.527_LPIPS-0.592_FID-80.9_adasteer,,,,0.9591286868981033,1.0,37.920454025268555,0.930135981241862
231_a-pink-background-with-the-words-comparing-color-in-princess-cuts_FVD-590.4_PSNR-19.774_SSIM-0.826_LPIPS-0.213_FID-85.9_adasteer,,,,0.9872024178929051,1.0,73.20694153884361,0.9782667141334683
232_it-is-a-busy-street-in-a-city-with-many-cars-motorcycles-and-pedestrians_FVD-564.4_PSNR-26.265_SSIM-0.782_LPIPS-0.096_FID-87.0_adasteer,,,,0.9913057582140763,0.0,73.14335342933391,0.9844481963737338
233_a-person-is-performing-an-inverse-pass-card-trick-on-a-green-table-with-a-deck-o_FVD-564.4_PSNR-6.890_SSIM-0.363_LPIPS-0.757_FID-87.0_adasteer,,,,0.9454756249120909,1.0,61.24450801980907,0.9252993714575674
234_the-product-is-a-packet-of-quinoa-flakes_FVD-492.6_PSNR-15.973_SSIM-0.616_LPIPS-0.338_FID-77.0_adasteer,,,,0.9878790268444451,1.0,74.2498937146417,0.9581688076842065
235_an-orange-background-with-the-words-cambella-faciale-e-voce_FVD-510.1_PSNR-14.737_SSIM-0.654_LPIPS-0.428_FID-81.1_adasteer,,,,0.9765850133790162,1.0,46.185091479071254,0.9391945072248871
236_a-poster-with-the-words-using-minor-pentatonic-over-major-7th-chords_FVD-545.1_PSNR-11.016_SSIM-0.502_LPIPS-0.566_FID-82.7_adasteer,,,,0.9776914966373836,0.0,74.81767246640962,0.976089423310523
237_a-close-up-of-a-metal-grate-with-holes-in-it_FVD-510.1_PSNR-9.201_SSIM-0.429_LPIPS-0.715_FID-81.1_adasteer,,,,0.9624070983227693,1.0,47.77908075266871,0.9383357440724093
238_a-white-plate-topped-with-fried-green-beans_FVD-492.6_PSNR-9.749_SSIM-0.232_LPIPS-0.582_FID-77.0_adasteer,,,,0.9412037878719864,1.0,51.91746402608937,0.8557206396963082
239_a-man-in-a-suit-and-glasses-is-talking-to-another-man-in-a-business-suit_FVD-590.4_PSNR-10.644_SSIM-0.250_LPIPS-0.760_FID-85.9_adasteer,,,,0.9918693705446923,0.0,47.209072836514174,0.9774860625173531
23_there-is-a-group-of-people-playing-musical-instruments-in-front-of-a-purple-curt_FVD-579.6_PSNR-8.855_SSIM-0.276_LPIPS-0.773_FID-74.3_adasteer,,,,0.9871073572992232,0.0,54.197829674030174,0.9843886553072462
240_a-man-is-fishing-from-a-tunnel-under-a-bridge-over-a-river_FVD-708.4_PSNR-21.760_SSIM-0.788_LPIPS-0.089_FID-80.9_adasteer,,,,0.9915518068872848,0.0,75.00706902865706,0.9841067426344927
241_a-soccer-stadium-with-a-person-on-a-screen_FVD-463.1_PSNR-19.604_SSIM-0.829_LPIPS-0.157_FID-75.0_adasteer,,,,0.9936675487502693,1.0,71.29772501978381,0.9883856520933263
242_a-group-of-people-are-standing-in-front-of-a-waterfall_FVD-708.4_PSNR-15.657_SSIM-0.477_LPIPS-0.687_FID-80.9_adasteer,,,,0.9917173023055377,0.0,48.4945099271577,0.9843677810594147
243_a-news-anchor-and-reporter-are-sitting-at-a-desk-in-front-of-a-cityscape-backdro_FVD-463.1_PSNR-24.217_SSIM-0.868_LPIPS-0.058_FID-75.0_adasteer,,,,0.9954513362837122,0.0,75.33313119822535,0.9932913078981287
244_a-piece-of-butter-sitting-on-top-of-a-cloth_FVD-590.4_PSNR-10.211_SSIM-0.426_LPIPS-0.579_FID-85.9_adasteer,,,,0.9711322525471192,1.0,57.91461997196592,0.9581925261254404
245_there-is-a-computer-screen-displaying-a-programing-system-with-a-button-labeled_FVD-545.1_PSNR-12.618_SSIM-0.714_LPIPS-0.417_FID-82.7_adasteer,,,,0.9911047290510755,0.0,40.8676459213783,0.9863538854262408
246_a-computer-screen-showing-an-image-of-a-tank_FVD-564.4_PSNR-23.970_SSIM-0.850_LPIPS-0.129_FID-87.0_adasteer,,,,0.994007551671844,0.0,75.07999314932988,0.9933110615786385
247_a-close-up-of-a-camera-with-a-lens-attached_FVD-510.1_PSNR-18.673_SSIM-0.741_LPIPS-0.301_FID-81.1_adasteer,,,,0.991919446698284,0.0,65.38106247474407,0.9875146099165374
248_a-man-is-standing-in-the-rain-and-shouting_FVD-569.5_PSNR-19.844_SSIM-0.703_LPIPS-0.111_FID-75.5_adasteer,,,,0.9918341882025246,1.0,70.99132379992255,0.9503552081538181
249_a-red-car-is-driving-on-a-dirt-road-with-dust-flying-around-it_FVD-579.6_PSNR-11.909_SSIM-0.314_LPIPS-0.721_FID-74.3_adasteer,,,,0.9890581562152104,1.0,41.4173347210062,0.9743258569754806
24_a-sheet-of-paper-with-a-list-of-words-on-it_FVD-492.6_PSNR-19.331_SSIM-0.859_LPIPS-0.130_FID-77.0_adasteer,,,,0.9851040004343083,1.0,55.130101302574424,0.9711327982883827
250_mannequins-with-t-shirts-on-display-with-the-words-are-you-repping-the-shit_FVD-590.4_PSNR-15.433_SSIM-0.746_LPIPS-0.412_FID-85.9_adasteer,,,,0.9817265189662938,1.0,69.56843027575263,0.9801366432040346
251_there-is-a-bright-light-shining-in-a-dark-background-and-the-light-is-moving-in_FVD-708.4_PSNR-18.068_SSIM-0.635_LPIPS-0.448_FID-80.9_adasteer,,,,0.982780548550884,0.0,29.583864606659986,0.9695328992955825
252_person-is-being-melted-in-a-frying-pan-on-a-stove_FVD-463.1_PSNR-8.332_SSIM-0.432_LPIPS-0.717_FID-75.0_adasteer,,,,0.9746671939341977,0.0,59.18009738264413,0.975115332883947
253_an-advertisement-for-the-us-spacewalk-on-iss_FVD-542.0_PSNR-25.574_SSIM-0.895_LPIPS-0.076_FID-84.1_adasteer,,,,0.9952318810470235,0.0,76.68596359779094,0.994705319404602
254_a-screen-shot-of-a-menu-in-a-video-game_FVD-590.4_PSNR-6.816_SSIM-0.284_LPIPS-0.813_FID-85.9_adasteer,,,,0.9836006782186699,0.0,58.1835884883486,0.9749938852646771
255_the-text-haywards-fitness-bodybuilding-is-written-on-a-black-background_FVD-542.0_PSNR-29.066_SSIM-0.896_LPIPS-0.018_FID-84.1_adasteer,,,,0.9926191252409083,0.0,64.33575413144868,0.9863238465552236
256_a-man-and-a-little-boy-sitting-in-a-chair_FVD-590.4_PSNR-18.161_SSIM-0.668_LPIPS-0.173_FID-85.9_adasteer,,,,0.9914421655414303,0.0,74.41134485705146,0.9751128739001704
257_there-is-a-wooden-ladder-leaning-against-the-side-of-a-house_FVD-545.1_PSNR-10.880_SSIM-0.300_LPIPS-0.645_FID-82.7_adasteer,,,,0.9891459809083889,0.0,63.013442466998924,0.9826904427771475
258_a-wooden-box-with-a-window-is-on-the-steps-of-a-house_FVD-564.4_PSNR-14.726_SSIM-0.532_LPIPS-0.329_FID-87.0_adasteer,,,,0.9865776802173861,1.0,76.6298178311052,0.9672435648301069
259_a-young-girl-is-playing-with-stuffed-animals-in-her-bedroom_FVD-510.1_PSNR-16.797_SSIM-0.616_LPIPS-0.481_FID-81.1_adasteer,,,,0.984172036369302,1.0,45.72413569483264,0.9689854621887207
25_a-computer-screen-showing-various-items-in-a-minecraft-game_FVD-510.1_PSNR-13.908_SSIM-0.207_LPIPS-0.880_FID-81.1_adasteer,,,,0.9810614829198239,0.0,49.37620761476714,0.9818465045854157
260_a-man-wearing-a-black-jacket-and-black-pants-is-standing-on-a-black-box-on-a-roa_FVD-579.6_PSNR-12.570_SSIM-0.722_LPIPS-0.537_FID-74.3_adasteer,,,,0.956152133563094,1.0,71.67341850543845,0.9412413316614487
261_a-close-up-of-the-engine-of-a-car_FVD-510.1_PSNR-19.064_SSIM-0.552_LPIPS-0.120_FID-81.1_adasteer,,,,0.9922150309776688,0.0,72.82808580069707,0.9869809861276664
262_a-man-is-standing-in-front-of-a-kitchen-counter-holding-a-mug-of-coffee-and-talk_FVD-542.0_PSNR-10.230_SSIM-0.360_LPIPS-0.832_FID-84.1_adasteer,,,,0.9953398086331221,0.0,49.84594246436809,0.9883921950471167
263_a-close-up-view-of-a-cars-suspension_FVD-545.1_PSNR-17.711_SSIM-0.713_LPIPS-0.351_FID-82.7_adasteer,,,,0.9930923674891965,1.0,64.47129282458076,0.9861649859185312
264_a-couple-of-people-in-a-restaurant-looking-at-each-other_FVD-569.5_PSNR-29.144_SSIM-0.950_LPIPS-0.037_FID-75.5_adasteer,,,,0.995043180433231,0.0,73.57599850358635,0.9955267471425674
265_a-man-is-cooking-food-in-a-pan-on-a-gas-stove_FVD-590.4_PSNR-16.259_SSIM-0.452_LPIPS-0.340_FID-85.9_adasteer,,,,0.9867441856550312,1.0,77.28564874057112,0.9671847810932234
266_the-chef-is-preparing-a-dish-with-scallops-on-a-cooking-show_FVD-579.6_PSNR-13.755_SSIM-0.720_LPIPS-0.561_FID-74.3_adasteer,,,,0.9928145366386405,1.0,57.96557518531536,0.9735924608567181
267_a-close-up-of-a-dish-with-vegetables-in-it_FVD-564.4_PSNR-24.315_SSIM-0.645_LPIPS-0.110_FID-87.0_adasteer,,,,0.994443372467844,0.0,56.353353303054284,0.9910512970943077
268_there-is-a-man-sitting-on-a-bench-by-the-lake-and-fishing_FVD-545.1_PSNR-14.340_SSIM-0.625_LPIPS-0.665_FID-82.7_adasteer,,,,0.9933196375171329,0.0,76.78734772780845,0.9848513360116996
269_a-man-is-sitting-on-a-stool-and-playing-a-musical-instrument_FVD-463.1_PSNR-7.549_SSIM-0.665_LPIPS-0.340_FID-75.0_adasteer,,,,0.9459619076329784,1.0,62.89845446882577,0.9404170055015414
26_a-female-soccer-player-kicks-the-ball-during-a-game_FVD-542.0_PSNR-9.415_SSIM-0.371_LPIPS-0.631_FID-84.1_adasteer,,,,0.9686103178250467,1.0,63.12327404679923,0.9652529959585152
270_the-sun-is-setting-over-a-body-of-water-and-there-are-buildings-in-the-distance_FVD-463.1_PSNR-21.832_SSIM-0.806_LPIPS-0.328_FID-75.0_adasteer,,,,0.986857782442571,1.0,61.235009555158946,0.9756821856779211
271_a-city-skyline-with-skyscrapers-and-buildings-against-a-hazy-sky_FVD-545.1_PSNR-11.653_SSIM-0.192_LPIPS-0.630_FID-82.7_adasteer,,,,0.9876614490280621,0.0,57.17547304876919,0.9770822917713838
272_a-man-and-two-women-are-sitting-at-a-desk-in-an-office_FVD-569.5_PSNR-15.291_SSIM-0.428_LPIPS-0.542_FID-75.5_adasteer,,,,0.9836811131704285,0.0,71.70119055386247,0.9812694960949467
273_person-logo-with-mountains-in-the-background_FVD-463.1_PSNR-29.897_SSIM-0.879_LPIPS-0.052_FID-75.0_adasteer,,,,0.9948131185901177,0.0,66.39739056291252,0.9828961409774482
274_a-plate-of-nachos-with-cheese-and-sour-cream_FVD-492.6_PSNR-25.809_SSIM-0.800_LPIPS-0.121_FID-77.0_adasteer,,,,0.9919891679628582,0.0,76.46627886541958,0.9879488412071676
275_there-are-various-ingredients-on-a-wooden-cutting-board-including-meat-herbs-and_FVD-590.4_PSNR-29.728_SSIM-0.852_LPIPS-0.125_FID-85.9_adasteer,,,,0.9951590322293447,0.0,66.67414303483635,0.9953464853997324
276_an-older-man-with-a-beard-and-sweater-stands-in-a-room-with-machines_FVD-463.1_PSNR-19.918_SSIM-0.796_LPIPS-0.170_FID-75.0_adasteer,,,,0.9900065674640584,1.0,48.8495470244309,0.9860901402492149
277_a-close-up-of-a-metal-railing-in-a-building_FVD-510.1_PSNR-9.676_SSIM-0.651_LPIPS-0.585_FID-81.1_adasteer,,,,0.9856470205269607,0.0,67.12639933619006,0.983817029466816
278_there-is-a-basketball-game-being-played-in-a-stadium-and-the-players-are-wearing_FVD-569.5_PSNR-17.559_SSIM-0.587_LPIPS-0.499_FID-75.5_adasteer,,,,0.9917429895302138,1.0,69.27393972462622,0.9805559681911095
279_an-image-of-a-tiger-with-the-words-tigerfitness-com_FVD-564.4_PSNR-8.021_SSIM-0.298_LPIPS-0.556_FID-87.0_adasteer,,,,0.9756664107950873,1.0,73.96199640734443,0.9580760843613568
27_two-men-are-standing-in-a-field-one-of-them-is-holding-a-pineapple-and-the-other_FVD-708.4_PSNR-13.859_SSIM-0.534_LPIPS-0.362_FID-80.9_adasteer,,,,0.9854588017765867,1.0,70.93917359976933,0.952905419293572
280_a-breaking-news-banner-is-being-displayed-on-a-tv-screen_FVD-510.1_PSNR-16.441_SSIM-0.666_LPIPS-0.335_FID-81.1_adasteer,,,,0.9722694179501394,1.0,61.691853358827785,0.9714045898587096
281_a-person-holding-a-gun-in-a-video-game_FVD-510.1_PSNR-21.275_SSIM-0.812_LPIPS-0.207_FID-81.1_adasteer,,,,0.9905893376648203,1.0,59.13027427936422,0.9871413932127111
282_a-view-of-an-office-building-through-a-glass-door_FVD-564.4_PSNR-25.838_SSIM-0.878_LPIPS-0.115_FID-87.0_adasteer,,,,0.9955673225152775,0.0,74.81527788885708,0.9937955608554915
283_a-person-holding-an-iphone-in-their-hand_FVD-542.0_PSNR-23.058_SSIM-0.797_LPIPS-0.349_FID-84.1_adasteer,,,,0.9934782269277903,0.0,55.14596860162143,0.990469009736005
284_a-colorful-background-with-text-on-a-geometric-background_FVD-545.1_PSNR-32.153_SSIM-0.966_LPIPS-0.092_FID-82.7_adasteer,,,,0.995003803237374,0.0,49.31986039260338,0.9924603032130821
285_a-close-up-of-two-packages-of-food-on-a-table_FVD-569.5_PSNR-16.486_SSIM-0.629_LPIPS-0.352_FID-75.5_adasteer,,,,0.9904794253438555,1.0,62.79230893891433,0.9725110428006041
286_a-person-in-a-blue-glove-is-working-on-a-pipe_FVD-590.4_PSNR-19.049_SSIM-0.702_LPIPS-0.229_FID-85.9_adasteer,,,,0.9936939920866851,1.0,59.56828439646754,0.9891175578622257
287_an-essay-with-the-words-thesis-statement_FVD-545.1_PSNR-11.691_SSIM-0.380_LPIPS-0.508_FID-82.7_adasteer,,,,0.9706681037465734,0.0,69.04288022271518,0.9683563643810795
288_a-pink-and-white-house-with-a-porch-and-stairs_FVD-708.4_PSNR-14.215_SSIM-0.661_LPIPS-0.342_FID-80.9_adasteer,,,,0.9942229665971624,1.0,72.31716655862742,0.9856107347151812
289_there-is-a-man-wearing-a-black-shirt-and-a-baseball-cap-in-a-garage_FVD-590.4_PSNR-11.167_SSIM-0.494_LPIPS-0.626_FID-85.9_adasteer,,,,0.9896025148173586,0.0,72.83026964911099,0.9896242431565827
28_a-pink-sculpture-of-a-cat-on-a-television-screen_FVD-492.6_PSNR-8.683_SSIM-0.350_LPIPS-0.675_FID-77.0_adasteer,,,,0.9731823908449597,1.0,72.78118002003637,0.9731504702100566
290_a-shelf-filled-with-chainsaws-and-other-tools_FVD-510.1_PSNR-22.377_SSIM-0.615_LPIPS-0.181_FID-81.1_adasteer,,,,0.9883935564410059,0.0,52.79108126410122,0.983455639259488
291_a-person-is-fixing-something-in-a-metal-tray_FVD-492.6_PSNR-18.470_SSIM-0.585_LPIPS-0.251_FID-77.0_adasteer,,,,0.9906736656334543,0.0,78.33552077720906,0.9862410648196351
292_a-hunter-is-aiming-and-shooting-at-a-target-from-a-tree-stand_FVD-510.1_PSNR-22.401_SSIM-0.564_LPIPS-0.151_FID-81.1_adasteer,,,,0.9911478666987628,1.0,71.75289390827048,0.9852379939135383
293_three-men-standing-next-to-each-other-on-a-track_FVD-564.4_PSNR-14.318_SSIM-0.432_LPIPS-0.346_FID-87.0_adasteer,,,,0.9899458486987209,0.0,77.69868100922683,0.9776327675464107
294_a-bottle-of-olive-oil-with-other-ingredients-in-the-background_FVD-510.1_PSNR-10.902_SSIM-0.445_LPIPS-0.485_FID-81.1_adasteer,,,,0.9770720657720887,1.0,79.16616689747778,0.9667287003760244
295_a-close-up-of-a-piece-of-paper-with-numbers-on-it_FVD-708.4_PSNR-8.225_SSIM-0.541_LPIPS-0.489_FID-80.9_adasteer,,,,0.965001245690584,1.0,64.86986765368232,0.9398436527626187
296_a-person-is-putting-a-light-on-a-lamp-on-a-table_FVD-510.1_PSNR-18.232_SSIM-0.769_LPIPS-0.263_FID-81.1_adasteer,,,,0.9869288723769423,1.0,28.612184590306775,0.9171804540297565
297_there-is-a-red-antique-car-with-headlights-on-display_FVD-542.0_PSNR-13.066_SSIM-0.389_LPIPS-0.542_FID-84.1_adasteer,,,,0.9938624046373357,1.0,72.16661992566338,0.9792946273205327
298_a-person-in-white-gloves-is-working-on-a-plant_FVD-510.1_PSNR-16.772_SSIM-0.710_LPIPS-0.288_FID-81.1_adasteer,,,,0.9827624168323846,1.0,71.65574277680496,0.9644092597213446
299_a-computer-screen-with-a-video-game-on-it_FVD-510.1_PSNR-23.481_SSIM-0.837_LPIPS-0.099_FID-81.1_adasteer,,,,0.9927822578684251,0.0,61.9668697488719,0.9914079049054314
29_a-person-is-cooking-food-in-a-pot-of-water_FVD-510.1_PSNR-23.668_SSIM-0.905_LPIPS-0.064_FID-81.1_adasteer,,,,0.9950634577415368,0.0,78.07838966106546,0.9931799935359581
2_the-room-has-a-white-wall-and-a-bookshelf_FVD-590.4_PSNR-11.591_SSIM-0.186_LPIPS-0.762_FID-85.9_adasteer,,,,0.9884590730322578,0.0,50.89676547872609,0.978425854327632
300_a-person-holding-a-makeup-palette-with-a-heart-on-it_FVD-492.6_PSNR-10.320_SSIM-0.239_LPIPS-0.724_FID-77.0_adasteer,,,,0.9716351257717297,0.0,71.47139897839776,0.9634284038169711
301_a-cartoon-drawing-of-a-baby-in-a-blue-shirt_FVD-542.0_PSNR-21.364_SSIM-0.824_LPIPS-0.132_FID-84.1_adasteer,,,,0.9866713676990561,1.0,71.71962843270137,0.9857368852577958
302_the-screen-of-a-smartphone-in-hindi_FVD-492.6_PSNR-38.366_SSIM-0.981_LPIPS-0.052_FID-77.0_adasteer,,,,0.9958397422804591,0.0,75.11323547363281,0.9983435966220556
303_the-person-is-playing-a-video-game-in-which-they-use-a-gun-to-shoot-at-people-in_FVD-542.0_PSNR-9.943_SSIM-0.388_LPIPS-0.715_FID-84.1_adasteer,,,,0.9863723907364762,1.0,70.61409312281116,0.9789248840481627
304_there-is-a-black-jeep-parked-in-a-white-room-with-a-door_FVD-545.1_PSNR-7.037_SSIM-0.220_LPIPS-0.863_FID-82.7_adasteer,,,,0.9801000328349823,1.0,54.22377250934469,0.975412394953709
305_an-advertisement-for-a-watch-repair-shop-with-pictures-of-different-types-of-wat_FVD-590.4_PSNR-23.040_SSIM-0.870_LPIPS-0.127_FID-85.9_adasteer,,,,0.9933009523921748,0.0,65.44819141256399,0.9870063286201627
306_penguins-are-standing-on-the-beach-and-some-of-them-are-preening-their-feathers_FVD-510.1_PSNR-23.866_SSIM-0.863_LPIPS-0.107_FID-81.1_adasteer,,,,0.9919486722640445,1.0,68.89117865726865,0.9899711412542006
307_an-orangutan-holding-a-pink-object-in-its-mouth_FVD-510.1_PSNR-9.391_SSIM-0.242_LPIPS-0.644_FID-81.1_adasteer,,,,0.9762976462620304,0.0,60.76365951011921,0.971136261435116
308_a-man-is-walking-in-a-garden-and-examining-a-lemon-tree_FVD-463.1_PSNR-22.829_SSIM-0.554_LPIPS-0.149_FID-75.0_adasteer,,,,0.9934363840688518,0.0,63.8505078019767,0.984009656719133
309_person-tremblay-is-sitting-at-a-desk-with-his-hands-covering-his-face-he-is-wear_FVD-579.6_PSNR-22.411_SSIM-0.729_LPIPS-0.124_FID-74.3_adasteer,,,,0.9920893763822303,1.0,69.17034543793777,0.9758951037537817
30_a-close-up-of-the-dashboard-of-a-car_FVD-579.6_PSNR-19.115_SSIM-0.760_LPIPS-0.141_FID-74.3_adasteer,,,,0.9925944814691368,1.0,67.88160310942551,0.9831375739153694
310_the-us-pipe-logo-on-a-white-background_FVD-590.4_PSNR-22.291_SSIM-0.952_LPIPS-0.038_FID-85.9_adasteer,,,,0.9942896671555909,1.0,65.92231211169013,0.9922940904018925
311_a-computer-screen-showing-a-list-of-items_FVD-492.6_PSNR-6.014_SSIM-0.271_LPIPS-0.828_FID-77.0_adasteer,,,,0.9733535631800797,1.0,66.69645796150996,0.971161169164321
312_a-man-is-standing-next-to-an-armored-vehicle-in-a-workshop_FVD-510.1_PSNR-13.304_SSIM-0.574_LPIPS-0.368_FID-81.1_adasteer,,,,0.9812121710329431,1.0,76.83064927725957,0.9761734345379998
313_a-man-is-sitting-in-a-car-holding-a-plate-of-food-for-lunch_FVD-463.1_PSNR-16.602_SSIM-0.635_LPIPS-0.355_FID-75.0_adasteer,,,,0.9872749541189338,1.0,78.45924140667093,0.9751798554962756
314_a-green-ford-mustang-parked-in-front-of-a-building_FVD-590.4_PSNR-23.564_SSIM-0.863_LPIPS-0.044_FID-85.9_adasteer,,,,0.9891481447346567,0.0,75.46912699732287,0.9877013711368337
315_a-man-in-a-red-hat-and-a-blue-shirt-working-on-a-bale-of-hay_FVD-463.1_PSNR-14.276_SSIM-0.520_LPIPS-0.319_FID-75.0_adasteer,,,,0.9824691717298565,1.0,50.68509318910796,0.9261428085027956
316_a-man-with-dreadlocks-is-sitting-on-a-couch-and-talking-to-the-camera_FVD-492.6_PSNR-28.625_SSIM-0.913_LPIPS-0.041_FID-77.0_adasteer,,,,0.9952238534970612,0.0,70.05458937020137,0.9952630734911152
317_there-is-a-branch-of-a-tree-with-no-leaves-in-the-foreground-and-the-background_FVD-564.4_PSNR-15.628_SSIM-0.357_LPIPS-0.323_FID-87.0_adasteer,,,,0.9771149357178769,1.0,75.94474134774043,0.9494554706648284
318_a-piece-of-food-sitting-on-a-table-next-to-a-container_FVD-579.6_PSNR-13.923_SSIM-0.767_LPIPS-0.217_FID-74.3_adasteer,,,,0.9826539119921472,1.0,74.96217293574892,0.9826487260706285
319_an-illustration-of-a-purple-octopus-sitting-in-a-chair_FVD-510.1_PSNR-29.644_SSIM-0.930_LPIPS-0.034_FID-81.1_adasteer,,,,0.996482899717045,0.0,72.08875853439858,0.9968683836506862
31_a-view-of-a-train-track-next-to-a-fence_FVD-590.4_PSNR-15.347_SSIM-0.536_LPIPS-0.389_FID-85.9_adasteer,,,,0.9801633332285906,1.0,58.203204056312295,0.9657865935680913
320_the-person-is-wearing-camouflage-gear-and-holding-a-rifle-with-trees-and-bushes_FVD-545.1_PSNR-13.133_SSIM-0.435_LPIPS-0.438_FID-82.7_adasteer,,,,0.9754523159090025,1.0,59.28164265073579,0.9474794200822418
321_a-picture-of-a-spoon-of-dark-chocolate-with-the-words-benefits-of-dark-chocolate_FVD-510.1_PSNR-7.832_SSIM-0.639_LPIPS-0.475_FID-81.1_adasteer,,,,0.9926337976429888,1.0,73.61033814528892,0.9851622347738228
322_a-view-of-an-airplane-cockpit-at-night_FVD-542.0_PSNR-9.840_SSIM-0.264_LPIPS-0.743_FID-84.1_adasteer,,,,0.9868383517269087,0.0,61.31811365587958,0.9762153531990799
323_there-is-a-measuring-cup-filled-with-brown-liquid-on-a-white-countertop_FVD-590.4_PSNR-37.913_SSIM-0.969_LPIPS-0.007_FID-85.9_adasteer,,,,0.9968495671505782,0.0,68.13112771922144,0.9980800468547671
324_a-man-is-standing-in-front-of-a-blue-car-with-the-word-honda-on-the-license-plat_FVD-545.1_PSNR-13.071_SSIM-0.584_LPIPS-0.264_FID-82.7_adasteer,,,,0.9845106806745133,1.0,57.79614869479475,0.9776011635275448
325_an-aerial-view-of-a-lake-surrounded-by-mountains_FVD-564.4_PSNR-23.661_SSIM-0.926_LPIPS-0.046_FID-87.0_adasteer,,,,0.9950614222719002,1.0,77.22994311102505,0.9867760499318441
326_there-is-a-bowl-of-red-berries-on-a-kitchen-counter-and-a-person-is-pouring-wate_FVD-492.6_PSNR-17.718_SSIM-0.814_LPIPS-0.270_FID-77.0_adasteer,,,,0.9902907216906528,1.0,72.06127324597588,0.9853105526344449
327_a-person-holding-a-hose-with-water-coming-out-of-it_FVD-579.6_PSNR-9.569_SSIM-0.409_LPIPS-0.615_FID-74.3_adasteer,,,,0.9530829745426482,1.0,58.982670356487404,0.9289976905373966
328_there-is-a-person-standing-in-front-of-a-counter-with-various-fruits-and-vegetab_FVD-510.1_PSNR-19.109_SSIM-0.704_LPIPS-0.336_FID-81.1_adasteer,,,,0.9862989354395604,1.0,53.94573343211207,0.950458537831026
329_a-small-white-car-driving-down-a-curvy-road_FVD-569.5_PSNR-20.350_SSIM-0.892_LPIPS-0.153_FID-75.5_adasteer,,,,0.9941261567060051,1.0,55.50728594023606,0.9823739538005755
32_a-close-up-of-a-black-device-on-a-table_FVD-708.4_PSNR-20.687_SSIM-0.829_LPIPS-0.131_FID-80.9_adasteer,,,,0.9916498210862871,1.0,75.15544680891365,0.9859609566482843
330_a-man-is-sitting-in-a-hangar-next-to-an-old-airplane_FVD-463.1_PSNR-21.764_SSIM-0.832_LPIPS-0.064_FID-75.0_adasteer,,,,0.9924722555622142,0.0,71.08953173407193,0.9794905756034104
331_a-person-stirs-onions-in-a-wok-on-a-stove_FVD-510.1_PSNR-6.280_SSIM-0.458_LPIPS-0.708_FID-81.1_adasteer,,,,0.921256686468658,1.0,73.52182914470804,0.9160077038933249
332_a-little-girl-is-playing-with-toys-in-her-room_FVD-590.4_PSNR-20.509_SSIM-0.779_LPIPS-0.198_FID-85.9_adasteer,,,,0.9929684483969871,1.0,75.47295721646013,0.9835245450337727
333_a-person-is-using-a-smartphone-to-interact-with-an-interactive-display_FVD-492.6_PSNR-13.237_SSIM-0.457_LPIPS-0.330_FID-77.0_adasteer,,,,0.9845547743336117,1.0,72.65247344970703,0.9594623229082893
334_the-menu-screen-of-a-video-game_FVD-492.6_PSNR-6.700_SSIM-0.160_LPIPS-0.941_FID-77.0_adasteer,,,,0.9787943756228453,0.0,57.1919674051219,0.983890037910611
335_a-pink-background-with-streaks-of-light_FVD-545.1_PSNR-34.680_SSIM-0.916_LPIPS-0.286_FID-82.7_adasteer,,,,0.9963852065265209,0.0,36.92302559162008,0.9964554020002776
336_the-inside-of-a-recreational-vehicle-is-spacious-and-well-lit-with-comfortable-s_FVD-569.5_PSNR-16.133_SSIM-0.505_LPIPS-0.287_FID-75.5_adasteer,,,,0.9910304771948845,0.0,75.09254324025122,0.9814084857117896
337_the-motorcycle-is-placed-on-a-black-background-and-rotates-slowly-to-reveal-its_FVD-708.4_PSNR-15.643_SSIM-0.647_LPIPS-0.329_FID-80.9_adasteer,,,,0.9858510944775881,1.0,57.03746190564386,0.9579776240330117
338_a-dragon-ball-z-character-with-blond-hair_FVD-569.5_PSNR-23.831_SSIM-0.717_LPIPS-0.236_FID-75.5_adasteer,,,,0.9899481226451585,0.0,76.5611519649111,0.9892414046268837
339_a-cemetery-with-graves-and-a-church-in-the-background_FVD-463.1_PSNR-9.094_SSIM-0.431_LPIPS-0.682_FID-75.0_adasteer,,,,0.9765072353393814,1.0,76.41414195093616,0.9760943562376733
33_a-herd-of-elephants-is-standing-next-to-a-baby-elephant-at-a-watering-hole_FVD-590.4_PSNR-11.847_SSIM-0.334_LPIPS-0.780_FID-85.9_adasteer,,,,0.9639046164339133,1.0,64.93566092129412,0.966338950512456
340_a-computer-screen-showing-a-video-of-a-man-in-a-blue-shirt_FVD-545.1_PSNR-9.566_SSIM-0.473_LPIPS-0.544_FID-82.7_adasteer,,,,0.9816047524779142,1.0,73.6209243248249,0.9778285213545257
341_a-man-is-putting-food-in-a-pan-on-a-stove_FVD-545.1_PSNR-12.157_SSIM-0.383_LPIPS-0.651_FID-82.7_adasteer,,,,0.9855555356824889,1.0,53.353997986892175,0.9775762539283902
342_a-3d-rendering-of-three-people-standing-in-front-of-a-building_FVD-492.6_PSNR-18.699_SSIM-0.733_LPIPS-0.367_FID-77.0_adasteer,,,,0.9870462247064958,1.0,39.985620432886584,0.9746889282675351
343_a-woman-is-using-a-shower-gel-in-the-bathroom_FVD-463.1_PSNR-16.812_SSIM-0.809_LPIPS-0.209_FID-75.0_adasteer,,,,0.9890214417764969,1.0,76.98944696886787,0.9792435477761662
344_a-man-in-a-chefs-uniform-standing-in-a-kitchen_FVD-579.6_PSNR-22.403_SSIM-0.889_LPIPS-0.099_FID-74.3_adasteer,,,,0.9951116333285451,1.0,67.08122924278523,0.9914326611687155
345_two-men-standing-next-to-each-other-in-a-garage_FVD-463.1_PSNR-17.136_SSIM-0.720_LPIPS-0.344_FID-75.0_adasteer,,,,0.9904303753419103,1.0,67.24606257471545,0.968922347648471
346_a-person-is-preparing-food-in-a-pot-on-a-stove_FVD-510.1_PSNR-17.464_SSIM-0.758_LPIPS-0.231_FID-81.1_adasteer,,,,0.9878869760711443,1.0,64.71344520305765,0.9842600093168371
347_a-soldier-is-standing-guard-in-front-of-a-pile-of-garbage-in-a-city-street_FVD-564.4_PSNR-21.297_SSIM-0.801_LPIPS-0.154_FID-87.0_adasteer,,,,0.9927579089194439,0.0,63.79910501940497,0.9847813783907423
348_a-red-car-is-driving-on-a-road-surrounded-by-trees-and-bushes_FVD-564.4_PSNR-19.986_SSIM-0.584_LPIPS-0.436_FID-87.0_adasteer,,,,0.9856634803360447,1.0,45.77616579779263,0.970108553942512
349_a-page-with-a-description-of-a-video-in-spanish_FVD-545.1_PSNR-7.509_SSIM-0.310_LPIPS-0.732_FID-82.7_adasteer,,,,0.9802124327963022,0.0,77.06748383620689,0.980026398453058
34_a-poster-that-says-u-s-high-school-stats_FVD-463.1_PSNR-38.675_SSIM-0.966_LPIPS-0.002_FID-75.0_adasteer,,,,0.9988672083082699,0.0,47.26975526480839,0.9990251514257169
350_a-black-audi-sedan-parked-in-a-parking-lot_FVD-492.6_PSNR-18.465_SSIM-0.776_LPIPS-0.186_FID-77.0_adasteer,,,,0.9919349081780149,1.0,56.97172789738096,0.985434778063905
351_a-black-and-white-photo-of-men-standing-in-a-room-next-to-a-medical-instrument-w_FVD-510.1_PSNR-10.468_SSIM-0.639_LPIPS-0.363_FID-81.1_adasteer,,,,0.9760295197806687,1.0,76.0713040582065,0.9509182574702244
352_a-news-anchor-and-reporter-are-sitting-at-a-news-desk-in-a-television-studio_FVD-579.6_PSNR-23.762_SSIM-0.884_LPIPS-0.054_FID-74.3_adasteer,,,,0.9945747191772008,0.0,75.85019920612204,0.9931183123121075
353_a-man-and-woman-are-sitting-at-a-table-in-a-restaurant-eating-a-meal-with-spoons_FVD-545.1_PSNR-13.314_SSIM-0.522_LPIPS-0.455_FID-82.7_adasteer,,,,0.9864973843770948,1.0,43.056597610999795,0.955864756715064
354_the-host-is-sitting-on-a-news-desk-in-front-of-a-green-screen-with-a-soccer-stad_FVD-569.5_PSNR-27.810_SSIM-0.923_LPIPS-0.028_FID-75.5_adasteer,,,,0.9949116625816994,0.0,75.90616502432988,0.9916750730252734
355_a-group-of-musicians-are-performing-on-stage-and-playing-their-instruments_FVD-590.4_PSNR-14.804_SSIM-0.658_LPIPS-0.475_FID-85.9_adasteer,,,,0.9879597428247474,1.0,59.70786811565531,0.9809389020882401
356_two-women-are-entering-a-house-and-one-of-them-is-pointing-at-the-door_FVD-545.1_PSNR-6.749_SSIM-0.409_LPIPS-0.772_FID-82.7_adasteer,,,,0.965026552053781,1.0,72.67752404048525,0.9572009441899318
357_a-silhouette-of-two-people-standing-under-a-starry-sky_FVD-590.4_PSNR-29.749_SSIM-0.958_LPIPS-0.034_FID-85.9_adasteer,,,,0.9954176706072385,0.0,71.95349594642376,0.9959094080270505
358_a-computer-displays-a-view-of-a-planet-in-space_FVD-564.4_PSNR-17.407_SSIM-0.817_LPIPS-0.339_FID-87.0_adasteer,,,,0.9918598955340684,1.0,50.42240642679149,0.9834411078808354
359_a-person-is-opening-the-door-of-a-black-car-and-getting-into-the-car-at-night_FVD-510.1_PSNR-20.050_SSIM-0.678_LPIPS-0.272_FID-81.1_adasteer,,,,0.993626334114041,0.0,63.817817556447,0.9875784976809633
35_two-cars-on-a-road-with-the-words-this-vs-that_FVD-708.4_PSNR-11.316_SSIM-0.369_LPIPS-0.692_FID-80.9_adasteer,,,,0.9591597711801066,1.0,56.52635626957334,0.9559679928947897
360_the-water-in-the-bathtub-is-cloudy-and-there-is-a-white-cloud-floating-in-it_FVD-569.5_PSNR-15.668_SSIM-0.667_LPIPS-0.395_FID-75.5_adasteer,,,,0.9850678309852253,1.0,46.37110479946794,0.9573684280993892
361_a-person-putting-something-on-a-piece-of-cloth_FVD-590.4_PSNR-11.607_SSIM-0.355_LPIPS-0.615_FID-85.9_adasteer,,,,0.9704089994037144,1.0,62.07053967179923,0.9701493861628514
362_a-plate-with-a-green-plant-and-peppers-on-it_FVD-590.4_PSNR-18.727_SSIM-0.471_LPIPS-0.235_FID-85.9_adasteer,,,,0.9879486749293735,1.0,80.1686230363517,0.971393944235409
363_a-computer-screen-showing-the-settings-for-windows-7_FVD-510.1_PSNR-19.975_SSIM-0.895_LPIPS-0.174_FID-81.1_adasteer,,,,0.9939358674158766,0.0,62.8204108928812,0.9943408657522762
364_a-red-and-white-christmas-card-with-different-logos-on-it_FVD-542.0_PSNR-26.630_SSIM-0.912_LPIPS-0.027_FID-84.1_adasteer,,,,0.9937555471574313,0.0,71.10544454640356,0.9910375305250579
365_a-bmw-car-driving-down-a-road-with-a-grassy-field-in-the-background_FVD-579.6_PSNR-19.509_SSIM-0.862_LPIPS-0.100_FID-74.3_adasteer,,,,0.9878973105334548,1.0,56.87451908506196,0.9857276439666748
366_a-football-player-talks-to-the-media-during-a-press-conference_FVD-463.1_PSNR-25.087_SSIM-0.903_LPIPS-0.045_FID-75.0_adasteer,,,,0.9945839103536713,0.0,74.48364705052869,0.9935939031488755
367_a-man-is-riding-a-surfboard-on-a-water-slide_FVD-569.5_PSNR-9.968_SSIM-0.311_LPIPS-0.686_FID-75.5_adasteer,,,,0.9734625358556884,1.0,73.43549873088968,0.9331336526309743
368_there-are-several-semi-trucks-parked-on-a-snowy-road-at-night_FVD-569.5_PSNR-17.566_SSIM-0.729_LPIPS-0.385_FID-75.5_adasteer,,,,0.9890763980538796,1.0,37.842102182322535,0.9644516178205902
369_a-computer-screen-with-a-blue-background-and-a-daisy_FVD-545.1_PSNR-4.270_SSIM-0.220_LPIPS-0.651_FID-82.7_adasteer,,,,0.9732443197631616,1.0,67.8771717466157,0.9714594485712986
36_a-sign-made-of-wood-with-a-map-on-it_FVD-542.0_PSNR-21.456_SSIM-0.838_LPIPS-0.076_FID-84.1_adasteer,,,,0.9935096532603426,0.0,75.8266022780846,0.9886779168072869
370_two-baked-potatoes-with-the-words-colorful-cooking-techniques_FVD-492.6_PSNR-27.367_SSIM-0.937_LPIPS-0.039_FID-77.0_adasteer,,,,0.9984635245992093,0.0,59.64661854711072,0.9985601342191883
371_a-woman-is-cutting-garlic-on-a-wooden-cutting-board-with-a-knife_FVD-579.6_PSNR-15.832_SSIM-0.569_LPIPS-0.603_FID-74.3_adasteer,,,,0.9719335703699215,1.0,31.993451545978413,0.9547748116885915
372_a-comic-book-cover-with-a-man-pointing-a-gun-at-another-man_FVD-463.1_PSNR-5.910_SSIM-0.533_LPIPS-0.584_FID-75.0_adasteer,,,,0.9779564338422334,0.0,64.77401575548896,0.9820177508335487
373_there-is-a-man-in-a-brown-robe-standing-in-front-of-a-white-wall-with-his-head-t_FVD-564.4_PSNR-25.493_SSIM-0.835_LPIPS-0.138_FID-87.0_adasteer,,,,0.9947185139079671,1.0,61.48245278720198,0.9814507858425963
374_a-man-is-playing-golf-on-a-green-grass-field-with-an-ocean-in-the-background_FVD-542.0_PSNR-26.573_SSIM-0.867_LPIPS-0.075_FID-84.1_adasteer,,,,0.9944359326930559,0.0,60.26309309334591,0.9933469290826835
375_a-cartoon-spongebob-squarepants-character-with-a-hat_FVD-569.5_PSNR-12.455_SSIM-0.683_LPIPS-0.369_FID-75.5_adasteer,,,,0.9699679164534404,1.0,77.83985848262392,0.9750927831612382
376_two-men-are-working-on-a-tire-in-a-workshop_FVD-564.4_PSNR-6.434_SSIM-0.510_LPIPS-0.576_FID-87.0_adasteer,,,,0.9863454966321464,1.0,71.71667348927465,0.9813932998507631
377_a-logo-for-a-restaurant-with-a-fork-and-spoon_FVD-579.6_PSNR-27.634_SSIM-0.931_LPIPS-0.020_FID-74.3_adasteer,,,,0.9949879658059806,0.0,77.64388722386853,0.9892728599847532
378_a-planet-with-flames-coming-out-of-it_FVD-708.4_PSNR-12.974_SSIM-0.731_LPIPS-0.275_FID-80.9_adasteer,,,,0.967106519123408,1.0,67.27193293078193,0.9680988199570599
379_the-player-is-holding-a-gun-and-looking-down-a-street-with-buildings-on-either-s_FVD-708.4_PSNR-18.596_SSIM-0.585_LPIPS-0.246_FID-80.9_adasteer,,,,0.9868963651833597,1.0,66.32156582536369,0.9557555366964902
37_a-tv-news-report-with-a-picture-of-a-deer_FVD-542.0_PSNR-13.644_SSIM-0.569_LPIPS-0.339_FID-84.1_adasteer,,,,0.977348693250003,1.0,74.9339986340753,0.9640544779160444
380_a-news-report-about-a-pool-health-and-safety-violations_FVD-579.6_PSNR-26.084_SSIM-0.818_LPIPS-0.048_FID-74.3_adasteer,,,,0.9947891502688148,0.0,69.86990908918709,0.9932673575831394
381_the-logo-for-gold-solace_FVD-590.4_PSNR-18.870_SSIM-0.917_LPIPS-0.094_FID-85.9_adasteer,,,,0.9903012838749282,1.0,64.50829749271787,0.9827094040664972
382_it-is-a-small-metal-screw-with-a-spring-on-the-end-sitting-on-top-of-a-wooden-su_FVD-579.6_PSNR-39.832_SSIM-0.968_LPIPS-0.017_FID-74.3_adasteer,,,,0.9963749555310906,0.0,74.1793239198882,0.9975687515501882
383_there-is-a-grill-on-a-balcony-with-mountains-in-the-background_FVD-545.1_PSNR-20.644_SSIM-0.811_LPIPS-0.174_FID-82.7_adasteer,,,,0.9935740684160951,1.0,67.77734309229358,0.9839088720433852
384_a-person-is-riding-a-green-motorcycle-in-a-parking-lot_FVD-564.4_PSNR-12.332_SSIM-0.606_LPIPS-0.568_FID-87.0_adasteer,,,,0.967925400762602,1.0,55.83418957940464,0.9571854572670132
385_a-close-up-of-a-plate-of-food-with-the-word-pot-roast-on-it_FVD-463.1_PSNR-16.440_SSIM-0.608_LPIPS-0.437_FID-75.0_adasteer,,,,0.9876169728708791,1.0,77.92838892443427,0.9619821660658893
386_the-person-is-wearing-a-black-hat-with-a-white-logo-on-it-and-they-are-standing_FVD-564.4_PSNR-23.830_SSIM-0.751_LPIPS-0.060_FID-87.0_adasteer,,,,0.9913169813531716,0.0,73.35687808332771,0.9894138167886173
387_a-large-red-truck-is-driving-down-a-dirt-road_FVD-463.1_PSNR-23.240_SSIM-0.775_LPIPS-0.129_FID-75.0_adasteer,,,,0.9855350175593742,1.0,42.43867407173946,0.9589460073732863
388_a-video-game-character-with-a-mask-on_FVD-590.4_PSNR-20.972_SSIM-0.873_LPIPS-0.090_FID-85.9_adasteer,,,,0.9952602801270081,0.0,38.244547613735854,0.9927297017153571
389_there-is-a-blue-and-white-logo-with-the-words-switch-traps-on-a-white-background_FVD-463.1_PSNR-40.682_SSIM-0.992_LPIPS-0.005_FID-75.0_adasteer,,,,0.9962095223038467,0.0,67.86951893773572,0.9984469940849379
38_a-maroon-dodge-ram-truck-driving-down-the-road_FVD-545.1_PSNR-18.100_SSIM-0.714_LPIPS-0.308_FID-82.7_adasteer,,,,0.9941451429663746,0.0,55.25585214022932,0.9920445554396685
390_a-white-cat-sniffing-leaves-on-the-floor-next-to-a-pair-of-scissors_FVD-569.5_PSNR-26.084_SSIM-0.817_LPIPS-0.220_FID-75.5_adasteer,,,,0.9935993930157533,0.0,61.19905142948545,0.9884018785813276
391_a-view-of-a-garden-with-mulch-and-plants_FVD-708.4_PSNR-16.883_SSIM-0.746_LPIPS-0.188_FID-80.9_adasteer,,,,0.9917978665491303,1.0,71.3296653484476,0.9841100636650534
392_a-wooden-table-with-a-variety-of-ingredients-on-it_FVD-708.4_PSNR-17.778_SSIM-0.491_LPIPS-0.173_FID-80.9_adasteer,,,,0.9715586803965711,1.0,67.63239327792463,0.9647210139854282
393_a-man-is-holding-a-fish-in-his-hand-and-showing-it-to-the-camera_FVD-569.5_PSNR-20.751_SSIM-0.722_LPIPS-0.242_FID-75.5_adasteer,,,,0.9915950785028221,1.0,74.2655108221646,0.9799770224328135
394_a-chef-is-standing-in-front-of-a-kitchen-counter-and-talking-to-the-camera_FVD-492.6_PSNR-12.202_SSIM-0.555_LPIPS-0.659_FID-77.0_adasteer,,,,0.9836097852268578,1.0,57.15082918364426,0.9779273407132018
395_a-video-game-screen-showing-a-girl-with-red-hair_FVD-545.1_PSNR-14.312_SSIM-0.681_LPIPS-0.232_FID-82.7_adasteer,,,,0.984436233127065,1.0,73.85891171159416,0.9743345485014074
396_a-wooden-spoon-sitting-on-top-of-a-black-lid_FVD-569.5_PSNR-7.988_SSIM-0.522_LPIPS-0.520_FID-75.5_adasteer,,,,0.9903241091441918,0.0,72.91037987018454,0.9860087675206801
397_a-poster-of-a-football-player-in-uniform-with-a-football-in-front-of-him_FVD-708.4_PSNR-31.388_SSIM-0.925_LPIPS-0.026_FID-80.9_adasteer,,,,0.9955774056417439,0.0,71.37137577451509,0.9949086778304156
398_there-is-a-green-fruit-on-a-white-background_FVD-510.1_PSNR-30.268_SSIM-0.903_LPIPS-0.090_FID-81.1_adasteer,,,,0.994705458939719,0.0,73.62656218430092,0.9947793988620534
399_a-collage-of-pictures-of-a-woman-with-long-hair_FVD-545.1_PSNR-20.123_SSIM-0.737_LPIPS-0.142_FID-82.7_adasteer,,,,0.993683928131883,1.0,68.27358232695481,0.9888908732171152
39_a-man-is-sitting-in-front-of-a-microphone-and-talking-to-the-interviewer_FVD-579.6_PSNR-5.510_SSIM-0.232_LPIPS-0.827_FID-74.3_adasteer,,,,0.9731991386966111,1.0,72.810493337697,0.9692515261033002
3_a-police-officer-in-a-video-game_FVD-590.4_PSNR-16.251_SSIM-0.417_LPIPS-0.699_FID-85.9_adasteer,,,,0.9778833196606634,0.0,51.649796584556846,0.980261972838757
400_a-person-is-using-a-hairdryer-to-dry-a-stuffed-animal-on-a-table_FVD-564.4_PSNR-20.575_SSIM-0.764_LPIPS-0.240_FID-87.0_adasteer,,,,0.9721993831587122,1.0,42.49587848268706,0.9563795538509593
401_a-purple-sticker-on-the-side-of-a-laptop_FVD-463.1_PSNR-15.857_SSIM-0.512_LPIPS-0.450_FID-75.0_adasteer,,,,0.9826868274019009,1.0,68.3543263139396,0.9630150028303558
402_a-man-is-talking-to-another-man-in-front-of-a-blue-screen_FVD-564.4_PSNR-6.978_SSIM-0.230_LPIPS-0.686_FID-87.0_adasteer,,,,0.9809235053863959,1.0,62.11173077287345,0.9793634021983427
403_there-is-a-tree-with-roots-growing-out-of-the-ground_FVD-542.0_PSNR-16.078_SSIM-0.643_LPIPS-0.249_FID-84.1_adasteer,,,,0.9757661794351822,1.0,77.04327550427666,0.9695612402523265
404_a-black-ford-explorer-parked-in-a-parking-lot_FVD-590.4_PSNR-16.649_SSIM-0.517_LPIPS-0.484_FID-85.9_adasteer,,,,0.9824048489254142,0.0,56.820593209102235,0.9774330008263682
405_two-men-standing-next-to-two-cars-on-a-grassy-field_FVD-492.6_PSNR-25.423_SSIM-0.856_LPIPS-0.028_FID-77.0_adasteer,,,,0.9928994788019375,0.0,78.46437730460332,0.9917052568173876
406_a-man-is-standing-in-a-bathroom-and-talking-to-the-camera_FVD-708.4_PSNR-19.711_SSIM-0.668_LPIPS-0.365_FID-80.9_adasteer,,,,0.9766222908100206,0.0,71.51041044037918,0.977982229344985
407_two-simpsons-characters-standing-next-to-each-other_FVD-545.1_PSNR-14.044_SSIM-0.744_LPIPS-0.458_FID-82.7_adasteer,,,,0.9597948891428901,1.0,68.31540811472925,0.9471252067416323
408_there-is-a-body-of-water-in-the-foreground-with-some-small-islands-in-the-backgr_FVD-492.6_PSNR-15.802_SSIM-0.480_LPIPS-0.249_FID-77.0_adasteer,,,,0.9808727907228596,1.0,72.82575252138335,0.9724488389258291
409_a-close-up-of-a-wheel-bearing-on-a-vehicle_FVD-569.5_PSNR-12.829_SSIM-0.485_LPIPS-0.485_FID-75.5_adasteer,,,,0.9817582726199454,1.0,58.09084004369275,0.9347068861419079
40_a-person-is-holding-a-stainless-steel-dough-hook-and-talking-about-its-quality_FVD-708.4_PSNR-8.658_SSIM-0.629_LPIPS-0.644_FID-80.9_adasteer,,,,0.9595252219143534,1.0,65.99114371990335,0.9497045816159716
410_there-is-a-young-boy-standing-in-a-room-with-a-dresser-and-a-bed-in-the-backgrou_FVD-564.4_PSNR-23.340_SSIM-0.818_LPIPS-0.080_FID-87.0_adasteer,,,,0.9948519339626876,0.0,72.53528252963362,0.9917535211525711
411_a-person-is-mixing-coconut-milk-in-a-metal-bowl-on-a-wooden-cutting-board_FVD-510.1_PSNR-12.248_SSIM-0.558_LPIPS-0.460_FID-81.1_adasteer,,,,0.9779520082271691,1.0,67.97088359964305,0.9667649998384363
412_a-close-up-of-a-pair-of-hands-holding-a-thread_FVD-569.5_PSNR-8.143_SSIM-0.681_LPIPS-0.452_FID-75.5_adasteer,,,,0.982182636242264,1.0,60.663390981739965,0.9620726678885666
413_there-is-a-jungle-with-tropical-plants-and-trees-and-the-text-raritan-jungle-app_FVD-463.1_PSNR-14.625_SSIM-0.414_LPIPS-0.317_FID-75.0_adasteer,,,,0.990091747168953,1.0,63.831325136382006,0.9777134857925714
414_a-man-is-standing-next-to-a-black-truck-in-a-parking-lot-pointing-out-the-featur_FVD-542.0_PSNR-14.659_SSIM-0.491_LPIPS-0.350_FID-84.1_adasteer,,,,0.9823611382320022,1.0,78.2148305958715,0.956168571172976
415_a-close-up-of-a-blue-car-parked-in-a-showroom_FVD-564.4_PSNR-35.795_SSIM-0.965_LPIPS-0.012_FID-87.0_adasteer,,,,0.9962334127694882,0.0,69.87309212520205,0.9969276283301559
416_a-person-is-driving-a-car-and-using-the-cars-navigation-system_FVD-569.5_PSNR-24.837_SSIM-0.810_LPIPS-0.045_FID-75.5_adasteer,,,,0.9925786618066029,0.0,74.6758146614864,0.9845141897014543
417_there-is-a-picture-of-a-man-on-a-video-game_FVD-569.5_PSNR-13.782_SSIM-0.600_LPIPS-0.333_FID-75.5_adasteer,,,,0.9908059917343006,0.0,49.59762533779802,0.9776104740068025
418_a-screen-shot-of-a-video-game-menu_FVD-708.4_PSNR-14.693_SSIM-0.585_LPIPS-0.622_FID-80.9_adasteer,,,,0.9903672661973444,0.0,42.960359507593616,0.986019256068211
419_a-man-is-standing-outside-at-night-and-waving-a-flashlight-around_FVD-542.0_PSNR-15.093_SSIM-0.681_LPIPS-0.437_FID-84.1_adasteer,,,,0.9694793843351978,1.0,42.75181868980671,0.9556890637266869
41_there-is-an-offshore-oil-platform-in-the-middle-of-a-large-body-of-water-the-sky_FVD-492.6_PSNR-10.633_SSIM-0.681_LPIPS-0.413_FID-77.0_adasteer,,,,0.9836574508943535,1.0,74.6875747154499,0.9784388990963206
420_a-football-game-is-taking-place-on-a-large-field-with-a-crowd-of-people-watching_FVD-590.4_PSNR-17.229_SSIM-0.635_LPIPS-0.152_FID-85.9_adasteer,,,,0.9880775026690697,1.0,69.56061501338564,0.9753645018035291
421_two-men-in-white-lab-coats-standing-in-front-of-a-table-with-red-cups_FVD-542.0_PSNR-24.384_SSIM-0.886_LPIPS-0.054_FID-84.1_adasteer,,,,0.9951071621223276,0.0,75.0851708773909,0.9938289240294812
422_an-amazon-product-page-on-a-computer-screen_FVD-492.6_PSNR-11.127_SSIM-0.586_LPIPS-0.525_FID-77.0_adasteer,,,,0.9872962751139451,1.0,72.80449650205415,0.9812235327327953
423_a-blue-background-with-the-words-season-1-vlog-13_FVD-510.1_PSNR-17.403_SSIM-0.881_LPIPS-0.198_FID-81.1_adasteer,,,,0.9913764432054873,1.0,62.83002077299973,0.9773686839085
424_two-trays-of-green-beans-on-the-ground-next-to-each-other_FVD-510.1_PSNR-22.616_SSIM-0.628_LPIPS-0.138_FID-81.1_adasteer,,,,0.9795381980917367,0.0,78.39128296950767,0.9770597775777181
425_a-group-of-soldiers-are-patrolling-an-area-with-riot-gear-and-weapons_FVD-579.6_PSNR-17.815_SSIM-0.420_LPIPS-0.324_FID-74.3_adasteer,,,,0.9923191195548733,0.0,56.00594342988113,0.9849557605444216
426_the-player-is-in-a-dungeon-with-zombies-coming-out-of-the-ground_FVD-569.5_PSNR-23.379_SSIM-0.915_LPIPS-0.123_FID-75.5_adasteer,,,,0.9941423591004244,1.0,63.822416371312634,0.9921220798118442
427_there-is-a-car-on-fire-in-the-middle-of-a-city-street-with-smoke-billowing-out-o_FVD-463.1_PSNR-15.556_SSIM-0.582_LPIPS-0.670_FID-75.0_adasteer,,,,0.9806464598726777,0.0,68.27933147035796,0.9824610953237496
428_a-race-car-is-driving-on-a-track-in-a-racing-video-game_FVD-590.4_PSNR-15.652_SSIM-0.651_LPIPS-0.383_FID-85.9_adasteer,,,,0.9748431972949436,1.0,69.19649137299636,0.9523646709965724
429_a-man-in-a-suit-and-tie-sitting-at-a-desk_FVD-590.4_PSNR-27.038_SSIM-0.894_LPIPS-0.030_FID-85.9_adasteer,,,,0.9957704621979667,0.0,69.69627038363753,0.9950569297753128
42_a-man-in-a-white-shirt-and-glasses-stands-in-front-of-a-city-and-a-river_FVD-569.5_PSNR-22.440_SSIM-0.758_LPIPS-0.075_FID-75.5_adasteer,,,,0.9927709849297625,0.0,77.11396684317754,0.9853787964465571
430_a-young-man-in-glasses-is-sitting-at-a-desk-with-a-computer-and-books-on-a-shelf_FVD-590.4_PSNR-15.376_SSIM-0.698_LPIPS-0.260_FID-85.9_adasteer,,,,0.9852142975913656,1.0,74.32032368100923,0.9698771588942584
431_a-black-background-with-red-text-on-it_FVD-545.1_PSNR-34.030_SSIM-0.983_LPIPS-0.045_FID-82.7_adasteer,,,,0.9947237010121891,0.0,57.479209373737206,0.9973885725526249
432_a-man-is-playing-a-video-game-on-his-computer-with-a-view-of-the-city-in-the-bac_FVD-510.1_PSNR-26.424_SSIM-0.883_LPIPS-0.047_FID-81.1_adasteer,,,,0.9950682282127595,0.0,72.8203677473397,0.9938301759607652
433_a-couple-of-people-in-a-video-game-looking-at-each-other_FVD-579.6_PSNR-23.322_SSIM-0.762_LPIPS-0.220_FID-74.3_adasteer,,,,0.9929679373084703,1.0,59.303605046765554,0.9867364341137456
434_a-soccer-game-is-being-played-on-a-tv-screen_FVD-545.1_PSNR-25.393_SSIM-0.910_LPIPS-0.047_FID-82.7_adasteer,,,,0.9950625629859315,0.0,74.67768017999057,0.9926953806596643
435_a-bunch-of-lemons-and-a-picture-of-the-fruit_FVD-463.1_PSNR-21.855_SSIM-0.754_LPIPS-0.157_FID-75.0_adasteer,,,,0.9921475301191524,1.0,44.21624453314419,0.9802642840965121
436_a-painting-of-a-man-kicking-a-soccer-ball_FVD-579.6_PSNR-20.040_SSIM-0.828_LPIPS-0.139_FID-74.3_adasteer,,,,0.9921544653518459,1.0,66.60983486833244,0.9854943518545113
437_a-black-and-white-photo-of-a-man-and-woman-playing-a-musical-instrument_FVD-542.0_PSNR-29.820_SSIM-0.936_LPIPS-0.022_FID-84.1_adasteer,,,,0.9883328320644498,0.0,69.05571773134429,0.984167547786937
438_a-person-holding-an-iphone-in-front-of-a-speaker_FVD-564.4_PSNR-19.056_SSIM-0.850_LPIPS-0.093_FID-87.0_adasteer,,,,0.989608387425483,1.0,75.46666822762325,0.9853176444184546
439_a-toy-frog-and-a-toy-snake-on-a-table_FVD-492.6_PSNR-18.840_SSIM-0.689_LPIPS-0.303_FID-77.0_adasteer,,,,0.9768153483014467,1.0,72.48955483272158,0.9790645786360198
43_a-video-game-with-a-green-robot-in-the-middle-of-a-city_FVD-569.5_PSNR-13.138_SSIM-0.386_LPIPS-0.666_FID-75.5_adasteer,,,,0.9811179133111578,0.0,77.40736152385843,0.9772244977016075
440_a-person-is-preparing-a-dish-by-cutting-meat-into-small-pieces-and-mixing-it-wit_FVD-492.6_PSNR-15.247_SSIM-0.516_LPIPS-0.453_FID-77.0_adasteer,,,,0.9705388916383861,1.0,69.14412478742928,0.9571073382508521
441_a-man-is-talking-to-the-camera-in-a-garage_FVD-564.4_PSNR-12.307_SSIM-0.538_LPIPS-0.437_FID-87.0_adasteer,,,,0.9815074326672443,1.0,49.96508973220299,0.9552909888473211
442_two-chicken-breasts-are-being-fried-in-a-pan-with-garlic-and-lemon-juice_FVD-510.1_PSNR-17.808_SSIM-0.824_LPIPS-0.410_FID-81.1_adasteer,,,,0.9915989212525288,1.0,73.60411913641568,0.9677773232553519
443_a-glass-jar-with-candy-inside-and-text_FVD-545.1_PSNR-7.188_SSIM-0.333_LPIPS-0.757_FID-82.7_adasteer,,,,0.9733689802376613,1.0,51.60876346456593,0.9571676852656346
444_a-chef-is-standing-in-front-of-a-kitchen-counter-and-talking-to-the-camera_FVD-569.5_PSNR-6.368_SSIM-0.497_LPIPS-0.766_FID-75.5_adasteer,,,,0.9894769644970702,1.0,61.18800577624091,0.9790849255580528
445_a-basketball-game-is-being-played-in-an-arena-with-a-large-crowd-of-people-watch_FVD-569.5_PSNR-19.110_SSIM-0.736_LPIPS-0.161_FID-75.5_adasteer,,,,0.967628845508556,1.0,73.32969165670461,0.9663368337294634
446_a-braun-smart-control-electric-shaver-on-a-white-background_FVD-545.1_PSNR-29.543_SSIM-0.862_LPIPS-0.051_FID-82.7_adasteer,,,,0.9965416017168085,0.0,65.276015972269,0.990619488323436
447_a-collage-of-pictures-of-men-wearing-watches_FVD-590.4_PSNR-20.711_SSIM-0.813_LPIPS-0.136_FID-85.9_adasteer,,,,0.993324233339169,1.0,65.9764746304216,0.9879908178366866
448_a-chef-is-preparing-food-in-a-kitchen_FVD-579.6_PSNR-9.746_SSIM-0.472_LPIPS-0.854_FID-74.3_adasteer,,,,0.9857317557765627,1.0,54.975439400508485,0.9849076710495295
449_a-young-girl-is-preparing-food-on-a-cutting-board-in-a-kitchen_FVD-579.6_PSNR-18.562_SSIM-0.724_LPIPS-0.274_FID-74.3_adasteer,,,,0.9881074890225855,0.0,75.46072335078799,0.988930393667782
44_an-aerial-view-of-a-grassy-field-with-a-river-running-through-it_FVD-510.1_PSNR-24.313_SSIM-0.729_LPIPS-0.089_FID-81.1_adasteer,,,,0.9939489116292884,1.0,76.01198762038658,0.9833524105595607
450_a-woman-is-sitting-on-a-couch-and-talking-to-the-camera-with-a-serious-expressio_FVD-590.4_PSNR-24.492_SSIM-0.920_LPIPS-0.046_FID-85.9_adasteer,,,,0.9955683208446305,0.0,68.94827612515154,0.9956845278833427
451_a-black-background-with-the-words-no-known-anything-about-him_FVD-492.6_PSNR-22.499_SSIM-0.783_LPIPS-0.259_FID-77.0_adasteer,,,,0.9989041651983978,0.0,49.86536341700061,0.9985126345765357
452_the-computer-screen-is-displaying-a-white-screen-with-a-black-border-and-there-a_FVD-542.0_PSNR-14.123_SSIM-0.686_LPIPS-0.398_FID-84.1_adasteer,,,,0.989637295723578,0.0,71.75065560176455,0.9845388300278608
453_a-mobile-phone-with-the-word-subscribe-written-in-hindi-on-a-yellow-and-blue-bac_FVD-579.6_PSNR-25.712_SSIM-0.902_LPIPS-0.277_FID-74.3_adasteer,,,,0.9942368583384208,1.0,73.81576774860251,0.9938472705728868
454_it-is-a-black-background-with-white-text-that-reads-2009-volkswagen-jetta-tdi-mk_FVD-463.1_PSNR-32.471_SSIM-0.945_LPIPS-0.008_FID-75.0_adasteer,,,,0.9985357066170485,0.0,55.84656945590315,0.9976950369629205
455_a-man-holding-a-microphone-in-front-of-a-red-car_FVD-708.4_PSNR-14.269_SSIM-0.637_LPIPS-0.534_FID-80.9_adasteer,,,,0.9517182746830035,1.0,36.6512776078849,0.9286477556415632
456_a-man-is-driving-a-car-with-an-autonomous-system_FVD-510.1_PSNR-11.430_SSIM-0.474_LPIPS-0.451_FID-81.1_adasteer,,,,0.9416150429856772,1.0,66.28334650500068,0.9124511269962087
457_an-orange-phone-is-placed-on-a-stand-with-a-black-background_FVD-569.5_PSNR-5.251_SSIM-0.306_LPIPS-0.849_FID-75.5_adasteer,,,,0.9467631244538414,1.0,54.224524793953734,0.9402262706382601
458_person-is-pouring-a-liquid-into-small-cups-on-a-baking-tray_FVD-463.1_PSNR-18.394_SSIM-0.772_LPIPS-0.276_FID-75.0_adasteer,,,,0.9892173616909371,1.0,56.53272786633722,0.9810112915787043
459_a-man-is-holding-up-a-large-cardboard-sign-that-says-solo_FVD-463.1_PSNR-23.900_SSIM-0.892_LPIPS-0.040_FID-75.0_adasteer,,,,0.9933462685955793,1.0,74.3458322985419,0.9888954489838844
45_it-is-a-screenshot-of-a-computer-screen-displaying-an-excel-spreadsheet-with-sev_FVD-542.0_PSNR-11.369_SSIM-0.457_LPIPS-0.489_FID-84.1_adasteer,,,,0.9859598272735911,0.0,70.92939626759497,0.9878992464028152
460_a-car-is-driving-down-a-road-with-trees-on-both-sides_FVD-708.4_PSNR-16.521_SSIM-0.599_LPIPS-0.258_FID-80.9_adasteer,,,,0.9908727339092689,0.0,76.13259098447602,0.9812596601598403
461_an-iphone-a-cup-of-coffee-a-yellow-sticky-note-and-a-computer-are-on-a-desk_FVD-708.4_PSNR-17.534_SSIM-0.825_LPIPS-0.221_FID-80.9_adasteer,,,,0.9914581119239896,0.0,77.18403888570852,0.9925407591988059
462_a-cell-phone-with-the-text-detailed-appointment-history-access-multiple-schedule_FVD-590.4_PSNR-8.671_SSIM-0.595_LPIPS-0.569_FID-85.9_adasteer,,,,0.9886553331268405,0.0,61.89327858234274,0.9871795448602415
463_the-computer-program-is-searching-for-and-highlighting-different-components-of-a_FVD-564.4_PSNR-13.208_SSIM-0.683_LPIPS-0.418_FID-87.0_adasteer,,,,0.9867356411715327,1.0,65.64349996632544,0.9764272297129911
464_a-man-wearing-headphones-is-sitting-in-front-of-a-laptop-computer-and-talking-in_FVD-510.1_PSNR-21.454_SSIM-0.857_LPIPS-0.112_FID-81.1_adasteer,,,,0.9946707507455439,0.0,76.3455836855132,0.9934417476841048
465_it-is-a-close-up-shot-of-a-succulent-plant-with-small-insects-crawling-on-it_FVD-590.4_PSNR-32.073_SSIM-0.967_LPIPS-0.012_FID-85.9_adasteer,,,,0.9944163161057692,0.0,76.48688296614021,0.9872506478253533
466_a-person-is-cutting-a-red-pepper-on-a-cutting-board-with-a-knife_FVD-463.1_PSNR-7.304_SSIM-0.515_LPIPS-0.718_FID-75.0_adasteer,,,,0.9827249928082878,1.0,75.98307642443427,0.9751621620327818
467_a-person-is-mixing-ingredients-in-a-bowl-on-a-wooden-table_FVD-492.6_PSNR-12.926_SSIM-0.521_LPIPS-0.553_FID-77.0_adasteer,,,,0.9833223858453638,1.0,68.53718593202788,0.9520865122477213
468_there-is-a-staircase-leading-to-the-second-floor-of-an-open-concept-loft-with-a_FVD-579.6_PSNR-6.198_SSIM-0.218_LPIPS-0.796_FID-74.3_adasteer,,,,0.9855349214672515,0.0,57.88660601911874,0.9809659415600347
469_people-are-exercising-on-outdoor-fitness-equipment-in-a-park_FVD-542.0_PSNR-13.647_SSIM-0.585_LPIPS-0.417_FID-84.1_adasteer,,,,0.9858561868924921,1.0,76.32989528261382,0.9719053324531106
46_a-close-up-of-a-blue-and-white-emblem-on-a-car_FVD-545.1_PSNR-16.527_SSIM-0.654_LPIPS-0.397_FID-82.7_adasteer,,,,0.9944776614572111,0.0,75.57151925974878,0.9891469385109696
470_a-person-is-playing-with-a-toy-made-of-lego-bricks_FVD-545.1_PSNR-22.333_SSIM-0.875_LPIPS-0.177_FID-82.7_adasteer,,,,0.9919721718147729,0.0,68.76322818624563,0.9898482734081792
471_a-chef-is-mixing-ingredients-in-a-pot-on-a-stove_FVD-708.4_PSNR-10.896_SSIM-0.299_LPIPS-0.667_FID-80.9_adasteer,,,,0.9596071482813211,1.0,45.56706435104896,0.9421325870588714
472_there-is-a-wooden-ramp-with-green-artificial-grass-on-it_FVD-564.4_PSNR-15.462_SSIM-0.359_LPIPS-0.274_FID-87.0_adasteer,,,,0.9838535138948742,0.0,77.42001079690867,0.9345519645541323
474_the-news-reporter-is-reporting-live-from-a-snowy-city-street-at-night_FVD-545.1_PSNR-17.758_SSIM-0.839_LPIPS-0.143_FID-82.7_adasteer,,,,0.9940547654024217,1.0,72.0693780307112,0.9893167776219985
475_a-comedian-is-performing-stand-up-comedy-on-stage-in-front-of-an-audience_FVD-463.1_PSNR-12.160_SSIM-0.448_LPIPS-0.714_FID-75.0_adasteer,,,,0.9867658877453225,1.0,54.27098570198849,0.9822762077929927
476_a-young-man-is-standing-in-front-of-a-black-background-with-a-dartboard-and-a-si_FVD-463.1_PSNR-5.183_SSIM-0.452_LPIPS-0.571_FID-75.0_adasteer,,,,0.9760764370518507,1.0,54.5642125359897,0.9318444420309627
477_there-are-people-kayaking-in-the-ocean-with-a-rocky-cliff-in-the-background_FVD-463.1_PSNR-18.825_SSIM-0.732_LPIPS-0.154_FID-75.0_adasteer,,,,0.9942751951207834,1.0,65.47802839608028,0.9884808568393483
478_a-team-of-football-players-are-warming-up-on-the-field-before-a-game-of-soccer_FVD-590.4_PSNR-8.883_SSIM-0.353_LPIPS-0.720_FID-85.9_adasteer,,,,0.9598510314916565,1.0,71.84600816923997,0.9560484755272959
479_there-is-a-red-sports-car-parked-in-a-parking-garage_FVD-590.4_PSNR-8.945_SSIM-0.401_LPIPS-0.635_FID-85.9_adasteer,,,,0.9856166860440757,1.0,65.0566485174771,0.983411906747257
47_a-cartoon-drawing-of-two-trees-with-faces-on-them_FVD-708.4_PSNR-10.299_SSIM-0.729_LPIPS-0.530_FID-80.9_adasteer,,,,0.9795793456271398,1.0,62.856931883713294,0.9700599034627279
480_a-young-woman-is-sitting-on-the-floor-with-her-phone-in-front-of-her-she-appears_FVD-590.4_PSNR-15.779_SSIM-0.608_LPIPS-0.244_FID-85.9_adasteer,,,,0.981857114006126,1.0,74.58304701180293,0.9703522345599006
481_the-word-warfare-is-written-on-a-black-background-with-white-letters_FVD-542.0_PSNR-8.495_SSIM-0.236_LPIPS-0.742_FID-84.1_adasteer,,,,0.949173650062322,1.0,44.704092617692616,0.9418778438194125
482_a-black-man-is-standing-in-front-of-a-dark-background-wearing-a-plaid-shirt-and_FVD-569.5_PSNR-14.504_SSIM-0.456_LPIPS-0.549_FID-75.5_adasteer,,,,0.9777330018879882,1.0,68.36048218299602,0.9572178073957854
483_there-are-several-balls-made-of-different-fabrics-such-as-red-blue-and-white-and_FVD-590.4_PSNR-11.192_SSIM-0.701_LPIPS-0.401_FID-85.9_adasteer,,,,0.9754118061821416,1.0,74.0507733575229,0.9733728464911966
484_a-close-up-of-a-pile-of-items-on-a-table_FVD-492.6_PSNR-22.907_SSIM-0.933_LPIPS-0.212_FID-77.0_adasteer,,,,0.9949244260003681,1.0,58.1129501605856,0.9901313950033749
485_a-black-book-with-a-picture-of-a-yellow-bus_FVD-463.1_PSNR-23.022_SSIM-0.737_LPIPS-0.095_FID-75.0_adasteer,,,,0.9930818705353402,0.0,72.67604512181775,0.9778218288047641
486_a-computer-screen-with-a-picture-of-a-tiger-in-flames_FVD-579.6_PSNR-6.552_SSIM-0.420_LPIPS-0.662_FID-74.3_adasteer,,,,0.9526491649010032,1.0,54.95042064272124,0.9517355339199889
487_a-man-in-a-red-jacket-standing-in-a-flooded-area_FVD-492.6_PSNR-26.467_SSIM-0.890_LPIPS-0.066_FID-77.0_adasteer,,,,0.9950937947962304,0.0,69.63563616522427,0.9941283127840828
488_a-bookmark-with-a-safety-pin-attached-to-it_FVD-545.1_PSNR-19.071_SSIM-0.749_LPIPS-0.174_FID-82.7_adasteer,,,,0.9876064964914919,1.0,62.78102440669619,0.9847153467290541
489_a-person-is-opening-a-can-of-matcha-tea_FVD-564.4_PSNR-16.019_SSIM-0.734_LPIPS-0.221_FID-87.0_adasteer,,,,0.9913677420754626,1.0,66.21097393693596,0.9807723886826459
48_a-busy-street-in-a-city-with-people-on-motorcycles-cars-and-signs-on-the-buildin_FVD-542.0_PSNR-17.232_SSIM-0.595_LPIPS-0.284_FID-84.1_adasteer,,,,0.9878688726425399,1.0,75.18730058341191,0.9672934737859987
490_a-person-is-using-a-wooden-spoon-to-mix-red-peppers-in-a-frying-pan_FVD-708.4_PSNR-6.852_SSIM-0.334_LPIPS-0.879_FID-80.9_adasteer,,,,0.9604842346260086,1.0,56.660267797009695,0.9553521025414561
491_a-man-in-a-red-shirt-preparing-food-in-a-kitchen_FVD-569.5_PSNR-17.401_SSIM-0.780_LPIPS-0.201_FID-75.5_adasteer,,,,0.9880738177348931,1.0,71.46682476175242,0.9656384262384153
492_the-settings-page-on-the-xbox-one_FVD-463.1_PSNR-10.112_SSIM-0.703_LPIPS-0.320_FID-75.0_adasteer,,,,0.9921385886419204,0.0,68.01963714073445,0.9878627328311695
493_the-logo-for-day-drops-super-official-food-reviews_FVD-708.4_PSNR-40.729_SSIM-0.965_LPIPS-0.001_FID-80.9_adasteer,,,,0.9987834536191613,0.0,48.52218733162716,0.9988619574144775
494_there-is-a-tank-on-display-in-a-dark-room-and-it-appears-to-be-a-3d-image_FVD-590.4_PSNR-6.716_SSIM-0.553_LPIPS-0.533_FID-85.9_adasteer,,,,0.9717552755276789,1.0,71.48606846250337,0.9429156022913315
495_a-skeleton-of-a-large-animal-in-a-museum_FVD-569.5_PSNR-22.027_SSIM-0.767_LPIPS-0.057_FID-75.5_adasteer,,,,0.9880351003248522,0.0,74.73888213058999,0.9640833910773782
496_a-screen-shot-of-the-fifa-store-website_FVD-569.5_PSNR-25.127_SSIM-0.930_LPIPS-0.039_FID-75.5_adasteer,,,,0.9944345478910047,0.0,76.90102675865437,0.9932668237125173
497_a-pair-of-gloves-holding-a-pencil-to-a-piece-of-metal_FVD-564.4_PSNR-14.537_SSIM-0.733_LPIPS-0.308_FID-87.0_adasteer,,,,0.9899883490054676,1.0,60.27141084342167,0.9782857577006022
498_the-front-grille-of-a-blue-audi-suv_FVD-590.4_PSNR-25.611_SSIM-0.829_LPIPS-0.048_FID-85.9_adasteer,,,,0.9916158561448084,0.0,74.03314182676118,0.9893799286262662
499_a-car-driving-on-a-road-with-large-tires_FVD-708.4_PSNR-10.197_SSIM-0.493_LPIPS-0.663_FID-80.9_adasteer,,,,0.9923843969679218,1.0,73.29599577805092,0.9768370628356934
49_a-close-up-of-a-table-with-tools-on-it_FVD-590.4_PSNR-15.632_SSIM-0.470_LPIPS-0.269_FID-85.9_adasteer,,,,0.9857991280446473,0.0,69.63677110343144,0.9792879179412244
4_a-black-book-with-the-words-photo-critique-on-it_FVD-708.4_PSNR-33.044_SSIM-0.940_LPIPS-0.028_FID-80.9_adasteer,,,,0.9958958030327515,0.0,50.66675659705852,0.9919420485403023
500_a-pair-of-blue-clamps-holding-a-piece-of-wood_FVD-590.4_PSNR-19.897_SSIM-0.844_LPIPS-0.161_FID-85.9_adasteer,,,,0.9936185901644311,1.0,69.40272324660728,0.9862137644898658
501_two-dogs-in-life-jackets-standing-next-to-a-raft_FVD-569.5_PSNR-17.083_SSIM-0.653_LPIPS-0.369_FID-75.5_adasteer,,,,0.990667970246325,1.0,43.13406779848296,0.9600686278997683
502_there-are-glasses-filled-with-strawberries-and-bananas-on-a-table_FVD-569.5_PSNR-10.081_SSIM-0.355_LPIPS-0.653_FID-75.5_adasteer,,,,0.9683633386247128,1.0,58.92255283224171,0.9367250255509919
503_a-red-white-and-blue-crochet-flower-on-a-white-surface_FVD-708.4_PSNR-20.759_SSIM-0.791_LPIPS-0.102_FID-80.9_adasteer,,,,0.9938079568766609,0.0,72.4457357998552,0.9934824218936995
504_a-picture-of-a-blender-with-the-caption-when-found-that-the-vitamin-container-ma_FVD-542.0_PSNR-9.392_SSIM-0.771_LPIPS-0.423_FID-84.1_adasteer,,,,0.9885342259566754,0.0,64.60486168696963,0.9899615428026984
505_a-man-is-cutting-a-piece-of-wood-with-an-electric-saw_FVD-463.1_PSNR-15.850_SSIM-0.683_LPIPS-0.187_FID-75.0_adasteer,,,,0.9828151608867371,1.0,76.73659199681775,0.9749492009480795
506_an-overhead-view-of-a-race-car-on-a-race-track_FVD-564.4_PSNR-13.518_SSIM-0.465_LPIPS-0.358_FID-87.0_adasteer,,,,0.9723419081174136,1.0,49.70756714919518,0.9292316137575636
507_the-europe-1-logo-on-a-blue-background_FVD-492.6_PSNR-19.772_SSIM-0.825_LPIPS-0.155_FID-77.0_adasteer,,,,0.9891837168227334,0.0,63.65675156691979,0.9856415327857523
508_there-are-two-young-boys-in-pajamas-sitting-on-a-bed-with-a-green-blanket_FVD-579.6_PSNR-14.322_SSIM-0.503_LPIPS-0.481_FID-74.3_adasteer,,,,0.9956353968871202,0.0,75.3930487797178,0.994657767052744
509_a-close-up-of-a-toy-pony-with-colorful-hair_FVD-463.1_PSNR-21.120_SSIM-0.801_LPIPS-0.244_FID-75.0_adasteer,,,,0.9882252776244044,1.0,67.8360929817989,0.9691382913028492
50_a-television-news-screen-showing-bottles-of-soda-in-a-store_FVD-545.1_PSNR-11.321_SSIM-0.390_LPIPS-0.674_FID-82.7_adasteer,,,,0.9544998697262024,1.0,66.05926132202148,0.9288080028459138
510_a-spray-foam-insulation-installation-in-a-room_FVD-564.4_PSNR-17.968_SSIM-0.692_LPIPS-0.241_FID-87.0_adasteer,,,,0.9951343611028813,0.0,47.76015893344221,0.995823353879592
511_the-player-is-in-a-minecraft-game-and-they-are-in-a-crafting-table-room_FVD-463.1_PSNR-20.290_SSIM-0.643_LPIPS-0.161_FID-75.0_adasteer,,,,0.991444087617686,1.0,76.613662456644,0.9816593955544864
512_an-image-of-a-red-and-orange-object-in-a-dark-space_FVD-542.0_PSNR-25.489_SSIM-0.835_LPIPS-0.278_FID-84.1_adasteer,,,,0.997780275237766,0.0,31.270136274140455,0.9956114670809577
513_a-soccer-player-takes-the-ball-into-the-net-at-night-in-a-stadium-during-a-game_FVD-545.1_PSNR-13.470_SSIM-0.287_LPIPS-0.426_FID-82.7_adasteer,,,,0.970395696606634,1.0,72.55562933560076,0.9154660767199947
514_there-is-a-bridge-over-a-river-in-a-city-the-bridge-is-made-of-stone-and-has-a-w_FVD-579.6_PSNR-23.320_SSIM-0.842_LPIPS-0.100_FID-74.3_adasteer,,,,0.9944581650435281,0.0,68.73596441334692,0.9926159830654369
515_there-is-a-messy-kitchen-filled-with-piles-of-clutter-and-debris_FVD-579.6_PSNR-34.900_SSIM-0.960_LPIPS-0.009_FID-74.3_adasteer,,,,0.997252710546024,0.0,74.26963911385371,0.997708303086898
516_a-pair-of-white-sticks-in-a-grassy-field_FVD-542.0_PSNR-19.003_SSIM-0.750_LPIPS-0.115_FID-84.1_adasteer,,,,0.9858167970713926,1.0,76.30935116471916,0.9807680653590782
517_a-man-and-a-little-girl-preparing-food-in-a-kitchen_FVD-579.6_PSNR-19.002_SSIM-0.796_LPIPS-0.245_FID-74.3_adasteer,,,,0.9905219256506022,1.0,59.81197501873148,0.968387487822888
518_a-man-holding-up-a-camera-with-a-red-light-on-it_FVD-542.0_PSNR-20.515_SSIM-0.783_LPIPS-0.189_FID-84.1_adasteer,,,,0.9892570575572643,0.0,73.14302615461678,0.9782574466630525
519_a-fence-covered-in-snow-in-front-of-a-house_FVD-590.4_PSNR-6.423_SSIM-0.223_LPIPS-0.841_FID-85.9_adasteer,,,,0.9849602115485617,1.0,58.12228064701475,0.9757990332210765
51_there-are-different-tools-for-car-detailing-on-a-table_FVD-569.5_PSNR-16.498_SSIM-0.649_LPIPS-0.108_FID-75.5_adasteer,,,,0.9927570634958044,0.0,77.98504007273706,0.976713571361467
520_an-electronic-device-with-a-red-button-on-it_FVD-569.5_PSNR-36.481_SSIM-0.956_LPIPS-0.020_FID-75.5_adasteer,,,,0.9957054962075642,0.0,75.58614612447805,0.9964475561590755
521_the-player-is-in-a-first-person-perspective-flying-over-a-mountainous-terrain-an_FVD-708.4_PSNR-13.807_SSIM-0.501_LPIPS-0.497_FID-80.9_adasteer,,,,0.9845228460307734,1.0,50.360300129857556,0.9799872155283011
522_the-person-is-holding-markers-on-a-black-cardboard_FVD-579.6_PSNR-21.753_SSIM-0.875_LPIPS-0.071_FID-74.3_adasteer,,,,0.9915740591108239,1.0,76.89151869149043,0.9872006145178103
523_there-is-a-small-white-dog-wearing-a-yellow-hat-sitting-on-a-table-surrounded-by_FVD-579.6_PSNR-8.062_SSIM-0.349_LPIPS-0.748_FID-74.3_adasteer,,,,0.9769720864774862,1.0,74.1007650967302,0.9699415132111194
524_there-is-a-group-of-people-in-uniforms-celebrating-on-a-field_FVD-569.5_PSNR-25.573_SSIM-0.810_LPIPS-0.068_FID-75.5_adasteer,,,,0.9952498509753794,0.0,71.83912921773977,0.9944453103869569
525_an-icon-showing-the-concept-of-internet-of-things_FVD-708.4_PSNR-28.880_SSIM-0.928_LPIPS-0.022_FID-80.9_adasteer,,,,0.9960413316301414,0.0,75.57420007113753,0.9958152467129278
526_a-person-pointing-at-a-body-of-water-with-clouds-in-the-sky_FVD-510.1_PSNR-18.509_SSIM-0.613_LPIPS-0.114_FID-81.1_adasteer,,,,0.9899732768040443,0.0,79.31123483592066,0.9795076351539761
527_there-is-a-pond-surrounded-by-green-plants-and-trees-with-the-wind-blowing-gentl_FVD-579.6_PSNR-29.750_SSIM-0.961_LPIPS-0.094_FID-74.3_adasteer,,,,0.9938468040461377,0.0,68.87953791125068,0.9918345563551959
528_a-person-pointing-at-a-tray-of-cauliflower-and-carrots_FVD-590.4_PSNR-20.401_SSIM-0.803_LPIPS-0.179_FID-85.9_adasteer,,,,0.9840848013217038,1.0,74.75706771324421,0.9791652455049402
529_there-is-a-christmas-decoration-on-the-doorstep-of-a-house_FVD-510.1_PSNR-12.418_SSIM-0.327_LPIPS-0.647_FID-81.1_adasteer,,,,0.9338282816465261,1.0,43.17649782115016,0.9182475146125345
52_the-person-is-holding-a-smartphone-with-a-game-on-the-screen-the-game-appears-to_FVD-708.4_PSNR-19.048_SSIM-0.711_LPIPS-0.538_FID-80.9_adasteer,,,,0.9852148000292531,1.0,59.54241180419922,0.9748374808068369
530_an-apple-slicer-is-being-used-to-slice-apples-on-a-kitchen-countertop_FVD-492.6_PSNR-31.775_SSIM-0.942_LPIPS-0.090_FID-77.0_adasteer,,,,0.9952748634509894,0.0,65.30545912117793,0.9953888860403323
531_a-man-in-a-black-and-orange-uniform-is-dunking-a-basketball_FVD-569.5_PSNR-15.538_SSIM-0.380_LPIPS-0.273_FID-75.5_adasteer,,,,0.9904021338436549,1.0,76.35683125463025,0.9715991338094075
532_a-man-is-sitting-at-a-desk-and-looking-at-a-computer-screen_FVD-492.6_PSNR-12.236_SSIM-0.606_LPIPS-0.510_FID-77.0_adasteer,,,,0.9861206088004112,1.0,72.9936602362271,0.9729708017087451
533_a-skateboarder-is-riding-down-the-stairs-in-the-city-at-night_FVD-569.5_PSNR-18.370_SSIM-0.650_LPIPS-0.155_FID-75.5_adasteer,,,,0.9945369495955434,0.0,71.97884079505657,0.9903566407222374
534_a-game-screen-showing-a-green-field_FVD-510.1_PSNR-17.323_SSIM-0.523_LPIPS-0.337_FID-81.1_adasteer,,,,0.9582006158499724,1.0,61.59473655963766,0.9441964168174594
535_a-bush-with-lots-of-green-leaves-in-front-of-a-fence_FVD-510.1_PSNR-21.534_SSIM-0.700_LPIPS-0.273_FID-81.1_adasteer,,,,0.9928158311935885,0.0,76.10534089187095,0.9674463945276597
536_a-black-and-white-photo-of-tony-williams-playing-a-trumpet_FVD-590.4_PSNR-11.262_SSIM-0.594_LPIPS-0.440_FID-85.9_adasteer,,,,0.9783148081281123,0.0,73.36823193780307,0.9800652728361242
537_the-player-is-in-a-first-person-shooter-game-and-is-fighting-against-enemies-in_FVD-569.5_PSNR-13.176_SSIM-0.427_LPIPS-0.759_FID-75.5_adasteer,,,,0.9863115646565784,1.0,70.38601040018015,0.9707796601688161
538_a-pair-of-brake-calipers-sitting-on-a-table_FVD-545.1_PSNR-10.339_SSIM-0.483_LPIPS-0.682_FID-82.7_adasteer,,,,0.9117245124879546,1.0,53.877952312601025,0.9012729345583448
539_two-cartoon-characters-sitting-on-the-floor-next-to-each-other_FVD-492.6_PSNR-9.126_SSIM-0.186_LPIPS-0.647_FID-77.0_adasteer,,,,0.9448132609747959,1.0,48.038081267784385,0.9189411986107919
53_a-man-sitting-on-a-yellow-box-under-a-white-truck_FVD-542.0_PSNR-26.523_SSIM-0.795_LPIPS-0.221_FID-84.1_adasteer,,,,0.9925420986369975,0.0,61.81304629095669,0.9882841353322945
540_an-asian-man-in-a-suit-and-tie-on-a-tv-screen_FVD-579.6_PSNR-17.842_SSIM-0.832_LPIPS-0.106_FID-74.3_adasteer,,,,0.9935939980626332,1.0,67.18987011087351,0.9915382347854913
541_two-cartoon-characters-jumping-off-of-a-shark_FVD-708.4_PSNR-6.656_SSIM-0.344_LPIPS-0.839_FID-80.9_adasteer,,,,0.7913764387632725,1.0,52.049819157041355,0.7666835111730239
542_a-video-game-screen-with-a-man-wearing-headphones_FVD-579.6_PSNR-15.523_SSIM-0.400_LPIPS-0.393_FID-74.3_adasteer,,,,0.9807790440895909,0.0,70.18743528168777,0.9758352821948482
543_a-person-is-talking-to-the-camera-while-sitting-in-front-of-a-laptop_FVD-579.6_PSNR-25.248_SSIM-0.900_LPIPS-0.133_FID-74.3_adasteer,,,,0.9917848438453907,1.0,35.51901593701593,0.9883902905034084
544_a-man-is-standing-in-front-of-his-rv-holding-various-products-such-as-holding-ta_FVD-590.4_PSNR-8.031_SSIM-0.556_LPIPS-0.709_FID-85.9_adasteer,,,,0.982936119125802,0.0,63.890174208016234,0.9765131221098058
545_a-funny-cat-wearing-a-hat-and-standing-in-a-dark-room_FVD-569.5_PSNR-15.365_SSIM-0.588_LPIPS-0.502_FID-75.5_adasteer,,,,0.9821659323451604,1.0,49.283740734231884,0.9833091679741355
546_a-car-is-driving-on-a-snowy-road-in-the-middle-of-a-forest-the-video-also-shows_FVD-579.6_PSNR-8.442_SSIM-0.386_LPIPS-0.681_FID-74.3_adasteer,,,,0.9798512975569502,1.0,73.4983481045427,0.977937573077632
547_the-floor-is-being-cleaned-with-a-machine_FVD-708.4_PSNR-9.681_SSIM-0.347_LPIPS-0.872_FID-80.9_adasteer,,,,0.989173965693382,0.0,75.34525483230064,0.9816745739357144
548_a-christmas-tree-with-the-words-make-it-and-take-it-challenge-lab_FVD-492.6_PSNR-17.508_SSIM-0.700_LPIPS-0.198_FID-77.0_adasteer,,,,0.9862714131125206,1.0,59.473932068923425,0.9621412913004558
549_a-man-in-a-suit-and-tie-is-standing-on-a-stage-in-front-of-a-large-screen-displa_FVD-510.1_PSNR-9.640_SSIM-0.261_LPIPS-0.787_FID-81.1_adasteer,,,,0.9781480686558812,1.0,63.200970748375205,0.9763349308687098
54_a-person-is-putting-blue-flowers-into-a-basket_FVD-579.6_PSNR-17.957_SSIM-0.718_LPIPS-0.244_FID-74.3_adasteer,,,,0.9863920821400142,1.0,46.1980059393521,0.9788956174663469
550_a-virtual-dj-software-screen_FVD-492.6_PSNR-32.035_SSIM-0.943_LPIPS-0.014_FID-77.0_adasteer,,,,0.9958084849858747,0.0,66.50640027276401,0.9960129742528878
551_there-is-a-luxurious-bathroom-with-a-bathtub-and-a-chandelier_FVD-564.4_PSNR-16.475_SSIM-0.742_LPIPS-0.314_FID-87.0_adasteer,,,,0.9811247442687011,1.0,61.3298103069437,0.9710714097116507
552_a-woman-is-sitting-in-front-of-a-christmas-tree-looking-at-her-phone_FVD-590.4_PSNR-27.619_SSIM-0.912_LPIPS-0.085_FID-85.9_adasteer,,,,0.9953844297467919,0.0,61.70259396783237,0.993797104031432
553_a-metal-bowl-with-ingredients-written-on-it_FVD-545.1_PSNR-15.649_SSIM-0.415_LPIPS-0.263_FID-82.7_adasteer,,,,0.9775848659442409,0.0,76.57834914634968,0.9743165745454676
554_it-is-a-man-wearing-a-red-shirt-and-headphones-standing-in-front-of-a-white-wall_FVD-708.4_PSNR-24.399_SSIM-0.910_LPIPS-0.055_FID-80.9_adasteer,,,,0.9951282921020972,0.0,69.2270639353785,0.9937284436880374
555_a-cartoon-girl-looking-at-her-phone-with-a-speech-bubble-that-says-good-morning_FVD-510.1_PSNR-10.826_SSIM-0.275_LPIPS-0.621_FID-81.1_adasteer,,,,0.9785069680583238,0.0,46.69870047733701,0.9645168154847388
556_two-wicker-chairs-with-the-text-how-to-coat-outdoor-wicker-furniture_FVD-463.1_PSNR-20.262_SSIM-0.624_LPIPS-0.067_FID-75.0_adasteer,,,,0.9814902097323972,0.0,78.3728500892376,0.969836352853214
557_a-soccer-player-scores-a-goal_FVD-564.4_PSNR-25.651_SSIM-0.882_LPIPS-0.115_FID-87.0_adasteer,,,,0.9971756654718511,0.0,65.37889427974306,0.9968611785009796
558_two-young-women-are-shopping-in-a-clothing-store_FVD-545.1_PSNR-14.120_SSIM-0.516_LPIPS-0.504_FID-82.7_adasteer,,,,0.9929087464312648,1.0,71.3399894977438,0.9906448448405546
559_an-aerial-view-of-a-city-with-a-river-in-the-background_FVD-579.6_PSNR-13.260_SSIM-0.767_LPIPS-0.457_FID-74.3_adasteer,,,,0.9891632824002999,1.0,76.606255629967,0.9724361550574209
55_a-video-showing-how-to-draw-a-sonic-character_FVD-510.1_PSNR-13.112_SSIM-0.706_LPIPS-0.379_FID-81.1_adasteer,,,,0.9754273836270619,1.0,59.96422300667599,0.9479832967122396
560_a-man-is-mixing-ingredients-for-cookies-in-a-glass-bowl-on-a-wooden-table_FVD-569.5_PSNR-6.457_SSIM-0.440_LPIPS-0.775_FID-75.5_adasteer,,,,0.968260992564761,1.0,58.33025215412008,0.96305731605081
561_there-are-graves-of-soldiers-in-a-cemetery-with-american-flags_FVD-463.1_PSNR-19.775_SSIM-0.679_LPIPS-0.085_FID-75.0_adasteer,,,,0.9907052848516543,0.0,64.7754028583395,0.9708706070395077
562_a-person-holding-a-cell-phone-with-a-music-app-on-it_FVD-463.1_PSNR-21.366_SSIM-0.763_LPIPS-0.083_FID-75.0_adasteer,,,,0.9930050926954649,0.0,72.08584121177937,0.9904113330093085
563_a-camera-and-a-box-next-to-each-other_FVD-463.1_PSNR-12.416_SSIM-0.620_LPIPS-0.321_FID-75.0_adasteer,,,,0.9857588172822548,1.0,59.94567292312096,0.9609630846509747
564_a-black-background-with-text-that-reads-from-canada-quality-street-chocolates-an_FVD-708.4_PSNR-17.839_SSIM-0.837_LPIPS-0.566_FID-80.9_adasteer,,,,0.9978261086085075,0.0,56.640163027007006,0.9951126206154917
565_an-advertisement-for-the-tps-test_FVD-463.1_PSNR-27.814_SSIM-0.945_LPIPS-0.021_FID-75.0_adasteer,,,,0.9956205131291298,0.0,76.18001582704741,0.9964250608986499
566_a-dog-is-sleeping-on-a-couch-with-a-red-background_FVD-463.1_PSNR-21.001_SSIM-0.669_LPIPS-0.186_FID-75.0_adasteer,,,,0.9859651025207091,1.0,59.61200674648943,0.9762118863124474
567_the-woman-is-sitting-in-front-of-a-laptop-with-headphones-on-looking-at-the-scre_FVD-463.1_PSNR-21.093_SSIM-0.801_LPIPS-0.113_FID-75.0_adasteer,,,,0.9911379088895174,1.0,69.49619687836746,0.9852098904403985
568_a-computer-screen-showing-a-message-that-says-stationary-case_FVD-569.5_PSNR-16.987_SSIM-0.765_LPIPS-0.232_FID-75.5_adasteer,,,,0.991879955173843,0.0,72.96639527945683,0.9850038416245405
569_there-is-a-dog-sitting-on-a-bed-with-a-pillow-the-dog-is-a-husky-and-is-black-an_FVD-569.5_PSNR-11.879_SSIM-0.514_LPIPS-0.619_FID-75.5_adasteer,,,,0.9659663072961556,1.0,57.957444026552395,0.9328501607857499
56_a-close-up-of-three-fluorescent-lights-in-a-dark-room_FVD-492.6_PSNR-15.337_SSIM-0.678_LPIPS-0.325_FID-77.0_adasteer,,,,0.9902137591481571,1.0,48.89176467369343,0.9795379189883962
570_a-close-up-of-a-red-and-blue-device_FVD-545.1_PSNR-22.460_SSIM-0.697_LPIPS-0.089_FID-82.7_adasteer,,,,0.9923129696590175,0.0,71.10559502963362,0.9876990393096325
571_there-is-an-old-blue-pickup-truck-parked-in-a-dirt-lot-surrounded-by-trees-and-r_FVD-579.6_PSNR-29.828_SSIM-0.930_LPIPS-0.133_FID-74.3_adasteer,,,,0.9953194247116581,1.0,41.19807065766433,0.9952157310411042
572_a-tray-filled-with-squares-of-food-on-a-table_FVD-542.0_PSNR-21.935_SSIM-0.906_LPIPS-0.027_FID-84.1_adasteer,,,,0.997156724568834,0.0,47.21860306838463,0.9742328400705375
573_a-bathroom-with-green-cabinets-and-a-sink_FVD-590.4_PSNR-11.060_SSIM-0.490_LPIPS-0.695_FID-85.9_adasteer,,,,0.9870744273938208,0.0,63.61134522536705,0.9820492127362419
574_a-man-is-sitting-at-a-desk-and-talking-to-the-camera-while-gesturing-with-his-ha_FVD-708.4_PSNR-18.427_SSIM-0.800_LPIPS-0.139_FID-80.9_adasteer,,,,0.9923079805840606,1.0,77.56871979812095,0.9853346132764629
575_there-are-three-young-women-dressed-in-cosplay-costumes-standing-in-front-of-a-b_FVD-708.4_PSNR-19.621_SSIM-0.737_LPIPS-0.091_FID-80.9_adasteer,,,,0.9929445785058147,1.0,58.65415467887089,0.9894849122739305
576_the-text-zero-hero-appears-on-a-red-background-with-light-flashes_FVD-492.6_PSNR-25.601_SSIM-0.786_LPIPS-0.054_FID-77.0_adasteer,,,,0.9937186625117462,0.0,68.19416940623316,0.9872856645023121
577_a-person-is-working-on-some-beads-on-a-table_FVD-579.6_PSNR-15.893_SSIM-0.583_LPIPS-0.211_FID-74.3_adasteer,,,,0.9904849089074732,1.0,78.12718884698276,0.977578769010656
578_a-car-driving-down-a-street-next-to-a-verizon-store_FVD-708.4_PSNR-25.441_SSIM-0.843_LPIPS-0.052_FID-80.9_adasteer,,,,0.993243104232879,0.0,74.46442702720906,0.9842372557696174
579_a-view-of-the-inside-of-a-tractor-in-a-video-game_FVD-579.6_PSNR-4.564_SSIM-0.127_LPIPS-0.909_FID-74.3_adasteer,,,,0.9772103313480841,1.0,60.04365763170966,0.9583103890512504
57_a-man-is-playing-a-game-on-a-computer-screen_FVD-545.1_PSNR-15.721_SSIM-0.737_LPIPS-0.291_FID-82.7_adasteer,,,,0.9896620526549295,1.0,68.78465376229121,0.9804782044653799
580_a-newspaper-headline-with-a-picture-of-a-document_FVD-542.0_PSNR-10.954_SSIM-0.586_LPIPS-0.484_FID-84.1_adasteer,,,,0.9828881733649656,1.0,61.36879848611766,0.9666159573723289
581_a-person-is-jumping-on-a-trampoline-in-the-dark_FVD-492.6_PSNR-15.410_SSIM-0.611_LPIPS-0.488_FID-77.0_adasteer,,,,0.9857787193403001,1.0,33.31493667076374,0.9640023624195772
582_a-hand-pointing-to-a-paper-that-has-been-taped-to-the-windshield-of-a-car_FVD-569.5_PSNR-14.483_SSIM-0.599_LPIPS-0.341_FID-75.5_adasteer,,,,0.9905150479329018,1.0,73.14357968034416,0.9686291694641114
583_there-is-a-green-sports-car-driving-down-a-city-street_FVD-569.5_PSNR-21.824_SSIM-0.772_LPIPS-0.105_FID-75.5_adasteer,,,,0.9945941805207661,0.0,74.61190085575498,0.9869653383890787
584_there-is-a-man-standing-in-front-of-a-booth-displaying-bicycles-and-he-is-talkin_FVD-492.6_PSNR-11.175_SSIM-0.600_LPIPS-0.455_FID-77.0_adasteer,,,,0.986300818471085,0.0,64.86350881642309,0.9870410451702043
585_a-man-in-a-hat-and-sunglasses-is-standing-on-a-boat-with-a-green-sea-turtle-on-h_FVD-569.5_PSNR-23.012_SSIM-0.794_LPIPS-0.133_FID-75.5_adasteer,,,,0.9942659426885071,0.0,68.72291209779937,0.9900019645690918
586_a-young-man-with-glasses-is-standing-in-front-of-a-window-and-looking-at-the-cam_FVD-545.1_PSNR-26.928_SSIM-0.912_LPIPS-0.045_FID-82.7_adasteer,,,,0.9946717605311355,0.0,66.78592616114123,0.9953516109316957
587_a-bunch-of-black-parts-sitting-on-top-of-a-wooden-floor_FVD-542.0_PSNR-7.813_SSIM-0.397_LPIPS-0.801_FID-84.1_adasteer,,,,0.9795416763460192,1.0,68.10927792253166,0.9666828641704485
588_a-red-jeep-is-parked-in-a-parking-lot-at-night-with-the-headlights-on-and-a-tire_FVD-492.6_PSNR-12.663_SSIM-0.171_LPIPS-0.560_FID-77.0_adasteer,,,,0.9413311183514539,1.0,59.29651339300747,0.9099203221938189
589_there-are-still-classified-and-unreleased-confidential-files-regarding-events-in_FVD-510.1_PSNR-18.861_SSIM-0.396_LPIPS-0.684_FID-81.1_adasteer,,,,0.9896398635576026,0.0,46.406104712650695,0.9870872600405824
58_a-close-up-of-a-persons-hand-holding-a-skateboard_FVD-463.1_PSNR-32.100_SSIM-0.927_LPIPS-0.044_FID-75.0_adasteer,,,,0.9963843585310727,0.0,47.17923933884193,0.993587272307452
590_a-dark-room-with-a-reflection-of-a-building-in-the-glass_FVD-590.4_PSNR-12.352_SSIM-0.570_LPIPS-0.405_FID-85.9_adasteer,,,,0.9743590805045309,1.0,69.4428316313645,0.9000892265170228
591_a-green-tent-set-up-on-a-grassy-field_FVD-545.1_PSNR-22.998_SSIM-0.849_LPIPS-0.113_FID-82.7_adasteer,,,,0.9942291534335422,0.0,75.79376404860923,0.9932074084001429
592_a-woman-is-giving-an-interview-on-tv_FVD-510.1_PSNR-19.808_SSIM-0.768_LPIPS-0.195_FID-81.1_adasteer,,,,0.9948193316121854,1.0,61.29886758738551,0.9922744933296652
593_two-young-women-are-cooking-food-in-a-kitchen_FVD-708.4_PSNR-12.518_SSIM-0.631_LPIPS-0.318_FID-80.9_adasteer,,,,0.9843994698239873,1.0,64.82560927292397,0.964181391398112
594_a-ferret-is-playing-with-a-red-heart-shaped-toy_FVD-510.1_PSNR-21.158_SSIM-0.785_LPIPS-0.133_FID-81.1_adasteer,,,,0.9945825515035074,1.0,61.00265858091157,0.9883546539381438
595_the-dashboard-of-a-mercedes-benz_FVD-510.1_PSNR-30.948_SSIM-0.927_LPIPS-0.027_FID-81.1_adasteer,,,,0.9935621476154564,0.0,69.37258437584187,0.9934940314760395
596_a-small-room-with-a-tv-a-stool-and-a-vending-machine_FVD-579.6_PSNR-21.435_SSIM-0.834_LPIPS-0.156_FID-74.3_adasteer,,,,0.9891369681219176,1.0,65.2479432204674,0.979826545715332
597_it-is-a-white-mercedes-280-se-cabriolet-driving-on-a-winding-road_FVD-569.5_PSNR-7.999_SSIM-0.307_LPIPS-0.706_FID-75.5_adasteer,,,,0.969994914131518,1.0,61.333124226537244,0.9544722800161324
598_a-man-and-a-woman-are-sitting-in-front-of-a-computer-screen-with-a-blue-backgrou_FVD-579.6_PSNR-17.388_SSIM-0.876_LPIPS-0.193_FID-74.3_adasteer,,,,0.9938189600092173,0.0,72.4192289155105,0.992253057161967
599_three-jars-filled-with-different-colored-pills-on-a-shelf_FVD-492.6_PSNR-12.830_SSIM-0.592_LPIPS-0.519_FID-77.0_adasteer,,,,0.9919590555907192,1.0,62.912042420485925,0.9762967221877155
59_a-child-is-cracking-eggs-into-a-bowl-on-a-kitchen-counter_FVD-579.6_PSNR-21.437_SSIM-0.742_LPIPS-0.305_FID-74.3_adasteer,,,,0.9949638833898944,0.0,66.92632543629614,0.9914648177577
5_the-person-is-holding-a-plastic-bowl-filled-with-cherry-tomatoes-on-a-kitchen-co_FVD-590.4_PSNR-19.157_SSIM-0.873_LPIPS-0.138_FID-85.9_adasteer,,,,0.9940694242440566,1.0,69.39046241497171,0.9915914451374727
600_two-people-wearing-protective-gear-in-a-hospital-room_FVD-510.1_PSNR-24.092_SSIM-0.882_LPIPS-0.041_FID-81.1_adasteer,,,,0.9960090542627308,0.0,69.9649737127896,0.9947985270444084
601_the-man-is-wearing-a-brown-shirt-and-glasses-and-he-is-talking-to-the-camera_FVD-463.1_PSNR-7.697_SSIM-0.360_LPIPS-0.519_FID-75.0_adasteer,,,,0.979464886348503,1.0,58.94875835550243,0.9788778566846661
602_a-robot-on-a-computer-screen_FVD-545.1_PSNR-12.260_SSIM-0.581_LPIPS-0.595_FID-82.7_adasteer,,,,0.9788907483065341,1.0,52.45989832384833,0.9718164313073252
603_a-view-of-the-inside-of-a-vehicle-from-the-outside_FVD-590.4_PSNR-16.759_SSIM-0.703_LPIPS-0.455_FID-85.9_adasteer,,,,0.9923236382226501,1.0,53.860999140246165,0.9886189778645833
604_a-black-background-with-the-words-try-your-answer-in-the-comments_FVD-579.6_PSNR-15.006_SSIM-0.627_LPIPS-0.317_FID-74.3_adasteer,,,,0.9872270041496833,0.0,76.1813288721545,0.982153039820054
605_the-word-film-guide-on-a-blue-background_FVD-569.5_PSNR-19.073_SSIM-0.829_LPIPS-0.120_FID-75.5_adasteer,,,,0.9911063184288138,1.0,74.30809889168575,0.9913761606403425
606_the-character-select-screen-for-marvel-vs-capcom-3_FVD-492.6_PSNR-15.727_SSIM-0.660_LPIPS-0.240_FID-77.0_adasteer,,,,0.989621346535409,0.0,74.5468152802566,0.9870475189358581
607_a-news-anchor-and-reporter-are-sitting-at-a-news-desk-in-a-television-studio_FVD-542.0_PSNR-28.918_SSIM-0.932_LPIPS-0.020_FID-84.1_adasteer,,,,0.9943507382587116,0.0,73.10633350240774,0.9902618277306651
608_a-person-is-holding-a-sunflower-plush-toy_FVD-564.4_PSNR-17.701_SSIM-0.678_LPIPS-0.459_FID-87.0_adasteer,,,,0.9908576921019476,1.0,60.43225742208546,0.9806091215096268
609_a-close-up-of-a-white-samsung-cell-phone_FVD-564.4_PSNR-22.775_SSIM-0.903_LPIPS-0.106_FID-87.0_adasteer,,,,0.9913532836011008,0.0,63.92200035884463,0.9890621998730827
60_a-turtle-is-sitting-on-a-light-colored-background-and-looking-around_FVD-510.1_PSNR-17.915_SSIM-0.538_LPIPS-0.153_FID-81.1_adasteer,,,,0.988100633282159,1.0,67.36553613070784,0.9806535290736779
610_a-pile-of-bags-of-fertilizer-sitting-in-front-of-a-garage_FVD-564.4_PSNR-19.948_SSIM-0.561_LPIPS-0.176_FID-87.0_adasteer,,,,0.9894898006277831,0.0,72.9265365600586,0.9803896099913354
611_it-is-a-blue-bmw-m240i-driving-on-a-winding-road-surrounded-by-trees_FVD-542.0_PSNR-4.641_SSIM-0.366_LPIPS-0.754_FID-84.1_adasteer,,,,0.9690971389891427,1.0,68.00746154785156,0.9495665531532437
612_a-white-plate-topped-with-food-and-a-spoon_FVD-545.1_PSNR-19.044_SSIM-0.680_LPIPS-0.148_FID-82.7_adasteer,,,,0.9925596285522756,0.0,77.56296118374529,0.9800368458616967
613_an-ea-sports-logo-on-a-black-background_FVD-708.4_PSNR-33.741_SSIM-0.961_LPIPS-0.004_FID-80.9_adasteer,,,,0.998022509451163,0.0,64.61776904402107,0.998214698305317
614_there-is-a-machine-in-a-factory-with-a-water-pump-and-a-black-box_FVD-545.1_PSNR-20.603_SSIM-0.718_LPIPS-0.146_FID-82.7_adasteer,,,,0.993475975660029,0.0,49.424489383039806,0.9857472447788014
615_a-man-is-talking-to-the-camera-while-holding-a-razor_FVD-463.1_PSNR-23.045_SSIM-0.858_LPIPS-0.088_FID-75.0_adasteer,,,,0.9947475283516184,1.0,71.98974293675916,0.9903756403455547
616_a-man-is-cooking-food-on-a-grill-in-the-backyard-of-his-house_FVD-542.0_PSNR-14.909_SSIM-0.556_LPIPS-0.540_FID-84.1_adasteer,,,,0.9811931670037138,1.0,56.95645102139177,0.9586225247850605
617_a-red-car-parked-on-a-grassy-hill-next-to-a-lake_FVD-569.5_PSNR-25.064_SSIM-0.887_LPIPS-0.105_FID-75.5_adasteer,,,,0.9951984173744285,1.0,58.79674253792599,0.9925722009995405
618_two-sports-cars-parked-in-front-of-a-garage_FVD-569.5_PSNR-22.811_SSIM-0.804_LPIPS-0.126_FID-75.5_adasteer,,,,0.9921282904187315,1.0,71.85770837191878,0.9915218521566952
619_a-stick-insect-is-crawling-on-a-branch-in-an-aquarium_FVD-590.4_PSNR-17.387_SSIM-0.887_LPIPS-0.237_FID-85.9_adasteer,,,,0.9911821210856138,1.0,69.49793335487102,0.9812134873633291
61_a-screen-shot-of-a-video-game-with-a-man-in-a-headset_FVD-569.5_PSNR-15.436_SSIM-0.821_LPIPS-0.249_FID-75.5_adasteer,,,,0.9791208127214561,1.0,72.43689727783203,0.9618126177320293
620_the-iphone-12-is-placed-on-a-wooden-table-and-rotates-slowly_FVD-564.4_PSNR-14.141_SSIM-0.186_LPIPS-0.709_FID-87.0_adasteer,,,,0.993881197310655,1.0,50.667661338016906,0.9879125931683709
621_a-close-up-of-a-man-running-on-a-track_FVD-579.6_PSNR-27.074_SSIM-0.937_LPIPS-0.057_FID-74.3_adasteer,,,,0.9959915068123938,0.0,48.67883379706021,0.9948464440364464
622_a-futuristic-looking-vehicle-with-a-door-and-a-directional-arrow_FVD-545.1_PSNR-18.849_SSIM-0.752_LPIPS-0.270_FID-82.7_adasteer,,,,0.9882488742024588,1.0,51.515388883393385,0.9652019986919328
623_a-person-is-holding-a-toy-dinosaur-that-appears-to-be-a-tyrannosaurus-rex-the-co_FVD-579.6_PSNR-19.401_SSIM-0.800_LPIPS-0.259_FID-74.3_adasteer,,,,0.9892524902589241,1.0,76.98322848615975,0.9798225084940593
624_there-is-a-bird-in-a-cage-with-food-scattered-around-it_FVD-542.0_PSNR-20.143_SSIM-0.798_LPIPS-0.389_FID-84.1_adasteer,,,,0.977878360512207,1.0,34.812773671643484,0.960501880271762
625_a-small-frog-sitting-on-top-of-a-green-plant_FVD-564.4_PSNR-17.576_SSIM-0.681_LPIPS-0.350_FID-87.0_adasteer,,,,0.9753145908804227,0.0,76.40381543389682,0.9727778023364497
626_a-news-anchor-and-reporter-are-sitting-at-a-desk-in-front-of-a-cityscape-backgro_FVD-579.6_PSNR-24.662_SSIM-0.893_LPIPS-0.063_FID-74.3_adasteer,,,,0.9950662640523623,0.0,75.5061948052768,0.9942107583962235
627_a-bunch-of-toy-figures-on-a-shelf-with-the-words-grims-toy-show-action-inside_FVD-569.5_PSNR-18.671_SSIM-0.628_LPIPS-0.116_FID-75.5_adasteer,,,,0.9823103821857269,0.0,65.10087335520777,0.9277370901668773
628_a-person-with-a-backpack-standing-in-a-subway-station_FVD-564.4_PSNR-10.317_SSIM-0.417_LPIPS-0.652_FID-87.0_adasteer,,,,0.9764099349341766,1.0,39.48062199559705,0.9009759790757124
629_a-street-is-flooded-with-water-from-a-water-main-break_FVD-569.5_PSNR-18.366_SSIM-0.702_LPIPS-0.151_FID-75.5_adasteer,,,,0.9928893713601893,1.0,75.20795677448142,0.986554672203812
62_a-tv-show-with-a-bunch-of-food-on-a-counter_FVD-708.4_PSNR-7.586_SSIM-0.344_LPIPS-0.793_FID-80.9_adasteer,,,,0.9466807929101128,1.0,63.58355791815396,0.9259794422224457
630_a-table-with-a-bunch-of-wine-glasses-and-a-bunch-of-purple-flowers_FVD-545.1_PSNR-17.867_SSIM-0.677_LPIPS-0.156_FID-82.7_adasteer,,,,0.9894476388645735,1.0,78.49488725333379,0.9786006216909371
631_there-is-a-person-standing-on-top-of-a-tall-tower-in-the-middle-of-a-mountainous_FVD-492.6_PSNR-22.058_SSIM-0.648_LPIPS-0.377_FID-77.0_adasteer,,,,0.9920820095532871,0.0,62.411022975527004,0.9841913092370127
632_police-officers-are-responding-to-a-crime-scene-at-night_FVD-569.5_PSNR-25.924_SSIM-0.890_LPIPS-0.062_FID-75.5_adasteer,,,,0.995297966475586,0.0,71.73373439394194,0.9938794028525259
633_a-group-of-baseball-players-high-fiving-each-other_FVD-564.4_PSNR-18.137_SSIM-0.716_LPIPS-0.324_FID-87.0_adasteer,,,,0.9935820557523223,1.0,42.91801886722959,0.9661138908535827
634_it-is-a-dark-background-with-a-bright-light-shining-in-the-center_FVD-569.5_PSNR-36.304_SSIM-0.949_LPIPS-0.066_FID-75.5_adasteer,,,,0.9960011707340521,0.0,37.12980033611429,0.9961394838258332
635_the-earth-from-space-with-a-black-background_FVD-579.6_PSNR-26.827_SSIM-0.829_LPIPS-0.128_FID-74.3_adasteer,,,,0.9954793521642097,1.0,71.48513688712285,0.9905963308670942
636_there-are-two-young-women-standing-in-a-kitchen-smiling-and-laughing_FVD-579.6_PSNR-22.473_SSIM-0.828_LPIPS-0.067_FID-74.3_adasteer,,,,0.9946073292431289,0.0,77.08029648353313,0.9915938414779364
637_a-man-is-standing-in-a-gym-and-talking-to-the-camera_FVD-492.6_PSNR-10.359_SSIM-0.278_LPIPS-0.685_FID-77.0_adasteer,,,,0.9726889888901608,1.0,40.232522241000474,0.9516223159490848
638_two-young-women-are-preparing-food-in-a-kitchen_FVD-564.4_PSNR-14.911_SSIM-0.514_LPIPS-0.536_FID-87.0_adasteer,,,,0.9955033062236647,0.0,65.57360353140996,0.992964766072292
639_there-is-a-metal-shower-head-hanging-from-the-ceiling-in-a-bathroom-with-white-t_FVD-492.6_PSNR-27.883_SSIM-0.919_LPIPS-0.047_FID-77.0_adasteer,,,,0.9951702326897639,1.0,60.8017630741514,0.9915152942433076
63_there-is-a-bag-of-teddy-grahams-honey-on-a-table_FVD-579.6_PSNR-13.938_SSIM-0.489_LPIPS-0.490_FID-74.3_adasteer,,,,0.985615024188094,1.0,36.88729950477337,0.9557115068622664
640_a-gray-suv-kia-sportage-is-parked-on-the-side-of-the-road_FVD-564.4_PSNR-24.473_SSIM-0.791_LPIPS-0.049_FID-87.0_adasteer,,,,0.9959616878602403,0.0,74.1726539874899,0.9958895281249401
641_a-video-game-screen-with-text-on-it_FVD-564.4_PSNR-39.272_SSIM-0.997_LPIPS-0.002_FID-87.0_adasteer,,,,0.9961959962270165,0.0,44.977589311270876,0.9971298608125425
642_a-man-is-standing-in-front-of-a-green-parrot-and-holding-a-gun_FVD-564.4_PSNR-14.941_SSIM-0.697_LPIPS-0.561_FID-87.0_adasteer,,,,0.9742404799125848,1.0,63.66155729622677,0.9570990581138461
643_a-boy-and-a-girl-are-drawing-on-paper_FVD-708.4_PSNR-10.023_SSIM-0.317_LPIPS-0.655_FID-80.9_adasteer,,,,0.990695730816365,0.0,65.03181128666319,0.9336655261469823
644_a-man-with-glasses-sitting-in-front-of-a-light_FVD-590.4_PSNR-18.022_SSIM-0.616_LPIPS-0.385_FID-85.9_adasteer,,,,0.9915351576995648,1.0,60.61999051324253,0.9810514749265185
645_a-chef-is-preparing-food-in-a-kitchen-with-paper-cloth-and-dough_FVD-510.1_PSNR-22.006_SSIM-0.746_LPIPS-0.369_FID-81.1_adasteer,,,,0.9954737844323093,0.0,60.422412346149315,0.9809496973075119
646_there-is-a-bowl-of-black-soy-sauce-on-a-white-table_FVD-564.4_PSNR-4.572_SSIM-0.368_LPIPS-0.645_FID-87.0_adasteer,,,,0.9652025098233737,1.0,54.37342045224946,0.9337651196648092
647_it-is-raining-on-a-street-and-there-are-puddles-of-water-on-the-ground_FVD-463.1_PSNR-5.541_SSIM-0.435_LPIPS-0.641_FID-75.0_adasteer,,,,0.9798358765247552,1.0,75.20645036368535,0.9453931060491824
648_an-aerial-view-of-a-white-building-with-a-man-standing-in-front-of-it_FVD-708.4_PSNR-9.938_SSIM-0.473_LPIPS-0.685_FID-80.9_adasteer,,,,0.9724428034434928,0.0,70.11594548718682,0.9672096252441407
649_a-close-up-of-a-green-bowl-with-two-bottles-in-it_FVD-564.4_PSNR-28.008_SSIM-0.919_LPIPS-0.026_FID-87.0_adasteer,,,,0.99644554770359,0.0,71.67585201921135,0.9961175549264047
64_the-user-is-browsing-a-wireless-charging-pad-on-a-computer-screen_FVD-708.4_PSNR-17.142_SSIM-0.725_LPIPS-0.232_FID-80.9_adasteer,,,,0.9907738099914112,1.0,76.73137664794922,0.9803103129069011
650_a-small-green-train-is-on-a-toy-track_FVD-579.6_PSNR-27.085_SSIM-0.922_LPIPS-0.182_FID-74.3_adasteer,,,,0.9941918816137566,0.0,52.50137421180462,0.9940856643751556
651_person-is-cooking-a-dish-in-a-slow-cooker_FVD-579.6_PSNR-23.083_SSIM-0.777_LPIPS-0.124_FID-74.3_adasteer,,,,0.9912034956210047,1.0,56.58910159406991,0.9837581690619973
652_person-is-being-poured-into-a-pot-on-the-kitchen-sink_FVD-542.0_PSNR-17.647_SSIM-0.707_LPIPS-0.171_FID-84.1_adasteer,,,,0.9910202682835955,1.0,71.43521460171404,0.9811911190257353
653_a-close-up-of-some-food-on-a-plate_FVD-590.4_PSNR-12.797_SSIM-0.387_LPIPS-0.680_FID-85.9_adasteer,,,,0.9779978902284738,0.0,61.57531133191339,0.976255568336038
654_the-logo-for-chemical-business-simulator-and-the-logo-for-the-college-of-enginee_FVD-542.0_PSNR-9.480_SSIM-0.753_LPIPS-0.513_FID-84.1_adasteer,,,,0.9922090311819172,0.0,52.55624350186052,0.9925681885551004
655_a-screen-shot-of-a-video-editor-with-a-man-sitting-at-a-bar_FVD-708.4_PSNR-18.344_SSIM-0.542_LPIPS-0.759_FID-80.9_adasteer,,,,0.9851924984737485,0.0,46.99205510369663,0.9903019297356699
656_a-man-is-screaming-in-front-of-a-fire_FVD-492.6_PSNR-21.505_SSIM-0.797_LPIPS-0.181_FID-77.0_adasteer,,,,0.9922356765222115,1.0,66.32004836509968,0.9878657125959209
657_a-video-game-lobby-with-a-checkered-floor_FVD-542.0_PSNR-16.140_SSIM-0.711_LPIPS-0.454_FID-84.1_adasteer,,,,0.9951280692899489,0.0,72.39022064208984,0.9956070362352858
658_there-is-a-construction-site-with-several-houses-in-the-background_FVD-569.5_PSNR-16.426_SSIM-0.583_LPIPS-0.340_FID-75.5_adasteer,,,,0.9578933261004723,1.0,56.933211951420226,0.9226417616301892
659_a-person-in-a-kitchen-holding-a-tray-of-muffin-tins_FVD-542.0_PSNR-16.445_SSIM-0.481_LPIPS-0.453_FID-84.1_adasteer,,,,0.9808571496841257,1.0,71.26792605169888,0.9553969214944279
65_a-pregnant-woman-with-a-basket-of-fruits-and-vegetables-in-front-of-her_FVD-590.4_PSNR-19.378_SSIM-0.571_LPIPS-0.342_FID-85.9_adasteer,,,,0.9949446930214393,0.0,55.088796286747375,0.9857121476940081
660_a-news-anchor-in-a-suit-and-tie-on-a-tv-screen_FVD-564.4_PSNR-25.576_SSIM-0.896_LPIPS-0.041_FID-87.0_adasteer,,,,0.9941336236016843,0.0,75.5130870424468,0.9927502739663218
661_a-person-is-cutting-a-quesadilla-with-a-knife_FVD-542.0_PSNR-10.150_SSIM-0.757_LPIPS-0.367_FID-84.1_adasteer,,,,0.9832762623278478,1.0,44.72983314251078,0.9771784932005639
662_a-man-is-sitting-at-a-table-in-a-kitchen-holding-a-plastic-container-and-looking_FVD-463.1_PSNR-20.608_SSIM-0.814_LPIPS-0.096_FID-75.0_adasteer,,,,0.9937700163866294,1.0,71.22440101360452,0.9850302873873243
663_a-young-black-woman-in-a-blue-dress-sits-in-a-chair-and-smiles-at-the-camera_FVD-579.6_PSNR-8.370_SSIM-0.144_LPIPS-0.879_FID-74.3_adasteer,,,,0.9935708980774468,0.0,49.67296179409685,0.9867465468013987
664_the-words-growing-and-pruning-part-2-by-byron-martin_FVD-463.1_PSNR-35.407_SSIM-0.958_LPIPS-0.018_FID-75.0_adasteer,,,,0.9958135678149465,0.0,76.13545911065464,0.9964732546432346
665_a-white-tailed-deer-is-standing-in-a-field-and-then-runs-away_FVD-569.5_PSNR-24.602_SSIM-0.923_LPIPS-0.137_FID-75.5_adasteer,,,,0.9920811197074985,0.0,68.4923157527529,0.9901185699537689
666_a-pile-of-money-next-to-a-pile-of-oil-barrels_FVD-545.1_PSNR-19.199_SSIM-0.808_LPIPS-0.206_FID-82.7_adasteer,,,,0.9820053144788898,1.0,70.94010530669114,0.9761868327271704
667_two-young-men-are-standing-in-front-of-a-red-background-and-they-are-both-wearin_FVD-545.1_PSNR-15.311_SSIM-0.755_LPIPS-0.272_FID-82.7_adasteer,,,,0.9917452197559045,1.0,75.1594790754647,0.972779681635838
668_there-is-a-book-open-on-a-table-with-a-red-and-blue-lace-bookmark-on-it_FVD-492.6_PSNR-26.458_SSIM-0.926_LPIPS-0.037_FID-77.0_adasteer,,,,0.9946006984190577,0.0,71.97143949311355,0.9943644916310029
669_a-baby-laying-on-a-wooden-floor-next-to-a-laptop_FVD-569.5_PSNR-17.426_SSIM-0.732_LPIPS-0.389_FID-75.5_adasteer,,,,0.9564334534227686,1.0,41.63775134908742,0.9430245904361501
66_two-women-sitting-at-a-table-looking-at-something_FVD-579.6_PSNR-24.020_SSIM-0.915_LPIPS-0.040_FID-74.3_adasteer,,,,0.9955698157668517,0.0,70.28214106066474,0.9952676263510012
670_sonic-the-hedgehog-standing-on-top-of-a-city_FVD-545.1_PSNR-10.826_SSIM-0.440_LPIPS-0.676_FID-82.7_adasteer,,,,0.9911344030467422,1.0,48.744588128451646,0.9660911896649529
671_two-men-standing-in-front-of-a-tv-showing-a-chargers-workout_FVD-492.6_PSNR-14.661_SSIM-0.674_LPIPS-0.252_FID-77.0_adasteer,,,,0.9902352384263,1.0,73.73787899675041,0.983682409922282
672_a-woman-in-a-green-jacket-sitting-at-a-desk-in-front-of-a-television-screen_FVD-564.4_PSNR-21.261_SSIM-0.850_LPIPS-0.119_FID-87.0_adasteer,,,,0.9950275153130163,0.0,77.4853489316743,0.9938040139628391
673_a-blue-background-with-the-words-orchestration-moving-around-the-kit_FVD-542.0_PSNR-11.018_SSIM-0.466_LPIPS-0.577_FID-84.1_adasteer,,,,0.9737157650186143,1.0,69.58488556434368,0.9621831332936006
674_the-space-shuttle-is-launching-into-the-sky-with-smoke-billowing-out-of-its-engi_FVD-545.1_PSNR-16.141_SSIM-0.583_LPIPS-0.435_FID-82.7_adasteer,,,,0.9939258654182827,1.0,48.018869991960194,0.989967363020953
675_there-are-people-skating-on-an-outdoor-ice-rink-in-front-of-a-large-building-wit_FVD-708.4_PSNR-17.800_SSIM-0.761_LPIPS-0.359_FID-80.9_adasteer,,,,0.9863181007913314,1.0,79.19185612119477,0.9854607956082213
676_a-close-up-of-a-video-game-screen_FVD-545.1_PSNR-21.813_SSIM-0.770_LPIPS-0.358_FID-82.7_adasteer,,,,0.9907739479338743,1.0,39.486839952140016,0.9855993513967477
677_a-yellow-school-bus-is-driving-down-a-street-next-to-trees_FVD-564.4_PSNR-16.249_SSIM-0.653_LPIPS-0.275_FID-87.0_adasteer,,,,0.9852116217413781,1.0,69.46807177313443,0.9842479144825654
678_a-man-in-a-red-shirt-walks-away-from-a-blue-truck-on-a-dirt-road-in-the-woods_FVD-579.6_PSNR-8.271_SSIM-0.441_LPIPS-0.576_FID-74.3_adasteer,,,,0.9829082222499043,1.0,54.96003354828933,0.9687745823579677
679_a-television-screen-showing-a-list-of-countries_FVD-579.6_PSNR-19.280_SSIM-0.728_LPIPS-0.264_FID-74.3_adasteer,,,,0.9912693264405121,0.0,70.18704302557583,0.9858480855530384
67_a-man-wearing-a-suit-and-tie-is-talking-into-a-microphone_FVD-579.6_PSNR-22.295_SSIM-0.874_LPIPS-0.090_FID-74.3_adasteer,,,,0.9954599798987437,0.0,66.1761754792312,0.993954976867227
680_there-is-a-cafe-with-a-view-of-the-road-and-cars-passing-by_FVD-510.1_PSNR-17.775_SSIM-0.831_LPIPS-0.183_FID-81.1_adasteer,,,,0.9912902747570715,1.0,70.6048407719053,0.9864685703726376
681_an-illustration-of-a-blood-vessel-with-red-and-blue-branches_FVD-542.0_PSNR-9.219_SSIM-0.417_LPIPS-0.831_FID-84.1_adasteer,,,,0.9599330062553868,1.0,70.47897786107556,0.9570681104473039
682_the-plants-are-growing-in-a-greenhouse-with-wooden-beams-supporting-the-structur_FVD-463.1_PSNR-13.938_SSIM-0.132_LPIPS-0.409_FID-75.0_adasteer,,,,0.9767300622171946,1.0,79.24665779903017,0.937539306341433
683_a-kitchen-table-with-a-blender-cups-bottles-glasses-and-a-glass-on-it-sits-in-fr_FVD-492.6_PSNR-8.715_SSIM-0.263_LPIPS-0.679_FID-77.0_adasteer,,,,0.9864620089154786,0.0,58.002058884193154,0.979405195572797
684_a-woman-is-preparing-a-meal-in-her-kitchen-she-is-wearing-a-green-shirt-and-is-s_FVD-708.4_PSNR-27.814_SSIM-0.897_LPIPS-0.028_FID-80.9_adasteer,,,,0.9949806480752023,0.0,76.776992534769,0.9927653106988645
685_there-is-a-red-curtain-in-front-of-a-red-background_FVD-542.0_PSNR-17.772_SSIM-0.893_LPIPS-0.118_FID-84.1_adasteer,,,,0.9969077519830047,1.0,62.39422068102606,0.9853358577279484
686_a-computer-screen-displaying-a-web-page_FVD-542.0_PSNR-14.879_SSIM-0.522_LPIPS-0.487_FID-84.1_adasteer,,,,0.9775602104824301,1.0,74.87394372348128,0.9572370304780848
687_there-is-a-white-dog-sitting-on-a-pillow-in-a-room-with-tiled-floors-and-white-w_FVD-463.1_PSNR-34.598_SSIM-0.964_LPIPS-0.022_FID-75.0_adasteer,,,,0.9959499966519727,0.0,73.44401655525996,0.9970451474189759
688_a-baseball-player-in-a-red-jersey-is-walking-off-the-field_FVD-542.0_PSNR-30.397_SSIM-0.916_LPIPS-0.062_FID-84.1_adasteer,,,,0.9958670046210258,0.0,64.6375153640221,0.995804116305183
689_a-man-in-a-cowboy-hat-is-laying-in-a-hole-in-the-dirt-next-to-a-street_FVD-510.1_PSNR-15.661_SSIM-0.366_LPIPS-0.248_FID-81.1_adasteer,,,,0.9843037045547386,1.0,65.27641835705987,0.9527852600696041
68_a-person-is-holding-a-plastic-cup-in-their-hand-with-a-red-fish-in-it_FVD-545.1_PSNR-10.113_SSIM-0.584_LPIPS-0.640_FID-82.7_adasteer,,,,0.9434861588532315,1.0,42.68524110728297,0.9209224700927734
690_the-sun-is-setting-over-a-backyard-with-a-fence-and-a-tree_FVD-510.1_PSNR-23.289_SSIM-0.869_LPIPS-0.121_FID-81.1_adasteer,,,,0.9951034257519782,1.0,61.35190069264379,0.9902357634376077
691_a-group-of-men-sitting-around-a-table-looking-at-computer-screens_FVD-708.4_PSNR-11.108_SSIM-0.425_LPIPS-0.661_FID-80.9_adasteer,,,,0.9424208626425997,1.0,50.89740042850889,0.9389034907023112
692_a-man-in-a-red-shirt-is-standing-next-to-a-car-with-the-trunk-open_FVD-564.4_PSNR-11.887_SSIM-0.334_LPIPS-0.611_FID-87.0_adasteer,,,,0.978237275813103,0.0,50.5103303317366,0.976000035977831
693_a-close-up-of-a-persons-eye_FVD-545.1_PSNR-9.201_SSIM-0.341_LPIPS-0.777_FID-82.7_adasteer,,,,0.9736037183302808,1.0,52.571578321785765,0.9560795092115215
694_a-bowl-of-food-on-a-table-with-two-forks_FVD-569.5_PSNR-16.425_SSIM-0.513_LPIPS-0.321_FID-75.5_adasteer,,,,0.9827693572086954,1.0,67.37824906974004,0.9692887792400285
695_a-police-officer-on-a-newscast-with-a-building-in-the-background_FVD-579.6_PSNR-10.017_SSIM-0.575_LPIPS-0.650_FID-74.3_adasteer,,,,0.9873551777147825,1.0,59.487723251868935,0.9630914014928481
696_a-moose-is-standing-in-a-field-with-tall-grass-and-trees-in-the-background_FVD-569.5_PSNR-21.474_SSIM-0.635_LPIPS-0.150_FID-75.5_adasteer,,,,0.991316475642073,0.0,63.308184525062295,0.9870427730036717
697_there-is-a-gauge-on-the-dashboard-of-a-car-that-displays-the-battery-percentage_FVD-510.1_PSNR-18.436_SSIM-0.836_LPIPS-0.285_FID-81.1_adasteer,,,,0.9942342266767819,0.0,75.59686831770271,0.9820438422408758
698_the-camera-is-moving-along-a-city-street-passing-by-buildings-and-cars_FVD-492.6_PSNR-17.513_SSIM-0.698_LPIPS-0.341_FID-77.0_adasteer,,,,0.9901080875058357,1.0,60.63951821162783,0.9789501264983532
699_a-white-letter-a-on-a-black-background_FVD-708.4_PSNR-12.646_SSIM-0.420_LPIPS-0.498_FID-80.9_adasteer,,,,0.988110640657171,1.0,50.98137520099508,0.982412446713915
69_a-person-is-standing-in-front-of-a-counter-in-a-coffee-shop_FVD-492.6_PSNR-20.235_SSIM-0.762_LPIPS-0.262_FID-77.0_adasteer,,,,0.9939591525712849,1.0,50.0917345244309,0.9885391749587713
6_a-small-boat-is-sailing-in-the-ocean-with-mountains-in-the-background_FVD-492.6_PSNR-22.692_SSIM-0.803_LPIPS-0.260_FID-77.0_adasteer,,,,0.9928655003000132,1.0,54.89397193645609,0.9875569904551786
700_a-green-bowl-of-soup-with-a-spoon-in-it-and-a-picture-of-a-bowl-of-soup_FVD-463.1_PSNR-13.116_SSIM-0.540_LPIPS-0.527_FID-75.0_adasteer,,,,0.9816743018989114,0.0,75.41005522629311,0.9806017426883473
701_two-men-sitting-at-a-table-in-front-of-a-microphone_FVD-463.1_PSNR-23.508_SSIM-0.848_LPIPS-0.082_FID-75.0_adasteer,,,,0.9940104068470337,0.0,72.81342789222454,0.9916384220123291
702_a-wooden-wine-rack-on-a-white-background_FVD-708.4_PSNR-19.526_SSIM-0.813_LPIPS-0.106_FID-80.9_adasteer,,,,0.9886001184995901,1.0,69.81705711627829,0.9691575854432349
703_the-user-is-using-a-computer-to-control-a-graph-on-a-screen_FVD-463.1_PSNR-17.576_SSIM-0.784_LPIPS-0.363_FID-75.0_adasteer,,,,0.9949558345640607,0.0,73.0020646720097,0.9928671074848548
704_a-young-man-is-standing-in-front-of-a-parking-lot-with-trees-in-the-background_FVD-542.0_PSNR-24.792_SSIM-0.884_LPIPS-0.082_FID-84.1_adasteer,,,,0.9950106122176434,0.0,70.9471461855132,0.9930651533837412
705_a-close-up-of-a-pair-of-pliers-laying-on-the-floor_FVD-590.4_PSNR-11.131_SSIM-0.340_LPIPS-0.646_FID-85.9_adasteer,,,,0.9892618899856952,0.0,57.122143054830616,0.9831565295948702
706_the-logo-for-a-movie-network-exclusive_FVD-492.6_PSNR-14.272_SSIM-0.696_LPIPS-0.290_FID-77.0_adasteer,,,,0.9855709620921018,1.0,67.44363416474441,0.9748337521272548
707_three-speech-bubbles-with-question-marks-on-a-white-background_FVD-492.6_PSNR-41.884_SSIM-0.987_LPIPS-0.005_FID-77.0_adasteer,,,,0.9962593265471252,0.0,65.23254420839507,0.9981121115824756
708_a-young-man-is-fishing-in-a-beautiful-lake-with-tall-grass-and-trees-surrounding_FVD-579.6_PSNR-19.412_SSIM-0.660_LPIPS-0.137_FID-74.3_adasteer,,,,0.9867699755182522,0.0,74.09803693047886,0.9825360148560767
709_the-inside-of-a-limousine-looking-out-the-window_FVD-542.0_PSNR-6.681_SSIM-0.479_LPIPS-0.606_FID-84.1_adasteer,,,,0.9786770658450346,1.0,76.4553846161941,0.9694936079137465
70_a-man-is-cooking-corn-on-the-cob-in-a-kitchen_FVD-579.6_PSNR-17.978_SSIM-0.879_LPIPS-0.089_FID-74.3_adasteer,,,,0.990687142144518,1.0,72.6481678403657,0.9558058383418064
710_a-video-game-character-running-on-a-rainbow-colored-floor_FVD-564.4_PSNR-17.496_SSIM-0.804_LPIPS-0.395_FID-87.0_adasteer,,,,0.9919058836809297,1.0,43.74342589542783,0.9855478604634603
711_the-women-are-working-out-in-a-room-with-a-chair-and-a-large-window_FVD-579.6_PSNR-13.883_SSIM-0.659_LPIPS-0.599_FID-74.3_adasteer,,,,0.9660782840780543,1.0,50.81223244502627,0.9445845360849418
712_it-is-a-black-background-with-white-text-on-it_FVD-542.0_PSNR-25.411_SSIM-0.919_LPIPS-0.022_FID-84.1_adasteer,,,,0.9982018503181187,0.0,49.85298117275896,0.9939419919369268
713_it-is-a-black-mercedes-c-class-car-driving-on-a-snowy-mountain-road_FVD-590.4_PSNR-15.513_SSIM-0.628_LPIPS-0.355_FID-85.9_adasteer,,,,0.9953731252450232,1.0,65.65454680344155,0.9811793140336579
714_a-couple-of-twitters-are-displayed-on-a-black-screen_FVD-492.6_PSNR-13.894_SSIM-0.542_LPIPS-0.352_FID-77.0_adasteer,,,,0.9873695174183456,1.0,77.42382391567888,0.972562473895503
715_a-motorcycle-rider-is-riding-on-a-dirt-road-and-jumping-over-obstacles_FVD-569.5_PSNR-13.004_SSIM-0.604_LPIPS-0.281_FID-75.5_adasteer,,,,0.9652264390999455,1.0,76.26675467655576,0.950381810057397
716_there-is-a-man-sitting-in-a-taxi-and-the-taxi-is-driving-through-the-city_FVD-579.6_PSNR-20.205_SSIM-0.709_LPIPS-0.165_FID-74.3_adasteer,,,,0.9940546781947287,1.0,49.766639709472656,0.9847240167505601
717_a-frying-pan-full-of-sausages-on-a-stove_FVD-590.4_PSNR-14.109_SSIM-0.407_LPIPS-0.678_FID-85.9_adasteer,,,,0.9936862743227632,0.0,45.31114696634227,0.989126651427325
718_a-baseball-player-running-on-a-baseball-field_FVD-542.0_PSNR-20.417_SSIM-0.540_LPIPS-0.169_FID-84.1_adasteer,,,,0.9935364519739519,0.0,67.79108613112876,0.9871436352823295
719_there-are-several-pieces-of-cooked-chicken-on-a-metal-rack-on-top-of-a-counter_FVD-542.0_PSNR-16.091_SSIM-0.711_LPIPS-0.221_FID-84.1_adasteer,,,,0.9788282704240885,1.0,67.93069839477539,0.9709886046016918
71_a-fish-is-placed-in-a-plastic-bag-with-water_FVD-463.1_PSNR-22.969_SSIM-0.646_LPIPS-0.175_FID-75.0_adasteer,,,,0.9915510701810104,0.0,59.21206217798694,0.9881798220615761
720_a-person-is-holding-a-smartphone-with-a-picture-of-a-game-on-the-screen_FVD-708.4_PSNR-32.008_SSIM-0.918_LPIPS-0.350_FID-80.9_adasteer,,,,0.9955862225031573,1.0,53.79737367301151,0.9911383946736654
721_a-person-holding-a-bag-of-green-liquid-on-a-counter_FVD-579.6_PSNR-21.681_SSIM-0.840_LPIPS-0.067_FID-74.3_adasteer,,,,0.9940911819789348,0.0,69.79942900558999,0.9892542502459358
722_a-white-porsche-driving-down-a-curvy-road_FVD-492.6_PSNR-13.038_SSIM-0.312_LPIPS-0.803_FID-77.0_adasteer,,,,0.9882623572599446,1.0,50.5857043430723,0.9795819002039292
723_a-street-with-police-officers-a-car-and-other-vehicles_FVD-542.0_PSNR-20.093_SSIM-0.527_LPIPS-0.373_FID-84.1_adasteer,,,,0.9891285082743033,1.0,52.56699016176421,0.989836404837814
724_three-men-are-drawing-a-car-on-a-wall_FVD-510.1_PSNR-7.464_SSIM-0.245_LPIPS-0.811_FID-81.1_adasteer,,,,0.9826078719415117,1.0,49.9376567314411,0.9817862959469066
725_a-young-woman-in-a-green-shirt-is-standing-on-the-floor-of-a-living-room_FVD-708.4_PSNR-24.861_SSIM-0.853_LPIPS-0.060_FID-80.9_adasteer,,,,0.9953147498649566,0.0,69.5472667299468,0.9927762410219978
726_a-close-up-of-a-persons-hand-on-top-of-a-pile-of-green-leaves_FVD-708.4_PSNR-17.017_SSIM-0.477_LPIPS-0.152_FID-80.9_adasteer,,,,0.9808592036240243,1.0,69.21973129798626,0.9656489877139821
727_a-cat-is-eating-food-from-a-small-white-bowl-on-a-carpet_FVD-708.4_PSNR-18.359_SSIM-0.355_LPIPS-0.119_FID-80.9_adasteer,,,,0.9917841908397975,0.0,73.14637756347656,0.9787060943304323
728_a-picture-of-a-statue-of-a-dragon-on-a-tv-screen_FVD-708.4_PSNR-20.909_SSIM-0.860_LPIPS-0.082_FID-80.9_adasteer,,,,0.9909036274098315,1.0,69.7912623964507,0.9876372159696093
729_there-are-two-men-sitting-on-red-chairs-in-a-room-with-shelves-filled-with-bottl_FVD-492.6_PSNR-27.249_SSIM-0.895_LPIPS-0.045_FID-77.0_adasteer,,,,0.9948547952166977,0.0,66.41480912833379,0.9935641480427162
72_a-close-up-of-a-bmw-car-on-a-brick-road_FVD-510.1_PSNR-15.260_SSIM-0.403_LPIPS-0.335_FID-81.1_adasteer,,,,0.9902345704574566,1.0,69.2859668073983,0.9737923304239909
730_a-group-of-people-including-a-man-a-woman-and-a-baby-are-in-a-kitchen-they-are-l_FVD-463.1_PSNR-8.758_SSIM-0.284_LPIPS-0.717_FID-75.0_adasteer,,,,0.9939590020035792,0.0,76.86973992709456,0.9880078549478568
731_a-person-is-knitting-with-green-yarn-on-a-white-background_FVD-492.6_PSNR-6.078_SSIM-0.386_LPIPS-0.725_FID-77.0_adasteer,,,,0.9680446845204428,1.0,72.76287026240908,0.9565236334707222
732_the-mugshots-of-five-men-who-have-been-arrested_FVD-569.5_PSNR-25.922_SSIM-0.894_LPIPS-0.052_FID-75.5_adasteer,,,,0.9954409669850847,0.0,59.80964502794989,0.9933207030389823
733_a-person-holding-an-iphone-in-front-of-a-laptop_FVD-492.6_PSNR-10.338_SSIM-0.212_LPIPS-0.633_FID-77.0_adasteer,,,,0.992278613568825,0.0,57.736120289769666,0.9804347019569547
734_there-are-various-types-of-reptiles-including-snakes-lizards-and-turtles-all-hou_FVD-708.4_PSNR-17.859_SSIM-0.359_LPIPS-0.549_FID-80.9_adasteer,,,,0.9939643485599368,0.0,56.32453392291891,0.9831432903514189
735_a-person-is-driving-a-black-car-down-a-road-with-a-green-grassy-field-in-the-bac_FVD-545.1_PSNR-8.617_SSIM-0.204_LPIPS-0.836_FID-82.7_adasteer,,,,0.9847236996093843,1.0,66.19629905963767,0.96575314764883
736_the-person-is-sitting-in-front-of-a-desk-with-books-and-other-items-on-it-wearin_FVD-564.4_PSNR-5.822_SSIM-0.340_LPIPS-0.939_FID-87.0_adasteer,,,,0.9725735259047529,0.0,67.09089726415174,0.9776506648344152
737_a-man-is-standing-in-a-kitchen-and-talking-to-the-camera_FVD-579.6_PSNR-11.430_SSIM-0.185_LPIPS-0.700_FID-74.3_adasteer,,,,0.9931815180666284,0.0,53.622783726659314,0.9832687153535731
738_the-front-entrance-of-a-building-with-glass-doors_FVD-579.6_PSNR-15.108_SSIM-0.518_LPIPS-0.475_FID-74.3_adasteer,,,,0.983783138221902,0.0,75.97327344170932,0.9883772765888887
739_a-man-is-cutting-red-peppers-on-a-wooden-cutting-board-in-a-modern-kitchen_FVD-708.4_PSNR-18.631_SSIM-0.766_LPIPS-0.184_FID-80.9_adasteer,,,,0.9901470260914195,1.0,74.21655115587959,0.9843200543347527
73_a-drone-is-taking-off-and-flying-over-a-river_FVD-492.6_PSNR-14.630_SSIM-0.511_LPIPS-0.393_FID-77.0_adasteer,,,,0.9605594569892594,1.0,70.9201168191844,0.9441046434290269
740_a-pair-of-scissors-laying-on-the-floor-next-to-some-plastic-bags_FVD-510.1_PSNR-20.338_SSIM-0.489_LPIPS-0.319_FID-81.1_adasteer,,,,0.9897875015056771,1.0,59.361372322871766,0.9719690491171444
741_a-mother-and-her-two-children-are-sitting-at-a-table-and-making-crafts-together_FVD-579.6_PSNR-20.152_SSIM-0.475_LPIPS-0.104_FID-74.3_adasteer,,,,0.9862659908047086,0.0,71.52792937180092,0.9671995536953795
742_three-men-standing-on-a-street-in-front-of-a-building_FVD-545.1_PSNR-23.490_SSIM-0.902_LPIPS-0.080_FID-82.7_adasteer,,,,0.9934504904392313,0.0,62.2118543427566,0.9918703546711043
743_an-older-man-and-woman-stand-on-a-beach-with-the-ocean-in-the-background_FVD-708.4_PSNR-9.209_SSIM-0.388_LPIPS-0.652_FID-80.9_adasteer,,,,0.9583247030449467,1.0,76.11682891845703,0.9559064416324391
744_there-are-two-people-standing-on-a-sidewalk-one-of-them-is-holding-a-plate-with_FVD-542.0_PSNR-12.758_SSIM-0.438_LPIPS-0.409_FID-84.1_adasteer,,,,0.989244575634741,1.0,71.08359396046606,0.9619922151752547
745_the-word-numeros-complexos-on-a-blue-background_FVD-564.4_PSNR-36.227_SSIM-0.989_LPIPS-0.012_FID-87.0_adasteer,,,,0.9958869055100673,0.0,71.8162744456324,0.9969828981979221
746_a-computer-screen-showing-various-items-in-minecraft_FVD-542.0_PSNR-24.028_SSIM-0.874_LPIPS-0.176_FID-84.1_adasteer,,,,0.992990548182414,0.0,71.63900677911167,0.9915271562688491
747_a-soccer-player-is-being-interviewed-on-a-green-field-with-microphones-in-front_FVD-590.4_PSNR-20.980_SSIM-0.781_LPIPS-0.140_FID-85.9_adasteer,,,,0.9934577375621724,0.0,72.54742352715854,0.9911505886152678
748_the-operating-room-is-equipped-with-modern-medical-equipment_FVD-463.1_PSNR-13.357_SSIM-0.488_LPIPS-0.682_FID-75.0_adasteer,,,,0.9744869178641008,0.0,69.07112542514143,0.9836340025359509
749_a-close-up-of-a-guitar-with-stickers-on-it_FVD-708.4_PSNR-6.746_SSIM-0.325_LPIPS-0.696_FID-80.9_adasteer,,,,0.9769441699623225,0.0,60.13841957881533,0.9674178628360524
74_a-diagram-showing-the-structure-of-a-neuron_FVD-569.5_PSNR-34.853_SSIM-0.989_LPIPS-0.024_FID-75.5_adasteer,,,,0.9876446209827414,0.0,57.90275600038726,0.9877919299929749
750_two-men-shaking-hands-in-a-formal-setting_FVD-542.0_PSNR-29.467_SSIM-0.911_LPIPS-0.033_FID-84.1_adasteer,,,,0.9951704440456738,0.0,74.59717796588767,0.9923204150854372
751_there-is-a-baseball-game-being-played-on-a-field-with-a-dirt-infield-and-grass-o_FVD-590.4_PSNR-15.630_SSIM-0.802_LPIPS-0.117_FID-85.9_adasteer,,,,0.9669028239300528,1.0,67.38364423554519,0.9543660818361769
752_a-man-is-sitting-in-the-drivers-seat-of-an-old-red-convertible-car-and-talking-t_FVD-564.4_PSNR-10.547_SSIM-0.388_LPIPS-0.761_FID-87.0_adasteer,,,,0.9841975344491429,0.0,72.23890975425984,0.9826204673916685
753_there-are-two-small-black-screws-on-a-red-mat_FVD-492.6_PSNR-24.716_SSIM-0.812_LPIPS-0.057_FID-77.0_adasteer,,,,0.9955130019422299,0.0,77.31195147284146,0.9943324659384933
754_a-man-is-walking-down-a-street-in-an-urban-area-he-is-wearing-a-brown-jacket-and_FVD-545.1_PSNR-14.270_SSIM-0.485_LPIPS-0.558_FID-82.7_adasteer,,,,0.9813295423003603,0.0,67.8503040445262,0.9689699266471115
755_there-is-a-waffle-with-the-shape-of-mickey-mouses-head_FVD-542.0_PSNR-22.615_SSIM-0.752_LPIPS-0.067_FID-84.1_adasteer,,,,0.9926190394360201,0.0,71.6614813969053,0.9703550151750153
756_a-tv-news-report-about-common-supplements-that-dont-help-arthritis_FVD-569.5_PSNR-11.957_SSIM-0.510_LPIPS-0.516_FID-75.5_adasteer,,,,0.9825100396395203,1.0,77.02406258418642,0.9663633944941502
757_an-insect-is-crawling-on-a-black-cable_FVD-569.5_PSNR-20.922_SSIM-0.635_LPIPS-0.286_FID-75.5_adasteer,,,,0.9888823132418032,1.0,66.88195485082166,0.9738183432934331
758_a-person-placing-seeds-in-a-plastic-container_FVD-545.1_PSNR-16.068_SSIM-0.719_LPIPS-0.270_FID-82.7_adasteer,,,,0.9772546880330658,0.0,63.359516933046535,0.973556978562299
759_a-soccer-player-is-trying-on-new-cleats-in-the-locker-room_FVD-542.0_PSNR-17.913_SSIM-0.761_LPIPS-0.288_FID-84.1_adasteer,,,,0.992011962604219,1.0,54.766010810588966,0.9852635383605957
75_a-woman-in-a-business-suit-holding-a-folder_FVD-545.1_PSNR-16.534_SSIM-0.734_LPIPS-0.424_FID-82.7_adasteer,,,,0.9901905441329844,0.0,75.27289291908001,0.9856582286311131
760_a-man-in-a-red-shirt-is-standing-in-a-hallway-next-to-a-door-with-a-picture-on-i_FVD-564.4_PSNR-31.536_SSIM-0.945_LPIPS-0.025_FID-87.0_adasteer,,,,0.9958291190741788,0.0,72.23397511449353,0.9961162892042422
761_a-close-up-of-a-chevrolet-camaro-parked-on-a-driveway_FVD-510.1_PSNR-11.095_SSIM-0.341_LPIPS-0.554_FID-81.1_adasteer,,,,0.9717508550562319,1.0,65.36707345370588,0.9634589700137868
762_a-person-holding-a-key-to-a-purple-sports-car_FVD-542.0_PSNR-19.568_SSIM-0.791_LPIPS-0.137_FID-84.1_adasteer,,,,0.9917031975717637,0.0,66.31701068220467,0.9868606240141625
763_the-car-is-parked-in-a-parking-lot-and-the-camera-is-facing-the-rear-of-the-car_FVD-569.5_PSNR-17.939_SSIM-0.533_LPIPS-0.248_FID-75.5_adasteer,,,,0.9826849041566412,1.0,74.17359003527412,0.9685704399557674
764_a-blue-toyota-tacoma-truck-is-parked-in-a-parking-lot-surrounded-by-trees_FVD-708.4_PSNR-21.869_SSIM-0.792_LPIPS-0.068_FID-80.9_adasteer,,,,0.9910439569791591,0.0,77.14089439655173,0.9876915127623315
765_a-building-under-a-starry-sky-with-a-milky-way-in-the-background_FVD-564.4_PSNR-20.166_SSIM-0.811_LPIPS-0.204_FID-87.0_adasteer,,,,0.9956496178198844,0.0,56.833744049072266,0.992370384347205
766_a-man-is-holding-a-tablet-in-his-hands-while-standing-in-front-of-a-blackboard_FVD-510.1_PSNR-8.282_SSIM-0.069_LPIPS-0.722_FID-81.1_adasteer,,,,0.9802326299109387,1.0,59.650960724929284,0.980936964820413
767_a-man-is-sitting-near-a-tent-in-the-forest-and-eating-food-from-a-bag_FVD-708.4_PSNR-19.181_SSIM-0.752_LPIPS-0.185_FID-80.9_adasteer,,,,0.9932745046135442,0.0,79.2043528063544,0.9914999054927452
768_a-black-background-with-the-words-more-mushrooms-and-bugs_FVD-564.4_PSNR-31.834_SSIM-0.947_LPIPS-0.008_FID-87.0_adasteer,,,,0.998848875754896,0.0,40.513261203108165,0.998591344613655
769_a-person-holding-a-box-with-a-cookie-monster-on-it_FVD-708.4_PSNR-14.128_SSIM-0.621_LPIPS-0.466_FID-80.9_adasteer,,,,0.9904957147121669,1.0,47.28740902604728,0.975329563664455
76_a-close-up-of-wires-attached-to-a-metal-box_FVD-579.6_PSNR-16.226_SSIM-0.605_LPIPS-0.244_FID-74.3_adasteer,,,,0.9870018240669666,1.0,74.56184176740975,0.9583621043784946
770_a-bowl-of-orange-sauce-with-a-spoon-in-it_FVD-463.1_PSNR-19.180_SSIM-0.587_LPIPS-0.117_FID-75.0_adasteer,,,,0.9931026023523726,0.0,75.74283862936086,0.985845796734679
771_two-men-are-working-together-in-a-hardware-store_FVD-492.6_PSNR-17.738_SSIM-0.632_LPIPS-0.244_FID-77.0_adasteer,,,,0.9776298576321555,1.0,70.89368833344558,0.9639404371672986
772_a-couple-of-cars-driving-down-a-road-with-a-mountain-in-the-background_FVD-463.1_PSNR-21.600_SSIM-0.825_LPIPS-0.167_FID-75.0_adasteer,,,,0.995494709602591,0.0,54.084244432120485,0.993555401353275
773_a-black-wireless-charging-pad-is-placed-on-a-wooden-table-and-the-camera-pans-ar_FVD-708.4_PSNR-19.936_SSIM-0.871_LPIPS-0.168_FID-80.9_adasteer,,,,0.994953197057402,1.0,70.95120028791756,0.9925063338934207
774_a-blue-background-with-the-words-miniature-float-challenge-from-my-scrap-room_FVD-510.1_PSNR-10.959_SSIM-0.796_LPIPS-0.245_FID-81.1_adasteer,,,,0.9837508285899831,0.0,71.07885189714104,0.9828985644321816
775_a-close-up-of-a-stack-of-books-and-papers-with-text_FVD-510.1_PSNR-22.696_SSIM-0.824_LPIPS-0.073_FID-81.1_adasteer,,,,0.9945960366652002,0.0,48.0676752287766,0.9911648927950392
776_a-woman-is-standing-in-her-living-room-and-talking-to-the-camera_FVD-463.1_PSNR-28.309_SSIM-0.893_LPIPS-0.035_FID-75.0_adasteer,,,,0.996187469044776,0.0,77.99861881650727,0.9958364416571225
777_a-baseball-player-is-running-on-the-field-during-a-game-and-catching-the-ball_FVD-463.1_PSNR-20.464_SSIM-0.697_LPIPS-0.067_FID-75.0_adasteer,,,,0.9924041636553126,0.0,77.57429609627559,0.9855127428092209
778_two-simpsons-characters-standing-next-to-each-other_FVD-492.6_PSNR-11.407_SSIM-0.759_LPIPS-0.489_FID-77.0_adasteer,,,,0.9673372482339624,1.0,64.57754240364864,0.9635097167071174
779_a-solar-system-with-the-sun-jupiter-and-saturn_FVD-590.4_PSNR-13.262_SSIM-0.505_LPIPS-0.442_FID-85.9_adasteer,,,,0.9875157953472522,1.0,60.740007992448476,0.9820015121908748
77_an-orange-off-road-vehicle-is-driving-on-a-rocky-terrain-and-jumping-over-obstac_FVD-590.4_PSNR-6.614_SSIM-0.196_LPIPS-0.968_FID-85.9_adasteer,,,,0.9806246446228063,1.0,60.95267065640154,0.9748852561501896
780_the-tire-of-a-car-is-on-a-runway-at-night-with-the-sun-shining-in-the-background_FVD-708.4_PSNR-8.888_SSIM-0.287_LPIPS-0.694_FID-80.9_adasteer,,,,0.9686214963081922,1.0,61.91967694512729,0.9578946207083908
781_a-pan-of-cake-sitting-on-a-table-next-to-a-bowl-of-whipped-cream_FVD-510.1_PSNR-19.018_SSIM-0.544_LPIPS-0.203_FID-81.1_adasteer,,,,0.984185856801321,1.0,70.62015322981209,0.9588284174601237
782_a-blue-screen-with-a-lot-of-numbers-on-it_FVD-542.0_PSNR-12.379_SSIM-0.587_LPIPS-0.585_FID-84.1_adasteer,,,,0.9903313324194528,0.0,67.75304728540881,0.9898588984620338
783_a-cowboy-is-riding-a-bull-in-a-rodeo-arena_FVD-463.1_PSNR-16.977_SSIM-0.271_LPIPS-0.669_FID-75.0_adasteer,,,,0.9878718458871262,1.0,48.83128705517999,0.9851868751002293
784_a-man-with-his-hands-up-in-front-of-a-computer-screen-looks-at-the-camera_FVD-564.4_PSNR-17.430_SSIM-0.730_LPIPS-0.312_FID-87.0_adasteer,,,,0.993028387904307,1.0,76.93685913085938,0.988211649539424
785_a-computer-generated-image-of-a-building-with-a-red-light-on-it_FVD-564.4_PSNR-10.318_SSIM-0.416_LPIPS-0.648_FID-87.0_adasteer,,,,0.9630207407482224,1.0,72.5652523698478,0.9674927281398399
786_a-woman-in-an-apron-is-cooking-food-on-a-stove-in-a-kitchen_FVD-545.1_PSNR-14.754_SSIM-0.443_LPIPS-0.569_FID-82.7_adasteer,,,,0.9743803832630809,0.0,74.06360494679419,0.9722860747692632
787_a-close-up-of-a-red-and-black-computer_FVD-510.1_PSNR-16.772_SSIM-0.732_LPIPS-0.368_FID-81.1_adasteer,,,,0.9860864093567449,1.0,59.84167427852236,0.9697629853790881
788_a-video-game-screen-showing-different-weapons_FVD-542.0_PSNR-24.702_SSIM-0.616_LPIPS-0.520_FID-84.1_adasteer,,,,0.9946736094277454,1.0,39.90332787612389,0.9927339427611407
789_a-video-game-screen-showing-a-man-with-a-headset-on_FVD-579.6_PSNR-10.668_SSIM-0.664_LPIPS-0.468_FID-74.3_adasteer,,,,0.9346072595704948,1.0,44.029246297375906,0.8895816653382544
78_a-person-is-cooking-some-food-in-a-frying-pan-with-a-wooden-spoon_FVD-510.1_PSNR-25.034_SSIM-0.871_LPIPS-0.124_FID-81.1_adasteer,,,,0.9936708289752867,1.0,75.04119241648706,0.987100564732271
790_a-man-is-standing-in-a-colorful-fantastical-landscape_FVD-545.1_PSNR-23.570_SSIM-0.842_LPIPS-0.146_FID-82.7_adasteer,,,,0.9940374272037875,1.0,72.3029961421572,0.9913760970620548
791_a-man-with-long-hair-and-beard-is-sitting-on-a-sofa-and-talking-to-the-camera_FVD-564.4_PSNR-20.333_SSIM-0.743_LPIPS-0.116_FID-87.0_adasteer,,,,0.9889196491230039,1.0,69.15711396316001,0.9783963465223126
792_a-tv-news-broadcast-with-a-pink-pig-sign_FVD-708.4_PSNR-12.969_SSIM-0.482_LPIPS-0.600_FID-80.9_adasteer,,,,0.9769845672310056,1.0,70.20431834253772,0.9592153511795343
793_there-are-two-women-smiling-and-taking-a-selfie-together-in-a-shopping-mall_FVD-545.1_PSNR-11.554_SSIM-0.348_LPIPS-0.562_FID-82.7_adasteer,,,,0.9678713976910209,1.0,62.273881057213096,0.9292163474887025
794_a-man-holding-a-microphone-in-front-of-a-can-of-strong-zero_FVD-579.6_PSNR-7.549_SSIM-0.528_LPIPS-0.654_FID-74.3_adasteer,,,,0.9742076839750323,1.0,59.736346277697336,0.9737422101637896
795_there-is-a-man-standing-in-front-of-a-blue-background-he-is-wearing-a-black-shir_FVD-708.4_PSNR-21.475_SSIM-0.807_LPIPS-0.160_FID-80.9_adasteer,,,,0.9894671104953734,0.0,77.35114262021821,0.9858375708262126
796_the-title-tricks-of-the-tane-how-to-make-a-two-color-twist_FVD-708.4_PSNR-11.843_SSIM-0.494_LPIPS-0.635_FID-80.9_adasteer,,,,0.9819779181704734,0.0,66.66848991657126,0.9693424804537905
797_there-is-a-table-with-various-items-on-it-including-coffee-cups-books-and-papers_FVD-590.4_PSNR-12.111_SSIM-0.384_LPIPS-0.644_FID-85.9_adasteer,,,,0.9759844932564372,0.0,64.54608154296875,0.980980530907126
798_a-man-is-sitting-in-the-drivers-seat-of-a-car-in-a-garage_FVD-579.6_PSNR-16.069_SSIM-0.404_LPIPS-0.626_FID-74.3_adasteer,,,,0.9888392073910226,1.0,63.32210014606344,0.9730545698427686
799_it-is-a-room-with-a-pool-table-and-other-sports-memorabilia-on-the-walls_FVD-510.1_PSNR-32.745_SSIM-0.956_LPIPS-0.013_FID-81.1_adasteer,,,,0.9956494172188105,0.0,78.11362878207503,0.9962229050841986
79_two-men-are-sitting-at-a-table-in-an-outdoor-cafe-and-smiling-at-the-camera_FVD-492.6_PSNR-15.847_SSIM-0.634_LPIPS-0.210_FID-77.0_adasteer,,,,0.988312823627047,1.0,77.53629066204202,0.9701669169407264
7_the-new-ford-cars-are-on-display-at-a-car-show_FVD-590.4_PSNR-19.930_SSIM-0.795_LPIPS-0.077_FID-85.9_adasteer,,,,0.9791674555105162,0.0,73.92661706332503,0.9216701507568359
800_a-person-is-cooking-food-in-a-frying-pan-on-a-stove_FVD-510.1_PSNR-9.056_SSIM-0.553_LPIPS-0.515_FID-81.1_adasteer,,,,0.9853290940107345,1.0,62.16640801265322,0.960315289216883
801_a-man-with-a-beard-makes-a-gesture-with-his-hands_FVD-569.5_PSNR-5.101_SSIM-0.560_LPIPS-0.630_FID-75.5_adasteer,,,,0.981034174052901,1.0,56.936332044930296,0.9726588118310068
802_two-women-on-a-television-set-talking-to-each-other_FVD-590.4_PSNR-29.455_SSIM-0.895_LPIPS-0.030_FID-85.9_adasteer,,,,0.9957494615100314,0.0,62.36254159335432,0.9953741723415899
803_there-are-cars-driving-on-a-bridge-over-a-river-in-an-autumn-park-with-trees-and_FVD-564.4_PSNR-6.099_SSIM-0.474_LPIPS-0.724_FID-87.0_adasteer,,,,0.9644852875712251,1.0,69.13362910829741,0.94801451365153
804_a-collage-of-fruits-and-vegetables-with-the-words-karen-roth-nutrition_FVD-545.1_PSNR-28.433_SSIM-0.928_LPIPS-0.032_FID-82.7_adasteer,,,,0.9936180072990735,0.0,74.08882141113281,0.9892018720215442
805_a-white-car-is-driving-down-a-street-in-the-rain_FVD-708.4_PSNR-17.772_SSIM-0.516_LPIPS-0.146_FID-80.9_adasteer,,,,0.9746264974005094,1.0,65.30539532365471,0.966305601830576
806_two-men-shoveling-gravel-in-front-of-a-brick-building_FVD-463.1_PSNR-24.118_SSIM-0.762_LPIPS-0.081_FID-75.0_adasteer,,,,0.9937833357835656,1.0,78.36547456938645,0.9870306220709109
807_two-men-standing-next-to-each-other-in-a-store_FVD-542.0_PSNR-21.753_SSIM-0.753_LPIPS-0.162_FID-84.1_adasteer,,,,0.986651496970316,1.0,58.46333510300209,0.9744785570630841
808_a-man-in-an-orange-vest-standing-next-to-a-tank_FVD-545.1_PSNR-11.706_SSIM-0.414_LPIPS-0.612_FID-82.7_adasteer,,,,0.9897346103906306,1.0,69.54344085167195,0.9729112849516027
809_a-man-is-cooking-or-preparing-food-in-a-kitchen_FVD-545.1_PSNR-16.143_SSIM-0.724_LPIPS-0.326_FID-82.7_adasteer,,,,0.9925306517505507,1.0,57.28743849129513,0.9810639830196605
80_a-man-is-sitting-at-a-desk-and-talking-into-a-microphone-he-is-wearing-a-blue-sh_FVD-463.1_PSNR-26.644_SSIM-0.912_LPIPS-0.051_FID-75.0_adasteer,,,,0.9956048540877355,0.0,74.2469061489763,0.9953487111072914
810_an-aerial-view-of-a-large-number-of-airplanes-in-a-field_FVD-590.4_PSNR-14.436_SSIM-0.683_LPIPS-0.679_FID-85.9_adasteer,,,,0.9864750194615773,1.0,63.93558686355065,0.9364378162458831
811_a-man-and-a-woman-sitting-in-a-chair-talking_FVD-579.6_PSNR-24.522_SSIM-0.821_LPIPS-0.114_FID-74.3_adasteer,,,,0.9951353224917103,1.0,69.03004744957234,0.9920457176133698
812_a-man-with-a-beard-holding-up-a-bunch-of-money_FVD-590.4_PSNR-22.429_SSIM-0.695_LPIPS-0.060_FID-85.9_adasteer,,,,0.9920421013958468,0.0,76.22437181143925,0.968819881887997
813_a-person-spooning-food-into-two-bowls-on-a-table_FVD-708.4_PSNR-24.633_SSIM-0.877_LPIPS-0.064_FID-80.9_adasteer,,,,0.9953332741349744,0.0,72.25978561927532,0.9937368444367951
814_a-video-game-screen-showing-a-brick-wall-and-a-window_FVD-564.4_PSNR-5.531_SSIM-0.349_LPIPS-0.745_FID-87.0_adasteer,,,,0.9694197973994619,1.0,66.99700717268318,0.9647270875818589
815_a-view-of-the-acropolis-from-the-top-of-a-hill_FVD-510.1_PSNR-7.506_SSIM-0.345_LPIPS-0.800_FID-81.1_adasteer,,,,0.9938257381277832,1.0,58.45886651400862,0.9829025436850155
816_a-man-with-sunglasses-is-sitting-in-the-drivers-seat-of-a-car_FVD-708.4_PSNR-16.063_SSIM-0.534_LPIPS-0.524_FID-80.9_adasteer,,,,0.9806984744685802,1.0,76.8265801791487,0.9638256895775889
817_there-is-a-man-wearing-a-blue-and-black-soccer-jersey-standing-in-front-of-a-she_FVD-545.1_PSNR-7.108_SSIM-0.291_LPIPS-0.771_FID-82.7_adasteer,,,,0.9853041635992004,0.0,57.53396830065497,0.9800077887142405
818_a-news-reporter-is-standing-in-front-of-an-air-force-base-and-discussing-recent_FVD-545.1_PSNR-14.943_SSIM-0.596_LPIPS-0.224_FID-82.7_adasteer,,,,0.9841815555682744,1.0,75.85046833959119,0.958415132410386
819_a-person-is-mixing-ingredients-in-a-glass-bowl-with-their-hands_FVD-463.1_PSNR-27.491_SSIM-0.932_LPIPS-0.039_FID-75.0_adasteer,,,,0.9956777209080748,0.0,74.42399439318427,0.9954226554608813
81_an-elderly-man-is-mixing-ingredients-in-a-blender_FVD-590.4_PSNR-23.297_SSIM-0.839_LPIPS-0.046_FID-85.9_adasteer,,,,0.9956669312356353,0.0,74.13017141407934,0.9946871963201784
820_a-young-man-is-juggling-three-balls-on-a-blue-background_FVD-510.1_PSNR-22.201_SSIM-0.855_LPIPS-0.159_FID-81.1_adasteer,,,,0.9923850775620077,1.0,72.50631898024986,0.986734780143289
821_a-girl-is-having-her-hair-combed-by-another-girl-in-the-bathroom_FVD-545.1_PSNR-17.391_SSIM-0.551_LPIPS-0.195_FID-82.7_adasteer,,,,0.9902147574775102,1.0,78.3754953844794,0.9776213458940095
822_a-picture-of-a-box-of-posca-markers-on-a-piece-of-paper_FVD-463.1_PSNR-14.740_SSIM-0.624_LPIPS-0.284_FID-75.0_adasteer,,,,0.9872715864524229,1.0,69.97212719095164,0.9446765039481368
823_the-player-is-in-a-futuristic-sci-fi-video-game-environment-with-neon-lighting-a_FVD-569.5_PSNR-19.623_SSIM-0.715_LPIPS-0.328_FID-75.5_adasteer,,,,0.9902918497794417,1.0,54.25793088715652,0.9520378598979875
824_a-man-in-a-cowboy-hat-and-apron-is-standing-in-front-of-a-table-with-a-pot-on-it_FVD-579.6_PSNR-18.941_SSIM-0.529_LPIPS-0.098_FID-74.3_adasteer,,,,0.9886152056642636,0.0,77.44280400769463,0.9814689767126944
825_there-is-a-fire-in-a-house-surrounded-by-a-fence_FVD-579.6_PSNR-15.262_SSIM-0.424_LPIPS-0.294_FID-74.3_adasteer,,,,0.9879770880374051,1.0,66.40565069790544,0.9503637762630687
826_a-close-up-of-a-blue-bag-sitting-on-the-floor_FVD-579.6_PSNR-29.398_SSIM-0.875_LPIPS-0.042_FID-74.3_adasteer,,,,0.9947073730667481,0.0,72.28421520364695,0.9934414237153296
827_a-black-background-with-the-text_FVD-590.4_PSNR-39.872_SSIM-0.950_LPIPS-0.001_FID-85.9_adasteer,,,,0.9989279735999634,0.0,55.85790857775458,0.9990924859163808
828_a-baseball-player-walks-off-the-field-after-a-game-in-front-of-a-crowd-of-fans_FVD-545.1_PSNR-16.603_SSIM-0.447_LPIPS-0.511_FID-82.7_adasteer,,,,0.9682024126090073,1.0,65.40426293734846,0.9411468094470454
829_a-person-is-cooking-rice-and-beef-in-a-pan-with-a-wooden-spoon_FVD-545.1_PSNR-25.416_SSIM-0.882_LPIPS-0.057_FID-82.7_adasteer,,,,0.9947530409065336,0.0,72.82708398227034,0.9926363412071677
82_a-smartphone-is-placed-on-a-window-sill-next-to-a-window_FVD-590.4_PSNR-9.225_SSIM-0.594_LPIPS-0.648_FID-85.9_adasteer,,,,0.9747790916914308,1.0,72.85398706896552,0.9596162721222522
830_a-picture-of-a-plane-flying-over-water-with-the-caption-evolution-of-the-hawker_FVD-542.0_PSNR-15.977_SSIM-0.723_LPIPS-0.216_FID-84.1_adasteer,,,,0.9890884600701927,1.0,72.17359384997138,0.9592086081411324
831_a-group-of-men-are-standing-on-a-soccer-field-and-talking-to-each-other_FVD-590.4_PSNR-11.272_SSIM-0.313_LPIPS-0.918_FID-85.9_adasteer,,,,0.9939266722647927,0.0,54.62028911195952,0.9864014204810647
832_a-busy-city-street-with-cars-people-and-tall-buildings_FVD-463.1_PSNR-16.320_SSIM-0.404_LPIPS-0.261_FID-75.0_adasteer,,,,0.9915592134623614,1.0,66.77661619515254,0.9628652460434858
833_a-hand-is-pointing-at-a-red-container_FVD-545.1_PSNR-11.503_SSIM-0.528_LPIPS-0.423_FID-82.7_adasteer,,,,0.9830609804351762,1.0,47.099804713808254,0.960185686747233
834_a-person-is-shopping-for-car-audio-equipment-at-an-electronics-store_FVD-545.1_PSNR-15.474_SSIM-0.459_LPIPS-0.664_FID-82.7_adasteer,,,,0.9753589169375014,1.0,69.62633909028152,0.9452608632106407
835_a-bear-is-standing-on-a-red-background-with-the-words-very-bear-gaming-written-a_FVD-510.1_PSNR-21.767_SSIM-0.879_LPIPS-0.242_FID-81.1_adasteer,,,,0.9933270583540574,1.0,64.9668873754041,0.9811933835347494
836_a-picture-of-a-roof-with-a-caption-that-says-what-are-these-black-streaks-on-my_FVD-510.1_PSNR-14.210_SSIM-0.393_LPIPS-0.308_FID-81.1_adasteer,,,,0.9894637814059919,1.0,67.77228033131567,0.9774794073665843
837_an-aerial-view-of-a-wrecked-car-on-the-side-of-the-road_FVD-510.1_PSNR-16.064_SSIM-0.542_LPIPS-0.412_FID-81.1_adasteer,,,,0.9688773498849326,1.0,68.65720341123384,0.9462227952246572
838_a-person-holding-a-metal-object-in-their-hand_FVD-564.4_PSNR-23.356_SSIM-0.850_LPIPS-0.119_FID-87.0_adasteer,,,,0.9930696663681498,0.0,62.65761460929081,0.9906773585899203
839_a-close-up-of-a-steering-wheel-in-a-car_FVD-708.4_PSNR-11.867_SSIM-0.478_LPIPS-0.465_FID-80.9_adasteer,,,,0.9804354871622795,1.0,43.298181204960265,0.9770857997969085
83_a-soccer-game-being-played-on-a-computer-screen_FVD-569.5_PSNR-26.478_SSIM-0.933_LPIPS-0.045_FID-75.5_adasteer,,,,0.9949471467606809,0.0,78.73976266795191,0.9944884688246484
840_there-is-a-purple-and-pink-box-of-crayons-on-a-colorful-carpet_FVD-708.4_PSNR-14.972_SSIM-0.672_LPIPS-0.459_FID-80.9_adasteer,,,,0.9881916633841036,1.0,37.769252908640894,0.9608412611718271
841_there-are-several-eggs-in-a-glass-bowl-on-a-kitchen-counter_FVD-463.1_PSNR-20.222_SSIM-0.677_LPIPS-0.322_FID-75.0_adasteer,,,,0.9925203460457366,0.0,70.03178011137864,0.9862798120461258
842_a-plate-of-sliced-turkey-on-a-table-next-to-a-tomato_FVD-564.4_PSNR-8.447_SSIM-0.408_LPIPS-0.745_FID-87.0_adasteer,,,,0.9777437777661813,1.0,66.32424900449556,0.9720453000536152
843_a-white-van-with-its-doors-open-in-a-parking-lot_FVD-542.0_PSNR-7.444_SSIM-0.618_LPIPS-0.546_FID-84.1_adasteer,,,,0.9773585046999569,1.0,53.850641053298425,0.961516533645929
844_a-car-driving-down-a-street-with-cones-in-the-road_FVD-579.6_PSNR-12.749_SSIM-0.594_LPIPS-0.622_FID-74.3_adasteer,,,,0.9549876038823649,1.0,32.66673989131533,0.9606321708828796
845_a-car-is-driving-along-a-dirt-road-in-a-canyon-with-red-rock-formations-on-eithe_FVD-492.6_PSNR-6.087_SSIM-0.170_LPIPS-0.801_FID-77.0_adasteer,,,,0.9270831607883538,0.0,52.58525480073074,0.9113272648231656
846_people-are-riding-snowmobiles-in-the-snowy-forest-with-trees-covered-in-snow_FVD-564.4_PSNR-17.699_SSIM-0.580_LPIPS-0.162_FID-87.0_adasteer,,,,0.9902719245751186,1.0,74.93563290300041,0.9770335590138155
847_a-middle-aged-man-in-glasses-and-a-sweater-is-talking-to-the-camera-while-gestur_FVD-708.4_PSNR-18.416_SSIM-0.844_LPIPS-0.147_FID-80.9_adasteer,,,,0.9903765340604724,0.0,75.4820012059705,0.987969405043359
848_a-group-of-people-standing-next-to-each-other-on-a-soccer-field_FVD-708.4_PSNR-18.826_SSIM-0.558_LPIPS-0.115_FID-80.9_adasteer,,,,0.9719922917751502,0.0,62.210183373812974,0.9682270237043792
849_a-man-with-glasses-is-holding-his-head-up-in-front-of-a-blue-screen_FVD-510.1_PSNR-10.795_SSIM-0.562_LPIPS-0.700_FID-81.1_adasteer,,,,0.9850089501278609,1.0,62.670859764362206,0.9562884723438936
84_a-woman-in-a-white-tank-top-standing-in-front-of-a-green-background_FVD-590.4_PSNR-11.326_SSIM-0.371_LPIPS-0.575_FID-85.9_adasteer,,,,0.8552032268903822,1.0,64.58161676341089,0.8402665979721967
850_a-man-is-cooking-a-turkey-on-a-wooden-cutting-board_FVD-542.0_PSNR-16.733_SSIM-0.492_LPIPS-0.215_FID-84.1_adasteer,,,,0.990133013475155,1.0,71.3578372823781,0.9688558410195743
851_a-video-game-with-two-characters-fighting-each-other_FVD-542.0_PSNR-12.436_SSIM-0.528_LPIPS-0.580_FID-84.1_adasteer,,,,0.9811666123781243,1.0,61.61259920843716,0.9475766312842275
852_a-close-up-of-a-bearing-ring-on-a-metal-surface_FVD-542.0_PSNR-18.038_SSIM-0.882_LPIPS-0.182_FID-84.1_adasteer,,,,0.9907080579627684,1.0,73.37477532748518,0.9845916869593602
853_a-newscast-with-a-picture-of-a-tall-building-with-the-words-delhi-possession-of_FVD-564.4_PSNR-8.561_SSIM-0.364_LPIPS-0.707_FID-87.0_adasteer,,,,0.9616919529229961,1.0,67.03094022027378,0.9551028382544424
854_the-engine-of-a-motorcycle-is-shown-from-under-the-hood_FVD-542.0_PSNR-14.130_SSIM-0.395_LPIPS-0.261_FID-84.1_adasteer,,,,0.9769067667464957,1.0,75.60389525314858,0.9209553438074448
855_the-person-is-opening-a-booster-pack-of-a-trading-card-game-called-yugioh_FVD-564.4_PSNR-18.601_SSIM-0.690_LPIPS-0.212_FID-87.0_adasteer,,,,0.98826664025653,1.0,73.07490802633352,0.9794716872420965
856_a-postcard-with-a-special-message-on-a-polka-dot-background_FVD-590.4_PSNR-33.943_SSIM-0.974_LPIPS-0.028_FID-85.9_adasteer,,,,0.9959986756120718,0.0,52.04883351819269,0.9977124623223848
857_a-young-girl-laughing-in-a-living-room_FVD-463.1_PSNR-24.088_SSIM-0.736_LPIPS-0.058_FID-75.0_adasteer,,,,0.9946074178536265,0.0,76.59581677667026,0.9917384362688252
858_a-fenced-in-area-with-hay-in-it_FVD-545.1_PSNR-15.180_SSIM-0.249_LPIPS-0.238_FID-82.7_adasteer,,,,0.9860669611060235,0.0,76.46560221704944,0.9655009886797736
859_an-image-of-the-earth-from-space-with-stars-in-the-background_FVD-590.4_PSNR-38.692_SSIM-0.927_LPIPS-0.073_FID-85.9_adasteer,,,,0.9970531650828066,0.0,40.21885667998215,0.997369490184036
85_a-person-holding-up-a-cell-phone-with-a-game-loading-screen-on-it_FVD-708.4_PSNR-10.458_SSIM-0.427_LPIPS-0.631_FID-80.9_adasteer,,,,0.9657067358193278,1.0,49.73499258633318,0.9439323874080883
860_a-poster-for-the-movie-the-order-1886_FVD-492.6_PSNR-21.014_SSIM-0.735_LPIPS-0.300_FID-77.0_adasteer,,,,0.9899334259277963,1.0,69.73288687344255,0.9701110297558354
861_a-person-is-cutting-a-piece-of-meat-on-a-wooden-cutting-board-with-a-knife_FVD-463.1_PSNR-14.917_SSIM-0.592_LPIPS-0.359_FID-75.0_adasteer,,,,0.9778609991672951,1.0,66.16822985945076,0.9670236587524415
862_a-group-of-cartoon-people-with-their-arms-up-in-the-air_FVD-492.6_PSNR-10.123_SSIM-0.258_LPIPS-0.464_FID-77.0_adasteer,,,,0.9633787105587427,1.0,76.32410351983432,0.89299035913804
863_a-black-background-with-a-yellow-text-on-it_FVD-463.1_PSNR-37.873_SSIM-0.992_LPIPS-0.005_FID-75.0_adasteer,,,,0.9964115357681533,0.0,68.6332102808459,0.9969370837305106
864_a-man-sitting-in-a-car-holding-a-piece-of-wire_FVD-542.0_PSNR-17.469_SSIM-0.729_LPIPS-0.364_FID-84.1_adasteer,,,,0.9927171586115751,1.0,73.04833431901604,0.9845566571927538
865_a-person-holding-a-small-bowl-of-something-on-a-plate_FVD-569.5_PSNR-9.068_SSIM-0.369_LPIPS-0.690_FID-75.5_adasteer,,,,0.9831679319029962,1.0,71.69555124743232,0.9688587525311638
866_a-video-game-showing-a-person-walking-on-a-beach_FVD-492.6_PSNR-31.143_SSIM-0.893_LPIPS-0.227_FID-77.0_adasteer,,,,0.9933628913638104,0.0,67.17187092222017,0.9932046563017602
867_a-man-is-holding-a-fishing-lure-and-explaining-how-to-use-it_FVD-579.6_PSNR-22.191_SSIM-0.642_LPIPS-0.422_FID-74.3_adasteer,,,,0.987631894270796,0.0,58.68298037298794,0.9845244071062873
868_a-person-is-playing-a-video-game-on-a-computer-screen-with-a-yellow-and-black-ba_FVD-590.4_PSNR-9.291_SSIM-0.416_LPIPS-0.710_FID-85.9_adasteer,,,,0.973100799982119,1.0,68.67626308572703,0.9567244548423618
869_there-is-a-red-truck-driving-on-a-road-with-mountains-in-the-background_FVD-564.4_PSNR-10.274_SSIM-0.413_LPIPS-0.564_FID-87.0_adasteer,,,,0.9437568484926021,1.0,56.05390548706055,0.9250879549512676
86_a-video-game-showing-a-girl-in-a-pink-dress_FVD-510.1_PSNR-18.577_SSIM-0.697_LPIPS-0.346_FID-81.1_adasteer,,,,0.9909956355004609,0.0,78.33141484753838,0.9897985692117729
870_a-street-with-power-lines-and-trees-on-a-sunny-day_FVD-590.4_PSNR-22.706_SSIM-0.846_LPIPS-0.122_FID-85.9_adasteer,,,,0.960227897549244,1.0,70.66201150828394,0.9519361196779738
871_two-police-officers-standing-on-the-side-of-the-road_FVD-579.6_PSNR-25.813_SSIM-0.859_LPIPS-0.133_FID-74.3_adasteer,,,,0.9925001772209953,0.0,74.86959260085533,0.9880647472306794
872_a-white-bowl-of-mussels-on-a-table-next-to-a-bottle-of-wine_FVD-463.1_PSNR-10.591_SSIM-0.656_LPIPS-0.523_FID-75.0_adasteer,,,,0.9870778560823369,0.0,56.947924778379246,0.9852851671331069
873_two-young-girls-in-blue-dresses-standing-in-a-hallway_FVD-579.6_PSNR-12.700_SSIM-0.549_LPIPS-0.541_FID-74.3_adasteer,,,,0.9838305322128852,1.0,66.3886270194218,0.9625748615638883
874_president-donald-trump-speaking-at-the-state-of-the-union-address_FVD-564.4_PSNR-14.801_SSIM-0.630_LPIPS-0.401_FID-87.0_adasteer,,,,0.9890991569237203,0.0,55.958107520794044,0.9864548393324309
875_there-is-a-dirt-path-that-leads-to-a-residential-area-with-houses-and-trees-in-t_FVD-708.4_PSNR-13.906_SSIM-0.157_LPIPS-0.505_FID-80.9_adasteer,,,,0.9492201490638991,1.0,70.12748784032361,0.919701961442536
876_the-user-is-playing-a-video-game-and-selecting-options-on-the-screen_FVD-463.1_PSNR-13.892_SSIM-0.749_LPIPS-0.378_FID-75.0_adasteer,,,,0.9843954568673089,1.0,56.757037458748655,0.9775595103993135
877_a-picture-of-a-rubiks-cube-with-the-words-mind-blowing-optical-illusions_FVD-510.1_PSNR-24.534_SSIM-0.905_LPIPS-0.166_FID-81.1_adasteer,,,,0.9943573662771733,0.0,50.101775859964306,0.9889085348914651
878_a-blue-background-with-the-words-spice-cabinet-and-french-style-spice-jars_FVD-708.4_PSNR-14.074_SSIM-0.716_LPIPS-0.428_FID-80.9_adasteer,,,,0.9857265908834153,1.0,68.44540497352337,0.9771532488804238
879_a-pair-of-scissors-and-a-comb-next-to-a-purple-bow_FVD-708.4_PSNR-12.047_SSIM-0.321_LPIPS-0.710_FID-80.9_adasteer,,,,0.9727399862188465,0.0,65.35802564949825,0.9814713384590897
87_a-baseball-game-is-being-played-and-the-pitcher-is-throwing-the-ball-towards-the_FVD-463.1_PSNR-9.908_SSIM-0.374_LPIPS-0.712_FID-75.0_adasteer,,,,0.9777309161511827,1.0,40.593520328916355,0.9787890060275208
880_a-car-is-driving-on-the-road-in-a-tunnel-and-there-are-several-other-cars-passin_FVD-708.4_PSNR-23.876_SSIM-0.881_LPIPS-0.187_FID-80.9_adasteer,,,,0.9906049569600811,1.0,34.014066170001854,0.9872753133960799
881_a-man-in-a-red-sweater-holding-a-cell-phone_FVD-579.6_PSNR-25.224_SSIM-0.934_LPIPS-0.036_FID-74.3_adasteer,,,,0.9955216025379169,0.0,72.10319650584253,0.9940912475772933
882_a-man-in-a-kitchen-holding-a-piece-of-dough_FVD-569.5_PSNR-10.389_SSIM-0.524_LPIPS-0.486_FID-75.5_adasteer,,,,0.9820146695497108,1.0,71.26352191793508,0.9723294613408108
883_a-photo-of-a-website-for-a-photography-business_FVD-579.6_PSNR-11.049_SSIM-0.494_LPIPS-0.514_FID-74.3_adasteer,,,,0.9783290900828815,1.0,73.98318297287514,0.9503613565482345
884_a-person-is-riding-a-motorcycle-and-performing-a-stunt-on-the-street_FVD-569.5_PSNR-16.378_SSIM-0.620_LPIPS-0.320_FID-75.5_adasteer,,,,0.9765960962376403,1.0,60.593807220458984,0.9675894232357249
885_people-are-walking-down-a-path-in-a-forest-with-lots-of-green-trees_FVD-569.5_PSNR-17.458_SSIM-0.674_LPIPS-0.219_FID-75.5_adasteer,,,,0.989752722469864,1.0,52.04278196137527,0.9768723113864076
886_a-machine-is-being-used-to-make-a-large-metal-object_FVD-492.6_PSNR-23.142_SSIM-0.897_LPIPS-0.051_FID-77.0_adasteer,,,,0.9870093484776389,0.0,63.37197362965551,0.9606070499794156
887_a-black-and-white-photo-of-two-women-with-hair-dryers-on-their-heads_FVD-564.4_PSNR-10.392_SSIM-0.542_LPIPS-0.687_FID-87.0_adasteer,,,,0.978795692388868,0.0,56.82857329269935,0.9785587890475405
888_a-man-with-a-rope-climbing-into-an-ice-cave_FVD-579.6_PSNR-25.117_SSIM-0.945_LPIPS-0.083_FID-74.3_adasteer,,,,0.9947313757567664,1.0,59.458289442391234,0.9925763775320614
889_a-screenshot-of-a-video-game-with-a-man-holding-a-purple-object_FVD-564.4_PSNR-13.891_SSIM-0.448_LPIPS-0.629_FID-87.0_adasteer,,,,0.9872664393281351,1.0,60.90223628077014,0.9802228572321873
88_there-is-an-aerial-view-of-a-city-with-mountains-in-the-background-during-sunset_FVD-579.6_PSNR-23.449_SSIM-0.924_LPIPS-0.049_FID-74.3_adasteer,,,,0.9944319758485659,1.0,74.40479620571794,0.991561004227283
890_a-man-is-cooking-food-in-a-frying-pan-on-a-stove-in-a-kitchen_FVD-708.4_PSNR-20.168_SSIM-0.856_LPIPS-0.209_FID-80.9_adasteer,,,,0.9862641341926728,1.0,72.54861002954944,0.9793669551026587
891_a-computer-screen-with-a-silver-background_FVD-564.4_PSNR-19.644_SSIM-0.862_LPIPS-0.230_FID-87.0_adasteer,,,,0.9930628398528215,0.0,59.52050241930731,0.9933107390123255
892_a-construction-worker-is-repairing-the-roof-of-a-house_FVD-542.0_PSNR-13.748_SSIM-0.496_LPIPS-0.505_FID-84.1_adasteer,,,,0.9613683085747654,1.0,43.77863890549232,0.9319414924172794
893_the-news-anchor-is-sitting-at-a-desk-in-a-television-studio_FVD-510.1_PSNR-18.791_SSIM-0.805_LPIPS-0.160_FID-81.1_adasteer,,,,0.9927177269812839,0.0,74.62986886912378,0.9864536818336038
894_a-red-dodge-challenger-is-driving-down-the-road_FVD-542.0_PSNR-12.307_SSIM-0.538_LPIPS-0.466_FID-84.1_adasteer,,,,0.9702449502771193,1.0,71.1139196198562,0.9620602963017483
895_a-person-is-using-a-fork-to-eat-food-on-a-red-plate_FVD-492.6_PSNR-5.853_SSIM-0.535_LPIPS-0.732_FID-77.0_adasteer,,,,0.9507093754301934,1.0,62.35191318906587,0.931479742012772
896_a-large-snake-and-a-smaller-snake-on-a-table_FVD-579.6_PSNR-8.419_SSIM-0.343_LPIPS-0.735_FID-74.3_adasteer,,,,0.9755886449130935,0.0,65.44021251283843,0.9753041454389983
897_a-woman-in-a-black-suit-is-talking-into-a-microphone_FVD-708.4_PSNR-12.090_SSIM-0.655_LPIPS-0.589_FID-80.9_adasteer,,,,0.9766735184324798,0.0,60.670316761937634,0.9811879756403904
898_the-man-is-holding-a-rifle-and-standing-in-front-of-a-field-with-trees-in-the-ba_FVD-463.1_PSNR-18.461_SSIM-0.526_LPIPS-0.533_FID-75.0_adasteer,,,,0.9771575772402978,1.0,43.90890239847118,0.9632105285046147
899_a-3d-rendering-of-a-bunch-of-black-cubes-on-a-white-surface_FVD-579.6_PSNR-19.571_SSIM-0.853_LPIPS-0.145_FID-74.3_adasteer,,,,0.9908802795958127,1.0,69.06785044176826,0.9850795811297847
89_an-intel-logo-on-a-blue-background_FVD-569.5_PSNR-26.097_SSIM-0.795_LPIPS-0.205_FID-75.5_adasteer,,,,0.9944278782560033,1.0,65.17337588606209,0.9910611433141372
8_a-sign-that-says-no-more-stolen-sisters_FVD-542.0_PSNR-25.706_SSIM-0.796_LPIPS-0.055_FID-84.1_adasteer,,,,0.9961568642881833,0.0,75.53327994511045,0.9965608391107298
900_an-old-man-wearing-glasses-is-on-the-news-talking-about-matthew-roman_FVD-510.1_PSNR-27.573_SSIM-0.916_LPIPS-0.025_FID-81.1_adasteer,,,,0.9957056692201454,0.0,68.89024879192483,0.9945093313852946
901_a-british-flag-with-the-words-terror-en-manchester_FVD-545.1_PSNR-27.318_SSIM-0.913_LPIPS-0.033_FID-82.7_adasteer,,,,0.9956467084029125,0.0,70.6927261352539,0.9957512766707177
902_a-woman-in-a-red-dress-is-standing-in-front-of-a-television-with-people-on-it_FVD-579.6_PSNR-20.125_SSIM-0.775_LPIPS-0.182_FID-74.3_adasteer,,,,0.9931667079558854,1.0,71.20500919736665,0.9812683217665729
903_a-pan-filled-with-spices-and-nuts-on-a-stove_FVD-492.6_PSNR-39.718_SSIM-0.979_LPIPS-0.006_FID-77.0_adasteer,,,,0.9964306737652326,0.0,75.7517810689992,0.997677424141005
904_a-man-is-performing-a-ritual-with-a-book-and-a-burning-fire_FVD-590.4_PSNR-9.111_SSIM-0.580_LPIPS-0.729_FID-85.9_adasteer,,,,0.9394451696944804,1.0,39.746765597113246,0.9207985298306334
905_a-crib-with-a-baby-in-it-on-a-wooden-floor_FVD-564.4_PSNR-18.807_SSIM-0.573_LPIPS-0.274_FID-87.0_adasteer,,,,0.9912406456305812,1.0,71.37003563190329,0.9773469382641362
906_people-are-waiting-in-line-at-an-airport-security-checkpoint_FVD-564.4_PSNR-11.292_SSIM-0.560_LPIPS-0.780_FID-87.0_adasteer,,,,0.9630838943149375,1.0,43.10621889706316,0.9433020012051452
907_it-is-a-black-and-white-text-with-the-word-jennings-written-in-white-on-a-black_FVD-510.1_PSNR-41.137_SSIM-0.962_LPIPS-0.001_FID-81.1_adasteer,,,,0.9984136350186442,0.0,61.78805449913288,0.9984385370039472
908_a-close-up-of-a-dirty-pan-on-a-stove_FVD-545.1_PSNR-16.618_SSIM-0.662_LPIPS-0.358_FID-82.7_adasteer,,,,0.9782233789282272,1.0,63.18313164546572,0.9764366561291264
909_a-young-man-is-sitting-at-a-desk-and-talking-to-the-camera_FVD-542.0_PSNR-14.698_SSIM-0.586_LPIPS-0.229_FID-84.1_adasteer,,,,0.9862539647937166,1.0,62.716579042632006,0.9493650324204389
90_a-building-in-a-minecraft-game_FVD-492.6_PSNR-24.622_SSIM-0.848_LPIPS-0.294_FID-77.0_adasteer,,,,0.9949972514379684,0.0,72.1172753695784,0.995135841182634
910_a-picture-of-a-starbucks-drink-on-a-red-background_FVD-590.4_PSNR-21.899_SSIM-0.833_LPIPS-0.081_FID-85.9_adasteer,,,,0.9945146284007726,0.0,71.06602977884226,0.9881019620334401
911_an-orange-and-white-sign-that-says-continuing-coverage_FVD-510.1_PSNR-8.574_SSIM-0.429_LPIPS-0.718_FID-81.1_adasteer,,,,0.9649350730543286,1.0,62.8703367299047,0.9447699341119504
912_a-large-engine-on-display-in-a-glass-case_FVD-545.1_PSNR-20.959_SSIM-0.680_LPIPS-0.147_FID-82.7_adasteer,,,,0.9939251612103175,0.0,64.63670888440362,0.9835596701678108
913_a-computer-screen-showing-a-list-of-games_FVD-564.4_PSNR-9.577_SSIM-0.483_LPIPS-0.619_FID-87.0_adasteer,,,,0.9834459624194228,0.0,74.28811513966528,0.9814137066111845
914_there-is-a-wrestling-competition-happening-in-a-gym-with-people-participating-an_FVD-579.6_PSNR-15.310_SSIM-0.605_LPIPS-0.320_FID-74.3_adasteer,,,,0.9889194821892432,1.0,69.2455624547498,0.9715228697832893
915_a-minecraft-video-game-with-a-person-in-it_FVD-564.4_PSNR-27.063_SSIM-0.889_LPIPS-0.155_FID-87.0_adasteer,,,,0.9910106716965632,1.0,56.52888817622744,0.9860034727582745
916_the-quintus-timber-lining-logo-on-a-black-background_FVD-510.1_PSNR-42.538_SSIM-0.962_LPIPS-0.002_FID-81.1_adasteer,,,,0.9988436750902284,0.0,51.386950657285496,0.9990730505363614
917_a-close-up-of-a-muffin-pan-with-muffins-in-it_FVD-590.4_PSNR-14.577_SSIM-0.382_LPIPS-0.703_FID-85.9_adasteer,,,,0.9756681909542663,0.0,64.8157406510978,0.9846254507700603
918_a-white-car-driving-down-a-road-next-to-a-tree_FVD-492.6_PSNR-6.820_SSIM-0.405_LPIPS-0.677_FID-77.0_adasteer,,,,0.9827523040132186,1.0,73.35252774994949,0.9820710107391956
919_the-little-girl-is-wearing-a-red-shirt-and-a-black-hat-and-she-is-sitting-in-fro_FVD-564.4_PSNR-21.469_SSIM-0.776_LPIPS-0.385_FID-87.0_adasteer,,,,0.9880426064990633,0.0,77.53907381255051,0.9889242490132649
91_a-view-from-the-windshield-of-a-car-on-a-rainy-day_FVD-463.1_PSNR-14.880_SSIM-0.794_LPIPS-0.250_FID-75.0_adasteer,,,,0.9815079201418816,1.0,58.878772472513134,0.975429963130577
920_a-man-sitting-in-front-of-three-computer-screens_FVD-569.5_PSNR-23.426_SSIM-0.869_LPIPS-0.059_FID-75.5_adasteer,,,,0.9956727409513484,0.0,73.15771010826374,0.9951422471626132
921_a-man-in-glasses-and-a-suit-is-speaking-to-the-camera-in-front-of-a-city-buildin_FVD-569.5_PSNR-17.554_SSIM-0.550_LPIPS-0.496_FID-75.5_adasteer,,,,0.9627051821663495,0.0,75.86094441907159,0.9680087145637063
922_the-family-is-sitting-in-front-of-a-christmas-tree-and-smiling-at-the-camera_FVD-564.4_PSNR-8.013_SSIM-0.446_LPIPS-0.718_FID-87.0_adasteer,,,,0.9797734823429906,0.0,58.24147237580398,0.973207529853372
923_there-is-a-man-walking-down-a-street-in-a-small-town-with-mountains-in-the-backg_FVD-510.1_PSNR-11.342_SSIM-0.334_LPIPS-0.611_FID-81.1_adasteer,,,,0.967187149298822,1.0,56.446079385691675,0.9230098574769263
924_a-man-sitting-in-a-chair-next-to-a-picture-of-a-vest_FVD-510.1_PSNR-15.082_SSIM-0.555_LPIPS-0.452_FID-81.1_adasteer,,,,0.9765611687383287,0.0,74.84060853103111,0.9820204435610304
925_a-computer-screen-showing-a-facebook-page_FVD-569.5_PSNR-22.531_SSIM-0.776_LPIPS-0.113_FID-75.5_adasteer,,,,0.9945772227160095,0.0,77.04484479180698,0.9914771603602989
926_the-text-is-written-in-white-letters-on-a-black-background_FVD-569.5_PSNR-31.447_SSIM-0.945_LPIPS-0.020_FID-75.5_adasteer,,,,0.9978606826010319,0.0,49.90926689937197,0.9978669433032765
927_a-yellow-volkswagen-beetle-in-photoshop_FVD-545.1_PSNR-11.442_SSIM-0.243_LPIPS-0.753_FID-82.7_adasteer,,,,0.9505817288520643,1.0,53.11483633107152,0.9256080926633349
928_it-is-a-black-background-with-the-words-headliner-install-part-1-written-in-gree_FVD-564.4_PSNR-40.506_SSIM-0.946_LPIPS-0.017_FID-87.0_adasteer,,,,0.9988073842985378,0.0,33.561759291024046,0.998939656159457
929_a-close-up-of-a-green-and-white-bag-with-a-tag-on-it_FVD-564.4_PSNR-6.682_SSIM-0.080_LPIPS-0.978_FID-87.0_adasteer,,,,0.9802492863464831,1.0,53.65440855355099,0.9453172496720856
92_a-screenshot-of-a-website-with-an-image-of-a-stadium-in-the-background_FVD-569.5_PSNR-10.484_SSIM-0.372_LPIPS-0.665_FID-75.5_adasteer,,,,0.9812536554752778,0.0,72.48315455995757,0.9801614892249014
930_a-green-globe-is-rotating-on-a-black-background-with-the-words-live-planet-writt_FVD-510.1_PSNR-18.096_SSIM-0.718_LPIPS-0.164_FID-81.1_adasteer,,,,0.9868256130911233,1.0,61.250655207140696,0.9832119586420994
931_the-chef-is-holding-a-package-of-ingredients-for-a-recipe_FVD-564.4_PSNR-21.289_SSIM-0.844_LPIPS-0.113_FID-87.0_adasteer,,,,0.9948336250231931,1.0,76.49528608650996,0.9908004171708051
932_the-video-is-about-a-person-playing-a-game-possibly-league-of-legends_FVD-492.6_PSNR-21.906_SSIM-0.838_LPIPS-0.173_FID-77.0_adasteer,,,,0.9870191377165182,1.0,50.04093959413726,0.9853862294963762
933_a-green-hot-wheels-car-in-a-package_FVD-569.5_PSNR-8.630_SSIM-0.234_LPIPS-0.681_FID-75.5_adasteer,,,,0.9789855152464297,0.0,68.23582458496094,0.9679349226110122
934_a-document-with-red-text-on-a-white-background_FVD-492.6_PSNR-9.791_SSIM-0.628_LPIPS-0.381_FID-77.0_adasteer,,,,0.9894630075253926,1.0,71.50811530803811,0.9754757918563544
935_a-close-up-of-a-computer-screen-with-a-cord-connected-to-it_FVD-590.4_PSNR-25.974_SSIM-0.843_LPIPS-0.089_FID-85.9_adasteer,,,,0.9959142012841461,0.0,69.4828601705617,0.9956263336480833
936_a-television-screen-showing-a-picture-of-the-lincoln-memorial_FVD-579.6_PSNR-34.360_SSIM-0.937_LPIPS-0.027_FID-74.3_adasteer,,,,0.9947836498715406,1.0,70.32745150862068,0.9935144522610833
937_two-men-in-a-kitchen-talking-to-the-camera_FVD-463.1_PSNR-25.622_SSIM-0.793_LPIPS-0.063_FID-75.0_adasteer,,,,0.9955793962216297,0.0,75.36532698006465,0.9944486201978198
938_there-is-a-panoramic-view-of-the-city-from-the-top-of-a-hill-with-buildings-and_FVD-579.6_PSNR-25.596_SSIM-0.771_LPIPS-0.116_FID-74.3_adasteer,,,,0.9824888554179684,1.0,61.74461469979122,0.9810634538239124
939_a-man-is-walking-on-the-street-at-night-in-a-city-he-is-wearing-a-hat-and-a-suit_FVD-492.6_PSNR-11.088_SSIM-0.407_LPIPS-0.632_FID-77.0_adasteer,,,,0.9717798192327145,1.0,48.66778630223767,0.9509454465379902
93_a-news-anchor-on-a-tv-announcing-a-promotion-for-chicken-nuggets_FVD-545.1_PSNR-11.392_SSIM-0.515_LPIPS-0.324_FID-82.7_adasteer,,,,0.986007515385962,1.0,75.42055353625068,0.9692388665442373
940_there-is-a-sign-on-the-side-of-an-interstate-highway-that-displays-traffic-infor_FVD-590.4_PSNR-17.204_SSIM-0.711_LPIPS-0.196_FID-85.9_adasteer,,,,0.9841458483433437,1.0,68.98241029936692,0.9783539229748296
941_a-person-is-signing-a-form-with-a-pen_FVD-510.1_PSNR-18.737_SSIM-0.648_LPIPS-0.167_FID-81.1_adasteer,,,,0.9872555376651194,1.0,63.6750251506937,0.9561625461952359
942_the-notre-dame-cathedral-in-paris-is-on-fire-and-smoke-is-billowing-out-of-the-t_FVD-569.5_PSNR-8.197_SSIM-0.508_LPIPS-0.680_FID-75.5_adasteer,,,,0.9804262665269099,1.0,66.8670988411739,0.9738324034447764
943_a-green-drink-in-a-glass-is-next-to-a-bottle-of-alcohol_FVD-564.4_PSNR-34.372_SSIM-0.958_LPIPS-0.036_FID-87.0_adasteer,,,,0.9964505776936843,0.0,72.6850243930159,0.9974895968156703
944_a-person-is-cutting-an-onion-into-half-on-a-wooden-chopping-board_FVD-708.4_PSNR-18.561_SSIM-0.813_LPIPS-0.197_FID-80.9_adasteer,,,,0.9854480125717487,1.0,73.33284522747171,0.9766930711035635
945_a-hand-pressing-a-button-on-a-cell-phone_FVD-542.0_PSNR-15.188_SSIM-0.801_LPIPS-0.118_FID-84.1_adasteer,,,,0.9945323610213316,1.0,57.38107312958816,0.9852878710802864
946_an-ornate-building-with-a-balcony-and-couches_FVD-492.6_PSNR-14.164_SSIM-0.416_LPIPS-0.293_FID-77.0_adasteer,,,,0.9877448034502262,1.0,74.34976932920259,0.9611623651841108
947_a-close-up-of-a-plant-that-is-growing-on-a-branch_FVD-590.4_PSNR-25.441_SSIM-0.711_LPIPS-0.285_FID-85.9_adasteer,,,,0.9956312043714388,0.0,60.432886978675576,0.9957188428616991
948_a-computer-screen-with-a-message-that-says-updating-minecraft_FVD-510.1_PSNR-6.258_SSIM-0.384_LPIPS-0.794_FID-81.1_adasteer,,,,0.9403579651345046,1.0,70.16447238264412,0.9478863099042107
949_the-person-is-standing-on-a-rocky-shore-holding-a-large-fish-in-their-hands-and_FVD-492.6_PSNR-16.975_SSIM-0.492_LPIPS-0.525_FID-77.0_adasteer,,,,0.9863017803275157,1.0,55.8014161997828,0.9663222705616671
94_the-speaker-is-standing-in-front-of-a-large-parking-lot-filled-with-cars-and-tal_FVD-569.5_PSNR-6.866_SSIM-0.237_LPIPS-0.764_FID-75.5_adasteer,,,,0.9845344126232224,0.0,55.641465417270005,0.9786597775477989
950_there-is-a-beautiful-view-of-a-body-of-water-surrounded-by-lush-green-trees-and_FVD-569.5_PSNR-7.603_SSIM-0.145_LPIPS-0.787_FID-75.5_adasteer,,,,0.9930522028522947,0.0,71.72926041175579,0.9837908296024098
951_a-picture-of-a-knife-with-the-words-upswept-point-form_FVD-542.0_PSNR-31.601_SSIM-0.912_LPIPS-0.042_FID-84.1_adasteer,,,,0.9947239256947438,0.0,77.24082999393858,0.9910090231427959
952_a-close-up-of-the-wheel-of-a-motorcycle_FVD-510.1_PSNR-26.270_SSIM-0.896_LPIPS-0.047_FID-81.1_adasteer,,,,0.9960566993557572,0.0,76.92953254436624,0.9946776137632483
953_a-man-wearing-a-blindfold-playing-in-a-bubble-ball-game_FVD-564.4_PSNR-13.425_SSIM-0.342_LPIPS-0.669_FID-87.0_adasteer,,,,0.9764804962449724,1.0,54.01585361875337,0.9645274517582912
954_a-tv-screen-with-a-news-report-on-it_FVD-579.6_PSNR-20.689_SSIM-0.822_LPIPS-0.163_FID-74.3_adasteer,,,,0.9938877837125769,1.0,67.19416046142578,0.9863616288877001
955_a-group-of-kittens-are-playing-together-in-a-basket_FVD-542.0_PSNR-21.945_SSIM-0.815_LPIPS-0.174_FID-84.1_adasteer,,,,0.9936271858503016,1.0,66.66426520512022,0.979615172217874
956_a-pair-of-scissors-sitting-on-top-of-a-blanket_FVD-463.1_PSNR-17.640_SSIM-0.808_LPIPS-0.172_FID-75.0_adasteer,,,,0.977955416341216,1.0,50.64615131246632,0.9724432515163047
957_the-player-is-playing-a-first-person-shooter-game-in-an-urban-environment_FVD-708.4_PSNR-17.919_SSIM-0.610_LPIPS-0.314_FID-80.9_adasteer,,,,0.9873155122425573,1.0,58.9910730822333,0.97587303647808
958_a-truck-that-has-crashed-into-a-tree-at-night_FVD-564.4_PSNR-20.722_SSIM-0.733_LPIPS-0.195_FID-87.0_adasteer,,,,0.9830284594473473,1.0,35.0365706476672,0.9773592780618107
959_a-woman-is-sitting-at-a-desk-with-a-microphone-in-front-of-her_FVD-510.1_PSNR-14.135_SSIM-0.622_LPIPS-0.500_FID-81.1_adasteer,,,,0.9656441856924394,1.0,41.18434682385675,0.9465055540496228
95_the-interior-of-a-futuristic-car-with-a-screen-on-the-dashboard_FVD-708.4_PSNR-4.533_SSIM-0.384_LPIPS-0.784_FID-80.9_adasteer,,,,0.9735207971409717,1.0,55.34938128241177,0.9616436939613492
960_a-kitchen-counter-with-ingredients-and-a-book-on-it_FVD-545.1_PSNR-17.895_SSIM-0.617_LPIPS-0.280_FID-82.7_adasteer,,,,0.9912029536707845,1.0,75.35514805234712,0.9778075891382554
961_the-player-is-playing-an-online-multiplayer-first-person-shooter-game_FVD-590.4_PSNR-21.632_SSIM-0.817_LPIPS-0.095_FID-85.9_adasteer,,,,0.9924271899932516,0.0,73.53359669652478,0.9892570289911008
962_a-man-sitting-on-the-bleachers-at-an-empty-stadium_FVD-708.4_PSNR-18.195_SSIM-0.708_LPIPS-0.204_FID-80.9_adasteer,,,,0.9783316602549139,1.0,76.14212720147495,0.9555788339353075
963_a-man-is-fishing-from-a-boat-on-a-river-near-a-bridge_FVD-569.5_PSNR-13.682_SSIM-0.530_LPIPS-0.439_FID-75.5_adasteer,,,,0.9853441549897203,0.0,59.79231314823545,0.9738603591918945
964_a-close-up-of-a-metal-gear-on-a-car_FVD-542.0_PSNR-13.158_SSIM-0.640_LPIPS-0.393_FID-84.1_adasteer,,,,0.9824186038932133,1.0,74.48462098220298,0.9754672293569527
965_a-video-game-car-driving-down-a-road_FVD-542.0_PSNR-17.365_SSIM-0.881_LPIPS-0.262_FID-84.1_adasteer,,,,0.9913787031238778,1.0,75.38506711762527,0.9849037086262422
966_a-girl-is-standing-in-front-of-a-horse-stable-and-opening-the-door-with-a-key_FVD-545.1_PSNR-16.239_SSIM-0.426_LPIPS-0.363_FID-82.7_adasteer,,,,0.975957281650641,1.0,63.567359924316406,0.904886178409352
967_a-man-in-a-suit-and-tie-standing-at-a-podium-next-to-a-man-in-a-suit-and-tie_FVD-542.0_PSNR-21.090_SSIM-0.815_LPIPS-0.118_FID-84.1_adasteer,,,,0.9946034350572495,1.0,69.27137887888941,0.9899224870345171
968_the-person-is-in-a-hotel-room-and-there-are-various-items-on-the-table-including_FVD-542.0_PSNR-20.675_SSIM-0.734_LPIPS-0.169_FID-84.1_adasteer,,,,0.9932616406605377,0.0,72.06112591973667,0.9907662008322922
969_the-seattle-sounders-logo-on-a-green-background_FVD-542.0_PSNR-19.899_SSIM-0.805_LPIPS-0.148_FID-84.1_adasteer,,,,0.9855786754138087,0.0,72.3367612115268,0.9796562400518679
96_a-person-holding-a-bunch-of-small-plastic-animals_FVD-579.6_PSNR-18.414_SSIM-0.767_LPIPS-0.564_FID-74.3_adasteer,,,,0.9927757921077085,0.0,54.628887571137525,0.990978988011678
970_a-painting-of-a-castle-on-top-of-a-hill_FVD-545.1_PSNR-36.515_SSIM-0.932_LPIPS-0.031_FID-82.7_adasteer,,,,0.9956596485749749,0.0,75.78737798230401,0.9961090249173782
971_a-long-table-is-topped-with-white-bags-of-food-items_FVD-542.0_PSNR-28.934_SSIM-0.932_LPIPS-0.033_FID-84.1_adasteer,,,,0.9959915645611878,0.0,76.85298972294248,0.9962386393079571
972_two-women-in-aprons-standing-in-a-kitchen_FVD-564.4_PSNR-22.267_SSIM-0.785_LPIPS-0.093_FID-87.0_adasteer,,,,0.9787039985264939,1.0,75.99058348557045,0.9793207841760972
973_an-office-with-a-desk-computer-and-pictures-of-animals-on-the-wall_FVD-564.4_PSNR-24.253_SSIM-0.822_LPIPS-0.104_FID-87.0_adasteer,,,,0.9954924466447904,0.0,74.61252936001482,0.9918947677986295
974_a-man-holding-two-surfboards-in-a-store_FVD-510.1_PSNR-11.006_SSIM-0.467_LPIPS-0.706_FID-81.1_adasteer,,,,0.9770318193049122,1.0,67.35851577232624,0.968968484915939
975_there-is-an-electrical-setup-in-a-basement-with-wires-batteries-and-solar-panels_FVD-579.6_PSNR-28.719_SSIM-0.916_LPIPS-0.252_FID-74.3_adasteer,,,,0.9947104463780705,1.0,41.239486628565295,0.9928310945922253
976_a-man-and-a-woman-in-black-suits-are-standing-in-front-of-a-television_FVD-708.4_PSNR-21.466_SSIM-0.865_LPIPS-0.067_FID-80.9_adasteer,,,,0.9929496337463939,0.0,78.20921509841392,0.9918163729648964
977_person-is-cooking-fish-in-a-skillet-on-an-outdoor-grill_FVD-564.4_PSNR-31.112_SSIM-0.947_LPIPS-0.050_FID-87.0_adasteer,,,,0.9934092166514041,0.0,71.7190170288086,0.9932625265682444
978_a-red-background-with-the-words-chicken-chicken-broth-fish-sauce-soy-sauce-water_FVD-590.4_PSNR-16.122_SSIM-0.836_LPIPS-0.043_FID-85.9_adasteer,,,,0.9932278391458079,0.0,73.67425300335061,0.9890895834156112
979_a-computer-screen-showing-a-powerpoint-presentation_FVD-492.6_PSNR-29.058_SSIM-0.931_LPIPS-0.032_FID-77.0_adasteer,,,,0.9956843094142037,0.0,67.36001402756264,0.996544245411368
97_a-man-wearing-a-white-t-shirt-and-a-baseball-cap-is-standing-on-a-patio-and-hold_FVD-590.4_PSNR-15.378_SSIM-0.482_LPIPS-0.119_FID-85.9_adasteer,,,,0.9796399591821237,0.0,78.20810383763806,0.9627070034251494
980_two-people-a-man-and-a-woman-are-sitting-at-a-bar-counter-with-a-bottle-of-nyqui_FVD-463.1_PSNR-18.410_SSIM-0.853_LPIPS-0.065_FID-75.0_adasteer,,,,0.9933311465945887,1.0,74.03305685109106,0.988695878608554
981_the-player-is-playing-a-video-game-called-champions-guild-on-a-computer-screen_FVD-564.4_PSNR-27.752_SSIM-0.930_LPIPS-0.040_FID-87.0_adasteer,,,,0.9953448231923646,0.0,71.33160689781452,0.9953014172759711
982_a-close-up-of-a-pile-of-dirt-on-the-ground_FVD-463.1_PSNR-29.551_SSIM-0.903_LPIPS-0.018_FID-75.0_adasteer,,,,0.9941809698973072,0.0,74.06864902890962,0.9947089424320296
983_a-young-man-in-a-red-shirt-is-preparing-food-in-a-green-bowl-in-a-kitchen_FVD-545.1_PSNR-18.114_SSIM-0.596_LPIPS-0.186_FID-82.7_adasteer,,,,0.9914573567474533,0.0,68.06508307621397,0.9807407285652908
984_a-3d-rendering-of-the-letter-f-on-a-black-background_FVD-542.0_PSNR-21.977_SSIM-0.489_LPIPS-0.322_FID-84.1_adasteer,,,,0.9649108536309823,1.0,70.2592615587958,0.944738369362027
985_a-large-truck-is-driving-on-the-highway-with-a-trailer-attached-to-it_FVD-510.1_PSNR-15.642_SSIM-0.588_LPIPS-0.483_FID-81.1_adasteer,,,,0.9892239293887961,0.0,49.40458626582705,0.9858921275419348
986_a-no-bull-sign-in-front-of-a-cloudy-sky_FVD-590.4_PSNR-4.719_SSIM-0.344_LPIPS-0.785_FID-85.9_adasteer,,,,0.9776282275730805,0.0,61.44823679430731,0.9662443460202684
987_a-picture-of-two-lego-figures-in-a-dark-room_FVD-564.4_PSNR-11.338_SSIM-0.425_LPIPS-0.617_FID-87.0_adasteer,,,,0.9693334372344024,1.0,66.29748403614965,0.9581862730138442
988_a-colorful-crocheted-rug-sitting-on-top-of-a-wooden-floor_FVD-569.5_PSNR-14.209_SSIM-0.374_LPIPS-0.379_FID-75.5_adasteer,,,,0.9853314219651536,0.0,68.69940711712015,0.9768278720332128
989_it-is-a-video-of-lewis-hamilton-driving-in-an-f1-simulator-at-silverstone-with-t_FVD-590.4_PSNR-9.953_SSIM-0.360_LPIPS-0.675_FID-85.9_adasteer,,,,0.985485628780091,1.0,72.86067462789602,0.9720103226455987
98_the-words-home-workshop-makeover-tour-are-written-on-a-white-background_FVD-708.4_PSNR-44.379_SSIM-0.998_LPIPS-0.002_FID-80.9_adasteer,,,,0.994787115032979,0.0,59.17298336686759,0.9970127365168403
990_a-large-room-full-of-people-sitting-at-desks_FVD-492.6_PSNR-14.289_SSIM-0.583_LPIPS-0.218_FID-77.0_adasteer,,,,0.9861440784246391,1.0,50.03421125740841,0.9243229211545458
991_a-man-is-kneeling-on-the-floor-looking-at-a-laptop-with-a-little-boy-sitting-on_FVD-569.5_PSNR-13.579_SSIM-0.524_LPIPS-0.394_FID-75.5_adasteer,,,,0.9829463818112715,1.0,46.5988470932533,0.9571635863360237
992_a-man-in-a-brown-jacket-standing-in-front-of-a-booth_FVD-463.1_PSNR-8.862_SSIM-0.309_LPIPS-0.634_FID-75.0_adasteer,,,,0.9076774756042909,1.0,50.589097516290074,0.896310925951191
993_a-video-game-screen-showing-a-character_FVD-492.6_PSNR-9.669_SSIM-0.594_LPIPS-0.405_FID-77.0_adasteer,,,,0.9925052806245361,0.0,48.29569487736143,0.9891441363914341
994_there-are-small-green-plants-growing-in-the-ground-and-there-are-also-some-leave_FVD-590.4_PSNR-16.384_SSIM-0.169_LPIPS-0.216_FID-85.9_adasteer,,,,0.9798529825592096,1.0,74.36254330339104,0.9510116764143401
995_two-women-standing-next-to-a-pillow-on-a-table_FVD-510.1_PSNR-8.572_SSIM-0.491_LPIPS-0.728_FID-81.1_adasteer,,,,0.977266975199535,1.0,57.207441921891835,0.9709909738278857
996_a-close-up-of-a-metal-bowl-filled-with-coins_FVD-708.4_PSNR-17.463_SSIM-0.618_LPIPS-0.314_FID-80.9_adasteer,,,,0.9845935819907558,1.0,69.56783899767646,0.9769766919753131
997_it-is-a-screenshot-of-a-website-with-text-and-images_FVD-545.1_PSNR-22.520_SSIM-0.825_LPIPS-0.242_FID-82.7_adasteer,,,,0.983091684323302,0.0,73.26591728473532,0.983066063301236
998_two-police-officers-are-wearing-masks-and-standing-outside-the-white-house_FVD-569.5_PSNR-9.233_SSIM-0.371_LPIPS-0.749_FID-75.5_adasteer,,,,0.9721829114257883,1.0,72.89554582793137,0.9752692933176078
999_a-metal-case-with-a-sticker-on-it_FVD-545.1_PSNR-20.714_SSIM-0.816_LPIPS-0.058_FID-82.7_adasteer,,,,0.9884543151862776,1.0,66.02382857224038,0.9378155016431622
99_a-white-suv-with-a-lot-of-smoke-coming-out-of-it_FVD-463.1_PSNR-31.138_SSIM-0.958_LPIPS-0.019_FID-75.0_adasteer,,,,0.9957071746634018,0.0,69.61320364064184,0.9952799708235498
9_a-person-holding-a-piece-of-paper-with-squares-on-it_FVD-590.4_PSNR-6.715_SSIM-0.462_LPIPS-0.661_FID-85.9_adasteer,,,,0.9669266870410023,1.0,71.08733841468548,0.9541139789656097
panda_0000_delta_a,0.8953802170498031,0.9493408203125,0.48443567752838135,,,,
panda_0001_delta_a,0.9287168181368283,0.9604056222098214,0.5322318077087402,,,,
panda_0002_delta_a,0.8219939326601369,0.8857945033482143,0.41803762316703796,,,,
panda_0003_delta_a,0.8492532308612551,0.9251273018973214,0.34160542488098145,,,,
panda_0004_delta_a,0.9902617856860161,0.9317278180803571,0.10590392351150513,,,,
panda_0005_delta_a,0.9623417066676276,0.9439348493303571,0.5110782980918884,,,,
panda_0006_delta_a,0.8870786854199001,0.9195207868303571,0.3836423456668854,,,,
panda_0007_delta_a,0.9710802574242864,0.9678083147321429,0.498444527387619,,,,
panda_0008_delta_a,0.9935556852391788,0.9780970982142857,0.5435093641281128,,,,
panda_0009_delta_a,0.8637831807136536,0.8295920235770089,0.3045644462108612,,,,
panda_0010_delta_a,0.7711927108466625,0.8246983119419643,0.4851381480693817,,,,
panda_0011_delta_a,0.874923815418567,0.92608642578125,0.4146527349948883,,,,
panda_0012_delta_a,0.9815352112054825,0.97174072265625,0.5358351469039917,,,,
panda_0013_delta_a,0.995394090456622,0.9889177594866071,0.260372519493103,,,,
panda_0014_delta_a,0.9679589101246425,0.9727608816964286,0.41268932819366455,,,,
panda_0015_delta_a,0.9794978052377701,0.9900163922991071,0.5101321339607239,,,,
panda_0016_delta_a,0.9733898660966328,0.9506748744419643,0.3968540132045746,,,,
panda_0017_delta_a,0.98709701108081,0.9736502511160714,0.3339782655239105,,,,
panda_0018_delta_a,0.979142040014267,0.9660818917410714,0.3906159996986389,,,,
panda_0019_delta_a,0.9818139406187194,0.9542585100446429,0.5568336844444275,,,,
panda_0020_delta_a,0.8291239903441497,0.9079328264508929,0.4014216959476471,,,,
panda_0021_delta_a,0.8024545551410743,0.8695155552455357,0.5732370615005493,,,,
panda_0022_delta_a,0.732454323076776,0.8187168666294643,0.4317238926887512,,,,
panda_0023_delta_a,0.7861630711704493,0.8204520089285714,0.2894086241722107,,,,
panda_0024_delta_a,0.860844689820494,0.7865862165178571,0.3888958990573883,,,,
panda_0025_delta_a,0.8365957870015076,0.9161812918526786,0.4236253798007965,,,,
panda_0026_delta_a,0.8265062299157891,0.8693673270089286,0.38447731733322144,,,,
panda_0027_delta_a,0.930480532348156,0.9579990931919643,0.48998427391052246,,,,
panda_0028_delta_a,0.8549552634358406,0.8758326939174107,0.2945753335952759,,,,
panda_0029_delta_a,0.9863546756761414,0.9812709263392857,0.500523030757904,,,,
panda_0030_delta_a,0.9630481036646026,0.9731706891741071,0.4136929214000702,,,,
panda_0031_delta_a,0.8803388667958123,0.9745657784598214,0.1571589857339859,,,,
panda_0032_delta_a,0.9773133045860699,0.9713570731026786,0.6337319612503052,,,,
panda_0033_delta_a,0.5759615481698087,0.7363499232700893,0.3242216408252716,,,,
panda_0034_delta_a,0.9944543295672962,0.9908883231026786,0.22091825306415558,,,,
panda_0035_delta_a,0.797534071973392,0.8264596121651786,0.45211875438690186,,,,
panda_0036_delta_a,0.9925855142729623,0.9877755301339286,0.4324784278869629,,,,
panda_0037_delta_a,0.7883679244135108,0.8712071010044643,0.3203430473804474,,,,
panda_0038_delta_a,0.9654769258839744,0.9463936941964286,0.520341157913208,,,,
panda_0039_delta_a,0.7990162409842014,0.8768746512276786,0.2757832109928131,,,,
panda_0040_delta_a,0.805766621870654,0.7768511090959821,0.3040879964828491,,,,
panda_0041_delta_a,0.8643101640045643,0.9191371372767857,0.3604816496372223,,,,
panda_0042_delta_a,0.9833589174917766,0.9789951869419643,0.3549439609050751,,,,
panda_0043_delta_a,0.7533285633793899,0.89154052734375,0.43470555543899536,,,,
panda_0044_delta_a,0.9477057041866439,0.9611990792410714,0.4530373811721802,,,,
panda_0045_delta_a,0.9460685455373355,0.9515904017857143,0.4414982497692108,,,,
panda_0046_delta_a,0.9034433652247701,0.9406999860491071,0.5043750405311584,,,,
panda_0047_delta_a,0.881495612008231,0.9272024972098214,0.4644918739795685,,,,
panda_0048_delta_a,0.9652215487190655,0.970458984375,0.6068874597549438,,,,
panda_0049_delta_a,0.9735149624092239,0.9713221958705357,0.2610870897769928,,,,
panda_0050_delta_a,0.8113739075405257,0.7985752650669643,0.33540961146354675,,,,
panda_0051_delta_a,0.9867903739213943,0.9752982003348214,0.686211109161377,,,,
panda_0052_delta_a,0.813880714188729,0.8903372628348214,0.31101030111312866,,,,
panda_0053_delta_a,0.9528606832027435,0.9693865094866071,0.3574313521385193,,,,
panda_0054_delta_a,0.8461974444133895,0.9067557198660714,0.44592177867889404,,,,
panda_0055_delta_a,0.8576899160231862,0.8407679966517857,0.40335094928741455,,,,
panda_0056_delta_a,0.9788082444242069,0.9613298688616071,0.3351333737373352,,,,
panda_0057_delta_a,0.9579632409981319,0.953857421875,0.41056716442108154,,,,
panda_0058_delta_a,0.9669567687170846,0.9655500139508929,0.39829087257385254,,,,
panda_0059_delta_a,0.9321310030562537,0.9358607700892857,0.5401908159255981,,,,
panda_0060_delta_a,0.9783451897757394,0.9857613699776786,0.47585970163345337,,,,
panda_0061_delta_a,0.7919747733644077,0.8626273018973214,0.1846103072166443,,,,
panda_0062_delta_a,0.7821479591407946,0.8357500348772321,0.4065586030483246,,,,
panda_0063_delta_a,0.9501081960541862,0.9252580915178571,0.4236677289009094,,,,
panda_0064_delta_a,0.943568942802293,0.9539707728794643,0.46767568588256836,,,,
panda_0065_delta_a,0.8618552392082555,0.932861328125,0.48879969120025635,,,,
panda_0066_delta_a,0.9946473783680371,0.9905569893973214,0.2926034927368164,,,,
panda_0067_delta_a,0.975893670959132,0.9652186802455357,0.46032974123954773,,,,
panda_0068_delta_a,0.6617808826267719,0.8140040806361607,0.3357935845851898,,,,
panda_0069_delta_a,0.9694348658834185,0.9662214006696429,0.5729987025260925,,,,
panda_0070_delta_a,0.8243713166032519,0.8837454659598214,0.40748244524002075,,,,
panda_0071_delta_a,0.9849493386490005,0.9732840401785714,0.2674407660961151,,,,
panda_0072_delta_a,0.9898944507752147,0.9861014229910714,0.6083195209503174,,,,
panda_0073_delta_a,0.9041363203099796,0.90478515625,0.3751295804977417,,,,
panda_0074_delta_a,0.7008526128317628,0.6572788783482143,0.4257275462150574,,,,
panda_0075_delta_a,0.943930983543396,0.9088134765625,0.5950034260749817,,,,
panda_0076_delta_a,0.9173592243875776,0.958251953125,0.3652368187904358,,,,
panda_0077_delta_a,0.670413679842438,0.7724217006138393,0.3615671396255493,,,,
panda_0078_delta_a,0.9753680101462773,0.9502040318080357,0.4691762328147888,,,,
panda_0079_delta_a,0.9513014703989029,0.9056309291294643,0.4549049139022827,,,,
panda_0080_delta_a,0.9859843956572669,0.9808698381696429,0.4136803150177002,,,,
panda_0081_delta_a,0.9947684705257416,0.9867379324776786,0.5128194689750671,,,,
panda_0082_delta_a,0.9208570516535214,0.9769461495535714,0.404951810836792,,,,
panda_0083_delta_a,0.9769439952714103,0.9583217075892857,0.4828065037727356,,,,
panda_0084_delta_a,0.7196027285286358,0.8857945033482143,0.29759129881858826,,,,
panda_0085_delta_a,0.8223567993513176,0.8612845284598214,0.3111591637134552,,,,
panda_0086_delta_a,0.9534399126257215,0.9610159737723214,0.40631037950515747,,,,
panda_0087_delta_a,0.8791279335107122,0.9249616350446429,0.2443954199552536,,,,
panda_0088_delta_a,0.9576334421123777,0.9607107979910714,0.4710036814212799,,,,
panda_0089_delta_a,0.9657750534159797,0.9751238141741071,0.29798513650894165,,,,
panda_0090_delta_a,0.961727689419474,0.9685320172991071,0.4086507558822632,,,,
panda_0091_delta_a,0.8911421362842832,0.9388340541294643,0.37333258986473083,,,,
panda_0092_delta_a,0.8759679629334381,0.8574131556919643,0.49928829073905945,,,,
panda_0093_delta_a,0.9115110422883715,0.9045846121651786,0.29578089714050293,,,,
panda_0094_delta_a,0.7973992441381726,0.8874337332589286,0.35140547156333923,,,,
panda_0095_delta_a,0.8844186823282923,0.9571707589285714,0.28241124749183655,,,,
panda_0096_delta_a,0.8044653718492815,0.9005650111607143,0.37999576330184937,,,,
panda_0097_delta_a,0.9737667579736028,0.9731183733258929,0.37594473361968994,,,,
panda_0098_delta_a,0.9702011389391763,0.9755597795758929,0.19655552506446838,,,,
panda_0099_delta_a,0.9885884512748037,0.9771902901785714,0.36928728222846985,,,,
panda_0100_delta_a,0.7735991637621608,0.9368547712053571,0.35958683490753174,,,,
panda_0101_delta_a,0.8367073852568865,0.9174673897879464,0.4134365916252136,,,,
panda_0102_delta_a,0.9328267425298691,0.9220232282366071,0.35771796107292175,,,,
panda_0103_delta_a,0.8776338872100625,0.9220057896205357,0.25950297713279724,,,,
panda_0104_delta_a,0.8416486467633929,0.9196515764508929,0.43914884328842163,,,,
panda_0105_delta_a,0.9809918541993413,0.9776611328125,0.4578445553779602,,,,
panda_0106_delta_a,0.8543025377605643,0.8952811104910714,0.21029040217399597,,,,
panda_0107_delta_a,0.9660369051354272,0.9720633370535714,0.39385125041007996,,,,
panda_0108_delta_a,0.8701265645878655,0.7997785295758929,0.23527322709560394,,,,
panda_0109_delta_a,0.7859059226300035,0.87933349609375,0.4421963095664978,,,,
panda_0110_delta_a,0.8793192378112248,0.883056640625,0.3905233144760132,,,,
panda_0111_delta_a,0.8320173222039428,0.8811732700892857,0.47348523139953613,,,,
panda_0112_delta_a,0.9576894055519786,0.9645908900669643,0.2494182586669922,,,,
panda_0113_delta_a,0.9635734611323902,0.9424351283482143,0.5266879200935364,,,,
panda_0114_delta_a,0.9745587866221156,0.9706159319196429,0.42196905612945557,,,,
panda_0115_delta_a,0.850688748061657,0.9267752511160714,0.29290908575057983,,,,
panda_0116_delta_a,0.9584166577884129,0.8985944475446429,0.18582946062088013,,,,
panda_0117_delta_a,0.9054791666567326,0.9302455357142857,0.44072696566581726,,,,
panda_0118_delta_a,0.8793990015983582,0.9395315987723214,0.39991602301597595,,,,
panda_0119_delta_a,0.8500919895512717,0.8827863420758929,0.30954426527023315,,,,
panda_0120_delta_a,0.995641151709216,0.99163818359375,0.43040767312049866,,,,
panda_0121_delta_a,0.959212179694857,0.9484427315848214,0.32048577070236206,,,,
panda_0122_delta_a,0.9635680115648678,0.97540283203125,0.480040967464447,,,,
panda_0123_delta_a,0.9965583096657481,0.9911934988839286,0.4441777169704437,,,,
panda_0124_delta_a,0.9083270004817418,0.9473964146205357,0.3720360994338989,,,,
panda_0125_delta_a,0.9806206737245832,0.9755859375,0.5840395092964172,,,,
panda_0126_delta_a,0.7686026468873024,0.9025704520089286,0.24882270395755768,,,,
panda_0127_delta_a,0.8405539446643421,0.9035382952008929,0.2944733798503876,,,,
panda_0128_delta_a,0.9309088917715209,0.9382062639508929,0.3618428111076355,,,,
panda_0129_delta_a,0.9074972852000168,0.9497244698660714,0.33174240589141846,,,,
panda_0130_delta_a,0.995186665228435,0.9869907924107143,0.3438149094581604,,,,
panda_0131_delta_a,0.9942293294838497,0.9793526785714286,0.29790839552879333,,,,
panda_0132_delta_a,0.9525795270289693,0.8210274832589286,0.04387903958559036,,,,
panda_0133_delta_a,0.9277272011552539,0.9086478097098214,0.2205168902873993,,,,
panda_0134_delta_a,0.8361790627241135,0.7945469447544643,0.34465572237968445,,,,
panda_0135_delta_a,0.841622246163232,0.8726632254464286,0.3209567666053772,,,,
panda_0136_delta_a,0.8284077191991466,0.9155360630580357,0.5353256464004517,,,,
panda_0137_delta_a,0.7921476986791406,0.8928571428571429,0.2217915952205658,,,,
panda_0138_delta_a,0.9949617247496333,0.9816109793526786,0.5291368961334229,,,,
panda_0139_delta_a,0.9747706683618682,0.9702497209821429,0.5890030860900879,,,,
panda_0140_delta_a,0.992716555084501,0.9851597377232143,0.6147907376289368,,,,
panda_0141_delta_a,0.944191153560366,0.9657767159598214,0.42858466506004333,,,,
panda_0142_delta_a,0.8868058366434914,0.8585989815848214,0.40098118782043457,,,,
panda_0143_delta_a,0.8445441850594112,0.8685825892857143,0.3627334237098694,,,,
panda_0144_delta_a,0.9823750779032707,0.9688023158482143,0.14884015917778015,,,,
panda_0145_delta_a,0.9046221998121057,0.95947265625,0.3791588842868805,,,,
panda_0146_delta_a,0.8359138364238399,0.9241681780133929,0.11144903302192688,,,,
panda_0147_delta_a,0.9169938053403582,0.9496895926339286,0.3031618297100067,,,,
panda_0148_delta_a,0.8517313088689532,0.8922293526785714,0.35956522822380066,,,,
panda_0149_delta_a,0.9940672431673322,0.9915684291294643,0.10250461846590042,,,,
panda_0150_delta_a,0.7908230604869979,0.833587646484375,0.38217729330062866,,,,
panda_0151_delta_a,0.9247504728181022,0.9234706333705357,0.40377479791641235,,,,
panda_0152_delta_a,0.8567385056189128,0.906494140625,0.5239707231521606,,,,
panda_0153_delta_a,0.9917400053569249,0.9814714704241071,0.50589919090271,,,,
panda_0154_delta_a,0.9856788430895124,0.9656982421875,0.5432629585266113,,,,
panda_0155_delta_a,0.9720549679228238,0.9622802734375,0.32198047637939453,,,,
panda_0156_delta_a,0.9478667974472046,0.9209681919642857,0.47375985980033875,,,,
panda_0157_delta_a,0.8167089761367866,0.8259538922991071,0.2418556809425354,,,,
panda_0158_delta_a,0.9790397956967354,0.9820992606026786,0.21492497622966766,,,,
panda_0159_delta_a,0.8883654347487858,0.900634765625,0.33878758549690247,,,,
panda_0160_delta_a,0.8309454204780715,0.9000680106026786,0.4300712049007416,,,,
panda_0161_delta_a,0.9930041123713765,0.9835292271205357,0.3221861720085144,,,,
panda_0162_delta_a,0.9790002224700791,0.9575892857142857,0.4534437358379364,,,,
panda_0163_delta_a,0.9093474085841861,0.9371163504464286,0.36880749464035034,,,,
panda_0164_delta_a,0.7305617188768727,0.8637259347098214,0.3076576888561249,,,,
panda_0165_delta_a,0.9249000953776496,0.9346139090401786,0.36596158146858215,,,,
panda_0166_delta_a,0.9501447581819126,0.8874686104910714,0.2734597623348236,,,,
panda_0167_delta_a,0.7750671346272741,0.9386335100446429,0.4235163629055023,,,,
panda_0168_delta_a,0.9087564306599754,0.9252493722098214,0.449014276266098,,,,
panda_0169_delta_a,0.9884632559759277,0.9584786551339286,0.43160974979400635,,,,
panda_0170_delta_a,0.9666796337280955,0.94488525390625,0.4534563720226288,,,,
panda_0171_delta_a,0.9535478225776127,0.95355224609375,0.4317259192466736,,,,
panda_0172_delta_a,0.8546458019741944,0.914306640625,0.4172089993953705,,,,
panda_0173_delta_a,0.9634397359830993,0.9529157366071429,0.40184861421585083,,,,
panda_0174_delta_a,0.9834113834159715,0.9845232282366071,0.4180326461791992,,,,
panda_0175_delta_a,0.7671787347644567,0.89306640625,0.23020127415657043,,,,
panda_0176_delta_a,0.9854615916098867,0.9748709542410714,0.512398898601532,,,,
panda_0177_delta_a,0.7938358270164046,0.8844212123325893,0.4139443039894104,,,,
panda_0178_delta_a,0.8201887237706355,0.8381783621651786,0.47342297434806824,,,,
panda_0179_delta_a,0.9878754190036229,0.9914114815848214,0.3574415445327759,,,,
panda_0180_delta_a,0.9783485276358468,0.9753679547991071,0.49429550766944885,,,,
panda_0181_delta_a,0.8382110952266625,0.9176286969866071,0.32678571343421936,,,,
panda_0182_delta_a,0.7726200249578271,0.8944266183035714,0.2917756140232086,,,,
panda_0183_delta_a,0.9211725379739489,0.92669677734375,0.508057177066803,,,,
panda_0184_delta_a,0.9945542493036815,0.9843488420758929,0.42435041069984436,,,,
panda_0185_delta_a,0.9494271012289184,0.9667794363839286,0.44403043389320374,,,,
panda_0186_delta_a,0.8239781441433089,0.90380859375,0.40036851167678833,,,,
panda_0187_delta_a,0.9718820548483303,0.9720458984375,0.4067977964878082,,,,
panda_0188_delta_a,0.8081042590950217,0.9196864536830357,0.2193423956632614,,,,
panda_0189_delta_a,0.9966572150588036,0.9913766043526786,0.36273911595344543,,,,
panda_0190_delta_a,0.9558031697358403,0.9729527064732143,0.37144017219543457,,,,
panda_0191_delta_a,0.9588932416268757,0.9190499441964286,0.3248646855354309,,,,
panda_0192_delta_a,0.9838906164680209,0.9700404575892857,0.34682485461235046,,,,
panda_0193_delta_a,0.9830188751220703,0.9738682338169643,0.4758979082107544,,,,
panda_0194_delta_a,0.9916889784591538,0.9861973353794643,0.5283541679382324,,,,
panda_0195_delta_a,0.6760313436388969,0.7166094098772321,0.33295485377311707,,,,
panda_0196_delta_a,0.9573650711349079,0.9631609235491071,0.3023180365562439,,,,
panda_0197_delta_a,0.8264650622648853,0.8377598353794643,0.24938692152500153,,,,
panda_0198_delta_a,0.9622653105429241,0.96551513671875,0.4041353464126587,,,,
panda_0199_delta_a,0.9748347465481076,0.9812970842633929,0.3924318552017212,,,,
panda_0200_delta_a,0.871947323105165,0.9380405970982143,0.27961719036102295,,,,
panda_0201_delta_a,0.6618646167750869,0.7528163364955357,0.24171993136405945,,,,
panda_0202_delta_a,0.7401840894349984,0.7922276088169643,0.518164873123169,,,,
panda_0203_delta_a,0.9368516738925662,0.9249180385044643,0.5221880078315735,,,,
panda_0204_delta_a,0.6234445210014071,0.8007376534598214,0.3259487450122833,,,,
panda_0205_delta_a,0.950947102691446,0.96075439453125,0.3908744156360626,,,,
panda_0206_delta_a,0.9017837260450635,0.8570469447544643,0.41943952441215515,,,,
panda_0207_delta_a,0.9451923051050731,0.9456874302455357,0.3296446204185486,,,,
panda_0208_delta_a,0.9896721627031054,0.98828125,0.3745231032371521,,,,
panda_0209_delta_a,0.8288475424051285,0.9211774553571429,0.2534731924533844,,,,
panda_0210_delta_a,0.973982392677239,0.9804251534598214,0.3950221538543701,,,,
panda_0211_delta_a,0.9453220346144268,0.9380580357142857,0.5753777027130127,,,,
panda_0212_delta_a,0.861596771648952,0.8731427873883929,0.5103906989097595,,,,
panda_0213_delta_a,0.9384378577981677,0.9734409877232143,0.3156359791755676,,,,
panda_0214_delta_a,0.7851637519363847,0.826416015625,0.28338393568992615,,,,
panda_0215_delta_a,0.9370138261999402,0.9224417550223214,0.26434412598609924,,,,
panda_0216_delta_a,0.991358322756631,0.9833722795758929,0.22884684801101685,,,,
panda_0217_delta_a,0.9804410349045481,0.9792393275669643,0.4245348870754242,,,,
panda_0218_delta_a,0.9901914085660662,0.9780360630580357,0.2823373079299927,,,,
panda_0219_delta_a,0.9863863438367844,0.9804949079241071,0.4261818528175354,,,,
panda_0220_delta_a,0.993392890053136,0.9961024693080357,0.2072598785161972,,,,
panda_0221_delta_a,0.8090346194803715,0.830169677734375,0.46169963479042053,,,,
panda_0222_delta_a,0.9659460484981537,0.9639195033482143,0.464880108833313,,,,
panda_0223_delta_a,0.9900173427803176,0.9826398577008929,0.3872961401939392,,,,
panda_0224_delta_a,0.7634382737534386,0.8653302873883929,0.452109158039093,,,,
panda_0225_delta_a,0.9483592531510762,0.9736328125,0.29746848344802856,,,,
panda_0226_delta_a,0.8249221231256213,0.8201773507254464,0.28133827447891235,,,,
panda_0227_delta_a,0.9950338027306965,0.9876970563616071,0.5243044495582581,,,,
panda_0228_delta_a,0.8409052831786019,0.8732212611607143,0.4814201295375824,,,,
panda_0229_delta_a,0.7772123329341412,0.88067626953125,0.5592859387397766,,,,
panda_0230_delta_a,0.8743887926851001,0.9505964006696429,0.4481288194656372,,,,
panda_0231_delta_a,0.9593445041349956,0.8949236188616071,0.3454376757144928,,,,
panda_0232_delta_a,0.9805536717176437,0.9793613978794643,0.35388579964637756,,,,
panda_0233_delta_a,0.6416391647819962,0.8621564592633929,0.38967299461364746,,,,
panda_0234_delta_a,0.9790579485041755,0.9714878627232143,0.4862039387226105,,,,
panda_0235_delta_a,0.9223881523524012,0.9429931640625,0.20177079737186432,,,,
panda_0236_delta_a,0.9036131905657905,0.9002859933035714,0.49631059169769287,,,,
panda_0237_delta_a,0.7827680100287709,0.9129464285714286,0.407439649105072,,,,
panda_0238_delta_a,0.9408489912748337,0.9275338309151786,0.30503779649734497,,,,
panda_0239_delta_a,0.6593639834650925,0.8350568498883929,0.48606154322624207,,,,
panda_0240_delta_a,0.9725406670144626,0.9712437220982143,0.4490371644496918,,,,
panda_0241_delta_a,0.9834685495921544,0.9780970982142857,0.3418004810810089,,,,
panda_0242_delta_a,0.8023606831473964,0.8877127511160714,0.3588218092918396,,,,
panda_0243_delta_a,0.9919575367655072,0.9894496372767857,0.43171098828315735,,,,
panda_0244_delta_a,0.8496257519083363,0.9498726981026786,0.3500039279460907,,,,
panda_0245_delta_a,0.9384856330496925,0.8820713588169643,0.16722117364406586,,,,
panda_0246_delta_a,0.990150008882795,0.9766584123883929,0.4472614824771881,,,,
panda_0247_delta_a,0.838659117264407,0.7706255231584821,0.04778813570737839,,,,
panda_0248_delta_a,0.9366358827267375,0.9265572684151786,0.5119543671607971,,,,
panda_0249_delta_a,0.777048099519951,0.8646589006696429,0.40689143538475037,,,,
panda_0250_delta_a,0.8522984545145716,0.8824811662946429,0.5883545875549316,,,,
panda_0251_delta_a,0.7850527177963939,0.8553379603794643,0.21661826968193054,,,,
panda_0252_delta_a,0.8037057194326606,0.8652692522321429,0.3045886754989624,,,,
panda_0253_delta_a,0.9842272156051227,0.9931291852678571,0.27283117175102234,,,,
panda_0254_delta_a,0.894791804254055,0.9450857979910714,0.3058943450450897,,,,
panda_0255_delta_a,0.9558930099010468,0.9498291015625,0.38403916358947754,,,,
panda_0256_delta_a,0.9718396951045308,0.9515119280133929,0.5457051396369934,,,,
panda_0257_delta_a,0.893113700406892,0.9519130161830357,0.28867340087890625,,,,
panda_0258_delta_a,0.9842508073363986,0.9800851004464286,0.5591827034950256,,,,
panda_0259_delta_a,0.9474251525742667,0.96331787109375,0.3503665328025818,,,,
panda_0260_delta_a,0.8053789931748595,0.9005650111607143,0.4250621795654297,,,,
panda_0261_delta_a,0.9873232085789952,0.9909232003348214,0.5643490552902222,,,,
panda_0262_delta_a,0.7563727213335889,0.8493739536830357,0.48433205485343933,,,,
panda_0263_delta_a,0.9505434834531375,0.9640415736607143,0.25376901030540466,,,,
panda_0264_delta_a,0.9747905018074172,0.9529506138392857,0.2642432451248169,,,,
panda_0265_delta_a,0.9804002898080009,0.9661342075892857,0.6274908781051636,,,,
panda_0266_delta_a,0.6490690021642617,0.8377685546875,0.434152215719223,,,,
panda_0267_delta_a,0.9928977744919913,0.9875052315848214,0.5303156971931458,,,,
panda_0268_delta_a,0.8288550544530153,0.9070085797991071,0.4599936306476593,,,,
panda_0269_delta_a,0.90431197732687,0.9077497209821429,0.3287453353404999,,,,
panda_0270_delta_a,0.9200692698359489,0.9423479352678571,0.408110648393631,,,,
panda_0271_delta_a,0.8354641278939587,0.9340122767857143,0.2444283813238144,,,,
panda_0272_delta_a,0.8859783874026367,0.9287283761160714,0.4020519554615021,,,,
panda_0273_delta_a,0.9858094985995974,0.9658115931919643,0.3848731815814972,,,,
panda_0274_delta_a,0.9736783791865621,0.9569614955357143,0.4292748272418976,,,,
panda_0275_delta_a,0.98226120110069,0.9735804966517857,0.4348841607570648,,,,
panda_0276_delta_a,0.985702379473618,0.9623674665178571,0.4679953157901764,,,,
panda_0277_delta_a,0.8487141632608005,0.8670479910714286,0.30287009477615356,,,,
panda_0278_delta_a,0.8696522196488721,0.9020211356026786,0.469746857881546,,,,
panda_0279_delta_a,0.9210577138832637,0.8910348074776786,0.48829787969589233,,,,
panda_0280_delta_a,0.9523098351699966,0.9544416155133929,0.3171524107456207,,,,
panda_0281_delta_a,0.8877046576568058,0.9627423967633929,0.29836374521255493,,,,
panda_0282_delta_a,0.9805175097925323,0.9697788783482143,0.3499428331851959,,,,
panda_0283_delta_a,0.9080948042018073,0.9435337611607143,0.35449710488319397,,,,
panda_0284_delta_a,0.9336433708667755,0.9439610072544643,0.36944514513015747,,,,
panda_0285_delta_a,0.9469770916870662,0.8771275111607143,0.4677770435810089,,,,
panda_0286_delta_a,0.9731893422348159,0.96612548828125,0.2837245464324951,,,,
panda_0287_delta_a,0.9013601131737232,0.8374481201171875,0.2645541727542877,,,,
panda_0288_delta_a,0.9877652057579586,0.9519566127232143,0.4699081480503082,,,,
panda_0289_delta_a,0.8331125357321331,0.8982195172991071,0.4846053123474121,,,,
panda_0290_delta_a,0.9559369800346238,0.9586181640625,0.4280226528644562,,,,
panda_0291_delta_a,0.9153635374137333,0.9453473772321429,0.4390120506286621,,,,
panda_0292_delta_a,0.9403355494141579,0.9609026227678571,0.3285415470600128,,,,
panda_0293_delta_a,0.9268981239625386,0.9334368024553571,0.45634591579437256,,,,
panda_0294_delta_a,0.9584276740040097,0.9069911411830357,0.4284556806087494,,,,
panda_0295_delta_a,0.8818736959780965,0.9399501255580357,0.38989850878715515,,,,
panda_0296_delta_a,0.870598421565124,0.9217703683035714,0.2500344514846802,,,,
panda_0297_delta_a,0.9857858568429947,0.9735194614955357,0.3614138662815094,,,,
panda_0298_delta_a,0.9271822752697128,0.8875819614955357,0.2747170627117157,,,,
panda_0299_delta_a,0.9813462580953326,0.9829450334821429,0.3766496479511261,,,,
panda_0300_delta_a,0.7828109559736082,0.8135593959263393,0.39137977361679077,,,,
panda_0301_delta_a,0.9270404460174697,0.8753400530133929,0.541225016117096,,,,
panda_0302_delta_a,0.9827619354639735,0.9808523995535714,0.517905056476593,,,,
panda_0303_delta_a,0.8215514203267438,0.9044363839285714,0.3762787878513336,,,,
panda_0304_delta_a,0.7146561233592885,0.87335205078125,0.4348396360874176,,,,
panda_0305_delta_a,0.7849370863820825,0.840576171875,0.5442359447479248,,,,
panda_0306_delta_a,0.9671997108629772,0.9803292410714286,0.4942770302295685,,,,
panda_0307_delta_a,0.817010868872915,0.9276646205357143,0.32385724782943726,,,,
panda_0308_delta_a,0.9054956606456211,0.8225969587053571,0.48913881182670593,,,,
panda_0309_delta_a,0.9690649850027901,0.9826572963169643,0.4860060214996338,,,,
panda_0310_delta_a,0.8901151173881122,0.7787431989397321,0.2361171990633011,,,,
panda_0311_delta_a,0.9049277497189385,0.8978358677455357,0.1795293539762497,,,,
panda_0312_delta_a,0.9457309799534934,0.9185616629464286,0.39667439460754395,,,,
panda_0313_delta_a,0.9043515654546874,0.9151785714285714,0.51558917760849,,,,
panda_0314_delta_a,0.9961991778441838,0.9764840262276786,0.4445187449455261,,,,
panda_0315_delta_a,0.9216907641717366,0.8802751813616071,0.3154817223548889,,,,
panda_0316_delta_a,0.9904540000217301,0.9857526506696429,0.29830414056777954,,,,
panda_0317_delta_a,0.943680539727211,0.9124494280133929,0.6922023296356201,,,,
panda_0318_delta_a,0.9807253554463387,0.95892333984375,0.5780490040779114,,,,
panda_0319_delta_a,0.9950739656175885,0.9890485491071429,0.5558763146400452,,,,
panda_0320_delta_a,0.9644632626857076,0.9490618024553571,0.46991854906082153,,,,
panda_0321_delta_a,0.9257023717675891,0.9656720842633929,0.4624477028846741,,,,
panda_0322_delta_a,0.8353191646082061,0.8818184988839286,0.3556448221206665,,,,
panda_0323_delta_a,0.9979141354560852,0.98468017578125,0.5832072496414185,,,,
panda_0324_delta_a,0.6271308977156878,0.7885219029017857,0.4525594115257263,,,,
panda_0325_delta_a,0.9809948269809995,0.9872785295758929,0.3872438669204712,,,,
panda_0326_delta_a,0.9551610606057304,0.9761265345982143,0.48463261127471924,,,,
panda_0327_delta_a,0.744601909071207,0.88604736328125,0.2730385959148407,,,,
panda_0328_delta_a,0.8753496067864555,0.91961669921875,0.3745443522930145,,,,
panda_0329_delta_a,0.957049406000546,0.9048985072544643,0.5000209212303162,,,,
panda_0330_delta_a,0.9679166046636445,0.9635445731026786,0.46901533007621765,,,,
panda_0331_delta_a,0.74279246745365,0.8571254185267857,0.4078720808029175,,,,
panda_0332_delta_a,0.9645176689539637,0.9694998604910714,0.47874677181243896,,,,
panda_0333_delta_a,0.9748056115848678,0.9641462053571429,0.5178020000457764,,,,
panda_0334_delta_a,0.790403420903853,0.8895699637276786,0.35617026686668396,,,,
panda_0335_delta_a,0.8583485356398991,0.96075439453125,0.3600904643535614,,,,
panda_0336_delta_a,0.9880623764225415,0.9688720703125,0.5092173218727112,,,,
panda_0337_delta_a,0.8239813606653895,0.8892037527901786,0.30999597907066345,,,,
panda_0338_delta_a,0.972916165632861,0.9726126534598214,0.4825552701950073,,,,
panda_0339_delta_a,0.8354065822703498,0.9126238141741071,0.34211644530296326,,,,
panda_0340_delta_a,0.9217834770679474,0.9029279436383929,0.466057687997818,,,,
panda_0341_delta_a,0.7897562379283565,0.9260079520089286,0.3392772972583771,,,,
panda_0342_delta_a,0.9308398057307515,0.9333147321428571,0.375311940908432,,,,
panda_0343_delta_a,0.9655152335762978,0.9520786830357143,0.35451045632362366,,,,
panda_0344_delta_a,0.9756840659039361,0.9713309151785714,0.43871647119522095,,,,
panda_0345_delta_a,0.9065432303718158,0.9480939592633929,0.4281415045261383,,,,
panda_0346_delta_a,0.964507486139025,0.9805036272321429,0.5244479775428772,,,,
panda_0347_delta_a,0.9844701811671257,0.9565168108258929,0.3813888132572174,,,,
panda_0348_delta_a,0.8296011654394013,0.9135044642857143,0.2963981628417969,,,,
panda_0349_delta_a,0.8109525101525443,0.8330339704241071,0.33964234590530396,,,,
panda_0350_delta_a,0.7874351207699094,0.8347603934151786,0.34821853041648865,,,,
panda_0351_delta_a,0.9664641927395549,0.97235107421875,0.4698769152164459,,,,
panda_0352_delta_a,0.9941537390862193,0.9930507114955357,0.3615153133869171,,,,
panda_0353_delta_a,0.8860889779669898,0.9245431082589286,0.369684100151062,,,,
panda_0354_delta_a,0.9909355470112392,0.9858921595982143,0.3892921507358551,,,,
panda_0355_delta_a,0.7248932266873973,0.9137834821428571,0.2517715394496918,,,,
panda_0356_delta_a,0.7722030159618173,0.8400181361607143,0.3401228189468384,,,,
panda_0357_delta_a,0.9934343929801669,0.9857177734375,0.48548924922943115,,,,
panda_0358_delta_a,0.9247852468064853,0.9129115513392857,0.3843141496181488,,,,
panda_0359_delta_a,0.9836017159479005,0.9729265485491071,0.4006175398826599,,,,
panda_0360_delta_a,0.9283477813005447,0.9480678013392857,0.33927008509635925,,,,
panda_0361_delta_a,0.8439135487590518,0.9428013392857143,0.28623631596565247,,,,
panda_0362_delta_a,0.969220118863242,0.9794137137276786,0.3404289782047272,,,,
panda_0363_delta_a,0.9584624735372407,0.9381365094866071,0.3295437693595886,,,,
panda_0364_delta_a,0.990988379078252,0.9817592075892857,0.26824069023132324,,,,
panda_0365_delta_a,0.8754477809582438,0.8552769252232143,0.3102649450302124,,,,
panda_0366_delta_a,0.9930673646075385,0.9626988002232143,0.17654870450496674,,,,
panda_0367_delta_a,0.9336518187608037,0.93402099609375,0.4544162452220917,,,,
panda_0368_delta_a,0.8625469229051045,0.8427559988839286,0.4113250970840454,,,,
panda_0369_delta_a,0.895323147731168,0.9515816824776786,0.2406059354543686,,,,
panda_0370_delta_a,0.9969405084848404,0.9928065708705357,0.35357633233070374,,,,
panda_0371_delta_a,0.5971412605472973,0.8442905970982143,0.40065547823905945,,,,
panda_0372_delta_a,0.7860800155571529,0.8569423130580357,0.44428345561027527,,,,
panda_0373_delta_a,0.9564714165670531,0.9684709821428571,0.5799183249473572,,,,
panda_0374_delta_a,0.9837646910122463,0.9720110212053571,0.43017399311065674,,,,
panda_0375_delta_a,0.8332315438560077,0.9424176897321429,0.4142400920391083,,,,
panda_0376_delta_a,0.8258366920053959,0.8949933733258929,0.2747096121311188,,,,
panda_0377_delta_a,0.9942201578191349,0.97796630859375,0.2846352756023407,,,,
panda_0378_delta_a,0.7100332099944353,0.813385009765625,0.4133768379688263,,,,
panda_0379_delta_a,0.8940622785261699,0.9629080636160714,0.4356811046600342,,,,
panda_0380_delta_a,0.9942988870399339,0.9901907784598214,0.3873312175273895,,,,
panda_0381_delta_a,0.7217067213995116,0.9053170340401786,0.4556892216205597,,,,
panda_0382_delta_a,0.9968316778540611,0.9922136579241071,0.4254109561443329,,,,
panda_0383_delta_a,0.8970343545079231,0.9376482282366071,0.37843456864356995,,,,
panda_0384_delta_a,0.6897593726004873,0.8430001395089286,0.3600166440010071,,,,
panda_0385_delta_a,0.9520053448421615,0.969970703125,0.618285596370697,,,,
panda_0386_delta_a,0.9915963719998088,0.9830322265625,0.4830901026725769,,,,
panda_0387_delta_a,0.8844699412584305,0.9575980050223214,0.3588618040084839,,,,
panda_0388_delta_a,0.9355975793940681,0.9673287527901786,0.45527058839797974,,,,
panda_0389_delta_a,0.9950748245630946,0.9913417271205357,0.2961764931678772,,,,
panda_0390_delta_a,0.9798044594270843,0.9593157087053571,0.44903165102005005,,,,
panda_0391_delta_a,0.9834124233041491,0.9837123325892857,0.432009220123291,,,,
panda_0392_delta_a,0.6263110909078803,0.8438807896205357,0.5000734925270081,,,,
panda_0393_delta_a,0.9745314536350114,0.9763706752232143,0.5454752445220947,,,,
panda_0394_delta_a,0.8231342155486345,0.8538818359375,0.363661527633667,,,,
panda_0395_delta_a,0.92108701808112,0.9507533482142857,0.47195881605148315,,,,
panda_0396_delta_a,0.8749069390552384,0.9294695172991071,0.3273320496082306,,,,
panda_0397_delta_a,0.9932259576661246,0.9862583705357143,0.4499916732311249,,,,
panda_0398_delta_a,0.9831737780145237,0.9683925083705357,0.4988217353820801,,,,
panda_0399_delta_a,0.983710490167141,0.9707380022321429,0.471402645111084,,,,
panda_0400_delta_a,0.5590304220095277,0.7521754673549107,0.3146243393421173,,,,
panda_0401_delta_a,0.878385144684996,0.8604474748883929,0.3928455412387848,,,,
panda_0402_delta_a,0.8485899796443326,0.9155099051339286,0.3617042303085327,,,,
panda_0403_delta_a,0.9776664354971477,0.8830827985491071,0.3728586733341217,,,,
panda_0404_delta_a,0.8503993659147194,0.8957955496651786,0.47002068161964417,,,,
panda_0405_delta_a,0.9964384096009391,0.9839041573660714,0.4933515191078186,,,,
panda_0406_delta_a,0.867558480905635,0.8437848772321429,0.38206344842910767,,,,
panda_0407_delta_a,0.887194079480001,0.9032636369977679,0.394302636384964,,,,
panda_0408_delta_a,0.5871983588274036,0.7445896693638393,0.35354849696159363,,,,
panda_0409_delta_a,0.9592178070119449,0.9722115652901786,0.38704121112823486,,,,
panda_0410_delta_a,0.9787535880293164,0.9725603376116071,0.4636821150779724,,,,
panda_0411_delta_a,0.8222176033471312,0.9165998186383929,0.4120980203151703,,,,
panda_0412_delta_a,0.902249813079834,0.9355381556919643,0.4790884256362915,,,,
panda_0413_delta_a,0.9757852171148572,0.9633963448660714,0.31133756041526794,,,,
panda_0414_delta_a,0.9777360526578767,0.980224609375,0.5832974910736084,,,,
panda_0415_delta_a,0.9983617567590305,0.9895804268973214,0.4656146466732025,,,,
panda_0416_delta_a,0.9884703989539828,0.9586094447544643,0.2459176480770111,,,,
panda_0417_delta_a,0.6560154035687447,0.7961512974330357,0.2809910476207733,,,,
panda_0418_delta_a,0.7948919901890414,0.8758632114955357,0.3342328667640686,,,,
panda_0419_delta_a,0.9307630626218659,0.92510986328125,0.4706498086452484,,,,
panda_0420_delta_a,0.9863943862063544,0.9879411969866071,0.501211404800415,,,,
panda_0421_delta_a,0.9902162956339973,0.9916817801339286,0.6008157134056091,,,,
panda_0422_delta_a,0.9131019828574998,0.8885934012276786,0.29734471440315247,,,,
panda_0423_delta_a,0.9308605758207185,0.8226405552455357,0.2539269030094147,,,,
panda_0424_delta_a,0.991743381534304,0.9811139787946429,0.3588152229785919,,,,
panda_0425_delta_a,0.9521087791238513,0.9786289760044643,0.4004931151866913,,,,
panda_0426_delta_a,0.8893010488578251,0.9613909040178571,0.2800443470478058,,,,
panda_0427_delta_a,0.8772122790770871,0.9122052873883929,0.4221775531768799,,,,
panda_0428_delta_a,0.8619951318417277,0.9281180245535714,0.4587439298629761,,,,
panda_0429_delta_a,0.9946750359875816,0.9714181082589286,0.5122325420379639,,,,
panda_0430_delta_a,0.88035898655653,0.9270717075892857,0.44605517387390137,,,,
panda_0431_delta_a,0.9807375062789235,0.9844447544642857,0.2634375989437103,,,,
panda_0432_delta_a,0.9899266340902874,0.9874529157366071,0.43578633666038513,,,,
panda_0433_delta_a,0.9539271923048156,0.9781930106026786,0.43636301159858704,,,,
panda_0434_delta_a,0.9839909172483853,0.9639630998883929,0.3201100528240204,,,,
panda_0435_delta_a,0.9688557950513703,0.9640328543526786,0.44022098183631897,,,,
panda_0436_delta_a,0.961020656994411,0.9540928431919643,0.4500890374183655,,,,
panda_0437_delta_a,0.6789012061698096,0.6939566476004464,0.3568113446235657,,,,
panda_0438_delta_a,0.9789079736386027,0.9657331194196429,0.49303653836250305,,,,
panda_0439_delta_a,0.8843383427177157,0.9648699079241071,0.4605776071548462,,,,
panda_0440_delta_a,0.9508382273571832,0.9372035435267857,0.4756848216056824,,,,
panda_0441_delta_a,0.963611683675221,0.9570661272321429,0.5022393465042114,,,,
panda_0442_delta_a,0.8867594269769532,0.8670915876116071,0.4435882568359375,,,,
panda_0443_delta_a,0.8036659189632961,0.8552812848772321,0.5034103393554688,,,,
panda_0444_delta_a,0.8112485871783325,0.8878609793526786,0.3425907492637634,,,,
panda_0445_delta_a,0.9779338027749743,0.9818812779017857,0.4717273712158203,,,,
panda_0446_delta_a,0.9835047721862793,0.9936959402901786,0.303148478269577,,,,
panda_0447_delta_a,0.985094220510551,0.9627772739955357,0.5281260013580322,,,,
panda_0448_delta_a,0.8228230348655156,0.8724278041294643,0.4524383544921875,,,,
panda_0449_delta_a,0.9479902269584792,0.9574672154017857,0.49169448018074036,,,,
panda_0450_delta_a,0.9916196518710682,0.9576503208705357,0.45624494552612305,,,,
panda_0451_delta_a,0.9871488032596452,0.9827183314732143,0.20263589918613434,,,,
panda_0452_delta_a,0.8930743102516446,0.9222586495535714,0.46838900446891785,,,,
panda_0453_delta_a,0.9339633009263447,0.9465157645089286,0.329236775636673,,,,
panda_0454_delta_a,0.990897003029074,0.9823085239955357,0.27741551399230957,,,,
panda_0455_delta_a,0.8159733260316508,0.8704485212053571,0.28219932317733765,,,,
panda_0456_delta_a,0.7281614919858319,0.8130754743303571,0.3190787136554718,,,,
panda_0457_delta_a,0.820281865873507,0.8556692940848214,0.32056286931037903,,,,
panda_0458_delta_a,0.878003657928535,0.8980189732142857,0.5586157441139221,,,,
panda_0459_delta_a,0.978671173964228,0.9718279157366071,0.367997407913208,,,,
panda_0460_delta_a,0.9479208514094353,0.9670846121651786,0.38659027218818665,,,,
panda_0461_delta_a,0.944210583610194,0.9576503208705357,0.4032575786113739,,,,
panda_0462_delta_a,0.8763804520879473,0.8010210309709821,0.18823331594467163,,,,
panda_0463_delta_a,0.946982567863805,0.9461146763392857,0.36368218064308167,,,,
panda_0464_delta_a,0.9903425052762032,0.9642769949776786,0.46752482652664185,,,,
panda_0465_delta_a,0.9899086175220353,0.9663434709821429,0.24061983823776245,,,,
panda_0466_delta_a,0.8405312427452633,0.8342633928571429,0.22028717398643494,,,,
panda_0467_delta_a,0.9411606852497373,0.9403250558035714,0.5209314823150635,,,,
panda_0468_delta_a,0.7833199107221195,0.9056047712053571,0.38935691118240356,,,,
panda_0469_delta_a,0.809362394469125,0.8581150599888393,0.46786561608314514,,,,
panda_0470_delta_a,0.905493645795754,0.9554007393973214,0.40403881669044495,,,,
panda_0471_delta_a,0.7409772612154484,0.8667951311383929,0.3999331295490265,,,,
panda_0472_delta_a,0.9146063237317971,0.9525495256696429,0.5418732166290283,,,,
panda_0474_delta_a,0.9932504104716438,0.9890921456473214,0.3539283573627472,,,,
panda_0475_delta_a,0.8166143223643303,0.8468409946986607,0.4185508191585541,,,,
panda_0476_delta_a,0.7861574584884303,0.8739362444196429,0.2446104735136032,,,,
panda_0477_delta_a,0.9705297031572887,0.9530814034598214,0.4086219072341919,,,,
panda_0478_delta_a,0.7554550186863968,0.7962254115513393,0.34846213459968567,,,,
panda_0479_delta_a,0.8269091626363141,0.95489501953125,0.2815868556499481,,,,
panda_0480_delta_a,0.9542858696409634,0.9574148995535714,0.3697971999645233,,,,
panda_0481_delta_a,0.7200589941016265,0.9050641741071429,0.36157605051994324,,,,
panda_0482_delta_a,0.856547082641295,0.8751700265066964,0.35323429107666016,,,,
panda_0483_delta_a,0.8913283411945615,0.8372323172433036,0.3354601263999939,,,,
panda_0484_delta_a,0.9602885022759438,0.9398280552455357,0.29379579424858093,,,,
panda_0485_delta_a,0.9713305320058551,0.9497157505580357,0.49507936835289,,,,
panda_0486_delta_a,0.7737749665975571,0.9060145786830357,0.40337902307510376,,,,
panda_0487_delta_a,0.9937277170164245,0.9792654854910714,0.42943230271339417,,,,
panda_0488_delta_a,0.9411055935280663,0.94830322265625,0.37433770298957825,,,,
panda_0489_delta_a,0.9885390305093357,0.9291120256696429,0.3637303411960602,,,,
panda_0490_delta_a,0.7414602023948517,0.8876604352678571,0.37217238545417786,,,,
panda_0491_delta_a,0.9588284396699497,0.9614955357142857,0.6360506415367126,,,,
panda_0492_delta_a,0.9284224786928722,0.8997366768973214,0.16573497653007507,,,,
panda_0493_delta_a,0.9949989265629223,0.9954746791294643,0.15108288824558258,,,,
panda_0494_delta_a,0.8888858727046421,0.8698381696428571,0.31646785140037537,,,,
panda_0495_delta_a,0.9817612373403141,0.9637102399553571,0.4620049297809601,,,,
panda_0496_delta_a,0.9920460198606763,0.9895717075892857,0.4051796495914459,,,,
panda_0497_delta_a,0.9415097438863346,0.96417236328125,0.3156392574310303,,,,
panda_0498_delta_a,0.9963991812297276,0.98626708984375,0.5479305982589722,,,,
panda_0499_delta_a,0.9863641219479697,0.9787510463169643,0.5356958508491516,,,,
panda_0500_delta_a,0.9511758685112,0.9576503208705357,0.38143065571784973,,,,
panda_0501_delta_a,0.8423163603459086,0.8945574079241071,0.374597430229187,,,,
panda_0502_delta_a,0.9487302941935403,0.9467337472098214,0.49201953411102295,,,,
panda_0503_delta_a,0.9816197135618755,0.9850638253348214,0.36918869614601135,,,,
panda_0504_delta_a,0.6460354855018002,0.7570234026227679,0.3290039002895355,,,,
panda_0505_delta_a,0.9679260935102191,0.9672502790178571,0.4161206781864166,,,,
panda_0506_delta_a,0.9227456524968147,0.9222150530133929,0.29659968614578247,,,,
panda_0507_delta_a,0.9251016953161785,0.953369140625,0.3434504270553589,,,,
panda_0508_delta_a,0.9862060089196477,0.9862496512276786,0.505159854888916,,,,
panda_0509_delta_a,0.8453999757766724,0.8375680106026786,0.48409590125083923,,,,
panda_0510_delta_a,0.9900609744446618,0.98504638671875,0.4060424864292145,,,,
panda_0511_delta_a,0.9878713573728289,0.9914899553571429,0.4026811420917511,,,,
panda_0512_delta_a,0.8882276607411248,0.9086216517857143,0.2851666212081909,,,,
panda_0513_delta_a,0.9416564383677074,0.9499686104910714,0.4723164737224579,,,,
panda_0514_delta_a,0.9751838786261422,0.9746268136160714,0.4827388823032379,,,,
panda_0515_delta_a,0.9967148027249745,0.9899030412946429,0.3846789598464966,,,,
panda_0516_delta_a,0.9229697436094284,0.9473528180803571,0.34209463000297546,,,,
panda_0517_delta_a,0.9212532011525971,0.9327392578125,0.38250797986984253,,,,
panda_0518_delta_a,0.9323850896741662,0.9451729910714286,0.32741355895996094,,,,
panda_0519_delta_a,0.8430595807731152,0.8915841238839286,0.3555837869644165,,,,
panda_0520_delta_a,0.99573793475117,0.9912545340401786,0.5744668245315552,,,,
panda_0521_delta_a,0.9341534014259066,0.9096505301339286,0.17637644708156586,,,,
panda_0522_delta_a,0.9625721935714994,0.9721592494419643,0.2924329936504364,,,,
panda_0523_delta_a,0.845883768584047,0.8706883021763393,0.44331103563308716,,,,
panda_0524_delta_a,0.9934876507946423,0.9942626953125,0.4341641962528229,,,,
panda_0525_delta_a,0.9922706804105214,0.9686802455357143,0.4662218987941742,,,,
panda_0526_delta_a,0.9864867159298488,0.9808175223214286,0.4187719523906708,,,,
panda_0527_delta_a,0.9640475351895604,0.96783447265625,0.2020438015460968,,,,
panda_0528_delta_a,0.9404853561094829,0.9302019391741071,0.4591124951839447,,,,
panda_0529_delta_a,0.8804739138909748,0.9162161690848214,0.2781198024749756,,,,
panda_0530_delta_a,0.9793153022016797,0.9811575753348214,0.530402660369873,,,,
panda_0531_delta_a,0.9623878087316241,0.9315272739955357,0.5474308133125305,,,,
panda_0532_delta_a,0.8723731977599007,0.91265869140625,0.29541751742362976,,,,
panda_0533_delta_a,0.984137128506388,0.9611467633928571,0.3767533004283905,,,,
panda_0534_delta_a,0.9274444952607155,0.8833966936383929,0.2786513566970825,,,,
panda_0535_delta_a,0.9599884673953056,0.9654105050223214,0.4924538731575012,,,,
panda_0536_delta_a,0.8813452614205224,0.9284929547991071,0.575051486492157,,,,
panda_0537_delta_a,0.7768161743879318,0.9113682338169643,0.45761680603027344,,,,
panda_0538_delta_a,0.7842629440128803,0.8525739397321429,0.239956796169281,,,,
panda_0539_delta_a,0.8748286100370544,0.9204275948660714,0.38543009757995605,,,,
panda_0540_delta_a,0.9785670403923307,0.96533203125,0.4670140743255615,,,,
panda_0541_delta_a,0.7431067063340119,0.81121826171875,0.23609206080436707,,,,
panda_0542_delta_a,0.9717514749084201,0.9736066545758929,0.33057087659835815,,,,
panda_0543_delta_a,0.9729767931359155,0.9712611607142857,0.40605124831199646,,,,
panda_0544_delta_a,0.8403714134224823,0.881072998046875,0.36017221212387085,,,,
panda_0545_delta_a,0.805240745257054,0.9136178152901786,0.378795862197876,,,,
panda_0546_delta_a,0.8193409549338477,0.8873726981026786,0.4556288719177246,,,,
panda_0547_delta_a,0.8276712761393615,0.8835274832589286,0.1557472199201584,,,,
panda_0548_delta_a,0.9287582912615368,0.8941476004464286,0.300611287355423,,,,
panda_0549_delta_a,0.7831862685935838,0.844207763671875,0.3911089301109314,,,,
panda_0550_delta_a,0.9979767948389053,0.9928937639508929,0.5148592591285706,,,,
panda_0551_delta_a,0.6990511577044215,0.8030657087053571,0.19437672197818756,,,,
panda_0552_delta_a,0.9754496589303017,0.9184395926339286,0.45224010944366455,,,,
panda_0553_delta_a,0.933985390833446,0.9666486467633929,0.7032877206802368,,,,
panda_0554_delta_a,0.9885447876793998,0.9911324637276786,0.38187670707702637,,,,
panda_0555_delta_a,0.8855437732168606,0.9602399553571429,0.3304198384284973,,,,
panda_0556_delta_a,0.9553901702165604,0.7723475864955357,0.25279074907302856,,,,
panda_0557_delta_a,0.9744161516427994,0.9244646344866071,0.30449023842811584,,,,
panda_0558_delta_a,0.9788042328187397,0.9609375,0.45990779995918274,,,,
panda_0559_delta_a,0.914359280041286,0.9197213309151786,0.4046229124069214,,,,
panda_0560_delta_a,0.7021048699638673,0.8548845563616071,0.3563501536846161,,,,
panda_0561_delta_a,0.9862681190882411,0.9826485770089286,0.4818964898586273,,,,
panda_0562_delta_a,0.994145970259394,0.9889787946428571,0.46447524428367615,,,,
panda_0563_delta_a,0.9176538256662232,0.9439522879464286,0.3992152512073517,,,,
panda_0564_delta_a,0.9010437141571727,0.8839111328125,0.3384407162666321,,,,
panda_0565_delta_a,0.9902449377945491,0.9791521344866071,0.11440395563840866,,,,
panda_0566_delta_a,0.9608346415417535,0.9463413783482143,0.21913433074951172,,,,
panda_0567_delta_a,0.9433916477220399,0.8739100864955357,0.34050896763801575,,,,
panda_0568_delta_a,0.9157516690237182,0.9520525251116071,0.3514312207698822,,,,
panda_0569_delta_a,0.8720795863441059,0.9264787946428571,0.37730544805526733,,,,
panda_0570_delta_a,0.9905250902686801,0.9830496651785714,0.46256551146507263,,,,
panda_0571_delta_a,0.9205236913902419,0.8843819754464286,0.2149667739868164,,,,
panda_0572_delta_a,0.9874687141605786,0.9167044503348214,0.15459392964839935,,,,
panda_0573_delta_a,0.846993417612144,0.8914620535714286,0.4513614773750305,,,,
panda_0574_delta_a,0.9852860005838531,0.9595860072544643,0.644916296005249,,,,
panda_0575_delta_a,0.9815287951912198,0.967041015625,0.3808342516422272,,,,
panda_0576_delta_a,0.9942694072212491,0.9842354910714286,0.617922842502594,,,,
panda_0577_delta_a,0.9645572985921588,0.9692557198660714,0.46423202753067017,,,,
panda_0578_delta_a,0.9839433165533202,0.98309326171875,0.4176569879055023,,,,
panda_0579_delta_a,0.6697431612493736,0.8188650948660714,0.4073680341243744,,,,
panda_0580_delta_a,0.9008591079286167,0.884033203125,0.26323559880256653,,,,
panda_0581_delta_a,0.8019072881766728,0.9112200055803571,0.38416600227355957,,,,
panda_0582_delta_a,0.9491739219852856,0.9541800362723214,0.2916979193687439,,,,
panda_0583_delta_a,0.9911277475101608,0.9878714425223214,0.5722222924232483,,,,
panda_0584_delta_a,0.9002330228686333,0.8727678571428571,0.37008795142173767,,,,
panda_0585_delta_a,0.9601657571537154,0.9662649972098214,0.49445420503616333,,,,
panda_0586_delta_a,0.9905548148921558,0.9927193777901786,0.4246314465999603,,,,
panda_0587_delta_a,0.8616362368421895,0.9319806780133929,0.4279499650001526,,,,
panda_0588_delta_a,0.7057043282049043,0.8614065987723214,0.283393532037735,,,,
panda_0589_delta_a,0.8664126720811639,0.8792506626674107,0.28707656264305115,,,,
panda_0590_delta_a,0.7996534731771264,0.9187796456473214,0.4038568437099457,,,,
panda_0591_delta_a,0.9875861023153577,0.9858921595982143,0.6560117602348328,,,,
panda_0592_delta_a,0.9810851344040462,0.9423828125,0.3882712125778198,,,,
panda_0593_delta_a,0.9381502749664443,0.8822806222098214,0.295027494430542,,,,
panda_0594_delta_a,0.9383704268506595,0.9671369280133929,0.223256453871727,,,,
panda_0595_delta_a,0.994513635124479,0.9843662806919643,0.5052717924118042,,,,
panda_0596_delta_a,0.9392908311315945,0.90380859375,0.304757684469223,,,,
panda_0597_delta_a,0.731612396692591,0.8143833705357143,0.43263837695121765,,,,
panda_0598_delta_a,0.956292698425906,0.9677211216517857,0.346425324678421,,,,
panda_0599_delta_a,0.8733287043869495,0.9207676478794643,0.2281322479248047,,,,
panda_0600_delta_a,0.9939296149781772,0.9621843610491071,0.3770296275615692,,,,
panda_0601_delta_a,0.8680829842175756,0.8901890345982143,0.382405549287796,,,,
panda_0602_delta_a,0.8091222489518779,0.9018990652901786,0.42618393898010254,,,,
panda_0603_delta_a,0.8384540528059006,0.8345249720982143,0.32907500863075256,,,,
panda_0604_delta_a,0.9603742212057114,0.9310825892857143,0.39226821064949036,,,,
panda_0605_delta_a,0.9780867301992008,0.9770333426339286,0.5188435912132263,,,,
panda_0606_delta_a,0.9306940500225339,0.9687935965401786,0.4260060489177704,,,,
panda_0607_delta_a,0.992918135864394,0.9895891462053571,0.34102970361709595,,,,
panda_0608_delta_a,0.8950138400707927,0.9274204799107143,0.49215641617774963,,,,
panda_0609_delta_a,0.9279145491974694,0.9198259626116071,0.3748166263103485,,,,
panda_0610_delta_a,0.979890723313604,0.9835379464285714,0.4401623606681824,,,,
panda_0611_delta_a,0.8073332591780594,0.8814697265625,0.42385780811309814,,,,
panda_0612_delta_a,0.9778921848961285,0.9013584681919643,0.45320582389831543,,,,
panda_0613_delta_a,0.9981075674295425,0.9774954659598214,0.416968435049057,,,,
panda_0614_delta_a,0.9774557171123368,0.9711739676339286,0.38453003764152527,,,,
panda_0615_delta_a,0.9786992541381291,0.9580601283482143,0.42651864886283875,,,,
panda_0616_delta_a,0.925278073975018,0.9405604771205357,0.3755410313606262,,,,
panda_0617_delta_a,0.98886096903256,0.9790300641741071,0.660068929195404,,,,
panda_0618_delta_a,0.9876314614500318,0.9654105050223214,0.4666363298892975,,,,
panda_0619_delta_a,0.8993515712874276,0.9617135184151786,0.27679598331451416,,,,
panda_0620_delta_a,0.7841031471533435,0.8846697126116071,0.38041621446609497,,,,
panda_0621_delta_a,0.9710018560290337,0.9638148716517857,0.4137116074562073,,,,
panda_0622_delta_a,0.8935490293162209,0.9408482142857143,0.424164742231369,,,,
panda_0623_delta_a,0.9179888197353908,0.9316057477678571,0.3872807025909424,,,,
panda_0624_delta_a,0.8606393560767174,0.9242902483258929,0.31250691413879395,,,,
panda_0625_delta_a,0.9210571918104377,0.94525146484375,0.41761675477027893,,,,
panda_0626_delta_a,0.9933376748647008,0.9894757952008929,0.35542967915534973,,,,
panda_0627_delta_a,0.9840579043541636,0.96929931640625,0.47683030366897583,,,,
panda_0628_delta_a,0.7985407694109848,0.8823765345982143,0.30567988753318787,,,,
panda_0629_delta_a,0.9841285997203418,0.96539306640625,0.4208533465862274,,,,
panda_0630_delta_a,0.9787390232086182,0.9599870954241071,0.59107905626297,,,,
panda_0631_delta_a,0.889908158619489,0.9413713727678571,0.5022320747375488,,,,
panda_0632_delta_a,0.9924339034727642,0.9800153459821429,0.3851834535598755,,,,
panda_0633_delta_a,0.9318181127309799,0.96771240234375,0.4528096914291382,,,,
panda_0634_delta_a,0.982921971806458,0.97369384765625,0.3376176357269287,,,,
panda_0635_delta_a,0.9649593244705882,0.9932338169642857,0.3136844038963318,,,,
panda_0636_delta_a,0.9912189958350999,0.9709559849330357,0.521303653717041,,,,
panda_0637_delta_a,0.827061760106257,0.8840767996651786,0.382099449634552,,,,
panda_0638_delta_a,0.9790326516543116,0.9714791434151786,0.4671751856803894,,,,
panda_0639_delta_a,0.975089142365115,0.9687238420758929,0.2919881045818329,,,,
panda_0640_delta_a,0.9973020319427762,0.98773193359375,0.4317125380039215,,,,
panda_0641_delta_a,0.9924023311053004,0.9897984095982143,0.30356162786483765,,,,
panda_0642_delta_a,0.8488857724836895,0.8716779436383929,0.4426725506782532,,,,
panda_0643_delta_a,0.9613153327788625,0.97332763671875,0.33301103115081787,,,,
panda_0644_delta_a,0.9349899430360112,0.9357386997767857,0.38781508803367615,,,,
panda_0645_delta_a,0.9900676012039185,0.9636317661830357,0.32103919982910156,,,,
panda_0646_delta_a,0.8709873312285968,0.9504917689732143,0.3007880747318268,,,,
panda_0647_delta_a,0.8485687119620187,0.9073747907366071,0.2221401482820511,,,,
panda_0648_delta_a,0.8678437130791801,0.856109619140625,0.36917975544929504,,,,
panda_0649_delta_a,0.9924943106515067,0.9820643833705357,0.2591189742088318,,,,
panda_0650_delta_a,0.9710677234189851,0.9820643833705357,0.39127278327941895,,,,
panda_0651_delta_a,0.9481069168874195,0.8601597377232143,0.2394377738237381,,,,
panda_0652_delta_a,0.9659663215279579,0.9608154296875,0.46641212701797485,,,,
panda_0653_delta_a,0.8110771173877376,0.8660539899553571,0.3381076157093048,,,,
panda_0654_delta_a,0.8746140599250793,0.8522295270647321,0.2236916571855545,,,,
panda_0655_delta_a,0.8008103080626044,0.8460562569754464,0.48202940821647644,,,,
panda_0656_delta_a,0.9770209342241287,0.9603271484375,0.4815281927585602,,,,
panda_0657_delta_a,0.9727800637483597,0.9785940987723214,0.37564554810523987,,,,
panda_0658_delta_a,0.723952558955976,0.8293282645089286,0.2855696976184845,,,,
panda_0659_delta_a,0.924662073808057,0.8926130022321429,0.5489976406097412,,,,
panda_0660_delta_a,0.9809764123388699,0.8902064732142857,0.4356616139411926,,,,
panda_0661_delta_a,0.825613725398268,0.8824114118303571,0.2878567576408386,,,,
panda_0662_delta_a,0.9741255193948746,0.9742344447544643,0.48514866828918457,,,,
panda_0663_delta_a,0.7622911578842572,0.8162711007254464,0.4543951749801636,,,,
panda_0664_delta_a,0.9941706391317504,0.99298095703125,0.2582603693008423,,,,
panda_0665_delta_a,0.9267409422567913,0.9565952845982143,0.32957032322883606,,,,
panda_0666_delta_a,0.9365163009081569,0.9457135881696429,0.3338249921798706,,,,
panda_0667_delta_a,0.9366152637771198,0.9532296316964286,0.4876239597797394,,,,
panda_0668_delta_a,0.9969548199857984,0.9725690569196429,0.3295545279979706,,,,
panda_0669_delta_a,0.8841490096279553,0.95501708984375,0.4464753270149231,,,,
panda_0670_delta_a,0.8515509382954666,0.9466378348214286,0.31976860761642456,,,,
panda_0671_delta_a,0.9443917966314724,0.9088657924107143,0.41891902685165405,,,,
panda_0672_delta_a,0.978576046015535,0.9733625139508929,0.4418914020061493,,,,
panda_0673_delta_a,0.8886843153408596,0.9274204799107143,0.2234974205493927,,,,
panda_0674_delta_a,0.7664054983428547,0.87933349609375,0.37041497230529785,,,,
panda_0675_delta_a,0.8827102695192609,0.8972952706473214,0.45443230867385864,,,,
panda_0676_delta_a,0.8824900463223457,0.9672066824776786,0.40736061334609985,,,,
panda_0677_delta_a,0.9804498106241226,0.9616786411830357,0.39347338676452637,,,,
panda_0678_delta_a,0.6872987498396209,0.7865644182477679,0.3805409371852875,,,,
panda_0679_delta_a,0.975313489990575,0.9581124441964286,0.43966254591941833,,,,
panda_0680_delta_a,0.9389090825404439,0.9258858816964286,0.5018479824066162,,,,
panda_0681_delta_a,0.6434823216072151,0.8710152762276786,0.5448295474052429,,,,
panda_0682_delta_a,0.9738749393395015,0.9584263392857143,0.38326966762542725,,,,
panda_0683_delta_a,0.8306769015533584,0.8926565987723214,0.42448583245277405,,,,
panda_0684_delta_a,0.9960452158536229,0.9876534598214286,0.6418944001197815,,,,
panda_0685_delta_a,0.985510819724628,0.9517647879464286,0.2899121940135956,,,,
panda_0686_delta_a,0.9522645186100688,0.9314139229910714,0.42097795009613037,,,,
panda_0687_delta_a,0.9946720663990293,0.98345947265625,0.45541951060295105,,,,
panda_0688_delta_a,0.9961809388228825,0.9904610770089286,0.4811286926269531,,,,
panda_0689_delta_a,0.9233539540852819,0.9473353794642857,0.4914146065711975,,,,
panda_0690_delta_a,0.9418380632996559,0.961181640625,0.45679885149002075,,,,
panda_0691_delta_a,0.7880035803786346,0.8709455217633929,0.4401404857635498,,,,
panda_0692_delta_a,0.827030965260097,0.9316580636160714,0.40244293212890625,,,,
panda_0693_delta_a,0.7631154488772154,0.8976004464285714,0.36502912640571594,,,,
panda_0694_delta_a,0.97468601167202,0.9260951450892857,0.35720500349998474,,,,
panda_0695_delta_a,0.9259283638426236,0.9083949497767857,0.26915717124938965,,,,
panda_0696_delta_a,0.9570678983415876,0.9782366071428571,0.43180784583091736,,,,
panda_0697_delta_a,0.9168213339788573,0.9259120396205357,0.37245020270347595,,,,
panda_0698_delta_a,0.9693965656416756,0.9679652622767857,0.40681278705596924,,,,
panda_0699_delta_a,0.9444955832191876,0.9595772879464286,0.2760946750640869,,,,
panda_0700_delta_a,0.9270479562027114,0.9307861328125,0.5494425892829895,,,,
panda_0701_delta_a,0.9853957135762487,0.9843924386160714,0.4393119812011719,,,,
panda_0702_delta_a,0.9782088345714978,0.9537615094866071,0.3601090610027313,,,,
panda_0703_delta_a,0.9645857736468315,0.9535958426339286,0.5074638724327087,,,,
panda_0704_delta_a,0.9487397372722626,0.9592459542410714,0.5329588055610657,,,,
panda_0705_delta_a,0.8149225280753204,0.9049421037946429,0.15713274478912354,,,,
panda_0706_delta_a,0.8816479582871709,0.8466709681919643,0.3780706226825714,,,,
panda_0707_delta_a,0.9976797731859344,0.9926060267857143,0.4176173806190491,,,,
panda_0708_delta_a,0.978992047054427,0.9669538225446429,0.5166893005371094,,,,
panda_0709_delta_a,0.8897936886974743,0.9337942940848214,0.3946869373321533,,,,
panda_0710_delta_a,0.891101136803627,0.9387904575892857,0.37345242500305176,,,,
panda_0711_delta_a,0.6885031307382243,0.8524954659598214,0.3804250657558441,,,,
panda_0712_delta_a,0.9870734150920596,0.9680437360491071,0.402560830116272,,,,
panda_0713_delta_a,0.9599462300539017,0.9418073381696429,0.29604876041412354,,,,
panda_0714_delta_a,0.9694511411445481,0.9150477818080357,0.3624207079410553,,,,
panda_0715_delta_a,0.8618184540952954,0.9194248744419643,0.4366544485092163,,,,
panda_0716_delta_a,0.9522439294627735,0.9499860491071429,0.4993966221809387,,,,
panda_0717_delta_a,0.7681836134621075,0.8789324079241071,0.4347158670425415,,,,
panda_0718_delta_a,0.9901483356952667,0.9881678989955357,0.461279034614563,,,,
panda_0719_delta_a,0.7724726732288089,0.88385009765625,0.5335481762886047,,,,
panda_0720_delta_a,0.8651549560683114,0.9202532087053571,0.2698962092399597,,,,
panda_0721_delta_a,0.991511654640947,0.9821864536830357,0.645389974117279,,,,
panda_0722_delta_a,0.7880066851420062,0.8664725167410714,0.4710104763507843,,,,
panda_0723_delta_a,0.6776020335299628,0.8152117047991071,0.5206772685050964,,,,
panda_0724_delta_a,0.8269488039825644,0.854736328125,0.3512888550758362,,,,
panda_0725_delta_a,0.9900607647640365,0.9831804547991071,0.45834869146347046,,,,
panda_0726_delta_a,0.9776768801467759,0.9750453404017857,0.42134350538253784,,,,
panda_0727_delta_a,0.9838013159377235,0.9763096400669643,0.3576854169368744,,,,
panda_0728_delta_a,0.9931892922946385,0.9852382114955357,0.29059290885925293,,,,
panda_0729_delta_a,0.9914995112589428,0.9806431361607143,0.45579496026039124,,,,
panda_0730_delta_a,0.9797406303031104,0.9824916294642857,0.4112452566623688,,,,
panda_0731_delta_a,0.7985088982220206,0.865875244140625,0.3596302568912506,,,,
panda_0732_delta_a,0.9930292208279882,0.9882376534598214,0.436992347240448,,,,
panda_0733_delta_a,0.8047653399407864,0.9523838588169643,0.304517537355423,,,,
panda_0734_delta_a,0.8248647048271128,0.8902108328683036,0.28390076756477356,,,,
panda_0735_delta_a,0.7857385354914835,0.8802839006696429,0.5191341042518616,,,,
panda_0736_delta_a,0.7618152650871447,0.83416748046875,0.4380546808242798,,,,
panda_0737_delta_a,0.8158995565026999,0.8974696568080357,0.3655685484409332,,,,
panda_0738_delta_a,0.8951204898101943,0.9773646763392857,0.3595641851425171,,,,
panda_0739_delta_a,0.9468952970845359,0.9540928431919643,0.5237262845039368,,,,
panda_0740_delta_a,0.9019668134195464,0.9214215959821429,0.2734931707382202,,,,
panda_0741_delta_a,0.9888759681156704,0.9638759068080357,0.38955721259117126,,,,
panda_0742_delta_a,0.9811458204473767,0.9280133928571429,0.4477182626724243,,,,
panda_0743_delta_a,0.829069443579231,0.88446044921875,0.481621652841568,,,,
panda_0744_delta_a,0.9073224073009831,0.9066685267857143,0.38403984904289246,,,,
panda_0745_delta_a,0.9871771548475538,0.9910103934151786,0.1915811002254486,,,,
panda_0746_delta_a,0.9585355520248413,0.9771728515625,0.4335448741912842,,,,
panda_0747_delta_a,0.9916132731097085,0.9829188755580357,0.5217674970626831,,,,
panda_0748_delta_a,0.8662173684154238,0.8997541155133929,0.3172246515750885,,,,
panda_0749_delta_a,0.7994165391262088,0.8858468191964286,0.4524472951889038,,,,
panda_0750_delta_a,0.9933772246752467,0.98797607421875,0.6078152656555176,,,,
panda_0751_delta_a,0.8963314976011004,0.9313180106026786,0.449720174074173,,,,
panda_0752_delta_a,0.8395768723317555,0.8765302385602679,0.4471442699432373,,,,
panda_0753_delta_a,0.9944704856191363,0.9864501953125,0.39008015394210815,,,,
panda_0754_delta_a,0.8462540970316955,0.8762555803571429,0.3571176826953888,,,,
panda_0755_delta_a,0.9910870673401015,0.9826398577008929,0.7090665698051453,,,,
panda_0756_delta_a,0.9232528199042592,0.9609113420758929,0.3240726590156555,,,,
panda_0757_delta_a,0.9484317707163947,0.9620012555803571,0.3697526156902313,,,,
panda_0758_delta_a,0.9303866529038974,0.9543282645089286,0.4582212269306183,,,,
panda_0759_delta_a,0.9607980112944331,0.9477451869419643,0.38180673122406006,,,,
panda_0760_delta_a,0.9963273225086076,0.9943673270089286,0.4694974720478058,,,,
panda_0761_delta_a,0.8087960433747087,0.9334193638392857,0.24222682416439056,,,,
panda_0762_delta_a,0.9830264278820583,0.9780099051339286,0.5675654411315918,,,,
panda_0763_delta_a,0.9760125981909888,0.9510498046875,0.39902523159980774,,,,
panda_0764_delta_a,0.9941122223223958,0.9908185686383929,0.5037617683410645,,,,
panda_0765_delta_a,0.9226395828383309,0.9386858258928571,0.4342005252838135,,,,
panda_0766_delta_a,0.7825160239424024,0.8735787527901786,0.35103657841682434,,,,
panda_0767_delta_a,0.962912805378437,0.9865025111607143,0.5108695030212402,,,,
panda_0768_delta_a,0.9879610666206905,0.9912109375,0.2523743212223053,,,,
panda_0769_delta_a,0.9608462069715772,0.9652273995535714,0.4513121545314789,,,,
panda_0770_delta_a,0.9940264107925552,0.9820556640625,0.4969540536403656,,,,
panda_0771_delta_a,0.7415490821003914,0.7797023228236607,0.33622413873672485,,,,
panda_0772_delta_a,0.9852137906210763,0.9767281668526786,0.11678726971149445,,,,
panda_0773_delta_a,0.9802421821015221,0.9303240094866071,0.42197248339653015,,,,
panda_0774_delta_a,0.9646837498460498,0.9336460658482143,0.12254109978675842,,,,
panda_0775_delta_a,0.9863529354333878,0.9849679129464286,0.35894110798835754,,,,
panda_0776_delta_a,0.9933252004640443,0.9796229771205357,0.559922993183136,,,,
panda_0777_delta_a,0.9885815499084336,0.9848720005580357,0.43819624185562134,,,,
panda_0778_delta_a,0.837624898978642,0.8932669503348214,0.3774054944515228,,,,
panda_0779_delta_a,0.9690982486520495,0.9661080496651786,0.4167342782020569,,,,
panda_0780_delta_a,0.691708333258118,0.87445068359375,0.4461987614631653,,,,
panda_0781_delta_a,0.9754355986203466,0.96966552734375,0.6378090977668762,,,,
panda_0782_delta_a,0.831889981670039,0.9290858677455357,0.27716633677482605,,,,
panda_0783_delta_a,0.5839815778391702,0.8259626116071429,0.39101094007492065,,,,
panda_0784_delta_a,0.9846567884087563,0.9686628069196429,0.5298899412155151,,,,
panda_0785_delta_a,0.8440958532903876,0.9461669921875,0.3266341984272003,,,,
panda_0786_delta_a,0.8416701829327005,0.9062238420758929,0.5057708024978638,,,,
panda_0787_delta_a,0.9557283989020756,0.8941214425223214,0.3735314905643463,,,,
panda_0788_delta_a,0.8340046267424311,0.9392525809151786,0.30840250849723816,,,,
panda_0789_delta_a,0.7860548959246704,0.8774065290178571,0.3040572702884674,,,,
panda_0790_delta_a,0.9793033291186605,0.9864850725446429,0.3917088210582733,,,,
panda_0791_delta_a,0.9527239097016198,0.9422345842633929,0.5885199308395386,,,,
panda_0792_delta_a,0.843287500419787,0.9015590122767857,0.37892621755599976,,,,
panda_0793_delta_a,0.8823653959802219,0.90399169921875,0.35949188470840454,,,,
panda_0794_delta_a,0.7756606774138552,0.8502197265625,0.19586846232414246,,,,
panda_0795_delta_a,0.9574433756726128,0.9661342075892857,0.5310315489768982,,,,
panda_0796_delta_a,0.8405068112271172,0.8300868443080357,0.3042224049568176,,,,
panda_0797_delta_a,0.8032292532069343,0.8223528180803571,0.3467191159725189,,,,
panda_0798_delta_a,0.8503032262836184,0.861328125,0.40372663736343384,,,,
panda_0799_delta_a,0.9976910097258431,0.9909406389508929,0.4767957925796509,,,,
panda_0800_delta_a,0.806198402973158,0.9141671316964286,0.3559395372867584,,,,
panda_0801_delta_a,0.7291917441678899,0.8860996791294643,0.3444420397281647,,,,
panda_0802_delta_a,0.994598884667669,0.9876011439732143,0.43783512711524963,,,,
panda_0803_delta_a,0.8533666485122272,0.9298182896205357,0.3412178158760071,,,,
panda_0804_delta_a,0.9750960703407016,0.9874267578125,0.3855411112308502,,,,
panda_0805_delta_a,0.9897465471710477,0.9799019949776786,0.45714518427848816,,,,
panda_0806_delta_a,0.9841387388961655,0.9811924525669643,0.42158862948417664,,,,
panda_0807_delta_a,0.8765229529568127,0.8623134068080357,0.4094308912754059,,,,
panda_0808_delta_a,0.935347318649292,0.9183436802455357,0.2764005959033966,,,,
panda_0809_delta_a,0.9726899745208877,0.96636962890625,0.4304795265197754,,,,
panda_0810_delta_a,0.8291660078934261,0.8902675083705357,0.4102075695991516,,,,
panda_0811_delta_a,0.9856571555137634,0.9760480608258929,0.2655130624771118,,,,
panda_0812_delta_a,0.9823131880589894,0.9463239397321429,0.38558223843574524,,,,
panda_0813_delta_a,0.9905755349567958,0.9772077287946429,0.47302043437957764,,,,
panda_0814_delta_a,0.8129339867404529,0.8501325334821429,0.3383525311946869,,,,
panda_0815_delta_a,0.8516309708356857,0.9321812220982143,0.3987567126750946,,,,
panda_0816_delta_a,0.8865713056709085,0.9051600864955357,0.5611446499824524,,,,
panda_0817_delta_a,0.8364827707409859,0.8176836286272321,0.40854811668395996,,,,
panda_0818_delta_a,0.9549975991249084,0.9364449637276786,0.38139718770980835,,,,
panda_0819_delta_a,0.9883464798331261,0.9901471819196429,0.4317767918109894,,,,
panda_0820_delta_a,0.934959600014346,0.9591500418526786,0.5074944496154785,,,,
panda_0821_delta_a,0.9820667877793312,0.9770246233258929,0.38008782267570496,,,,
panda_0822_delta_a,0.9320898119892392,0.90252685546875,0.13546322286128998,,,,
panda_0823_delta_a,0.89899771128382,0.9363316127232143,0.3180718719959259,,,,
panda_0824_delta_a,0.9840776409421649,0.9830671037946429,0.7454612255096436,,,,
panda_0825_delta_a,0.9464215263724327,0.9686540876116071,0.45535117387771606,,,,
panda_0826_delta_a,0.9957734154803413,0.9869733537946429,0.4416610300540924,,,,
panda_0827_delta_a,0.9958780546273504,0.9875837053571429,0.22193840146064758,,,,
panda_0828_delta_a,0.8548612498811313,0.9032941545758929,0.35856226086616516,,,,
panda_0829_delta_a,0.9905859902501106,0.9748971121651786,0.60008305311203,,,,
panda_0830_delta_a,0.8541940099426678,0.8216465541294643,0.218008890748024,,,,
panda_0831_delta_a,0.7440024366868394,0.8443865094866071,0.3899104595184326,,,,
panda_0832_delta_a,0.9795654543808529,0.96832275390625,0.44688519835472107,,,,
panda_0833_delta_a,0.8940867430397442,0.9485909598214286,0.4650096893310547,,,,
panda_0834_delta_a,0.8140893259218761,0.9387468610491071,0.43132123351097107,,,,
panda_0835_delta_a,0.9132976617131915,0.9249267578125,0.38122498989105225,,,,
panda_0836_delta_a,0.9621136007564408,0.9538225446428571,0.13396190106868744,,,,
panda_0837_delta_a,0.9561362436839512,0.93316650390625,0.3050546944141388,,,,
panda_0838_delta_a,0.9357990867325238,0.9594029017857143,0.30010783672332764,,,,
panda_0839_delta_a,0.9405299084527152,0.9583217075892857,0.4723395109176636,,,,
panda_0840_delta_a,0.9448874167033604,0.9197213309151786,0.38721993565559387,,,,
panda_0841_delta_a,0.9268550926021167,0.9539271763392857,0.5043522119522095,,,,
panda_0842_delta_a,0.7426199939634118,0.8170296805245536,0.4240439832210541,,,,
panda_0843_delta_a,0.7629966373954501,0.8927699497767857,0.39528611302375793,,,,
panda_0844_delta_a,0.6929388501282249,0.8925694056919643,0.2557302713394165,,,,
panda_0845_delta_a,0.6484868741993394,0.8284737723214286,0.4418834149837494,,,,
panda_0846_delta_a,0.9915355656828199,0.9922921316964286,0.5760110020637512,,,,
panda_0847_delta_a,0.9550330745322364,0.9081072126116071,0.4160017669200897,,,,
panda_0848_delta_a,0.9820472012673106,0.9583304268973214,0.37518027424812317,,,,
panda_0849_delta_a,0.7890820657568318,0.8555472237723214,0.4839039146900177,,,,
panda_0850_delta_a,0.9839227082473891,0.9714006696428571,0.5478566884994507,,,,
panda_0851_delta_a,0.8911713010498455,0.9060407366071429,0.37059929966926575,,,,
panda_0852_delta_a,0.9596595604504857,0.9341605050223214,0.3242769241333008,,,,
panda_0853_delta_a,0.7519090133053916,0.8218645368303571,0.34355905652046204,,,,
panda_0854_delta_a,0.9763545223644802,0.9749232700892857,0.4131332039833069,,,,
panda_0855_delta_a,0.9740871425185885,0.9482421875,0.42826953530311584,,,,
panda_0856_delta_a,0.990656353533268,0.9758213588169643,0.3353445827960968,,,,
panda_0857_delta_a,0.9874071393694196,0.9819684709821429,0.34963563084602356,,,,
panda_0858_delta_a,0.9792048760822841,0.9698311941964286,0.29404640197753906,,,,
panda_0859_delta_a,0.9796094596385956,0.9898158482142857,0.3707645535469055,,,,
panda_0860_delta_a,0.9674842442784991,0.9750889369419643,0.5854105353355408,,,,
panda_0861_delta_a,0.9252553965364184,0.9426356724330357,0.47095370292663574,,,,
panda_0862_delta_a,0.98653052427939,0.9757428850446429,0.6310956478118896,,,,
panda_0863_delta_a,0.993508616728442,0.9906964983258929,0.32777857780456543,,,,
panda_0864_delta_a,0.9440347275563649,0.9616873604910714,0.4621749818325043,,,,
panda_0865_delta_a,0.9234493704778808,0.9404122488839286,0.4966896176338196,,,,
panda_0866_delta_a,0.9738994091749191,0.9701799665178571,0.5420802235603333,,,,
panda_0867_delta_a,0.9201010295322963,0.9310825892857143,0.42566049098968506,,,,
panda_0868_delta_a,0.8198310732841492,0.8784528459821429,0.3853667080402374,,,,
panda_0869_delta_a,0.754374273121357,0.8594883510044643,0.22694863379001617,,,,
panda_0870_delta_a,0.7122645689440625,0.8053545270647321,0.39337921142578125,,,,
panda_0871_delta_a,0.8927690706082753,0.9150565011160714,0.35109204053878784,,,,
panda_0872_delta_a,0.8672488555312157,0.8851492745535714,0.25332871079444885,,,,
panda_0873_delta_a,0.8877161310187408,0.9375174386160714,0.4932377338409424,,,,
panda_0874_delta_a,0.9364247918128967,0.93328857421875,0.43987688422203064,,,,
panda_0875_delta_a,0.8878212746764932,0.9375784737723214,0.33035141229629517,,,,
panda_0876_delta_a,0.8222264578299863,0.8958042689732143,0.4116989076137543,,,,
panda_0877_delta_a,0.9357811042240688,0.90582275390625,0.39390310645103455,,,,
panda_0878_delta_a,0.834628876298666,0.9260341099330357,0.3652026057243347,,,,
panda_0879_delta_a,0.8076074046215841,0.8699863978794643,0.4067577123641968,,,,
panda_0880_delta_a,0.9537208293165479,0.9590890066964286,0.38296350836753845,,,,
panda_0881_delta_a,0.9745701168264661,0.9749058314732143,0.5382004976272583,,,,
panda_0882_delta_a,0.8568704814783165,0.9016985212053571,0.5776456594467163,,,,
panda_0883_delta_a,0.8561968340405396,0.9159807477678571,0.4757929742336273,,,,
panda_0884_delta_a,0.9280871642487389,0.9133562360491071,0.335770845413208,,,,
panda_0885_delta_a,0.965033481163638,0.9439784458705357,0.2315196841955185,,,,
panda_0886_delta_a,0.9852378219366074,0.9906790597098214,0.6755974888801575,,,,
panda_0887_delta_a,0.8745827110750335,0.8772408621651786,0.3462842106819153,,,,
panda_0888_delta_a,0.9537942888481277,0.9265834263392857,0.31390297412872314,,,,
panda_0889_delta_a,0.8070509753056935,0.8796866280691964,0.4439123868942261,,,,
panda_0890_delta_a,0.9452215443764415,0.9481113978794643,0.4659065902233124,,,,
panda_0891_delta_a,0.946454396205289,0.9357735770089286,0.32102733850479126,,,,
panda_0892_delta_a,0.8438118323683739,0.8928397042410714,0.32273370027542114,,,,
panda_0893_delta_a,0.9611337312630245,0.9031982421875,0.37804511189460754,,,,
panda_0894_delta_a,0.8516711837479046,0.9106358119419643,0.35660940408706665,,,,
panda_0895_delta_a,0.6943407793130193,0.832275390625,0.4229840934276581,,,,
panda_0896_delta_a,0.7082946337759495,0.7749285016741071,0.19791753590106964,,,,
panda_0897_delta_a,0.8057961293629238,0.9153267996651786,0.26921480894088745,,,,
panda_0898_delta_a,0.8160652571490833,0.9190150669642857,0.35779261589050293,,,,
panda_0899_delta_a,0.9252539458019393,0.9256155831473214,0.37929245829582214,,,,
panda_0900_delta_a,0.9952632071716445,0.9854038783482143,0.2691451609134674,,,,
panda_0901_delta_a,0.9952936076692173,0.9875749860491071,0.3936392068862915,,,,
panda_0902_delta_a,0.9578975811600685,0.9680437360491071,0.3798251450061798,,,,
panda_0903_delta_a,0.9985924565366336,0.9892752511160714,0.5097063183784485,,,,
panda_0904_delta_a,0.6303724343223231,0.7850167410714286,0.304827481508255,,,,
panda_0905_delta_a,0.9618351683020592,0.9463413783482143,0.40812361240386963,,,,
panda_0906_delta_a,0.8169858892049108,0.9214390345982143,0.2954619228839874,,,,
panda_0907_delta_a,0.995640215064798,0.9768851143973214,0.21978335082530975,,,,
panda_0908_delta_a,0.7365881140742984,0.8468976702008929,0.5014663338661194,,,,
panda_0909_delta_a,0.9651014411023685,0.9676252092633929,0.44733357429504395,,,,
panda_0910_delta_a,0.9893442913889885,0.9831455775669643,0.4708263874053955,,,,
panda_0911_delta_a,0.905783304146358,0.9027884347098214,0.20303955674171448,,,,
panda_0912_delta_a,0.9713655454771859,0.9755684988839286,0.4275831878185272,,,,
panda_0913_delta_a,0.8769948078053338,0.9114815848214286,0.4204484224319458,,,,
panda_0914_delta_a,0.9455490037798882,0.963134765625,0.3620890974998474,,,,
panda_0915_delta_a,0.9768917028393064,0.9779837472098214,0.25079765915870667,,,,
panda_0916_delta_a,0.996888130903244,0.9934866768973214,0.28976958990097046,,,,
panda_0917_delta_a,0.837264741637877,0.9271153041294643,0.3291274607181549,,,,
panda_0918_delta_a,0.8631794793265206,0.8891950334821429,0.385343998670578,,,,
panda_0919_delta_a,0.8960158792989594,0.9184047154017857,0.4929969608783722,,,,
panda_0920_delta_a,0.9929362439683506,0.9899117606026786,0.4230288863182068,,,,
panda_0921_delta_a,0.8772176530744348,0.889129638671875,0.3905268609523773,,,,
panda_0922_delta_a,0.6507677280211023,0.8373587472098214,0.5584891438484192,,,,
panda_0923_delta_a,0.9042020397526878,0.8180106026785714,0.409050852060318,,,,
panda_0924_delta_a,0.9050392178552491,0.8752049037388393,0.3471123278141022,,,,
panda_0925_delta_a,0.9903866797685623,0.9893450055803571,0.4079085886478424,,,,
panda_0926_delta_a,0.9755843515907016,0.9520525251116071,0.25375309586524963,,,,
panda_0927_delta_a,0.7908458302595786,0.7825404575892857,0.186470627784729,,,,
panda_0928_delta_a,0.9764215882335391,0.9749319893973214,0.20315982401371002,,,,
panda_0929_delta_a,0.8839342104537147,0.9542149135044643,0.44365447759628296,,,,
panda_0930_delta_a,0.9581397771835327,0.9551827566964286,0.3945682644844055,,,,
panda_0931_delta_a,0.9879073937024389,0.9753505161830357,0.6723347306251526,,,,
panda_0932_delta_a,0.9083822848541396,0.9654017857142857,0.33763018250465393,,,,
panda_0933_delta_a,0.8425472325512341,0.9601963588169643,0.27210521697998047,,,,
panda_0934_delta_a,0.9404879840356963,0.9402988978794643,0.4922218918800354,,,,
panda_0935_delta_a,0.9916546770504543,0.9788033621651786,0.48138362169265747,,,,
panda_0936_delta_a,0.9882969281503132,0.9856392996651786,0.18422676622867584,,,,
panda_0937_delta_a,0.993110899414335,0.9873918805803571,0.6760459542274475,,,,
panda_0938_delta_a,0.9841217356068748,0.9620622907366071,0.3796546459197998,,,,
panda_0939_delta_a,0.9572668299078941,0.9681658063616071,0.4568496644496918,,,,
panda_0940_delta_a,0.9925442178334508,0.980224609375,0.37465253472328186,,,,
panda_0941_delta_a,0.9811791213495391,0.9693865094866071,0.31971877813339233,,,,
panda_0942_delta_a,0.77566737894501,0.8780953543526786,0.4012947678565979,,,,
panda_0943_delta_a,0.994775944522449,0.9891531808035714,0.4901179373264313,,,,
panda_0944_delta_a,0.9689996742776462,0.9794747488839286,0.49379482865333557,,,,
panda_0945_delta_a,0.9379987493157387,0.9590366908482143,0.3556836247444153,,,,
panda_0946_delta_a,0.9560481810144016,0.9547642299107143,0.5103245377540588,,,,
panda_0947_delta_a,0.9978893495031765,0.9904872349330357,0.5456674098968506,,,,
panda_0948_delta_a,0.8419960311480931,0.8064705984933036,0.2875836491584778,,,,
panda_0949_delta_a,0.8626906392829758,0.8976789202008929,0.47698020935058594,,,,
panda_0950_delta_a,0.8304324794028487,0.8962227957589286,0.2100459337234497,,,,
panda_0951_delta_a,0.9727524018713406,0.94940185546875,0.4210779666900635,,,,
panda_0952_delta_a,0.9909543309892926,0.9868687220982143,0.42343395948410034,,,,
panda_0953_delta_a,0.7028114777058363,0.8258928571428571,0.2712341845035553,,,,
panda_0954_delta_a,0.968095234462193,0.9733189174107143,0.35683631896972656,,,,
panda_0955_delta_a,0.9385972619056702,0.9702410016741071,0.4778168499469757,,,,
panda_0956_delta_a,0.7626194698469979,0.9041922433035714,0.27510374784469604,,,,
panda_0957_delta_a,0.898321162377085,0.9625680106026786,0.5328711867332458,,,,
panda_0958_delta_a,0.9124242077980723,0.9465157645089286,0.3777342736721039,,,,
panda_0959_delta_a,0.7598827066166061,0.9072701590401786,0.3744143843650818,,,,
panda_0960_delta_a,0.9611657102193151,0.9432721819196429,0.5965075492858887,,,,
panda_0961_delta_a,0.9871748121721404,0.9832066127232143,0.5074096918106079,,,,
panda_0962_delta_a,0.7429999320634774,0.7891496930803571,0.39744094014167786,,,,
panda_0963_delta_a,0.8540265267448766,0.8960135323660714,0.3943370282649994,,,,
panda_0964_delta_a,0.9484366582972663,0.959716796875,0.5649170875549316,,,,
panda_0965_delta_a,0.9596764328224319,0.9451032366071429,0.31408193707466125,,,,
panda_0966_delta_a,0.8929271740572793,0.8893868582589286,0.4167054295539856,,,,
panda_0967_delta_a,0.9921421057411602,0.9888567243303571,0.4899997115135193,,,,
panda_0968_delta_a,0.9885689967444965,0.9808088030133929,0.3797369599342346,,,,
panda_0969_delta_a,0.9177448440875325,0.9299665178571429,0.3642328083515167,,,,
panda_0970_delta_a,0.9945768362709454,0.9805036272321429,0.5550059676170349,,,,
panda_0971_delta_a,0.9909256973436901,0.9908970424107143,0.39296501874923706,,,,
panda_0972_delta_a,0.6779011730104685,0.7673078264508929,0.5468960404396057,,,,
panda_0973_delta_a,0.9801930359431675,0.9781755719866071,0.39659830927848816,,,,
panda_0974_delta_a,0.8002972802413362,0.8713727678571429,0.4972406327724457,,,,
panda_0975_delta_a,0.9157038394893918,0.8677019391741071,0.20362594723701477,,,,
panda_0976_delta_a,0.9935382764254298,0.9391828264508929,0.29405099153518677,,,,
panda_0977_delta_a,0.9901432671717235,0.9803118024553571,0.3359202444553375,,,,
panda_0978_delta_a,0.9676002232091767,0.9933994838169643,0.2450953871011734,,,,
panda_0979_delta_a,0.9967854608382497,0.9800066266741071,0.32368627190589905,,,,
panda_0980_delta_a,0.9813704895121711,0.9854474748883929,0.49282771348953247,,,,
panda_0981_delta_a,0.9924721558179174,0.9904610770089286,0.4466879665851593,,,,
panda_0982_delta_a,0.9978894559400422,0.99169921875,0.3619990646839142,,,,
panda_0983_delta_a,0.9881230390497616,0.9766496930803571,0.5019432306289673,,,,
panda_0984_delta_a,0.8955169554267611,0.94500732421875,0.3157624900341034,,,,
panda_0985_delta_a,0.7882432895047324,0.8423287527901786,0.3517617881298065,,,,
panda_0986_delta_a,0.7743272988923958,0.9101213727678571,0.29495808482170105,,,,
panda_0987_delta_a,0.8949389234185219,0.9181954520089286,0.40247148275375366,,,,
panda_0988_delta_a,0.9699242636561394,0.9672589983258929,0.38784611225128174,,,,
panda_0989_delta_a,0.7942173528884139,0.8833095005580357,0.47913670539855957,,,,
panda_0990_delta_a,0.9796893309269633,0.96307373046875,0.41868096590042114,,,,
panda_0991_delta_a,0.9512856847473553,0.95782470703125,0.37287700176239014,,,,
panda_0992_delta_a,0.7463961131870747,0.83831787109375,0.38332682847976685,,,,
panda_0993_delta_a,0.8557407206722668,0.8969988141741071,0.44212013483047485,,,,
panda_0994_delta_a,0.986190201980727,0.9646083286830357,0.355002760887146,,,,
panda_0995_delta_a,0.7829223072954586,0.7661045619419643,0.31996873021125793,,,,
panda_0996_delta_a,0.9525537959166935,0.9772774832589286,0.36727747321128845,,,,
panda_0997_delta_a,0.9229793521974768,0.9302150181361607,0.46364957094192505,,,,
panda_0998_delta_a,0.7557378475155149,0.82379150390625,0.42489367723464966,,,,
panda_0999_delta_a,0.9623122555868966,0.9178553989955357,0.44406455755233765,,,,
