video_id,subject_consistency,background_consistency,aesthetic_quality,motion_smoothness,dynamic_degree,imaging_quality,temporal_flickering
panda_0000_lora,0.8886747360229492,0.9505789620535714,0.5730133056640625,0.9915959145744302,0.0,60.188692553290004,0.967252046921674
panda_0001_lora,0.9199601486325264,0.9611554827008929,0.5804417133331299,0.9954153823989532,0.0,71.28373823494746,0.9911451349071428
panda_0002_lora,0.7612292452582291,0.8848179408482143,0.4066581428050995,0.9881789079146616,1.0,41.73233407119225,0.9786408031688018
panda_0003_lora,0.8365684183580535,0.9399850027901786,0.38432028889656067,0.9796879339342575,0.0,37.10106372833252,0.9815487412845387
panda_0004_lora,0.9935991934367588,0.9359915597098214,0.122925765812397,0.9965086930872776,0.0,52.774304225527004,0.9922009893492156
panda_0005_lora,0.9297792773161616,0.9428972516741071,0.5601679086685181,0.995097760758951,1.0,68.81969109896956,0.9900108533747056
panda_0006_lora,0.8805630579590797,0.92730712890625,0.4402504563331604,0.9937541293894694,1.0,57.256021696945716,0.9881230139264874
panda_0007_lora,0.9792759205613818,0.9812098911830357,0.558592677116394,0.9783685430301928,0.0,72.7082422190699,0.9203510808009727
panda_0008_lora,0.9966759394322123,0.9830496651785714,0.602801501750946,0.9966868359590096,0.0,76.96888417211072,0.9970066234177234
panda_0009_lora,0.8395230275179658,0.8260410853794643,0.34025293588638306,0.960795155301704,1.0,74.9443886855553,0.9511790144677256
panda_0010_lora,0.7503270671835968,0.8187691824776786,0.5083692073822021,0.9831645223861446,1.0,53.83216331745016,0.971755833719291
panda_0011_lora,0.84811828445111,0.9179949079241071,0.4620697498321533,0.988729131643309,1.0,61.09741026779701,0.9804338230806239
panda_0012_lora,0.9657197477562087,0.9696568080357143,0.5497618913650513,0.9937239655811576,1.0,55.3794103162042,0.9942257876489676
panda_0013_lora,0.9802184413586345,0.9731358119419643,0.29359033703804016,0.9976036628259745,0.0,66.7441335217706,0.9985472003618876
panda_0014_lora,0.9714435381548745,0.9558890206473214,0.460265189409256,0.9916391955419989,0.0,67.10393392628637,0.9807487244699515
panda_0015_lora,0.9725411395941462,0.9941842215401786,0.5391610264778137,0.9924419238849386,0.0,39.009319436961206,0.9926761617847517
panda_0016_lora,0.9703733335648265,0.9491489955357143,0.41859856247901917,0.9915951881553904,0.0,62.027157750622976,0.9888837935877781
panda_0017_lora,0.9885921020592962,0.9751325334821429,0.39286237955093384,0.9943519577636075,0.0,46.691150139118065,0.9905241938198314
panda_0018_lora,0.9801323328699384,0.9656808035714286,0.4293982684612274,0.9955995381592807,0.0,71.58838390481883,0.9934973398844401
panda_0019_lora,0.9881895461252758,0.9543544224330357,0.6188305616378784,0.9959195408264803,1.0,56.883628319049706,0.9934288445641013
panda_0020_lora,0.8195370260093894,0.8940604073660714,0.5114016532897949,0.982747794697473,1.0,29.822968384315228,0.9788941682553759
panda_0021_lora,0.8091420100203582,0.8711460658482143,0.598599910736084,0.9820544535589343,1.0,77.02224139509529,0.9789549173093309
panda_0022_lora,0.7290514633059502,0.8016531808035714,0.4629218876361847,0.9701781697588223,1.0,63.46528928033237,0.9601517209819719
panda_0023_lora,0.7762235336537872,0.82452392578125,0.3308992385864258,0.9875255041586614,0.0,48.27487353620858,0.9848100054497813
panda_0024_lora,0.8569763036710876,0.7780674525669643,0.39825308322906494,0.9858435705345172,1.0,56.94323006991682,0.97003994549022
panda_0025_lora,0.8031181597283908,0.8834926060267857,0.3710044026374817,0.9804430305108155,1.0,39.062542882458914,0.9814928185706046
panda_0026_lora,0.8181064573249647,0.8594621930803571,0.4238184988498688,0.9695757397176286,1.0,55.82262999435951,0.9659608205159506
panda_0027_lora,0.9323988780379295,0.9687761579241071,0.5894064903259277,0.9861307435968512,1.0,69.61039681270205,0.9523106967701631
panda_0028_lora,0.8559503039079053,0.8826337541852679,0.3317400813102722,0.9726455592252927,1.0,73.73521949504983,0.9726537610970292
panda_0029_lora,0.991631126829556,0.9807652064732143,0.5637930631637573,0.9955923155854222,0.0,78.09677439722522,0.9936056099685968
panda_0030_lora,0.9703001028725079,0.9791782924107143,0.47371745109558105,0.9941403163829634,1.0,64.44071315896922,0.9833099552229339
panda_0031_lora,0.8862260409763881,0.96942138671875,0.1879398673772812,0.9882847053418056,1.0,56.13264097016433,0.9689865561092601
panda_0032_lora,0.9797608192477908,0.97283935546875,0.7061254382133484,0.9921535467485606,1.0,76.20168093977303,0.9863151914933148
panda_0033_lora,0.560926643599357,0.7302333286830357,0.32582202553749084,0.9633607670498755,1.0,58.20876424065952,0.9651807186650295
panda_0034_lora,0.9988543348652976,0.9991978236607143,0.23903287947177887,0.9995289472960658,0.0,31.645494592600855,0.9996366917794826
panda_0035_lora,0.7789666588817324,0.773895263671875,0.4391448497772217,0.9509720945669935,1.0,42.15364840935017,0.9556334327248966
panda_0036_lora,0.9944855325988361,0.9899815150669643,0.48169708251953125,0.9939164013962957,1.0,75.24682143638874,0.9889905901516185
panda_0037_lora,0.783311558089086,0.8809640066964286,0.37938886880874634,0.9777825244013204,1.0,74.91330324370286,0.9637998917523553
panda_0038_lora,0.9614397840840476,0.9483904157366071,0.5311504602432251,0.9941181581473401,0.0,49.32750622979526,0.9914009804819145
panda_0039_lora,0.7805168948003224,0.87353515625,0.29780152440071106,0.9736593091429948,1.0,69.92831789214036,0.9692658368278952
panda_0040_lora,0.8231194615364075,0.8111485072544643,0.3437625467777252,0.9637070248438585,1.0,59.70723086390002,0.9571798698574889
panda_0041_lora,0.8720485174230167,0.94293212890625,0.4202771782875061,0.9907102175806219,1.0,73.43176453689048,0.9828751040439979
panda_0042_lora,0.9842598299895015,0.9819684709821429,0.37605878710746765,0.9944250808296076,0.0,73.91372812205347,0.9877378510493858
panda_0043_lora,0.7515499235263893,0.8913138253348214,0.4594552218914032,0.9815273188268363,1.0,77.08213911385371,0.9770139563317393
panda_0044_lora,0.9533453200544629,0.9572405133928571,0.5432922840118408,0.9945683548860249,1.0,76.16740601638267,0.9835842151267856
panda_0045_lora,0.9380006939172745,0.9643031529017857,0.41552549600601196,0.9862160366951268,0.0,70.7330874739022,0.9884964204302021
panda_0046_lora,0.8974197709134647,0.9396536690848214,0.6027023792266846,0.9951168569056896,0.0,75.16696903623384,0.9895882550407858
panda_0047_lora,0.8781046771577427,0.9096941266741071,0.5092630982398987,0.98038497403502,1.0,58.863045791099815,0.9737015574586158
panda_0048_lora,0.9627572777015823,0.9720546177455357,0.6372553706169128,0.9885741874206947,1.0,74.65954747693291,0.9670578002929687
panda_0049_lora,0.9726815255624908,0.9739031110491071,0.2970673441886902,0.9860430743811948,0.0,61.04666006154027,0.9792702375673781
panda_0050_lora,0.8209342461611543,0.7888096400669643,0.353927880525589,0.9485744518493829,1.0,64.88760270743535,0.92227970198089
panda_0051_lora,0.9885403141379356,0.97613525390625,0.7693294882774353,0.9933757267931211,0.0,77.10727796883418,0.9766953954509661
panda_0052_lora,0.8146167237843785,0.8970511300223214,0.3117196261882782,0.9840746517958145,1.0,49.418231832570044,0.972491782319312
panda_0053_lora,0.9563630776745933,0.9732840401785714,0.4502682387828827,0.9929520477395017,0.0,59.77552624406486,0.9885931828442742
panda_0054_lora,0.8393258814300809,0.9029366629464286,0.48459336161613464,0.9869518718277909,1.0,40.94313825409988,0.9796696382410386
panda_0055_lora,0.836104256766183,0.8523472377232143,0.45958787202835083,0.9758369745467631,1.0,55.816964511213634,0.9470308116838044
panda_0056_lora,0.9818683969123023,0.9762137276785714,0.37220823764801025,0.9909349899147692,1.0,41.87394201344457,0.9797098945168888
panda_0057_lora,0.956954225897789,0.9517473493303571,0.45070168375968933,0.9900852150088133,1.0,65.03282560151199,0.9828933697120816
panda_0058_lora,0.9660791903734207,0.97186279296875,0.45407354831695557,0.9972489016974311,0.0,38.25576854574269,0.9941016178505093
panda_0059_lora,0.9310968300061566,0.9545026506696429,0.5757731795310974,0.9947592342893354,0.0,69.25774765014648,0.990682025049247
panda_0060_lora,0.9794466750962394,0.9877232142857143,0.50516277551651,0.9884145632077617,1.0,68.43115050217202,0.9806595652711158
panda_0061_lora,0.7957104135836873,0.8365304129464286,0.2137073129415512,0.9804411535581112,1.0,64.98190491774986,0.9619021210015989
panda_0062_lora,0.781567704464708,0.8291233607700893,0.478219598531723,0.9502462013451214,1.0,63.57445841822131,0.9253313251570159
panda_0063_lora,0.9481709216322217,0.9148646763392857,0.47849541902542114,0.9853917304101127,1.0,34.93917774331981,0.9535719965018478
panda_0064_lora,0.9380181442414012,0.9597342354910714,0.5304940342903137,0.9912942231847333,1.0,77.97510581180967,0.9803651155210009
panda_0065_lora,0.8507002091833523,0.920166015625,0.556574285030365,0.9954572844094903,0.0,48.08425587621228,0.9854107753903258
panda_0066_lora,0.996631842638765,0.9936000279017857,0.326242059469223,0.9961664732666571,0.0,68.83139827333648,0.9957989127028222
panda_0067_lora,0.9721651503017971,0.9644339425223214,0.5105459690093994,0.9960009016293483,0.0,63.02874676934604,0.9944217957702337
panda_0068_lora,0.6408584639430046,0.8586251395089286,0.33653050661087036,0.9444429013592617,1.0,36.910548867850466,0.9208721759272557
panda_0069_lora,0.970763378909656,0.9656110491071429,0.6609333753585815,0.994630169241842,1.0,48.675585253485316,0.9886634966906379
panda_0070_lora,0.8261788487434387,0.8968593052455357,0.44517648220062256,0.991498797469041,1.0,65.95756583378233,0.9555672701667337
panda_0071_lora,0.9879511711852891,0.9689505440848214,0.25405603647232056,0.9921346439550713,0.0,56.428509679333914,0.9881754202001235
panda_0072_lora,0.9911352289574487,0.9885951450892857,0.6691990494728088,0.9910471483598782,1.0,70.78173670275459,0.9737183215571384
panda_0073_lora,0.9140814223459789,0.9007045200892857,0.4211353361606598,0.9687984180384227,1.0,67.74030211876179,0.94829002829159
panda_0074_lora,0.6594236471823284,0.65570068359375,0.4803711473941803,0.9880019148751915,1.0,53.50787656060581,0.9877576743855195
panda_0075_lora,0.9453906033720288,0.9074009486607143,0.652146577835083,0.9906923970509678,0.0,73.69701964279702,0.9867705578897513
panda_0076_lora,0.9343603860054698,0.96136474609375,0.3896869719028473,0.9869952685267483,1.0,75.22778478162041,0.9564349903779872
panda_0077_lora,0.6486579614824483,0.7587759835379464,0.38156068325042725,0.9818880629174747,1.0,61.3616855226714,0.9761199053596048
panda_0078_lora,0.9728605310831752,0.9379446847098214,0.49343299865722656,0.9946513780124763,1.0,76.69202580945245,0.9875066271015241
panda_0079_lora,0.9620381604347911,0.91876220703125,0.508344292640686,0.9889117936504196,1.0,77.73106121194773,0.9708080310447543
panda_0080_lora,0.9904289373329708,0.9839390345982143,0.44989895820617676,0.9961121819187077,0.0,75.45684656603584,0.9957152034722122
panda_0081_lora,0.9969649793846267,0.9923531668526786,0.5372331142425537,0.9959483158581275,0.0,74.34483705717942,0.9943804437038946
panda_0082_lora,0.8818590337676662,0.9734584263392857,0.4469655156135559,0.978599459882778,1.0,72.10194002348801,0.9613544351914349
panda_0083_lora,0.9812394646661622,0.9622889927455357,0.4895368814468384,0.9954880294465543,0.0,78.89669036865234,0.9950498501459758
panda_0084_lora,0.7110549882054329,0.8848615373883929,0.3362882137298584,0.849297612173876,1.0,58.68886921323579,0.8354691299737669
panda_0085_lora,0.817744007068021,0.8617030552455357,0.357252836227417,0.9672423110870951,1.0,46.56814792238433,0.9447688944199506
panda_0086_lora,0.9523067974618503,0.9620535714285714,0.4804975092411041,0.9919786078827899,0.0,78.48168971620757,0.9901167794769885
panda_0087_lora,0.8606283611484936,0.9359566824776786,0.28834420442581177,0.9775476810983474,1.0,30.6390951748552,0.9787242814606312
panda_0088_lora,0.9592876593981471,0.9662214006696429,0.5697214603424072,0.9950370817397473,1.0,72.95783601958176,0.9919382609573065
panda_0089_lora,0.9826681390404701,0.9775826590401786,0.3503369688987732,0.9960020713346771,1.0,58.266253767342405,0.9950897749732522
panda_0090_lora,0.9257755928805896,0.9686453683035714,0.47579526901245117,0.9958467048678447,1.0,69.48011543010843,0.9955956061681112
panda_0091_lora,0.8912085943988391,0.9469081333705357,0.4131169021129608,0.9821034745695821,1.0,58.64306088151603,0.9754878642512302
panda_0092_lora,0.8689215279051236,0.8710588727678571,0.5171406865119934,0.9793963011219444,1.0,68.27534103393555,0.9738680409450157
panda_0093_lora,0.9206834829279354,0.9120221819196429,0.36025741696357727,0.9866975498799948,1.0,74.997096620757,0.9693989323634727
panda_0094_lora,0.7887139128787177,0.8483755929129464,0.3795953094959259,0.9840545168721869,0.0,48.80480621600973,0.9796267846051384
panda_0095_lora,0.872481569647789,0.9548252650669643,0.3115038573741913,0.9762984381452902,1.0,50.91115425372946,0.9674751693127202
panda_0096_lora,0.7817006912082434,0.91949462890625,0.3976343274116516,0.994462774192209,0.0,46.52480303007981,0.9912202171250886
panda_0097_lora,0.979064978659153,0.9790475027901786,0.4393960237503052,0.9806208542444755,0.0,76.94037286166487,0.9630432727290135
panda_0098_lora,0.9524531779544694,0.9637712751116071,0.15815360844135284,0.9951300804443038,0.0,44.154390532394935,0.9952629655015235
panda_0099_lora,0.991459750703403,0.9863542829241071,0.4295756220817566,0.9962144187936928,0.0,64.22667615167026,0.9955697901108685
panda_0100_lora,0.7532155316855226,0.9262956891741071,0.4289294183254242,0.9953530120648687,1.0,25.953850252874965,0.9914175772199444
panda_0101_lora,0.8386659071381602,0.9258597237723214,0.4277935326099396,0.9899212341520475,1.0,50.78154399477202,0.9827560742696126
panda_0102_lora,0.914856921349253,0.9166782924107143,0.4348323345184326,0.9917427295437405,1.0,60.02361126603751,0.9873171217301313
panda_0103_lora,0.8595841856939452,0.9216482979910714,0.30198028683662415,0.995647160807432,0.0,65.13377709224306,0.9881662340725169
panda_0104_lora,0.8444013723305294,0.9207066127232143,0.4886353313922882,0.9837036366028783,1.0,41.540653820695546,0.9792067490372003
panda_0105_lora,0.9845398930566651,0.9805385044642857,0.5050539374351501,0.992149034159604,1.0,72.68973041402883,0.9864900822732963
panda_0106_lora,0.8279913211507457,0.9066598074776786,0.24038700759410858,0.9793045721894527,0.0,48.595629461880385,0.9786154260822371
panda_0107_lora,0.9698732410158429,0.9723597935267857,0.4498133659362793,0.9875800774703578,1.0,41.66689721469221,0.9767949534397499
panda_0108_lora,0.8670237011143139,0.776947021484375,0.2817166745662689,0.9912814485436268,1.0,61.250109179266566,0.9612020866543639
panda_0109_lora,0.7441509846331817,0.8710414341517857,0.4645361304283142,0.9835360234171125,1.0,39.24407212487583,0.9675008512010761
panda_0110_lora,0.8634415971381324,0.8988124302455357,0.4243052303791046,0.9393034943678326,1.0,77.28159700590989,0.9124438192330154
panda_0111_lora,0.8204464534563678,0.8957693917410714,0.5157453417778015,0.987980681321674,1.0,61.03877889698949,0.9878338177998861
panda_0112_lora,0.9559115107570376,0.9721941266741071,0.296146959066391,0.9933974031653259,1.0,66.383462313948,0.9807936013913622
panda_0113_lora,0.9702011261667524,0.9495152064732143,0.5781846046447754,0.9914435482392743,0.0,72.35946129108298,0.9864499625037698
panda_0114_lora,0.9820139929652214,0.976318359375,0.5028379559516907,0.9919773841694798,1.0,73.37415208487675,0.977600118225696
panda_0115_lora,0.8390507112656321,0.9217616489955357,0.3039466440677643,0.9808257687089259,0.0,51.588724333664466,0.9792511304219563
panda_0116_lora,0.9528884674821582,0.9162684849330357,0.2411920130252838,0.9919095073593006,0.0,67.11890056215483,0.9904559565525429
panda_0117_lora,0.9025935482765947,0.9161551339285714,0.47194230556488037,0.9912133718337762,0.0,76.1112965550916,0.9883373279197544
panda_0118_lora,0.8780183424907071,0.9439784458705357,0.505995512008667,0.9857727214149549,1.0,35.32648941566204,0.9762835465225519
panda_0119_lora,0.8525029186691556,0.8988298688616071,0.35363462567329407,0.9644147356124607,1.0,71.7064648332267,0.9460460662841796
panda_0120_lora,0.9975349136761257,0.9963291713169643,0.4567740261554718,0.9970618591988076,0.0,77.93512962604392,0.9981065141219719
panda_0121_lora,0.9641799043331828,0.9557407924107143,0.3839167356491089,0.9809774020786199,1.0,64.55512355935984,0.9694884300231934
panda_0122_lora,0.9648211513246808,0.9803466796875,0.5062848925590515,0.9852794291127241,1.0,73.35315072947535,0.9497485553517061
panda_0123_lora,0.9993480667471886,0.9969395228794643,0.499189168214798,0.9975824325456678,0.0,75.95724776695515,0.9982794894891627
panda_0124_lora,0.9339598545006343,0.9540666852678571,0.42495134472846985,0.9814018477650142,1.0,51.630085780702785,0.9423905017329197
panda_0125_lora,0.9848917690770966,0.9818376813616071,0.6644638180732727,0.9951372176808758,1.0,75.34837209767309,0.992331246768727
panda_0126_lora,0.7057537569531372,0.8909214564732143,0.2748347222805023,0.9940271301496025,1.0,34.41691589355469,0.9845472354514926
panda_0127_lora,0.8246517335729939,0.9020821707589286,0.3399962782859802,0.9920114627381401,0.0,53.68044261274667,0.9899951831967223
panda_0128_lora,0.9256117822868484,0.9356253487723214,0.4424525201320648,0.9906154494717225,0.0,75.1803699361867,0.9899586602753284
panda_0129_lora,0.9121891781687737,0.9551914760044643,0.3805202543735504,0.9943141989367863,0.0,60.44632405248181,0.9922636892281327
panda_0130_lora,0.9968887950692858,0.9976632254464286,0.3943607807159424,0.9969536861218846,0.0,65.31974292623586,0.9978839367043738
panda_0131_lora,0.9950720093079976,0.9813058035714286,0.352993905544281,0.9955559523154882,1.0,75.50441663018589,0.9888960641973159
panda_0132_lora,0.9430168750030654,0.8478742327008929,0.06664587557315826,0.9987308147751622,0.0,27.672258705928407,0.9983608404795329
panda_0133_lora,0.9245176166296005,0.9010096958705357,0.2696848213672638,0.9915006501064636,1.0,47.84716691641972,0.9840611644819671
panda_0134_lora,0.8270099152411733,0.8075387137276786,0.40543505549430847,0.9835478810915391,1.0,68.9597774374074,0.977959597344492
panda_0135_lora,0.8238123442445483,0.8655918666294643,0.3339918851852417,0.939974116616465,1.0,58.91421258860621,0.9301099889418658
panda_0136_lora,0.8305537849664688,0.9142194475446429,0.6418013572692871,0.9886591887355904,0.0,73.6123302065093,0.9887058856440526
panda_0137_lora,0.8385698539870126,0.8774065290178571,0.2706455588340759,0.9795444045673825,0.0,50.67459573416874,0.9816448903551289
panda_0138_lora,0.9971432888082096,0.9883858816964286,0.6037542819976807,0.9954677324989825,0.0,78.20325443662446,0.9952657166649314
panda_0139_lora,0.9803914129734039,0.9727434430803571,0.657383382320404,0.9950710782443319,0.0,76.49242611589104,0.984588799757116
panda_0140_lora,0.9960010956440654,0.99395751953125,0.6571332812309265,0.9956526144445491,0.0,71.93393312651536,0.9889602492837345
panda_0141_lora,0.9341319490756307,0.9699968610491071,0.5125705599784851,0.9940804540299025,1.0,54.473634522536706,0.9840722495434331
panda_0142_lora,0.8941070054258619,0.8596017020089286,0.4193616509437561,0.9767129554813379,1.0,76.04819462217134,0.946206911872415
panda_0143_lora,0.8514819272926876,0.8583112444196429,0.4551023244857788,0.9885710413973282,1.0,68.49911762106008,0.9821015245774213
panda_0144_lora,0.9769567825964519,0.9520263671875,0.20749381184577942,0.9992806496931037,0.0,28.219049059111498,0.9976716885379716
panda_0145_lora,0.9483800200479371,0.9486083984375,0.4456246793270111,0.9950627053706097,1.0,31.89060947812837,0.9818393875570858
panda_0146_lora,0.831371142395905,0.9067557198660714,0.14158843457698822,0.9779880399675895,1.0,61.427990485881935,0.9750437456018785
panda_0147_lora,0.9193387691463742,0.9454781668526786,0.37105581164360046,0.9940476753936083,1.0,68.4353492999899,0.9867049076977898
panda_0148_lora,0.8401524105242321,0.8879307338169643,0.42902758717536926,0.9813581424490202,1.0,72.48973872743804,0.9703853195788814
panda_0149_lora,0.995809120791299,0.9945242745535714,0.1363363415002823,0.9960547083082699,0.0,80.1859393941945,0.9955640587152219
panda_0150_lora,0.8306463020188468,0.8418666294642857,0.36670053005218506,0.9889604709739132,1.0,51.61475378891517,0.9800732949200799
panda_0151_lora,0.9197946893317359,0.9445016043526786,0.4434327185153961,0.9779017957677194,1.0,77.6323970926219,0.9690097883635876
panda_0152_lora,0.8506067453750542,0.8810250418526786,0.5695844888687134,0.9700374354803353,0.0,66.29445845505288,0.9713154082204781
panda_0153_lora,0.9870759951216834,0.9851161411830357,0.5342171788215637,0.9959981371688633,0.0,32.929209084346375,0.9957417366551418
panda_0154_lora,0.9647975915244648,0.9313005719866071,0.5837845802307129,0.9781479711609536,1.0,74.73605083597117,0.9343750224393956
panda_0155_lora,0.9751262334840638,0.95928955078125,0.3689442276954651,0.9956388569049415,0.0,66.5110100055563,0.9935068481108722
panda_0156_lora,0.9662289938756398,0.9371686662946429,0.5550075173377991,0.9922944683014766,1.0,74.87251334354795,0.9599058824426988
panda_0157_lora,0.7959668588425431,0.8454502650669643,0.31363990902900696,0.9690082666346452,0.0,58.753327402575266,0.9658972459680893
panda_0158_lora,0.9773792943784169,0.9855259486607143,0.24883385002613068,0.9953596052470134,0.0,68.15097256364494,0.9944409164727903
panda_0159_lora,0.8746607271688325,0.8951328822544643,0.3986577093601227,0.9919696198792016,1.0,54.7950909713219,0.9886782870573156
panda_0160_lora,0.8378375880420208,0.915283203125,0.5405232906341553,0.9808861968598872,0.0,78.10666051404229,0.9798122985690247
panda_0161_lora,0.9958256727882794,0.9827532087053571,0.37610381841659546,0.9944344094809398,0.0,59.000537083066746,0.9933988388846903
panda_0162_lora,0.980142277266298,0.9728131975446429,0.538250207901001,0.9928505835761121,1.0,72.2680014248552,0.9794304660722322
panda_0163_lora,0.8958095844302859,0.9422084263392857,0.3867403268814087,0.9846522178248971,1.0,59.141093681598534,0.9766682980107326
panda_0164_lora,0.7381908260285854,0.853271484375,0.32927757501602173,0.9497810429927848,1.0,42.38520418364426,0.928867826274797
panda_0165_lora,0.9469245576432773,0.9414324079241071,0.39816296100616455,0.990321818130297,0.0,76.51870543381264,0.988538906620998
panda_0166_lora,0.949090699000018,0.8744942801339286,0.3318326473236084,0.9923219646766291,1.0,51.63239919728246,0.9845706705953561
panda_0167_lora,0.7696561925113201,0.9419119698660714,0.5405584573745728,0.909088311606694,1.0,77.18029416840652,0.9112435135186887
panda_0168_lora,0.9135836618287223,0.9171229771205357,0.466420441865921,0.9807881959875296,1.0,69.44185901510305,0.979215820162904
panda_0169_lora,0.9934516283018249,0.9656720842633929,0.4526967704296112,0.9836982580158131,1.0,49.63335905403927,0.9838567789863137
panda_0170_lora,0.9755194793854441,0.9607456752232143,0.5419671535491943,0.9905903832219319,1.0,73.03503865209119,0.9840264301674039
panda_0171_lora,0.9494772915329251,0.9539358956473214,0.46070730686187744,0.9821361405138979,1.0,66.6794056070262,0.9503162234437232
panda_0172_lora,0.8481785921113831,0.9380318777901786,0.4227181673049927,0.9905935797462682,0.0,52.940591088656724,0.9782594119801241
panda_0173_lora,0.9693135129553931,0.9605015345982143,0.4705298840999603,0.9869604523166104,0.0,49.662796941296804,0.9849465996611352
panda_0174_lora,0.9895833688122886,0.9925362723214286,0.4807804226875305,0.9948517261137895,0.0,78.16858146930564,0.9863643767786962
panda_0175_lora,0.7465606810791152,0.8867013113839286,0.2883676290512085,0.992229200708061,0.0,53.43248590929755,0.9776202669330671
panda_0176_lora,0.989397685442652,0.9850812639508929,0.5518469214439392,0.9929798803201836,0.0,74.76698960929082,0.9836938540140788
panda_0177_lora,0.7763415391423872,0.9029105050223214,0.4061495363712311,0.961324701688902,1.0,47.10348366046774,0.968764965206969
panda_0178_lora,0.8153251063610826,0.8451668875558036,0.4982481896877289,0.9832679509437322,0.0,51.0270661978886,0.9846510597303801
panda_0179_lora,0.9845029626573835,0.9916120256696429,0.38608628511428833,0.9992116859430737,0.0,31.13441098969558,0.9989601415746352
panda_0180_lora,0.9786206941519465,0.9752110072544643,0.5676320791244507,0.9944801180020619,1.0,76.149278838059,0.9902535457237094
panda_0181_lora,0.8044314139655658,0.9136003766741071,0.3147708475589752,0.9953392888939764,0.0,55.97984840129984,0.9847087850757673
panda_0182_lora,0.7777629941701889,0.9081682477678571,0.37740421295166016,0.9692083302004029,1.0,58.05228108373181,0.9400702270807004
panda_0183_lora,0.933712257870606,0.9273856026785714,0.579592227935791,0.9833990862971791,1.0,54.46334181160763,0.9632949866500555
panda_0184_lora,0.9954922273755074,0.9894234793526786,0.43214935064315796,0.9966983957712359,0.0,62.38521076070851,0.9981114415561452
panda_0185_lora,0.9372637580548014,0.9729701450892857,0.5162586569786072,0.9886267376541963,1.0,72.04458091998923,0.9881546890034395
panda_0186_lora,0.8301972366337266,0.9241681780133929,0.4247235953807831,0.9883459901388439,0.0,53.711566793507544,0.9844670454661052
panda_0187_lora,0.9729277672512191,0.9801810128348214,0.477526992559433,0.9811415975645066,1.0,71.20227734795932,0.9799089132570753
panda_0188_lora,0.7950891517102718,0.9141584123883929,0.27139604091644287,0.9925101829594016,1.0,58.299745888545594,0.9762778749652937
panda_0189_lora,0.9998752144830567,0.9996163504464286,0.4162612855434418,0.9994288209407695,0.0,40.18145844032024,0.9996756323996712
panda_0190_lora,0.9534202867320606,0.9771554129464286,0.397705078125,0.9873131061986761,1.0,51.84689462595973,0.9561562257654527
panda_0191_lora,0.9596155892525401,0.9302804129464286,0.36083102226257324,0.990842424209267,0.0,75.15022619839372,0.9897231700373631
panda_0192_lora,0.9842879516737801,0.9759347098214286,0.4244549870491028,0.995851355866866,0.0,74.0856599478886,0.9931505198572196
panda_0193_lora,0.9851538826312337,0.97991943359375,0.518765389919281,0.9950378579583543,0.0,76.67749339136584,0.9912251771665087
panda_0194_lora,0.9947056429726737,0.9897199358258929,0.610731840133667,0.9933654344149518,0.0,75.65495510759025,0.9865598388746672
panda_0195_lora,0.6450914378677096,0.7171979631696429,0.37302008271217346,0.9932630794705704,1.0,45.08640769432331,0.9851880989822687
panda_0196_lora,0.961408716227327,0.9693429129464286,0.33029666543006897,0.9845553674862039,1.0,72.82035169930293,0.9719880590251848
panda_0197_lora,0.8330119773745537,0.8292018345424107,0.23902849853038788,0.9773342981356538,1.0,63.46374985267376,0.9635010289210899
panda_0198_lora,0.9660978402410235,0.9701189313616071,0.431237131357193,0.9836310776981733,0.0,74.86767709666285,0.9792716811685002
panda_0199_lora,0.9645860003573554,0.9736764090401786,0.4059016704559326,0.9926567154973635,1.0,78.4068866598195,0.9833179847866881
panda_0200_lora,0.863337732319321,0.9318062918526786,0.3013026714324951,0.981612188278089,1.0,72.15151451373923,0.9710982210495893
panda_0201_lora,0.6445633758391652,0.7390005929129464,0.26969537138938904,0.977492663565159,1.0,62.33376036019161,0.9678724513334387
panda_0202_lora,0.7463662336979594,0.80615234375,0.6029149889945984,0.9594419303846005,1.0,58.90790136929216,0.906368076100069
panda_0203_lora,0.9351650029420853,0.9212820870535714,0.578873872756958,0.9886016704692026,1.0,48.66336401577654,0.9781050719466864
panda_0204_lora,0.5816565117399607,0.8129621233258929,0.42689916491508484,0.9477630548747277,1.0,46.164805872686976,0.9217674778956993
panda_0205_lora,0.9585599803498813,0.97540283203125,0.4350258409976959,0.9960754123030088,1.0,65.54895137918406,0.9919318760142607
panda_0206_lora,0.8948314977543694,0.8558785574776786,0.4790377616882324,0.9894156320046715,1.0,57.6301620746481,0.9293596230301202
panda_0207_lora,0.9528416373900005,0.9538835797991071,0.4378439784049988,0.9866230508963736,1.0,77.21213057945515,0.9832000470628925
panda_0208_lora,0.9901865422725677,0.9923967633928571,0.4122410714626312,0.9951483519756728,0.0,72.70990411166487,0.9909805999082677
panda_0209_lora,0.8309543284454516,0.9129725864955357,0.274120032787323,0.9876365569598566,0.0,60.36163053841427,0.9799069068011116
panda_0210_lora,0.9769186537180629,0.9855521065848214,0.4294636845588684,0.9908733887852684,1.0,61.43926423171471,0.9653081033744064
panda_0211_lora,0.9449671443019595,0.9566127232142857,0.639694094657898,0.9895278397817461,1.0,66.8809260664315,0.9603811825022978
panda_0212_lora,0.8668914229742118,0.8800571986607143,0.5239602327346802,0.9815640669328629,0.0,65.24966272814521,0.9786808275708965
panda_0213_lora,0.9394376182130405,0.9793352399553571,0.3276146948337555,0.9888349842474383,1.0,58.279678739350416,0.9870247130300485
panda_0214_lora,0.7845915095614535,0.8196759905133929,0.3847295343875885,0.9935192044900225,1.0,41.83075411566372,0.9813462444380218
panda_0215_lora,0.8871017481599536,0.9144548688616071,0.2831387221813202,0.9989320824149639,0.0,25.51646748904524,0.9983160316944122
panda_0216_lora,0.9949095195957592,0.9945068359375,0.30568644404411316,0.9970448001583112,0.0,16.5775743681809,0.9985329331136217
panda_0217_lora,0.9839896187186241,0.9797014508928571,0.45789748430252075,0.9966781937467829,0.0,31.916424323772564,0.9835170596253638
panda_0218_lora,0.9917473942041397,0.9872523716517857,0.35120463371276855,0.9954515060230823,0.0,69.41405644910088,0.9938421090443929
panda_0219_lora,0.9890487598521369,0.9866071428571429,0.47272974252700806,0.9953627105890432,1.0,69.34354426943023,0.9924899713665831
panda_0220_lora,0.9957156500646046,0.9978986467633929,0.2252429723739624,0.9968911960817981,0.0,58.080441442029226,0.9969221540525848
panda_0221_lora,0.8000557513109275,0.8282296316964286,0.4510742127895355,0.963300577609516,1.0,76.37523598506533,0.9470913980521408
panda_0222_lora,0.9689882163490567,0.9808088030133929,0.5501612424850464,0.983483561326507,1.0,56.54294362561456,0.9724026717391668
panda_0223_lora,0.9913346660988671,0.9863717215401786,0.432301789522171,0.9963880350484211,1.0,77.39089176572602,0.9950009991140927
panda_0224_lora,0.763095631131104,0.8778512137276786,0.5062975883483887,0.9625597695341491,1.0,62.1260143148488,0.9495624878827263
panda_0225_lora,0.9426162594131061,0.9753330775669643,0.337501585483551,0.9868050886553874,1.0,76.1130941982927,0.9759639964384191
panda_0226_lora,0.8116168252059391,0.8268912179129464,0.3174005150794983,0.9885029920421694,1.0,67.98127536115975,0.9805200894673666
panda_0227_lora,0.9970007144979068,0.9911760602678571,0.5652413368225098,0.9960096848234486,0.0,73.19640376650054,0.9952664866166956
panda_0228_lora,0.8240246464099202,0.8682425362723214,0.48374801874160767,0.989526107551728,0.0,54.28530877211998,0.9761461688022988
panda_0229_lora,0.7749240366475922,0.8804234095982143,0.6184532046318054,0.9755386861274958,1.0,60.7636885807432,0.9608544256172928
panda_0230_lora,0.8612761327198574,0.9340297154017857,0.4912935495376587,0.9618918916391344,1.0,27.08283095524229,0.930081730262906
panda_0231_lora,0.9563681845154081,0.9057878766741071,0.40558627247810364,0.9879259254115642,1.0,67.69282150268555,0.9783621058744543
panda_0232_lora,0.9852306747010776,0.9820905412946429,0.37245047092437744,0.9918599806375541,0.0,73.3932763461409,0.9846441212822409
panda_0233_lora,0.5951505707842963,0.8656354631696429,0.4299625754356384,0.937767711484968,1.0,59.052941684065196,0.9174220066444546
panda_0234_lora,0.9808681894625936,0.9752633231026786,0.5404986143112183,0.9884172514491908,1.0,75.24005916200835,0.9576667000265683
panda_0235_lora,0.9222714539085116,0.9478934151785714,0.2499387264251709,0.9786830537169461,1.0,38.963891391096446,0.9363506990320543
panda_0236_lora,0.9470459552747863,0.9649483816964286,0.5658006072044373,0.9890460317740878,1.0,71.89843697383486,0.9735490985945159
panda_0237_lora,0.7764128904257502,0.9208199637276786,0.43779414892196655,0.9648606149858447,1.0,48.2961091666386,0.9379399318321079
panda_0238_lora,0.9468723056571824,0.9329833984375,0.3316406309604645,0.9438860671472115,1.0,47.45038973051926,0.8514290753532858
panda_0239_lora,0.6094110407201307,0.8111354282924107,0.4549766480922699,0.9931694286956236,1.0,40.52413207087024,0.9779982529434503
panda_0240_lora,0.9763588500874383,0.9753592354910714,0.4637356400489807,0.9918034366190387,0.0,75.17537399818157,0.9839540275872922
panda_0241_lora,0.9864164048007557,0.9839913504464286,0.35358184576034546,0.9946628192877044,1.0,70.60381106672615,0.9889210644890281
panda_0242_lora,0.7812474606824773,0.9027971540178571,0.42601877450942993,0.9927161366683426,0.0,42.84665249133932,0.98489696745779
panda_0243_lora,0.9965624255793435,0.9917079380580357,0.47294139862060547,0.9960201946363482,0.0,74.8008514930462,0.9937077774721034
panda_0244_lora,0.7961087663258825,0.8733607700892857,0.4577852189540863,0.9808952578093203,1.0,48.72342813426051,0.969404779695997
panda_0245_lora,0.9151924667613847,0.892333984375,0.23005777597427368,0.9902902926662117,0.0,36.86395118976461,0.9860024910347135
panda_0246_lora,0.9896831193140575,0.9834333147321429,0.45873287320137024,0.9947155147114936,0.0,73.18638847614157,0.9940473383548213
panda_0247_lora,0.8299031395997319,0.7701416015625,0.0739261582493782,0.9920083971422436,0.0,64.39151658682988,0.9878504435221355
panda_0248_lora,0.9378413419638362,0.9439174107142857,0.6041277050971985,0.9926798185219601,1.0,69.9808252268824,0.9507563834096872
panda_0249_lora,0.7659489205107093,0.8519199916294643,0.4319181740283966,0.9899532000968122,1.0,37.36748333635001,0.9744832225874358
panda_0250_lora,0.8532772149358477,0.8781999860491071,0.5896823406219482,0.9826676424108639,1.0,64.27775600038726,0.9802260267968271
panda_0251_lora,0.7768668862325805,0.8479963030133929,0.2714230716228485,0.9840940048896161,1.0,19.788525384047936,0.9703627343271293
panda_0252_lora,0.785587543089475,0.858367919921875,0.320816308259964,0.9740256029628732,0.0,47.3798099386281,0.9746153027403588
panda_0253_lora,0.9782526226980346,0.9949602399553571,0.3206130564212799,0.9957400388707834,0.0,77.1903628645272,0.9944761042501412
panda_0254_lora,0.8748033855642591,0.9153791155133929,0.30218884348869324,0.9866603407188196,0.0,50.579700798823914,0.9755525570289761
panda_0255_lora,0.8565440018262181,0.91796875,0.4379033148288727,0.9923861691778741,0.0,63.764321557406724,0.9854255236831366
panda_0256_lora,0.9723113253712654,0.9558192661830357,0.6510524749755859,0.9919486257376882,0.0,72.9087484951677,0.9750461821462594
panda_0257_lora,0.8620828427374363,0.9568743024553571,0.3335506021976471,0.989735524551701,0.0,52.78253489527209,0.9829774763069901
panda_0258_lora,0.9827436155506543,0.9808785574776786,0.6293062567710876,0.9870166503099637,1.0,75.28715094204607,0.9670553880579331
panda_0259_lora,0.9582530930638313,0.9693254743303571,0.3724029064178467,0.9861586977539414,1.0,46.89872136609308,0.9667999267578125
panda_0260_lora,0.8139621998582568,0.8980800083705357,0.5020462274551392,0.9653253531981704,1.0,72.20482477648505,0.9428788951798981
panda_0261_lora,0.986774851168905,0.9928850446428571,0.6276558041572571,0.9918839024325008,0.0,72.72371594659214,0.986254067514457
panda_0262_lora,0.7001876523718238,0.8334306989397321,0.5372243523597717,0.9968857674613649,1.0,41.553424276154615,0.9890568499471627
panda_0263_lora,0.9580016764146941,0.9534563337053571,0.3293805718421936,0.9936470558776395,1.0,57.55950585727034,0.9865963571211871
panda_0264_lora,0.975199998489448,0.9616350446428571,0.2877849042415619,0.9958919392409742,0.0,71.40879164070918,0.9961400254099977
panda_0265_lora,0.9816295046891484,0.9693777901785714,0.7019426226615906,0.9882467244042382,1.0,77.33998449917497,0.9667510350545248
panda_0266_lora,0.5816221580441508,0.8406459263392857,0.4916279911994934,0.9938532824320968,1.0,51.04267745182432,0.973908291611017
panda_0267_lora,0.9965368477361543,0.99530029296875,0.6100446581840515,0.995038641190985,0.0,49.15135298104122,0.991665813034656
panda_0268_lora,0.8259300964751414,0.9018903459821429,0.5307384133338928,0.9940337679876973,0.0,67.8138963107405,0.9836121241251627
panda_0269_lora,0.892126698579107,0.9090227399553571,0.36366355419158936,0.9449826580605533,1.0,55.25868488180226,0.9374661987903071
panda_0270_lora,0.9215562130723681,0.9478759765625,0.47834494709968567,0.9870236830375847,1.0,53.44870652823612,0.974216272316727
panda_0271_lora,0.8135123236903122,0.9389212472098214,0.29826927185058594,0.9880232788895473,0.0,49.505736844293004,0.9772275195402258
panda_0272_lora,0.8948458007403782,0.9394967215401786,0.462310254573822,0.9823710829484037,1.0,72.59403518150593,0.9789456236596201
panda_0273_lora,0.9866456048829215,0.9705548967633929,0.4040427505970001,0.9955300008959246,0.0,57.03896173937567,0.9830715572132783
panda_0274_lora,0.9742243896637645,0.9706595284598214,0.4916419982910156,0.9926277167183647,0.0,76.41991898109173,0.9883132775624593
panda_0275_lora,0.9811383826392037,0.9712262834821429,0.47876206040382385,0.995191655154316,0.0,60.93513383536503,0.9955791071349499
panda_0276_lora,0.9919330839599881,0.9503696986607143,0.5402781963348389,0.9929532557881593,1.0,45.82036445880758,0.9852742541070078
panda_0277_lora,0.8441919162869453,0.8755144391741071,0.2984714210033417,0.9868724031746781,1.0,58.210326753813646,0.9843445347804649
panda_0278_lora,0.8579156398773193,0.9216221400669643,0.5113314986228943,0.9917880092742225,1.0,66.89635296525627,0.9828656252692728
panda_0279_lora,0.906318931707314,0.9056047712053571,0.5796253085136414,0.97781298233102,1.0,71.52585707039668,0.9565909067789714
panda_0280_lora,0.9552604715738978,0.9458792550223214,0.34542742371559143,0.9728029179086164,1.0,60.27977857918575,0.9715347327438055
panda_0281_lora,0.8754284328648022,0.9647478376116071,0.39363226294517517,0.9908339982627666,1.0,49.95321747352337,0.9877106376722747
panda_0282_lora,0.9847845286130905,0.9711478097098214,0.3943474590778351,0.9962022384741824,0.0,74.71718413254311,0.9943157270842907
panda_0283_lora,0.9099546745419502,0.9483642578125,0.38202717900276184,0.9939709990232738,0.0,55.74287375088396,0.9909055130154478
panda_0284_lora,0.9106863875474248,0.9502476283482143,0.3784574866294861,0.9958095583652798,1.0,37.65114159419619,0.9927693904614916
panda_0285_lora,0.9517144103135381,0.8895089285714286,0.492352157831192,0.9912298844818376,1.0,63.384017023546946,0.9721210741529278
panda_0286_lora,0.9747450021760804,0.9703194754464286,0.3322000801563263,0.9942071565204608,1.0,48.4784102604307,0.9897136043099796
panda_0287_lora,0.8899721183947155,0.8307865687779018,0.28464215993881226,0.9731653437283033,0.0,66.35186478187298,0.9671287723616058
panda_0288_lora,0.9900221122162682,0.9595249720982143,0.5378651022911072,0.994325920305355,1.0,73.39191647233635,0.9853408243141922
panda_0289_lora,0.8164377127374921,0.8827253069196429,0.5199847221374512,0.9900067477244637,0.0,74.03294004242996,0.9895931739433139
panda_0290_lora,0.9598597383924893,0.9624285016741071,0.4156891405582428,0.9889775751379611,0.0,47.574624357552366,0.9839273359261307
panda_0291_lora,0.9115560139928546,0.9575544084821429,0.5016909241676331,0.9911366007741238,0.0,77.54663112245757,0.986266175438376
panda_0292_lora,0.9470013167176928,0.9700840541294643,0.3733009994029999,0.9916264863651123,1.0,64.97652343223835,0.9856993263843012
panda_0293_lora,0.9266754293016025,0.9346051897321429,0.5130674242973328,0.99047474932815,0.0,79.20567058694773,0.977833787132712
panda_0294_lora,0.958468710737569,0.9032156808035714,0.45170721411705017,0.9771216170429176,1.0,78.64053818275188,0.9678770850686466
panda_0295_lora,0.8699804496552263,0.9287370954241071,0.45834651589393616,0.9630598904559153,1.0,57.25839312323208,0.9386589835671818
panda_0296_lora,0.8752086162567139,0.9234444754464286,0.31261202692985535,0.9900386323065551,1.0,30.596807611399683,0.9155236412497127
panda_0297_lora,0.9864119270018169,0.9832676478794643,0.4258185029029846,0.9945741552497067,1.0,72.45788916226091,0.9789537411110074
panda_0298_lora,0.9366736188530922,0.9076189313616071,0.30790653824806213,0.9835164800094718,1.0,68.74459062773606,0.9644947687784831
panda_0299_lora,0.9858654684254101,0.9864589146205357,0.44013524055480957,0.9931326111507638,0.0,60.22537481373754,0.9917199265723134
panda_0300_lora,0.7652111359472785,0.8282296316964286,0.47574466466903687,0.9711622557342916,0.0,69.5320324075633,0.961962262321921
panda_0301_lora,0.9269003804240908,0.8894566127232143,0.5990017652511597,0.9869942376990861,1.0,72.40233112203664,0.9861282731972488
panda_0302_lora,0.9739373390163694,0.9920741489955357,0.5466606616973877,0.9965621574818496,0.0,72.6455228082065,0.9985155809159373
panda_0303_lora,0.8116692341864109,0.9105486188616071,0.46232175827026367,0.9890101307283062,1.0,63.510091452763,0.9799251462899002
panda_0304_lora,0.7115016890955823,0.8662981305803571,0.4450432360172272,0.9887644743728154,0.0,48.17776015709187,0.9764138034745758
panda_0305_lora,0.7803169414401054,0.8501325334821429,0.5760338306427002,0.9939044810632586,0.0,62.7218456926017,0.987295233969595
panda_0306_lora,0.9717747845820018,0.9908708844866071,0.5279972553253174,0.9925378172770176,1.0,68.24832547944168,0.9903594671511182
panda_0307_lora,0.7975748705544642,0.9219011579241071,0.33477798104286194,0.974685392987323,0.0,69.66283074740706,0.9678067487828872
panda_0308_lora,0.9015508922083038,0.8270438058035714,0.5123512744903564,0.9942045989736708,0.0,52.87101048436658,0.9843152943779441
panda_0309_lora,0.9713386946490833,0.9852730887276786,0.5303791761398315,0.9928561805331108,1.0,64.69661725800613,0.975914685866412
panda_0310_lora,0.9008681518690926,0.7952532087053571,0.24470572173595428,0.9950857034186538,1.0,58.885650897848194,0.992864707404492
panda_0311_lora,0.8683765019689288,0.8684430803571429,0.19961537420749664,0.9774010307247899,1.0,63.2730748406772,0.9710028891469918
panda_0312_lora,0.9545730490769658,0.9276820591517857,0.4273463189601898,0.9791727447856813,1.0,77.83303806699556,0.975017022151573
panda_0313_lora,0.880897730588913,0.9113333565848214,0.5641530752182007,0.9872036514258482,1.0,77.0353827640928,0.9755159583746218
panda_0314_lora,0.9983207306691578,0.9791434151785714,0.4810003936290741,0.988973042675938,0.0,76.12599129512392,0.9875139563691382
panda_0315_lora,0.9201898713197026,0.8726283482142857,0.3558819591999054,0.9832543173185406,1.0,48.475717610326306,0.9259721718582452
panda_0316_lora,0.9932161942124367,0.9906441824776786,0.3167465329170227,0.9958019378624848,0.0,67.51194184401939,0.9957942766301772
panda_0317_lora,0.9544021891696113,0.9154401506696429,0.7414873838424683,0.9789395383220062,1.0,76.04356673668171,0.9491600672403971
panda_0318_lora,0.9782709191952433,0.958740234375,0.640704333782196,0.9855819472219978,1.0,73.52704199429216,0.9841438162560556
panda_0319_lora,0.9968350529670715,0.9968959263392857,0.6143311858177185,0.9970189312704248,0.0,72.24232193519329,0.9974672792004604
panda_0320_lora,0.966611419405256,0.9592633928571429,0.5495819449424744,0.9751202776449789,1.0,54.79902280610183,0.9476946363262102
panda_0321_lora,0.9265829675963947,0.9613298688616071,0.4959932267665863,0.9928091486995438,1.0,69.80726044753501,0.9854409021489761
panda_0322_lora,0.817046234118087,0.88323974609375,0.3759753108024597,0.9873274891553844,1.0,54.39023129693393,0.9754280632617427
panda_0323_lora,0.9993306707058635,0.9957275390625,0.6157755851745605,0.9976077847338187,0.0,69.05979972050108,0.9986458611254598
panda_0324_lora,0.6067805040095534,0.792144775390625,0.5055273771286011,0.9847242993083986,1.0,54.02445779997727,0.9776076634724935
panda_0325_lora,0.9852503921304431,0.9946986607142857,0.4504595100879669,0.9957777025406851,1.0,78.11033209438982,0.9870183776406681
panda_0326_lora,0.943702760551657,0.9798235212053571,0.5465223789215088,0.9906167377140493,1.0,75.88408476730874,0.9855829996221206
panda_0327_lora,0.7326211599367005,0.8681291852678571,0.40942052006721497,0.9615572163360536,1.0,55.93806345709439,0.9280745786779067
panda_0328_lora,0.8841129999075618,0.9228951590401786,0.4000740647315979,0.9874737701237012,1.0,51.2955656380489,0.9490769816379921
panda_0329_lora,0.9516808167099953,0.9259992327008929,0.5694948434829712,0.9947196812752879,1.0,53.3594048598717,0.9826451507269167
panda_0330_lora,0.9707035571336746,0.9665440150669643,0.5552712678909302,0.9932559831491358,0.0,62.41733353713463,0.9796566402210909
panda_0331_lora,0.7450703512877226,0.8478480747767857,0.4716551899909973,0.9240329097050145,1.0,75.1392356609476,0.917820649988511
panda_0332_lora,0.9584765263966152,0.9709821428571429,0.4955534338951111,0.9944025770364235,1.0,73.09615707397461,0.9828316314547669
panda_0333_lora,0.9740590527653694,0.96478271484375,0.5823765397071838,0.984330122173068,1.0,73.00985191608298,0.9573239793964461
panda_0334_lora,0.7174909213291747,0.8461826869419643,0.3785407841205597,0.9801873677155156,1.0,48.583579852663235,0.9836773348789589
panda_0335_lora,0.8592053045119558,0.9475882393973214,0.4143252372741699,0.9970050537910142,0.0,32.20542072427684,0.9969381203838423
panda_0336_lora,0.9903192509497915,0.9881940569196429,0.5308982133865356,0.9913941360799128,0.0,75.78846372407058,0.9813697160459032
panda_0337_lora,0.828157592032637,0.8912702287946429,0.40129056572914124,0.9861221724600631,1.0,53.393245433938915,0.9568377289117551
panda_0338_lora,0.974211012678487,0.9829188755580357,0.524989664554596,0.9895520115097322,0.0,77.87627673971242,0.9892815973244461
panda_0339_lora,0.8328594347195966,0.8913487025669643,0.36040186882019043,0.9761622517596783,1.0,76.11427254512392,0.9766693208731857
panda_0340_lora,0.9231715649366379,0.8975045340401786,0.46851837635040283,0.9822036666228992,1.0,73.48845725223936,0.9784036206264122
panda_0341_lora,0.7974432725459337,0.9231654575892857,0.4436509311199188,0.9850447043467494,1.0,47.35764293012948,0.9777320282132018
panda_0342_lora,0.9363277841891561,0.9453909737723214,0.4382535219192505,0.9879152488987047,1.0,39.94608346347151,0.9747318473516726
panda_0343_lora,0.9749239204185349,0.9662998744419643,0.4064819812774658,0.9903321016240364,1.0,77.40866641340584,0.977669433518952
panda_0344_lora,0.9780403609786715,0.9775390625,0.4618633985519409,0.9956368621166415,1.0,64.94835531300512,0.9919171193066765
panda_0345_lora,0.8977032623120716,0.9485909598214286,0.45994460582733154,0.9913165953480751,1.0,64.16282995815935,0.968589745315851
panda_0346_lora,0.9672769265515464,0.9841831752232143,0.570671021938324,0.9882540021550822,1.0,63.690441394674366,0.9843698024749756
panda_0347_lora,0.9842501708439418,0.9585920061383929,0.3970795273780823,0.9932740033446604,0.0,62.89247065577014,0.9851778039745256
panda_0348_lora,0.8099097013473511,0.9238717215401786,0.36992400884628296,0.9878193232421174,1.0,38.45141680487271,0.9691362530577416
panda_0349_lora,0.8041541246431214,0.8178449358258929,0.3410245180130005,0.9811043841949172,0.0,76.65389541099812,0.9797315878026626
panda_0350_lora,0.7217604023005281,0.8169381277901786,0.3902395963668823,0.9935690744313217,1.0,50.181620104559535,0.9858502621744193
panda_0351_lora,0.9749746503574508,0.9816807338169643,0.5052196979522705,0.9765089229134495,1.0,76.68932816077923,0.950868875840131
panda_0352_lora,0.9960228577256203,0.9953177315848214,0.41346320509910583,0.9951246529928744,0.0,76.17970986201846,0.9935193533990897
panda_0353_lora,0.8973917822752681,0.9493321010044643,0.41650956869125366,0.9876960127333518,1.0,43.41557732943831,0.9555562860825483
panda_0354_lora,0.9935299243245806,0.9875139508928571,0.43061721324920654,0.9952998495071106,0.0,76.04599077948208,0.9916883169435987
panda_0355_lora,0.720715092761176,0.8790413992745536,0.29310062527656555,0.9895869298908131,1.0,52.733241903370825,0.9811175888659908
panda_0356_lora,0.7618995782520089,0.8445521763392857,0.4151560068130493,0.9657456886667595,1.0,70.26715285202553,0.9565334843654258
panda_0357_lora,0.9953714577215058,0.99224853515625,0.5803185105323792,0.9960416594188423,0.0,67.51820978625068,0.9964419694507823
panda_0358_lora,0.8745359198323318,0.9023175920758929,0.46995654702186584,0.9916174672660196,1.0,40.417884826660156,0.9872323213839064
panda_0359_lora,0.984632633626461,0.9791434151785714,0.49943459033966064,0.9941167116218816,0.0,54.347705577981884,0.9880066235860189
panda_0360_lora,0.9261700287461281,0.9322684151785714,0.3887927532196045,0.9858000945770936,1.0,47.58643972462621,0.9575657900641946
panda_0361_lora,0.8432850901569638,0.9483904157366071,0.32063668966293335,0.9705526073276532,1.0,59.16515666040881,0.9700562140520881
panda_0362_lora,0.9743557849100658,0.9807041713169643,0.42389416694641113,0.9884770721857119,0.0,80.51886354643723,0.9710037250144808
panda_0363_lora,0.9623852734054837,0.9545811244419643,0.382505863904953,0.9945701661407084,0.0,42.97585230860217,0.994809731315164
panda_0364_lora,0.9943482684237617,0.9866245814732143,0.27259713411331177,0.9940720481902697,0.0,68.32119461585735,0.9913412290460923
panda_0365_lora,0.8147807621530124,0.8436976841517857,0.3580465316772461,0.993697575551321,0.0,46.42251889459018,0.9904880102942971
panda_0366_lora,0.9771708739655358,0.9391130719866071,0.22196006774902344,0.994706696914877,0.0,71.32952828242861,0.9923378374062333
panda_0367_lora,0.9365587096129145,0.9429582868303571,0.5265041589736938,0.9761235930336344,1.0,71.6390424267999,0.9276969012092141
panda_0368_lora,0.8467016432966504,0.8177403041294643,0.504808247089386,0.9914658738762598,1.0,36.056119984593884,0.9643059824027267
panda_0369_lora,0.8754749968647957,0.9451555524553571,0.27514490485191345,0.9828154484617031,1.0,62.33322788106984,0.9732186654034782
panda_0370_lora,0.9983256735971996,0.9951956612723214,0.37376299500465393,0.9991461291380869,0.0,49.016601167876146,0.9991545726855596
panda_0371_lora,0.5939901904868228,0.8467755998883929,0.45919641852378845,0.9734017352600762,1.0,27.951926954861346,0.9501958884444891
panda_0372_lora,0.7947369297700269,0.8669346400669643,0.5104435682296753,0.9802395459719678,0.0,59.290001573233766,0.9826707391177907
panda_0373_lora,0.9617095759936741,0.97906494140625,0.6949304938316345,0.9954315324219966,1.0,60.70517507092706,0.9819389399360208
panda_0374_lora,0.9874970104013171,0.9741123744419643,0.4791819751262665,0.9948659804800659,0.0,48.54096971709153,0.9936979434069465
panda_0375_lora,0.8222466324056897,0.9486519949776786,0.4190033972263336,0.969997614530588,1.0,78.1734803298424,0.9749580289803299
panda_0376_lora,0.8176341259053775,0.86578369140625,0.3136969804763794,0.9869762731481482,1.0,65.16212502841292,0.9811047479218128
panda_0377_lora,0.9959140994719097,0.9806169782366071,0.3380489647388458,0.995600515680364,0.0,72.0955258073478,0.9897549563763188
panda_0378_lora,0.6932559439114162,0.803924560546875,0.45318931341171265,0.9682356242443558,1.0,70.19166749099205,0.9690567708482929
panda_0379_lora,0.8998419567942619,0.9640590122767857,0.5317196249961853,0.9890537448619939,1.0,64.47227372794316,0.9543872047873104
panda_0380_lora,0.9968304346714701,0.9940011160714286,0.4142337739467621,0.995393583281336,0.0,67.93634296285695,0.9937118104859894
panda_0381_lora,0.70299018067973,0.8807721819196429,0.5385330319404602,0.9903262696972486,1.0,61.20211200056405,0.9832351048787434
panda_0382_lora,0.9991021049874169,0.99737548828125,0.4668779969215393,0.9969904330589073,0.0,74.23142979062837,0.9980775231239842
panda_0383_lora,0.9029383765799659,0.9397234235491071,0.45157089829444885,0.9941556436610435,1.0,60.41423915994579,0.9843238989512125
panda_0384_lora,0.6864321162658078,0.8775983537946429,0.4315980076789856,0.9687679631481332,1.0,55.96841904212688,0.9557881860172047
panda_0385_lora,0.9589882429156985,0.9702845982142857,0.681995153427124,0.9881334624194229,1.0,78.67700563628098,0.9599932165706859
panda_0386_lora,0.9945226258465222,0.994873046875,0.5158295035362244,0.9918063331769674,0.0,72.58954067887932,0.9898923163320504
panda_0387_lora,0.8924066030553409,0.9518955775669643,0.4440145790576935,0.9863204245373363,1.0,41.5361951630691,0.9579594892614028
panda_0388_lora,0.9304158943040031,0.9721418108258929,0.4830475449562073,0.9960598556663584,0.0,34.42681371754613,0.9934596094430662
panda_0389_lora,0.9976269464407649,0.9985438755580357,0.30795881152153015,0.9969607983417726,0.0,55.81457703689049,0.998975833607655
panda_0390_lora,0.9820188007184437,0.9441964285714286,0.47909238934516907,0.9944999613761103,0.0,56.312726382551524,0.9893387037165025
panda_0391_lora,0.9871372335723468,0.9879324776785714,0.4954680800437927,0.9921890561780268,1.0,72.00093473237136,0.9839838981628418
panda_0392_lora,0.6056788311107084,0.8454066685267857,0.5446915030479431,0.9715346503518608,1.0,66.57477319651636,0.9643683676626168
panda_0393_lora,0.9776470192841121,0.9808872767857143,0.5833454132080078,0.9922439855683192,1.0,68.72001042859307,0.9801549631006578
panda_0394_lora,0.8245692434055465,0.8562534877232143,0.3768731355667114,0.9850032748475993,1.0,47.20350561470821,0.9779430052813362
panda_0395_lora,0.9121256225875446,0.9450509207589286,0.5140116810798645,0.9870056144452974,1.0,72.46350650129646,0.9736502591301414
panda_0396_lora,0.8912914895585605,0.9258858816964286,0.4027993381023407,0.9829874568684311,0.0,74.64141003838901,0.9847441589131075
panda_0397_lora,0.9954352708799499,0.9936349051339286,0.4501152038574219,0.9961508654276348,0.0,60.09538755745724,0.9953908723943373
panda_0398_lora,0.9898869746497699,0.9820818219866071,0.5534920692443848,0.9949911955300282,0.0,74.87678843531116,0.9950866460800171
panda_0399_lora,0.9849663100072316,0.9770943777901786,0.5379679799079895,0.9942558282327354,1.0,70.23828019766972,0.9893042012756946
panda_0400_lora,0.5507890874786037,0.7247488839285714,0.3614181578159332,0.971531063614014,1.0,41.7683551064853,0.9567527808395087
panda_0401_lora,0.8632518606526511,0.8573172433035714,0.42078787088394165,0.983219284141274,1.0,65.76961688337654,0.9621557273116766
panda_0402_lora,0.8289342996265207,0.9097638811383929,0.3989432752132416,0.9821217858470845,1.0,57.25532110806169,0.9796971078012504
panda_0403_lora,0.9808616116642952,0.8908255440848214,0.40961501002311707,0.9752524195108064,1.0,75.89468015473464,0.9696675207100662
panda_0404_lora,0.8542442577225822,0.8727547781808036,0.4904939830303192,0.9792288929794675,0.0,51.91392556552229,0.9758783116060145
panda_0405_lora,0.9975114709564618,0.9892839704241071,0.5486857891082764,0.9931788667657234,0.0,78.2542645684604,0.9920023590910668
panda_0406_lora,0.8557199689426592,0.8370361328125,0.4325527250766754,0.9795434604798116,0.0,65.13172202274717,0.979056053535611
panda_0407_lora,0.862235143248524,0.8831263950892857,0.396528959274292,0.9615226769460454,1.0,59.42224002706593,0.9452988044888365
panda_0408_lora,0.5719092884766204,0.7344621930803571,0.43834125995635986,0.9813474986682708,1.0,67.70340399906553,0.9718173924614402
panda_0409_lora,0.9606022451605115,0.9763096400669643,0.46377313137054443,0.9837826378882215,1.0,56.65666685433224,0.9342370276357613
panda_0410_lora,0.985570880983557,0.9822300502232143,0.5077008008956909,0.9953731974894658,0.0,73.27203711147966,0.9922203325757794
panda_0411_lora,0.8213638955993312,0.9172712053571429,0.45747435092926025,0.9782022077995194,1.0,73.35826242381128,0.9664190628949334
panda_0412_lora,0.8970151309456144,0.9466901506696429,0.553831160068512,0.981911702982475,1.0,59.36285163616312,0.9596652535831227
panda_0413_lora,0.9727670678070613,0.9523664202008929,0.3400229811668396,0.9897449780526526,1.0,62.10439024300411,0.9808943187489229
panda_0414_lora,0.9816521491323199,0.98046875,0.6653125286102295,0.9842011455022714,1.0,77.99386465138403,0.9546014748367608
panda_0415_lora,0.9994227588176727,0.9931117466517857,0.5368178486824036,0.9967013629370016,0.0,69.38736567003974,0.9973923563957214
panda_0416_lora,0.9882296643086842,0.9399501255580357,0.27924996614456177,0.9932436632505566,0.0,75.75599170553274,0.9844891959545659
panda_0417_lora,0.5961834913385766,0.7499956403459821,0.3938407897949219,0.9924245934017303,0.0,43.28407498063712,0.9784088845346488
panda_0418_lora,0.7616213469633034,0.8364432198660714,0.41980481147766113,0.9910923958258517,0.0,36.15497470724171,0.9864542577780929
panda_0419_lora,0.9434879326394626,0.9298793247767857,0.5127793550491333,0.9675465272914721,1.0,42.7675623400458,0.9512409808588963
panda_0420_lora,0.9908470479505402,0.9896676199776786,0.55367511510849,0.9887598586777125,1.0,69.3330964713261,0.9756938261144301
panda_0421_lora,0.9927047735878399,0.9931117466517857,0.618847668170929,0.9956978885638124,0.0,76.00117098051926,0.9942505434447644
panda_0422_lora,0.9221265433090073,0.91143798828125,0.33541935682296753,0.9867467170161334,0.0,70.52179402318494,0.9810141226824592
panda_0423_lora,0.9364316282527787,0.850341796875,0.3329598605632782,0.9927170973557693,1.0,55.77493194053913,0.9781634143754547
panda_0424_lora,0.9937548392585346,0.9893711635044643,0.47075968980789185,0.9796665488778311,0.0,78.682942094474,0.9769902210609586
panda_0425_lora,0.9607558090771947,0.9840611049107143,0.4371452331542969,0.9928158510666554,0.0,53.32658491463497,0.9851119013393627
panda_0426_lora,0.897319070994854,0.9701712472098214,0.3051917254924774,0.9950710349911867,1.0,49.52579577215786,0.9927472535301657
panda_0427_lora,0.8698992574853557,0.9267578125,0.4807550609111786,0.9823982870725748,0.0,66.1320915222168,0.9813971369874244
panda_0428_lora,0.8551814204880169,0.9325212751116071,0.54048752784729,0.9760737179487179,1.0,70.88533046327788,0.9510846942078833
panda_0429_lora,0.9966577568224498,0.9731968470982143,0.540912926197052,0.9962998720455063,0.0,70.2015643941945,0.9955447019315233
panda_0430_lora,0.9021750411817006,0.9294346400669643,0.506239652633667,0.9853786983543418,1.0,73.48081325662547,0.9696547078151329
panda_0431_lora,0.8902888627988952,0.97222900390625,0.29683348536491394,0.994865430580619,0.0,42.03485160038389,0.9958107326544967
panda_0432_lora,0.9939522753868785,0.9923182896205357,0.5209836363792419,0.995597443070444,0.0,71.73084627348801,0.9942174420637243
panda_0433_lora,0.9532835643206324,0.9773472377232143,0.48999541997909546,0.9921600307457384,1.0,54.7165044587234,0.9871554234448601
panda_0434_lora,0.9868550917931965,0.9704764229910714,0.35239270329475403,0.9953861231658796,0.0,73.67738973683325,0.9926266487906961
panda_0435_lora,0.9689886506114688,0.9777483258928571,0.5196270942687988,0.9929121919534374,1.0,45.62824604429048,0.9798997598535875
panda_0436_lora,0.9644274317792484,0.9611293247767857,0.49183011054992676,0.9928550232192236,1.0,63.93979605313005,0.9856716071858126
panda_0437_lora,0.6303414912628276,0.6846269880022321,0.40796905755996704,0.9885393634951309,1.0,67.81831274361446,0.9843348587260526
panda_0438_lora,0.9767891072801181,0.975830078125,0.5241237878799438,0.9899025836296057,1.0,76.61730325633081,0.9855972205891329
panda_0439_lora,0.8924026611660208,0.9604404994419643,0.5211243033409119,0.9749338717858939,1.0,77.52689282647495,0.980125971401439
panda_0440_lora,0.9534096739121846,0.9253976004464286,0.4745321571826935,0.982549982165676,1.0,67.15442473312905,0.9467458313586665
panda_0441_lora,0.9585406503507069,0.9586530412946429,0.5135045051574707,0.982038203235354,1.0,49.361594627643456,0.9546710556628657
panda_0442_lora,0.8867011698228973,0.8779994419642857,0.4708513021469116,0.9922653079661352,1.0,68.6477569053913,0.9680041144875919
panda_0443_lora,0.806520833500794,0.8714512416294643,0.5554383397102356,0.9784229215858352,1.0,46.9841501959439,0.9518106834561217
panda_0444_lora,0.8096755828176226,0.8982892717633929,0.35567817091941833,0.9894014250999544,1.0,55.27645308395912,0.9806459707372329
panda_0445_lora,0.972031716789518,0.9854387555803571,0.5093265771865845,0.9663096986925112,1.0,73.05754904911436,0.9652678134394627
panda_0446_lora,0.9842283438358989,0.9949428013392857,0.34580934047698975,0.997172616943412,0.0,61.802722404743065,0.9911989604725557
panda_0447_lora,0.9874049222895077,0.9731706891741071,0.5893945097923279,0.9939473958987975,1.0,67.46335286107556,0.9884132338505165
panda_0448_lora,0.8062342703342438,0.8908952985491071,0.4928011894226074,0.9863411832414589,1.0,48.636080149946544,0.9851588277255787
panda_0449_lora,0.9439447373151779,0.9515904017857143,0.5160814523696899,0.9902003303324535,0.0,75.80209455818965,0.9901835329392377
panda_0450_lora,0.9929429995162147,0.9678867885044643,0.48568466305732727,0.9960137882610309,0.0,70.3383860094794,0.9961832817863016
panda_0451_lora,0.9778488235814231,0.9909144810267857,0.22566993534564972,0.9993968842211031,0.0,36.38982838597791,0.9991060225986967
panda_0452_lora,0.8961380640310901,0.93975830078125,0.5452703237533569,0.9952314531915865,0.0,71.1479728961813,0.9873049072190827
panda_0453_lora,0.9345074072480202,0.9411795479910714,0.3381861448287964,0.9947539793828857,1.0,69.6110541245033,0.9942206134983137
panda_0454_lora,0.994268428002085,0.9922921316964286,0.3126828074455261,0.9992220000647161,0.0,44.449082210146145,0.9982968115339093
panda_0455_lora,0.8109434262982437,0.8478219168526786,0.2911025583744049,0.9590046595561302,1.0,30.104820646088697,0.9346013835832184
panda_0456_lora,0.7114535234868526,0.8251691545758929,0.36686694622039795,0.9438408313712772,1.0,61.493719890199856,0.9106141408284505
panda_0457_lora,0.7911694448973451,0.8309674944196429,0.41304078698158264,0.9585195152112661,1.0,44.408693379369275,0.9458247839235792
panda_0458_lora,0.8870053270033428,0.9141758510044643,0.619549572467804,0.9899355972356891,1.0,55.42888957056506,0.9810947100321452
panda_0459_lora,0.9811075329780579,0.980224609375,0.4293324947357178,0.9938235721973083,1.0,74.87998751936287,0.9893611440471575
panda_0460_lora,0.9441538080573082,0.95770263671875,0.45814746618270874,0.9911874828390224,0.0,75.98112066860857,0.9815195551105574
panda_0461_lora,0.9665918626955577,0.9757777622767857,0.5100600719451904,0.9955473998827629,0.0,77.04171226764548,0.9958044033424527
panda_0462_lora,0.8247348432029996,0.8012956891741071,0.23515444993972778,0.9879867524266651,0.0,57.755155102959996,0.9872140201867795
panda_0463_lora,0.9454602013741221,0.9492710658482143,0.3406022787094116,0.9866041981362524,1.0,65.63766321642646,0.9773915010340074
panda_0464_lora,0.991956793836185,0.9637276785714286,0.4992045760154724,0.9952249285130719,0.0,76.73442340719289,0.9939488079033646
panda_0465_lora,0.9912015636052404,0.9805210658482143,0.28946396708488464,0.9952011771588977,0.0,76.31499191810344,0.9877792143354229
panda_0466_lora,0.8293076381087303,0.8480922154017857,0.3121147155761719,0.9794744618934647,1.0,72.86041378152781,0.9688498403511795
panda_0467_lora,0.9350433690207345,0.9400460379464286,0.5974012613296509,0.9848294100626362,1.0,66.53818972357388,0.9518239974975586
panda_0468_lora,0.7840054562049252,0.9056570870535714,0.4531053304672241,0.9831316476577276,0.0,49.90735540718868,0.9805184364318847
panda_0469_lora,0.8075504052851882,0.8487025669642857,0.5346155166625977,0.9865300372285666,1.0,77.19717486151333,0.9717764181249282
panda_0470_lora,0.9042040945163795,0.9670758928571429,0.4555293023586273,0.992319098045201,1.0,61.55966489068393,0.9901665874555999
panda_0471_lora,0.6882900537124702,0.8608049665178571,0.4203703999519348,0.958647792583914,1.0,34.40335122470198,0.9463410321403952
panda_0472_lora,0.9201798758336476,0.953369140625,0.5896424651145935,0.9839374116700633,0.0,78.53010164458176,0.9321698506673177
panda_0474_lora,0.9929705592138427,0.9911847795758929,0.43969377875328064,0.994627257720663,1.0,71.12056100779566,0.9897159454869289
panda_0475_lora,0.7949685486299651,0.8319135393415179,0.38192346692085266,0.9896525689936765,1.0,49.464398088126345,0.985370262931375
panda_0476_lora,0.7704596013895103,0.8643362862723214,0.364521324634552,0.9808584524221013,1.0,46.3055116719213,0.9313900517482384
panda_0477_lora,0.9723794598664556,0.9469866071428571,0.4701041579246521,0.9947934377076151,1.0,61.477268350535425,0.9889346468682383
panda_0478_lora,0.7002141049930027,0.6949811662946429,0.40458571910858154,0.9336609088079677,1.0,67.92206113091831,0.9385015450271905
panda_0479_lora,0.8181413811232362,0.9567696707589286,0.3308263123035431,0.9863611739100021,1.0,59.3739364887106,0.9833393676608216
panda_0480_lora,0.936091463480677,0.9518171037946429,0.41780033707618713,0.9827387910292321,1.0,74.48666329219424,0.9697211340361951
panda_0481_lora,0.7327861604946,0.9150739397321429,0.4033971428871155,0.9511262511147622,1.0,40.99147000806085,0.9416093227910061
panda_0482_lora,0.7951722496322223,0.892242431640625,0.31784120202064514,0.9670455749741136,1.0,64.4684882328428,0.9362394071092792
panda_0483_lora,0.893815700496946,0.8270438058035714,0.3261191248893738,0.977527853155151,1.0,73.7952828242861,0.9779992458867092
panda_0484_lora,0.9539221748709679,0.9416155133928571,0.3601548969745636,0.9957289457249245,1.0,38.514840224693565,0.9904560790342443
panda_0485_lora,0.9687333053776196,0.9479893275669643,0.5422258973121643,0.9938636933472641,0.0,70.59780752247778,0.9781058367560892
panda_0486_lora,0.7746908515691757,0.9114728655133929,0.432716429233551,0.9505889240712311,1.0,57.66781787214608,0.9499898910522461
panda_0487_lora,0.9954382394041333,0.9844447544642857,0.523842453956604,0.9957362569092808,0.0,69.62050576045596,0.9946552907719332
panda_0488_lora,0.9384365113718169,0.9507969447544643,0.4337705075740814,0.9883837877765956,1.0,62.11256066684065,0.9850368499755859
panda_0489_lora,0.9903322671140943,0.9453037806919643,0.41712939739227295,0.9920925876360159,1.0,57.81549374810581,0.9814068046270632
panda_0490_lora,0.7164089201417353,0.8817574637276786,0.4019433259963989,0.9612705758719086,1.0,51.59334524746599,0.9547493130553002
panda_0491_lora,0.9635411926678249,0.9619925362723214,0.7294039130210876,0.9908571087689884,1.0,71.59732174051219,0.9671888800228343
panda_0492_lora,0.9209741045321737,0.8982107979910714,0.1527562141418457,0.9926690295509228,0.0,65.91982071975181,0.9882030440311805
panda_0493_lora,0.9997477531433105,0.9995204380580357,0.1648922562599182,0.9993537437678063,0.0,41.61933017599171,0.9994484355636671
panda_0494_lora,0.8986163341573307,0.92230224609375,0.3278060257434845,0.9905816236417109,1.0,64.3608916710163,0.9904942662108178
panda_0495_lora,0.9837607219815254,0.9569614955357143,0.49755439162254333,0.9886107791139961,0.0,73.93840605637124,0.9636388928282494
panda_0496_lora,0.9930270782538823,0.9958234514508929,0.4512735605239868,0.9949811890902195,0.0,76.31683139143318,0.99364700644624
panda_0497_lora,0.9351466170379094,0.9654715401785714,0.345510870218277,0.9910436948884789,1.0,47.86068127073091,0.9779839777478985
panda_0498_lora,0.9969948402472905,0.9912370954241071,0.6178135275840759,0.9918636080567377,0.0,75.08665545233364,0.9894770958844353
panda_0499_lora,0.9900105414646012,0.9859880719866071,0.5944896936416626,0.9933890027031111,0.0,73.77915086417363,0.9805390900256588
panda_0500_lora,0.9592322590095657,0.9637015206473214,0.38645482063293457,0.993939462336751,1.0,71.34661154911436,0.9861312258477305
panda_0501_lora,0.860397218061345,0.9143153599330357,0.4234996736049652,0.9918061409927218,1.0,42.49963563064049,0.9594092799168007
panda_0502_lora,0.9506454446486065,0.9522792271205357,0.5643946528434753,0.9687741635449586,1.0,55.859826383919554,0.9359396541819853
panda_0503_lora,0.9830125389354569,0.9793352399553571,0.38334542512893677,0.9936408543118103,0.0,71.17659917371026,0.9931591786590277
panda_0504_lora,0.6123667979346854,0.7893197195870536,0.36089324951171875,0.9894389482555843,0.0,60.26148486959523,0.9906393481235878
panda_0505_lora,0.9713142354573522,0.9723161969866071,0.45768293738365173,0.9831614378523845,1.0,78.14702895591999,0.9742518836376713
panda_0506_lora,0.9374801016279629,0.9296787806919643,0.3554723262786865,0.9747301609278861,1.0,45.58626911557954,0.925835927327474
panda_0507_lora,0.9285135184015546,0.9520961216517857,0.3964475989341736,0.9902344643119,0.0,57.94036773155476,0.9864298231461469
panda_0508_lora,0.9873880254370826,0.9924839564732143,0.5445869565010071,0.9963247192239609,0.0,76.50655470223262,0.9951596755607456
panda_0509_lora,0.8558018138366086,0.8382393973214286,0.5073808431625366,0.9891679102530435,1.0,66.08796586661504,0.9691675167457731
panda_0510_lora,0.9959787023918969,0.9896937779017857,0.4907427132129669,0.9956323275504112,0.0,45.99011704017376,0.9961431690290863
panda_0511_lora,0.9906528272799083,0.9926496233258929,0.47647738456726074,0.9909916870727993,1.0,74.35959730477168,0.9808329675711838
panda_0512_lora,0.8788932242563793,0.9361659458705357,0.33401045203208923,0.9985256756281572,0.0,20.48842564944563,0.9962693978758419
panda_0513_lora,0.948497334761279,0.9559762137276786,0.5342158079147339,0.9726972656717602,1.0,72.1939223716999,0.9141697977103439
panda_0514_lora,0.9812387898564339,0.9843226841517857,0.553558886051178,0.9948921572835865,0.0,69.11299725236564,0.9928396757911233
panda_0515_lora,0.9980691490428788,0.9965384347098214,0.39965689182281494,0.997859051372953,0.0,69.6546165203226,0.9982938418201371
panda_0516_lora,0.9266885646751949,0.9434552873883929,0.4214076101779938,0.9862091327917385,1.0,76.6464422817888,0.9812400649575627
panda_0517_lora,0.917273539517607,0.9489658900669643,0.42683616280555725,0.9914580305613164,1.0,57.93156525184368,0.968287669911104
panda_0518_lora,0.9431018967713628,0.95513916015625,0.3602449595928192,0.987835695142106,1.0,65.86051677835398,0.976311414382037
panda_0519_lora,0.8153564924640315,0.9050728934151786,0.35740748047828674,0.9868858981560038,0.0,51.4144050335062,0.9754423160178989
panda_0520_lora,0.9970272449510438,0.9962332589285714,0.5997823476791382,0.9963971453298199,0.0,76.9038217478785,0.9969114883273256
panda_0521_lora,0.9420925836477961,0.9099469866071429,0.2589409053325653,0.9849977622926842,1.0,37.37495027739426,0.9820637011060528
panda_0522_lora,0.9747644822512355,0.9651925223214286,0.3534405529499054,0.9915118199389799,1.0,76.53158148403826,0.9865714737013275
panda_0523_lora,0.8081105364752668,0.8523123604910714,0.44063541293144226,0.9750515706082112,1.0,73.12608771488584,0.9704713279125737
panda_0524_lora,0.9954389791403498,0.9961983816964286,0.48752179741859436,0.9957485641826175,0.0,71.21722306876347,0.9949116346882839
panda_0525_lora,0.995743351323264,0.97314453125,0.48575109243392944,0.9968748636941421,0.0,76.60481525289602,0.9963272358856949
panda_0526_lora,0.9885243986334119,0.9839041573660714,0.46550631523132324,0.990441198447862,0.0,80.01663155391299,0.9795808100232891
panda_0527_lora,0.9392693298203605,0.9695608956473214,0.2594631612300873,0.9945707328738119,0.0,45.9336499181287,0.9923247879626704
panda_0528_lora,0.9391559905239514,0.9346662248883929,0.4798285961151123,0.9841328915714256,1.0,73.62013113087622,0.9783070938259948
panda_0529_lora,0.8898067506296294,0.9074271065848214,0.34982964396476746,0.9334149976096208,1.0,41.91542704352017,0.9158962100159889
panda_0530_lora,0.9822264005030904,0.9824044363839286,0.6078000068664551,0.9957908091789066,0.0,65.15405470749428,0.9958869747087067
panda_0531_lora,0.9701761677861214,0.9464198521205357,0.605273962020874,0.9908813295951393,1.0,72.96520180537783,0.9707651082207175
panda_0532_lora,0.8545722381344864,0.9170445033482143,0.33674919605255127,0.9882978234362655,1.0,70.06251236488079,0.9769148564806172
panda_0533_lora,0.9855701753071376,0.967041015625,0.437350869178772,0.9950887107981546,0.0,70.82231376911032,0.990676627439611
panda_0534_lora,0.9465408293264252,0.8881661551339286,0.323571115732193,0.9601943969361248,1.0,58.13142105628704,0.9424831839168772
panda_0535_lora,0.9472294705254691,0.9568394252232143,0.5438510775566101,0.9932543166171384,0.0,76.15162237759294,0.9670400469910865
panda_0536_lora,0.8608236621533122,0.92431640625,0.6288338899612427,0.9772274939623284,0.0,74.27156671984443,0.9782814512065813
panda_0537_lora,0.7760986281292779,0.9019949776785714,0.5107845664024353,0.9874500954561846,1.0,59.656299327981884,0.9713111372555003
panda_0538_lora,0.8137600113238607,0.8353097098214286,0.2920672595500946,0.911672863790281,1.0,40.12924904658877,0.8996967914057713
panda_0539_lora,0.8852324826376778,0.9178292410714286,0.40124765038490295,0.9452014666042698,1.0,43.148642967487206,0.9176424363080193
panda_0540_lora,0.9709969397102084,0.9662737165178571,0.529873251914978,0.9942322709332131,1.0,67.26291261870286,0.992033800424314
panda_0541_lora,0.7409025824495724,0.8002144949776786,0.29855456948280334,0.7922407969932097,1.0,45.245821525310646,0.7682135638068704
panda_0542_lora,0.978410888995443,0.9755336216517857,0.3748617172241211,0.9810410887111255,0.0,69.08154612574084,0.9757256451775046
panda_0543_lora,0.96276036969253,0.9782366071428571,0.44561925530433655,0.9924901258914356,1.0,36.634844418229726,0.9882115700665642
panda_0544_lora,0.8144562430679798,0.8739449637276786,0.3828248679637909,0.9808940619183036,1.0,50.80001738975788,0.9764720075270709
panda_0545_lora,0.8025943083422524,0.9298095703125,0.4491724371910095,0.984350068185661,1.0,42.587099733023805,0.9850722808463901
panda_0546_lora,0.7987517461712871,0.8816397530691964,0.5176953673362732,0.9736278849146497,1.0,72.83645971890154,0.9751397375966988
panda_0547_lora,0.8223040971372809,0.8731776646205357,0.1876223385334015,0.9896609664164812,0.0,76.69789281384698,0.9823697669833314
panda_0548_lora,0.9393947230918067,0.9128069196428571,0.33893144130706787,0.9873871188766639,1.0,56.93095779418945,0.9612450917561849
panda_0549_lora,0.7810575890221766,0.8371843610491071,0.4996987581253052,0.9784374960253867,1.0,64.04471811754951,0.9760775248209635
panda_0550_lora,0.9992650704724448,0.9970615931919643,0.5002971887588501,0.9961443716108238,0.0,64.73445208319302,0.9964636538542954
panda_0551_lora,0.670942308647292,0.7908848353794643,0.2566715180873871,0.9823391918198904,1.0,59.596539859114024,0.9724644511353736
panda_0552_lora,0.9809848910995892,0.9195295061383929,0.48100441694259644,0.9960980690019063,0.0,62.713658431480674,0.9944915748110005
panda_0553_lora,0.9388471224478313,0.9676513671875,0.7890047430992126,0.9778938687520948,0.0,77.71154364224138,0.9741935449488023
panda_0554_lora,0.9888513865215438,0.9936959402901786,0.43361565470695496,0.9957674683789114,0.0,72.22364123114224,0.9940893547207701
panda_0555_lora,0.849613042814391,0.9507184709821429,0.3476090133190155,0.9744612479406828,0.0,43.48702075563628,0.9706232949799183
panda_0556_lora,0.959922585104193,0.7904096330915179,0.30006659030914307,0.9820206866467207,0.0,78.2272062630489,0.9698855923671349
panda_0557_lora,0.9713059812784195,0.9184134347098214,0.2846119999885559,0.9979128115255183,0.0,55.47843446402714,0.9974201742340537
panda_0558_lora,0.9791081558380809,0.9650181361607143,0.5376152992248535,0.9943898842255919,1.0,69.93496835642847,0.9919746950560925
panda_0559_lora,0.914273341851575,0.9203578404017857,0.42319801449775696,0.9896110438700053,1.0,75.88341022359914,0.9723352338753495
panda_0560_lora,0.686374246808035,0.8668125697544643,0.39127299189567566,0.9682753100572493,1.0,47.74218651344036,0.961684305527631
panda_0561_lora,0.9869796718869891,0.9868687220982143,0.5288992524147034,0.9912810094657521,0.0,64.4440012964709,0.9709402701433967
panda_0562_lora,0.9953239453690392,0.9892578125,0.5050235390663147,0.9934429534033165,0.0,69.89801472630994,0.9905466107761158
panda_0563_lora,0.9368781607065882,0.94989013671875,0.4856475293636322,0.9865302726659574,1.0,58.52093163852034,0.9602428772870232
panda_0564_lora,0.8499027341604233,0.8423636300223214,0.37232545018196106,0.993016248733735,1.0,47.41181932646653,0.9886510362812116
panda_0565_lora,0.9947380998304912,0.97772216796875,0.12705202400684357,0.9963628743431133,0.0,76.81512556404903,0.9968893855225807
panda_0566_lora,0.9657627525074142,0.9530988420758929,0.2429661899805069,0.9848167308122501,1.0,61.06282740625842,0.9762588613173541
panda_0567_lora,0.9369561736072812,0.8930228097098214,0.3887549936771393,0.9914470316371741,1.0,68.38117073322165,0.9848689930111754
panda_0568_lora,0.9146714412740299,0.9458966936383929,0.3924795985221863,0.9921421795881814,0.0,72.24055704577216,0.985225175408756
panda_0569_lora,0.8846892054591861,0.9369942801339286,0.46668457984924316,0.9685806976035607,1.0,57.286331571381666,0.9326575709324257
panda_0570_lora,0.991500236093998,0.9867728097098214,0.5046537518501282,0.9930151311659813,0.0,63.14455887366985,0.9881110023049747
panda_0571_lora,0.9138075656124524,0.8680594308035714,0.2699992060661316,0.9959310192760331,1.0,31.589316861382848,0.9956846830891628
panda_0572_lora,0.9797419277685029,0.9288242885044643,0.1884903609752655,0.9979376940078917,0.0,33.12423692900559,0.9750155916400984
panda_0573_lora,0.817421203745263,0.8883841378348214,0.4832134246826172,0.9864511937587535,0.0,58.16663307979189,0.9816503580878763
panda_0574_lora,0.9823354642306056,0.9703456333705357,0.6309314370155334,0.9917354784461861,1.0,76.33412643958782,0.9844436617458567
panda_0575_lora,0.987245320209435,0.9740949358258929,0.4485960006713867,0.9940000461990351,1.0,59.21262675318225,0.9898199212317373
panda_0576_lora,0.9970579934971673,0.9911411830357143,0.6905796527862549,0.9955443202588193,0.0,69.615829730856,0.9897927910673852
panda_0577_lora,0.9686734761510577,0.9725167410714286,0.5428348183631897,0.9916437261336158,1.0,78.01689411031789,0.9783020730112113
panda_0578_lora,0.9845171868801117,0.9842616489955357,0.5081406831741333,0.9939556315314587,0.0,73.81251946811018,0.984543285182878
panda_0579_lora,0.6916133756084102,0.8261195591517857,0.48413026332855225,0.9720479985530537,1.0,51.05122513606631,0.9548065110748889
panda_0580_lora,0.9124871981995446,0.8942522321428571,0.299446702003479,0.9841327524599583,1.0,60.15766170107085,0.9668248307471182
panda_0581_lora,0.7972245807094234,0.9020821707589286,0.43355995416641235,0.9876031702077198,1.0,31.476955545359644,0.9645058501000497
panda_0582_lora,0.9501706595931735,0.9618181501116071,0.4280046820640564,0.9913259618751347,1.0,70.79918539113012,0.968465352525898
panda_0583_lora,0.9908636308142117,0.9935041155133929,0.672864556312561,0.9951021419518662,0.0,70.12806464885843,0.9869400005714566
panda_0584_lora,0.8943689625178065,0.8837018694196429,0.45643293857574463,0.9887864488410214,0.0,60.95448290068528,0.9843350307614196
panda_0585_lora,0.966323451272079,0.9656720842633929,0.5068607926368713,0.9949180345883011,0.0,71.123019645954,0.9903956899455949
panda_0586_lora,0.9920975182737622,0.99554443359375,0.4962022006511688,0.9950534089837858,0.0,65.71396347572063,0.9956118074117922
panda_0587_lora,0.8589098889912877,0.9074619838169643,0.4487666189670563,0.9809434951197359,1.0,68.04632949829102,0.9649311813653684
panda_0588_lora,0.7199878367994513,0.8708844866071429,0.30728867650032043,0.9485472231761294,1.0,58.14089847433156,0.9036226010790058
panda_0589_lora,0.7901033061955657,0.8600943429129464,0.2835918366909027,0.9917667535096304,0.0,38.37704520389951,0.9873196377473719
panda_0590_lora,0.8048147197280612,0.9175938197544643,0.4360692501068115,0.9761279185819627,1.0,69.05197090938174,0.8971562778248506
panda_0591_lora,0.9690288443650518,0.9537179129464286,0.6643620133399963,0.9941432115380874,0.0,73.31598847487876,0.992597996487337
panda_0592_lora,0.9769475970949445,0.93829345703125,0.4368205964565277,0.9950188859598327,1.0,55.90571094381398,0.9921949961606193
panda_0593_lora,0.9251095333269664,0.86517333984375,0.3728259205818176,0.984856526277712,1.0,63.27477580103381,0.9625353457880955
panda_0594_lora,0.947623576436724,0.96820068359375,0.27192389965057373,0.9951655858991566,1.0,63.761368455557985,0.988746155944525
panda_0595_lora,0.9962879174521991,0.9925624302455357,0.5416095852851868,0.994426458617635,0.0,69.62283193654028,0.994027224709006
panda_0596_lora,0.9500907680818013,0.9097987583705357,0.35813599824905396,0.9900229094375465,1.0,49.04106455835803,0.9801460752300187
panda_0597_lora,0.7287415896675417,0.8134765625,0.4537661671638489,0.9672259382519034,1.0,41.17023014200145,0.9500014398612228
panda_0598_lora,0.9581260915313449,0.9676077706473214,0.398048460483551,0.9939053872751024,0.0,73.61775707376414,0.9923611968171363
panda_0599_lora,0.8473130640174661,0.9193028041294643,0.21637794375419617,0.9931295256818006,1.0,57.08577570421942,0.9783424377441406
panda_0600_lora,0.9963984925832067,0.9646083286830357,0.38233301043510437,0.9964348045575068,0.0,69.75768911427465,0.9952798273049149
panda_0601_lora,0.8044814275843757,0.8681117466517857,0.4353594481945038,0.98316653961932,1.0,50.39304641197468,0.9793132407992494
panda_0602_lora,0.7973085455596447,0.8818315778459821,0.46832364797592163,0.9789157722383826,1.0,48.089693003687366,0.9717268756791657
panda_0603_lora,0.8251374140381813,0.8076607840401786,0.367421418428421,0.9928494178453967,1.0,46.495375863437,0.9891515376521092
panda_0604_lora,0.9266976703490529,0.9165126255580357,0.40639615058898926,0.9817852146534362,0.0,76.8099857198781,0.9756244117138433
panda_0605_lora,0.9716896734067372,0.97918701171875,0.5637985467910767,0.9919448276439314,1.0,74.52348248711948,0.9917938531613817
panda_0606_lora,0.9337666258215904,0.9754289899553571,0.42755454778671265,0.9895013931721193,0.0,75.50364264126482,0.9875835848789589
panda_0607_lora,0.994764122579779,0.9913591657366071,0.3653220534324646,0.9949860360142989,0.0,71.04226132096916,0.9907000943726184
panda_0608_lora,0.9041461816855839,0.9372645786830357,0.4863779544830322,0.991504426690548,1.0,57.979502316178944,0.981424565408744
panda_0609_lora,0.9145567108477864,0.9096941266741071,0.3941017687320709,0.9918761643279107,0.0,47.168380342680834,0.9893871821609198
panda_0610_lora,0.9841449101056371,0.9837210518973214,0.4773951470851898,0.9899936588551018,0.0,71.65403063543911,0.9810368369607364
panda_0611_lora,0.8003640472888947,0.8822195870535714,0.4900619089603424,0.9681453023249899,1.0,61.000931180756666,0.9646913304048426
panda_0612_lora,0.9748907142451831,0.9008963448660714,0.5054867267608643,0.9931226510035104,0.0,77.51777596309267,0.9802465607138241
panda_0613_lora,0.9995611842189517,0.9837908063616071,0.42293277382850647,0.9987010336987359,0.0,58.751544557768725,0.9988283497445724
panda_0614_lora,0.9780991854412215,0.97454833984375,0.4372943937778473,0.9938905640715153,0.0,49.1984951413911,0.9857123720879648
panda_0615_lora,0.972922682762146,0.9643729073660714,0.5193763375282288,0.9955096604614068,1.0,73.23542838261045,0.9907334898032394
panda_0616_lora,0.9056990668177605,0.94464111328125,0.44515103101730347,0.98225830376221,1.0,52.4941967931287,0.9582837684481752
panda_0617_lora,0.9906200436609132,0.9822736467633929,0.7058408260345459,0.9957499721309464,1.0,52.92455844221444,0.9929394413443172
panda_0618_lora,0.9898999056645802,0.9704938616071429,0.5284343361854553,0.9933943964872274,1.0,71.99281758275525,0.9923569623161764
panda_0619_lora,0.8870310038328171,0.9835379464285714,0.33110156655311584,0.9928344300460569,1.0,53.86759041095602,0.9806946548761106
panda_0620_lora,0.7278437883194003,0.85986328125,0.38788995146751404,0.9952314349551252,1.0,38.98624479359594,0.9879942043154848
panda_0621_lora,0.9751658013888768,0.9713309151785714,0.47124597430229187,0.9965398704219937,0.0,28.984899849727235,0.9953469084758385
panda_0622_lora,0.8692465600158487,0.9378836495535714,0.45053476095199585,0.9891894489165859,1.0,53.44491590302566,0.964897492352654
panda_0623_lora,0.9292898252606392,0.9498814174107143,0.44506776332855225,0.9900393526467745,1.0,77.36143861967942,0.9802487279854569
panda_0624_lora,0.8787000892417771,0.9270193917410714,0.42528629302978516,0.9792188161656222,1.0,32.122160878674734,0.9595365112903071
panda_0625_lora,0.8990659644561154,0.9470127650669643,0.45854324102401733,0.9718830574764629,0.0,76.83524848674905,0.9681284661386528
panda_0626_lora,0.9945668716515813,0.9918648856026786,0.3705803453922272,0.9956363358310739,0.0,74.88064127954944,0.9947085511450674
panda_0627_lora,0.9898334475500243,0.9685930524553571,0.523685872554779,0.981927794789123,0.0,64.42351387287009,0.927204184438668
panda_0628_lora,0.7819992208055088,0.8636213030133929,0.39589419960975647,0.9811803523826731,1.0,41.68471757296858,0.9004622365914139
panda_0629_lora,0.9878504680735725,0.9675031389508929,0.5070580840110779,0.9930861329574564,1.0,76.1540677300815,0.9833418920928356
panda_0630_lora,0.9813929796218872,0.9602748325892857,0.6737009882926941,0.9900007984296817,1.0,78.27408547237002,0.9788754238801844
panda_0631_lora,0.8752125892788172,0.9453299386160714,0.5781973004341125,0.9874807836796579,0.0,57.36513782369679,0.9841889830196605
panda_0632_lora,0.9935551764709609,0.9811750139508929,0.4138355851173401,0.9958234772274294,0.0,71.22416555470434,0.9943976977292229
panda_0633_lora,0.9220145781125341,0.9699271065848214,0.5092285871505737,0.9942831515953069,1.0,41.43402573158001,0.9658924027985217
panda_0634_lora,0.988756462931633,0.9847935267857143,0.4412303566932678,0.9965849617090425,0.0,24.592769293949523,0.9966220554183511
panda_0635_lora,0.9640271003757205,0.9920131138392857,0.3554147779941559,0.9961569732393492,1.0,69.55379749166555,0.9911825301600438
panda_0636_lora,0.9940187068922179,0.9790475027901786,0.5917709469795227,0.9951636619524946,0.0,75.44255276384025,0.9922184313044828
panda_0637_lora,0.8180906687464032,0.8798304966517857,0.4374667704105377,0.9716644312973587,1.0,37.01441948989342,0.9483108109118892
panda_0638_lora,0.9878279194235802,0.9795619419642857,0.5172815918922424,0.9960705864210001,1.0,60.8005705208614,0.9935486396153768
panda_0639_lora,0.978505192058427,0.9792393275669643,0.3343473970890045,0.9960744892575085,1.0,54.939739358836206,0.9918986984327728
panda_0640_lora,0.998834955905165,0.99627685546875,0.4663708806037903,0.9964064968936293,0.0,76.44585208235115,0.9962162583482032
panda_0641_lora,0.9894952976277896,0.9933646065848214,0.34028494358062744,0.9965237164243369,0.0,32.96293561211948,0.9980416588923511
panda_0642_lora,0.8276408793670791,0.86187744140625,0.5073229670524597,0.9828876351555579,1.0,52.52886101295208,0.9629944707833085
panda_0643_lora,0.9481359315770013,0.9857003348214286,0.36792826652526855,0.9916500810727602,0.0,66.45614295170225,0.9317925322289561
panda_0644_lora,0.979419584785189,0.9790126255580357,0.4235067069530487,0.9950377476043837,1.0,42.96070033106311,0.9847973262562472
panda_0645_lora,0.9916058704257011,0.9772251674107143,0.3547092080116272,0.9961326991066192,0.0,64.48597967213598,0.9810765247718961
panda_0646_lora,0.8227503714816911,0.93939208984375,0.34742796421051025,0.9614185864984348,1.0,47.03910130467908,0.9274414511287914
panda_0647_lora,0.8573098863874163,0.9250924246651786,0.2436584234237671,0.972768847055382,0.0,70.65864089439656,0.9639305451337029
panda_0648_lora,0.8515071107872895,0.8516104561941964,0.43597495555877686,0.9718529200876397,1.0,60.75676424749966,0.9470309014413871
panda_0649_lora,0.9945232644677162,0.97650146484375,0.3380938470363617,0.9970264683063396,0.0,59.67611865339608,0.9966280862396839
panda_0650_lora,0.9762878130589213,0.9902430943080357,0.46598032116889954,0.9951370535527245,1.0,51.384088318923425,0.9950124245063932
panda_0651_lora,0.9500829130411148,0.8651384626116071,0.28805023431777954,0.9913182452802167,1.0,50.41415234269767,0.9834039912504309
panda_0652_lora,0.9684673920273781,0.9724208286830357,0.505689799785614,0.9916478753961521,1.0,72.34044489367255,0.9813544983957329
panda_0653_lora,0.8008628688486559,0.8705400739397321,0.38157516717910767,0.9799170409349637,0.0,65.91829431468042,0.9751115219265807
panda_0654_lora,0.8379586801997253,0.8699428013392857,0.2954563796520233,0.9932392170610231,0.0,42.180470170645876,0.9929758880652634
panda_0655_lora,0.8026082648762635,0.86712646484375,0.37928274273872375,0.9867460041575391,0.0,37.26950823027512,0.9907665467729756
panda_0656_lora,0.9779411586267608,0.9434029715401786,0.5269293189048767,0.9933522875629953,1.0,62.823507111648034,0.9885369815078436
panda_0657_lora,0.9861729655947004,0.9893973214285714,0.42035412788391113,0.9957631411939776,1.0,66.88539412925984,0.9961890106107675
panda_0658_lora,0.7190657673137528,0.8274972098214286,0.34641921520233154,0.9574368938948443,1.0,53.655230423499795,0.9209467195997051
panda_0659_lora,0.921945372330291,0.9022129603794643,0.6032355427742004,0.9836149807479082,1.0,73.76526457687905,0.9559009028416053
panda_0660_lora,0.9811152400715011,0.8998936244419643,0.4948466122150421,0.9948110697938363,0.0,76.22034243879646,0.9931274315890144
panda_0661_lora,0.8211752037916865,0.8914271763392857,0.3059982359409332,0.9864558545774078,1.0,35.729634449399754,0.9796353209252451
panda_0662_lora,0.9751244570527758,0.9783673967633929,0.5155385732650757,0.9943617322730374,1.0,71.0012304371801,0.9854261837753595
panda_0663_lora,0.7051789151238543,0.8156563895089286,0.4550766050815582,0.9938601921805047,1.0,44.15931642466578,0.9865000649994495
panda_0664_lora,0.9990082234144211,0.9938528878348214,0.27435341477394104,0.9964258483508254,0.0,70.81428264749461,0.9968527824270959
panda_0665_lora,0.9301214282001767,0.9707990373883929,0.3660528361797333,0.9926399124687267,1.0,61.7873403614965,0.9899364695829503
panda_0666_lora,0.9454383679798671,0.9681832449776786,0.37807536125183105,0.9838451983023444,1.0,67.38980707628974,0.9766445122513117
panda_0667_lora,0.9386806488037109,0.96234130859375,0.5215237140655518,0.9929044681106952,1.0,72.39962373930832,0.9723324401705873
panda_0668_lora,0.9982856256621224,0.9950910295758929,0.38614851236343384,0.9951797362240836,0.0,74.0195409840551,0.9948329247680365
panda_0669_lora,0.8739368143890586,0.9617396763392857,0.4909408688545227,0.9548679780739753,1.0,37.93805516999343,0.9427700753305472
panda_0670_lora,0.8300487537469182,0.9362008231026786,0.376764714717865,0.9921657771014388,1.0,46.90579605102539,0.9663819817935719
panda_0671_lora,0.939876492534365,0.9102608816964286,0.45467260479927063,0.9884753722202021,1.0,72.39809102025525,0.9835365201912675
panda_0672_lora,0.9777168748634202,0.98272705078125,0.47376370429992676,0.9954721412803904,0.0,77.2165061687601,0.9937892586577173
panda_0673_lora,0.8949467209833009,0.91741943359375,0.2567141652107239,0.9674625818209228,1.0,65.20732563939588,0.9574347178141276
panda_0674_lora,0.7206228402044091,0.8619733537946429,0.4071430265903473,0.9943924078712681,1.0,35.435069117052805,0.9910658266030106
panda_0675_lora,0.8543911374041012,0.8978969029017857,0.47089049220085144,0.9786562206346214,1.0,78.49937728355671,0.9738412857055664
panda_0676_lora,0.8724641597696713,0.96075439453125,0.47332459688186646,0.992486699073326,1.0,36.028555442546974,0.9858775643741383
panda_0677_lora,0.9787142180970737,0.9610682896205357,0.39159056544303894,0.98768032166125,1.0,67.91967102576946,0.9825519804861031
panda_0678_lora,0.6451138322507697,0.7845546177455357,0.4431479871273041,0.982552210053359,1.0,50.479322795210216,0.9684808506685145
panda_0679_lora,0.9721690033163343,0.9610159737723214,0.5071588158607483,0.9911689924701184,0.0,67.4864062605233,0.9869850392435111
panda_0680_lora,0.9438666946121624,0.9344831194196429,0.5758383274078369,0.9919596952696677,1.0,72.05514079126819,0.9867002103842941
panda_0681_lora,0.6212455491934504,0.9174717494419643,0.5867239832878113,0.9612170806156329,1.0,65.27974490461678,0.9562868492276061
panda_0682_lora,0.9765890315175056,0.9631609235491071,0.4683697521686554,0.9771578905333501,1.0,79.36854395373115,0.9359120462455002
panda_0683_lora,0.8204733644212995,0.8900059291294643,0.42237526178359985,0.9863167910393325,0.0,51.18847412898623,0.979405896803912
panda_0684_lora,0.9966796413064003,0.9895193917410714,0.7014197707176208,0.9955404305151547,0.0,75.8250090500404,0.992687775106991
panda_0685_lora,0.9929428962724549,0.9669712611607143,0.3153919279575348,0.9975293649110285,1.0,47.32789638124663,0.9857160970276477
panda_0686_lora,0.9276822049702916,0.9270717075892857,0.4160579741001129,0.9795507527263042,1.0,71.59777634719322,0.9398407468608782
panda_0687_lora,0.9953888825007847,0.9927193777901786,0.4798692464828491,0.9965870567978795,0.0,72.89936986462823,0.9975491668663773
panda_0688_lora,0.9974992147513798,0.9948904854910714,0.5362610816955566,0.9961960553786151,0.0,63.406646728515625,0.9961426115503498
panda_0689_lora,0.9166390299797058,0.9399239676339286,0.5193387269973755,0.9819106076257961,1.0,63.91333770751953,0.9393365373798445
panda_0690_lora,0.940330622451646,0.9586879185267857,0.5151795148849487,0.9957875095484241,1.0,58.290334109602306,0.9906495019501331
panda_0691_lora,0.7793781086802483,0.8457815987723214,0.4673904478549957,0.9417763325616036,1.0,44.58082751570077,0.9386108435836493
panda_0692_lora,0.8241082669368812,0.9059273856026786,0.41802313923835754,0.978878149717419,0.0,45.50317415697821,0.9763543484257716
panda_0693_lora,0.7564277747379882,0.8965977260044643,0.396965891122818,0.9705768562098985,1.0,43.13507330006566,0.9572125341378006
panda_0694_lora,0.9772173943264144,0.9296003069196429,0.4132077395915985,0.9835768218879432,1.0,65.9524425638133,0.9694052041745653
panda_0695_lora,0.9286562300154141,0.9241158621651786,0.316646009683609,0.9887871560883968,1.0,58.78477649031014,0.9624562506582223
panda_0696_lora,0.9383102208375931,0.9710431780133929,0.5177247524261475,0.9907877279183576,1.0,64.82970770474138,0.9849336427800796
panda_0697_lora,0.9303311109542847,0.9105050223214286,0.3850991725921631,0.994662385353447,0.0,72.93763548752358,0.9822617025936351
panda_0698_lora,0.9678211627261979,0.97113037109375,0.4202004075050354,0.9909970539698252,1.0,61.64972029061153,0.9791537247452081
panda_0699_lora,0.9477287892784391,0.9740774972098214,0.33639654517173767,0.9887309068926716,1.0,46.08667899822367,0.9831816374086866
panda_0700_lora,0.9224657033170972,0.9209769112723214,0.5132029056549072,0.9824813567253824,0.0,74.46713177911167,0.9805534250595991
panda_0701_lora,0.9897010060293334,0.9897635323660714,0.49062633514404297,0.9943274797565929,0.0,71.4355082018622,0.9920576955757889
panda_0702_lora,0.9794034606644085,0.9452253069196429,0.4095866084098816,0.9891486008799887,1.0,60.84469354563746,0.9694686852249444
panda_0703_lora,0.9605728877442223,0.9619227818080357,0.5672904849052429,0.9955280697014383,0.0,73.87393056935278,0.9931630718941782
panda_0704_lora,0.9531820331301007,0.96514892578125,0.597198486328125,0.995506007324137,0.0,69.73833702350485,0.9934695500953524
panda_0705_lora,0.8016702758946589,0.9059186662946429,0.2149064838886261,0.9917420709269285,0.0,52.84949453945818,0.9839407995635387
panda_0706_lora,0.8827824156199183,0.8463134765625,0.44214990735054016,0.9865802192939142,1.0,62.305934774464575,0.9750742631800035
panda_0707_lora,0.9982949261154447,0.9973406110491071,0.47316551208496094,0.9970066244646897,0.0,64.26478800280341,0.9986574002340728
panda_0708_lora,0.9831566789320537,0.9586966378348214,0.5786013007164001,0.9871789003395162,0.0,70.65224430478852,0.9828056092355766
panda_0709_lora,0.8945169395634106,0.9484340122767857,0.4553946852684021,0.9815748421096537,1.0,75.89723363415948,0.9683006548414044
panda_0710_lora,0.8948979686413493,0.9248744419642857,0.4283004701137543,0.9927716306875315,1.0,36.47314295275458,0.9861267482533175
panda_0711_lora,0.5970941499939987,0.8561924525669643,0.4372928738594055,0.9609004297164914,1.0,40.66295666530215,0.9431921528834922
panda_0712_lora,0.991061806678772,0.9838518415178571,0.44607076048851013,0.9987449300299714,0.0,36.91207925204573,0.9944410151126338
panda_0713_lora,0.9592407281909671,0.9578159877232143,0.3316299021244049,0.9961714242320859,1.0,40.774901949126146,0.9816665929906508
panda_0714_lora,0.9619571055684771,0.9181169782366071,0.4229263365268707,0.9881206777248827,1.0,77.94565608583648,0.9732443360721363
panda_0715_lora,0.8504389904971633,0.9046805245535714,0.4816434383392334,0.9623700413659054,1.0,75.89284199681775,0.9438770855174345
panda_0716_lora,0.9543608554771968,0.9578508649553571,0.5458257794380188,0.9946906275531046,1.0,47.54541568098397,0.9846511466830384
panda_0717_lora,0.702874024531671,0.88128662109375,0.4393932819366455,0.9928852997195139,1.0,36.35388065206593,0.9888476549410352
panda_0718_lora,0.9912947384374482,0.9892490931919643,0.5505200624465942,0.993819664918585,0.0,65.65540392645474,0.9873456450069652
panda_0719_lora,0.7817719568099294,0.8825334821428571,0.6053173542022705,0.9792527719888704,1.0,67.98134823503166,0.9716813498852299
panda_0720_lora,0.9627270485673632,0.9561854771205357,0.30875256657600403,0.9967239394422299,1.0,34.70683696352202,0.9936546881993612
panda_0721_lora,0.993458706353392,0.9841831752232143,0.7145124077796936,0.9945485189936017,0.0,70.72101382551521,0.9896843424030378
panda_0722_lora,0.7348314366702523,0.8701346261160714,0.48945751786231995,0.9887320359166636,1.0,40.57679587397082,0.9797899695003733
panda_0723_lora,0.6572492729340281,0.8362339564732143,0.595634400844574,0.989923487524016,1.0,48.663383352345434,0.990371290842692
panda_0724_lora,0.7988720227565084,0.8730207170758929,0.36991575360298157,0.9795385885390481,1.0,33.52811287189352,0.9819082540624282
panda_0725_lora,0.9919798927647727,0.9899379185267857,0.49199700355529785,0.9959515203316903,0.0,64.17325394729087,0.9931017604528689
panda_0726_lora,0.9803071713873318,0.9802769252232143,0.4824608862400055,0.9813100348980404,1.0,67.90090389909416,0.9653011060228535
panda_0727_lora,0.9866798637168748,0.9697963169642857,0.39418938755989075,0.9922032626151421,0.0,74.49689431026064,0.9785019706277286
panda_0728_lora,0.9948408167277064,0.9822910853794643,0.3449176847934723,0.9909527702306884,0.0,71.62138103616648,0.9875102379742791
panda_0729_lora,0.9572816991380283,0.9646955217633929,0.5166392922401428,0.993725577871373,1.0,64.14829543541218,0.9910008944717108
panda_0730_lora,0.986421497804778,0.9915684291294643,0.45539236068725586,0.9944596620699562,0.0,74.97708971747036,0.9881823642581117
panda_0731_lora,0.7942152180309806,0.8718348911830357,0.3743039667606354,0.9647327051480314,1.0,72.27618039887527,0.9463945687985887
panda_0732_lora,0.9770734693322863,0.9828316824776786,0.5404906868934631,0.9942981695549481,0.0,55.02884831921808,0.9923857380362118
panda_0733_lora,0.7859286884112018,0.935791015625,0.3222716748714447,0.9932901652915439,0.0,48.60892190604374,0.9802615782793831
panda_0734_lora,0.8077262967292752,0.8849748883928571,0.3371012210845947,0.9948563210006224,0.0,48.008768278976966,0.9830064717461081
panda_0735_lora,0.7773891051432916,0.8677237374441964,0.5868408679962158,0.9858160266978052,1.0,54.73739505636281,0.964695728526396
panda_0736_lora,0.7384427400039775,0.8266688755580357,0.5002464056015015,0.980436511209719,1.0,58.718589782714844,0.9772464060315899
panda_0737_lora,0.7921942903527192,0.8894740513392857,0.40410006046295166,0.9942850107791514,0.0,51.297935485839844,0.9831345520767512
panda_0738_lora,0.8742508829704353,0.9764927455357143,0.3667978346347809,0.9834123528551378,0.0,69.43892998530947,0.9886359869265089
panda_0739_lora,0.940635184092181,0.9498465401785714,0.5350450873374939,0.9907044034226938,1.0,73.32316852438039,0.983526725395053
panda_0740_lora,0.8851229452661106,0.9354335239955357,0.31423020362854004,0.9908901822280728,1.0,63.67100222357388,0.9730013286366183
panda_0741_lora,0.9913441890052387,0.9701276506696429,0.42129403352737427,0.9865198474889422,0.0,69.81826676993535,0.9665103014777688
panda_0742_lora,0.9779785041298185,0.9350760323660714,0.4732348620891571,0.9930220483960145,0.0,61.37280115587958,0.991240914662679
panda_0743_lora,0.8405838912086827,0.8798304966517857,0.517566442489624,0.9542768932158867,1.0,75.06787359303442,0.9355546390309053
panda_0744_lora,0.884178205792393,0.90777587890625,0.4330095946788788,0.9899244021526881,1.0,70.8144215550916,0.9618844312780044
panda_0745_lora,0.9962932765483856,0.9947858537946429,0.22314311563968658,0.9965420753971995,0.0,49.01312584712588,0.9974062272146637
panda_0746_lora,0.9428663530520031,0.9759608677455357,0.48325005173683167,0.9932642363168558,0.0,68.18047424842571,0.9914335877287621
panda_0747_lora,0.9956400979842458,0.9878888811383929,0.609219491481781,0.9940734477217703,0.0,73.41572912808122,0.9917147047379438
panda_0748_lora,0.8413742695535932,0.9007132393973214,0.35597509145736694,0.9763004586516765,0.0,60.22939774085735,0.9834565517949123
panda_0749_lora,0.7980507157210793,0.8984723772321429,0.5408074855804443,0.9715820225993709,1.0,61.63982878060177,0.9582198984482709
panda_0750_lora,0.9946296364068985,0.9899727957589286,0.6413508057594299,0.9957071204216196,0.0,75.4731032272865,0.992913875392839
panda_0751_lora,0.8973810427955219,0.9377702985491071,0.4988320469856262,0.9672656044255309,1.0,66.60244566818764,0.9547109379487879
panda_0752_lora,0.839075677629028,0.8689923967633929,0.4756069779396057,0.9849129697618898,0.0,71.67318751894194,0.9826543003905053
panda_0753_lora,0.9967656231352261,0.9908534458705357,0.4408150613307953,0.9960526791512545,0.0,77.22287197770744,0.9947986518635469
panda_0754_lora,0.8441078998148441,0.9001116071428571,0.3767858147621155,0.9821710560893695,0.0,66.34553475215517,0.9702345249699611
panda_0755_lora,0.9942202748996871,0.9788556780133929,0.7467593550682068,0.9930265149262162,0.0,71.88680767190867,0.969365125543931
panda_0756_lora,0.9208453553063529,0.95574951171875,0.35344716906547546,0.9829702626910807,1.0,75.32574725973195,0.966040626226687
panda_0757_lora,0.9491332535232816,0.9689592633928571,0.3995681703090668,0.9902407198857107,1.0,66.55472919858735,0.9728876151290594
panda_0758_lora,0.9424566136939185,0.9639195033482143,0.5037609934806824,0.9783693412260738,1.0,64.79146457540578,0.9733870898976046
panda_0759_lora,0.9695042339818818,0.94952392578125,0.46863651275634766,0.9928333875283554,1.0,53.774701085583914,0.9855311674230239
panda_0760_lora,0.9976399519613811,0.9960239955357143,0.5035678744316101,0.996360986635573,0.0,70.38216242296943,0.9965246997627557
panda_0761_lora,0.7844598995787757,0.941650390625,0.2421252727508545,0.9681399835909257,1.0,57.21570495079304,0.9601720660340552
panda_0762_lora,0.9813147155301911,0.9751063755580357,0.6124096512794495,0.9921739185123836,0.0,65.07319075485756,0.986901471194099
panda_0763_lora,0.9758974303092275,0.94622802734375,0.45757246017456055,0.9833131341144898,1.0,72.71016798348262,0.9685537712246763
panda_0764_lora,0.9951411794338908,0.9932599748883929,0.5409640073776245,0.9910597813177088,0.0,78.23596770187905,0.9869676898507511
panda_0765_lora,0.8933545420212405,0.9438302176339286,0.5572020411491394,0.9960474408446605,0.0,50.273008543869544,0.9919747941634234
panda_0766_lora,0.7629496729267495,0.8854544503348214,0.41047969460487366,0.9821850913843101,0.0,51.41197329554065,0.9830344106636796
panda_0767_lora,0.9702613864626203,0.9945765904017857,0.5576024651527405,0.9935533838268213,0.0,80.12234918002424,0.9916962352453493
panda_0768_lora,0.9873670041561127,0.9914114815848214,0.31771954894065857,0.9994547036229021,0.0,25.92019778284533,0.9991956683934904
panda_0769_lora,0.963428082210677,0.9716796875,0.5145621299743652,0.9913948007755452,1.0,43.35836463138975,0.9752167944814645
panda_0770_lora,0.9958330488630703,0.9868948800223214,0.5567236542701721,0.9935584949457882,0.0,74.7896631175074,0.9853512427386115
panda_0771_lora,0.721469121319907,0.7782810756138393,0.36898115277290344,0.97855407120113,1.0,67.33825144274482,0.9634252136828853
panda_0772_lora,0.9851360299757549,0.9881678989955357,0.1202603206038475,0.9963562493640619,0.0,40.302187294795594,0.9939976004993214
panda_0773_lora,0.9825056376201766,0.9384416852678571,0.45030587911605835,0.9954419648468361,1.0,69.58878760502256,0.9930426737841438
panda_0774_lora,0.9399297109672001,0.9185006277901786,0.15434865653514862,0.9901271520894682,0.0,73.25631661250674,0.9812262834287158
panda_0775_lora,0.9957133222903524,0.9864589146205357,0.40614551305770874,0.9949763779376601,0.0,49.483439873004784,0.9914428505243039
panda_0776_lora,0.9919961925063815,0.9850551060267857,0.6275151968002319,0.9966270357969577,0.0,78.45396817963699,0.9958853824465883
panda_0777_lora,0.9931312426924706,0.9891531808035714,0.5186423063278198,0.992770253834707,0.0,76.42338430470434,0.985389612235275
panda_0778_lora,0.8066503671663148,0.8539603097098214,0.4314150810241699,0.9690491504427626,1.0,61.749078553298425,0.9652962104946959
panda_0779_lora,0.9707523424710546,0.9758126395089286,0.4687444269657135,0.9882457059680175,1.0,59.96185460583917,0.9824898476694145
panda_0780_lora,0.6999543508780854,0.8801356724330357,0.5136470794677734,0.9708460368990011,1.0,57.85732124591696,0.9606148476694144
panda_0781_lora,0.9776883976800101,0.9679129464285714,0.7059260606765747,0.9852853239319231,1.0,67.90242938337654,0.9580737618839039
panda_0782_lora,0.8314620591700077,0.9470127650669643,0.3076043725013733,0.990714385547221,0.0,62.29445069411705,0.9902596800935035
panda_0783_lora,0.5333200522831508,0.8059430803571429,0.4229043126106262,0.986601246635139,1.0,39.0592633609114,0.9848365082460291
panda_0784_lora,0.9858823333467756,0.9690900530133929,0.5622341632843018,0.9937916509084938,1.0,78.00877880227976,0.9886979710822011
panda_0785_lora,0.8245353171867984,0.9521484375,0.3864830732345581,0.9625592488598004,1.0,66.4477231255893,0.9690498782139199
panda_0786_lora,0.8336565422692469,0.9059971400669643,0.5418661832809448,0.9744681600270985,1.0,75.33683540081155,0.9714665599897796
panda_0787_lora,0.9671088467751231,0.8982020786830357,0.4203188717365265,0.9871171032849572,1.0,52.02826164508688,0.9704594911313524
panda_0788_lora,0.8054434002510139,0.9380929129464286,0.34765300154685974,0.9954067182094526,1.0,25.43704743220888,0.9934324699289658
panda_0789_lora,0.7754696266991752,0.8908778599330357,0.32992422580718994,0.9364032159672095,1.0,37.81396602762157,0.888482598697438
panda_0790_lora,0.9829385599919728,0.9896153041294643,0.4212784469127655,0.9946538859935,1.0,73.02548244081694,0.991704854778215
panda_0791_lora,0.9549719382609639,0.9491228376116071,0.638062596321106,0.9892336260425645,1.0,71.91266658388335,0.9764474045996573
panda_0792_lora,0.8391185152743544,0.9032156808035714,0.44081541895866394,0.9772318580877863,1.0,64.43022945009429,0.9582611046585382
panda_0793_lora,0.9174323454499245,0.9356951032366071,0.4312296509742737,0.9794667408563319,1.0,66.37629068308863,0.9390674329271503
panda_0794_lora,0.7421780212649277,0.8711722237723214,0.3254584074020386,0.9731868707018063,1.0,45.08626122310244,0.9678887909533931
panda_0795_lora,0.9584005017365728,0.96148681640625,0.5421351790428162,0.9893790354015538,0.0,76.72272491455078,0.9864962334726372
panda_0796_lora,0.8391108954591411,0.8526175362723214,0.3337726593017578,0.9826391544865809,0.0,66.2390416901687,0.9687499813005036
panda_0797_lora,0.7955626363732985,0.8231549944196429,0.37434908747673035,0.9765622456247456,0.0,54.682171262543775,0.9814241278405283
panda_0798_lora,0.8287532797881535,0.851470947265625,0.5244469046592712,0.9864927642397772,1.0,58.969872178702516,0.9737890860613655
panda_0799_lora,0.9993530501212392,0.9949602399553571,0.5011512637138367,0.996068257531378,0.0,75.558131777007,0.9966332910107631
panda_0800_lora,0.8049653925533805,0.9133039202008929,0.3934883177280426,0.9853605600894204,1.0,56.734677281872976,0.960873405606139
panda_0801_lora,0.7150359475719077,0.87890625,0.4038005769252777,0.9818476048605873,1.0,48.63737349674619,0.9722021663890166
panda_0802_lora,0.9965589014547211,0.9919695172991071,0.5233060717582703,0.99613319359528,0.0,59.64016315854829,0.9955283534293081
panda_0803_lora,0.8278752144958291,0.9236798967633929,0.37927839159965515,0.9563788653816228,1.0,61.13708956488247,0.9421632654526655
panda_0804_lora,0.982103773525783,0.9947684151785714,0.4534161686897278,0.9940483538834872,0.0,75.23991315118198,0.9889214001449884
panda_0805_lora,0.9918070329087121,0.9831368582589286,0.52469801902771,0.9743541734936496,1.0,60.166795270196324,0.9652081246469535
panda_0806_lora,0.9744062051177025,0.9749494280133929,0.4430044889450073,0.9937293217233475,1.0,79.1501314886685,0.9866647178051519
panda_0807_lora,0.8743927510721343,0.86016845703125,0.45831799507141113,0.9874581482566317,1.0,47.68111064516265,0.9748207092285156
panda_0808_lora,0.9399322313921792,0.91290283203125,0.2995167374610901,0.9904990021850086,1.0,68.05264124377021,0.9732146562314501
panda_0809_lora,0.9733116765107427,0.9661690848214286,0.49672946333885193,0.9932048261345136,1.0,55.51071285379344,0.9810738488739612
panda_0810_lora,0.8510221971997193,0.8932407924107143,0.45130065083503723,0.9809361624257075,1.0,47.45303568346747,0.9424129710477941
panda_0811_lora,0.9696835875511169,0.9651140485491071,0.3418864607810974,0.9955040076260204,1.0,64.15096309267241,0.9912399366790173
panda_0812_lora,0.9858975655266217,0.9583391462053571,0.4494924247264862,0.9925604653252861,0.0,74.500569047599,0.9684292101392559
panda_0813_lora,0.9935272995914731,0.9792654854910714,0.5409798622131348,0.9958517949447407,0.0,71.84543241303543,0.9939734314002243
panda_0814_lora,0.809475093547787,0.8523908342633929,0.38320058584213257,0.9672130242655289,1.0,59.743055804022426,0.9644995109707701
panda_0815_lora,0.8780759626201221,0.94586181640625,0.4118233621120453,0.9954142552453674,1.0,56.655287512417495,0.9826345780316521
panda_0816_lora,0.8886565800224032,0.9125889369419643,0.6517600417137146,0.9812047466890068,1.0,77.22456570329338,0.9620518216899797
panda_0817_lora,0.8063184150627681,0.7847464425223214,0.4317360520362854,0.9827951129370017,1.0,51.60861133706981,0.9801067314895929
panda_0818_lora,0.9583567700215748,0.9331403459821429,0.4446077048778534,0.9835043396698958,1.0,76.28075829867659,0.9568703707526712
panda_0819_lora,0.9909032785466739,0.9929286411830357,0.4716203510761261,0.9961199518202045,0.0,74.00420590104729,0.995674926626916
panda_0820_lora,0.9245235174894333,0.9541451590401786,0.5421360731124878,0.9929767314912076,1.0,73.45285849735654,0.987507459229114
panda_0821_lora,0.9810789589371,0.9802158900669643,0.46216994524002075,0.9910496446508625,1.0,78.49991607666016,0.9778495152791341
panda_0822_lora,0.9343052942837987,0.8928048270089286,0.16924338042736053,0.9895724606616151,1.0,69.69712092958648,0.9427720948761584
panda_0823_lora,0.9176130965352058,0.9316667829241071,0.377869188785553,0.9911780197522384,1.0,45.3944070092563,0.9517023049148858
panda_0824_lora,0.9857977969305856,0.9876796177455357,0.7883613705635071,0.9890522908549103,0.0,77.33332009151064,0.9830190303278904
panda_0825_lora,0.9448776947600501,0.9736415318080357,0.48632076382637024,0.9886281996105066,1.0,65.03545353330415,0.9486026277729109
panda_0826_lora,0.99806126419987,0.9949951171875,0.4351598918437958,0.9954101546133944,0.0,75.0384705642174,0.9938869999904258
panda_0827_lora,0.9986391142010689,0.9984479631696429,0.24414370954036713,0.9996022401014358,0.0,48.96670782155004,0.9996966088519377
panda_0828_lora,0.8419321365654469,0.9023263113839286,0.412970632314682,0.9704872607095723,1.0,60.863131029852504,0.9437612271776387
panda_0829_lora,0.9926380866340229,0.9850027901785714,0.6390349268913269,0.9952236472847686,0.0,70.6339532260237,0.9932402447158215
panda_0830_lora,0.8782411228333201,0.8577096121651786,0.24993564188480377,0.9897458136566593,1.0,63.21498989236766,0.9596053553562538
panda_0831_lora,0.7159929051995277,0.8472115652901786,0.3893943428993225,0.9947944215413195,0.0,42.58124223248712,0.986966225680183
panda_0832_lora,0.9802742408854621,0.9739031110491071,0.5254031419754028,0.9926603842992859,1.0,64.03778694415915,0.9588859632903455
panda_0833_lora,0.894135383622987,0.9468732561383929,0.5128458738327026,0.9839535549128839,1.0,47.14759714850064,0.9602564980002011
panda_0834_lora,0.8129613460706813,0.9429408482142857,0.4493044912815094,0.9817996446041024,1.0,72.52585838580954,0.9418788535922181
panda_0835_lora,0.9201324496950422,0.9375784737723214,0.4104774594306946,0.9942044643044184,1.0,60.425732842807115,0.9814542115903369
panda_0836_lora,0.9358560623867171,0.9486519949776786,0.1676124930381775,0.9904707452559015,1.0,59.3430008723818,0.977085558573405
panda_0837_lora,0.959286382155759,0.9276297433035714,0.36752521991729736,0.9704404032913913,1.0,66.75866054666453,0.9427843467861998
panda_0838_lora,0.9386034905910492,0.9584001813616071,0.3318687677383423,0.9937277896268015,0.0,56.71070980203563,0.9912560593848135
panda_0839_lora,0.9407217555812427,0.95428466796875,0.5679243803024292,0.9819967251056405,1.0,38.939389195935476,0.9776679693483838
panda_0840_lora,0.9288716369441578,0.9271065848214286,0.4227342903614044,0.9902284077025575,1.0,35.57709976722454,0.9607652364992628
panda_0841_lora,0.9227362988250596,0.9405604771205357,0.5293304920196533,0.9930979649137968,0.0,71.3582455865268,0.9866654555002848
panda_0842_lora,0.738467789986836,0.8376421247209821,0.45628681778907776,0.9770698886191763,1.0,64.75639593190161,0.9710972019270354
panda_0843_lora,0.7108143317912307,0.8775547572544643,0.4497193992137909,0.98198330914898,1.0,48.35365045481715,0.963505931929046
panda_0844_lora,0.6243508376979402,0.86859130859375,0.3331431448459625,0.9573908669370527,1.0,23.865972190067687,0.9596504847208659
panda_0845_lora,0.6041490291910512,0.8016270228794643,0.5157555937767029,0.9199369291987629,1.0,47.23041876431169,0.9034302505792356
panda_0846_lora,0.9938392117619514,0.9936174665178571,0.6301048398017883,0.9904427686539359,1.0,74.9442314937197,0.9764719102896896
panda_0847_lora,0.94493254167693,0.9080461774553571,0.4857605993747711,0.991244255514706,1.0,75.68824689141636,0.9885106021282719
panda_0848_lora,0.9868434763380459,0.96759033203125,0.4152659773826599,0.9719782871081124,0.0,58.2427486551219,0.9681964126287722
panda_0849_lora,0.7743119490998132,0.8493739536830357,0.5252386331558228,0.9842570821063469,1.0,57.79468963886129,0.9636132258994906
panda_0850_lora,0.9861107958214623,0.9814714704241071,0.6294286251068115,0.9909956464890978,1.0,72.78136759790881,0.9695008951074937
panda_0851_lora,0.8684349198426519,0.9092843191964286,0.42089712619781494,0.9848091491203854,1.0,57.71959265347185,0.949987231983858
panda_0852_lora,0.9619629021201815,0.94390869140625,0.3914594054222107,0.99166512241248,1.0,70.4864993917531,0.9863635867249732
panda_0853_lora,0.739692752382585,0.8145926339285714,0.3773159086704254,0.9625990550800982,1.0,63.95607507639918,0.9555726070030063
panda_0854_lora,0.9814128662858691,0.9762486049107143,0.49275723099708557,0.9780864233380318,1.0,76.15968427986934,0.9116004420261757
panda_0855_lora,0.9780894890427589,0.9610421316964286,0.47225847840309143,0.9888303091669359,1.0,73.90104938375539,0.9801714317471373
panda_0856_lora,0.9904076850840023,0.98583984375,0.327568382024765,0.9966153560449287,0.0,41.7558022860823,0.9982370373080759
panda_0857_lora,0.9905613213777542,0.9859357561383929,0.4205574691295624,0.995132017250009,0.0,77.90447840197334,0.9920427780525357
panda_0858_lora,0.9841882054294858,0.9698922293526786,0.34795254468917847,0.9863147338262228,0.0,75.25449318721377,0.9649803984398936
panda_0859_lora,0.9828517830797604,0.9963204520089286,0.44419005513191223,0.9976439106959557,0.0,39.292295127079406,0.9979047020276387
panda_0860_lora,0.8824254181236029,0.9250139508928571,0.5628135800361633,0.980834615263039,0.0,75.25131067736396,0.980492296405867
panda_0861_lora,0.9150881277663367,0.9498552594866071,0.5266854166984558,0.9796824099231038,1.0,70.0906016908843,0.9695857309827618
panda_0862_lora,0.9901608377695084,0.9838518415178571,0.6579055786132812,0.9713798433703075,1.0,76.52261668238147,0.9150681439568015
panda_0863_lora,0.9978308933121818,0.9944545200892857,0.3582671880722046,0.997022887881114,0.0,67.52203711147966,0.9974742106362885
panda_0864_lora,0.9219421201518604,0.9561767578125,0.5343164205551147,0.9933148004126865,1.0,71.2455325948781,0.9850764807532816
panda_0865_lora,0.9092967254774911,0.9460885184151786,0.5586599707603455,0.9848789447336093,1.0,71.00745549695245,0.9693635435665355
panda_0866_lora,0.9773407652974129,0.98345947265625,0.5841761231422424,0.9939306941059008,0.0,69.44197556068157,0.9936770939359478
panda_0867_lora,0.8764880762568542,0.9159458705357143,0.4799899458885193,0.9826979254575763,0.0,62.30789013566642,0.9808097783256979
panda_0868_lora,0.7967690570013863,0.88201904296875,0.3884594738483429,0.9736823873847081,1.0,61.54671438809099,0.9554453831092984
panda_0869_lora,0.7484728922801358,0.8511178152901786,0.27956971526145935,0.9450756296442188,1.0,52.805188409213365,0.9265717076320275
panda_0870_lora,0.7136082566742387,0.8115801130022321,0.4360274076461792,0.961815898902296,1.0,71.80771242339036,0.952735003303079
panda_0871_lora,0.8905792172466006,0.92572021484375,0.38937830924987793,0.9930842183628259,0.0,74.89791001944707,0.9882562880422555
panda_0872_lora,0.8813080308692796,0.8846435546875,0.26362738013267517,0.9881217001357167,0.0,47.70253556350182,0.9862736412123138
panda_0873_lora,0.9046952490295682,0.9468035016741071,0.526504397392273,0.9733358583818142,1.0,62.27772692976327,0.9491167367673388
panda_0874_lora,0.9340746711407389,0.9359043666294643,0.47751548886299133,0.9897200654099781,0.0,52.958648681640625,0.9865507696189132
panda_0875_lora,0.8869686669536999,0.9440743582589286,0.3900263011455536,0.9502933664451357,1.0,64.38687002247778,0.9179465349982766
panda_0876_lora,0.836023614874908,0.9298967633928571,0.42672285437583923,0.9857858217405552,1.0,53.17926380552095,0.9815200469073128
panda_0877_lora,0.9037283031003815,0.9182477678571429,0.420525461435318,0.995102806413698,0.0,41.50038225897427,0.9900537285150266
panda_0878_lora,0.7885052444679397,0.9433157784598214,0.37417423725128174,0.9830701477639666,1.0,57.43395338387325,0.9743548355850519
panda_0879_lora,0.7986480737371104,0.8569728306361607,0.37388402223587036,0.9725991376117755,0.0,66.36028197716023,0.9812205894320619
panda_0880_lora,0.9555497595242092,0.9583827427455357,0.4373449683189392,0.9911752952716877,1.0,26.160142240853144,0.98736725507998
panda_0881_lora,0.9785636982747487,0.9797712053571429,0.552227795124054,0.9962468060474724,0.0,73.6193374107624,0.9946212165495929
panda_0882_lora,0.8853471763432026,0.9251360212053571,0.549526572227478,0.974094784615235,1.0,68.1046721359779,0.970768373152789
panda_0883_lora,0.8514576793781349,0.9186750139508929,0.5253049731254578,0.9836198875249886,1.0,71.49627422464305,0.9457610971787397
panda_0884_lora,0.9351190105080605,0.9352068219866071,0.4425692558288574,0.9758242768261151,1.0,59.168725375471446,0.9670505448883655
panda_0885_lora,0.963076976793153,0.9428362165178571,0.32183149456977844,0.9901197298497391,1.0,49.48144373400458,0.9766075040779861
panda_0886_lora,0.989724626498563,0.9924839564732143,0.705215334892273,0.9873279654075839,0.0,67.06416373417295,0.9601482204362458
panda_0887_lora,0.8563443007213729,0.8740103585379464,0.38758552074432373,0.9807874604502592,0.0,50.86058452211577,0.9781117364472034
panda_0888_lora,0.9419148787856102,0.9212472098214286,0.3315962553024292,0.9947217431644132,1.0,53.70694193346747,0.9911387630537445
panda_0889_lora,0.8171785859657186,0.8871983119419643,0.5196201205253601,0.9894873611503897,1.0,52.85831918387577,0.9782633201748717
panda_0890_lora,0.9396138712763786,0.9521222795758929,0.5103912949562073,0.9869552663813923,1.0,71.82213868765996,0.9793257675918878
panda_0891_lora,0.9500392494457108,0.9516165597098214,0.369214802980423,0.9938472463972234,0.0,41.23969242490571,0.9938944283653708
panda_0892_lora,0.8724872352821487,0.8896048409598214,0.3961572051048279,0.9641420970097441,1.0,41.73318402520542,0.9304346495983647
panda_0893_lora,0.9589721326317105,0.9009137834821429,0.40008655190467834,0.9932780284589797,0.0,75.65127537168306,0.9869655010746975
panda_0894_lora,0.8607755441750798,0.9307163783482143,0.43031197786331177,0.9727147691675495,1.0,69.52970307448814,0.9631961037130917
panda_0895_lora,0.7268506698310375,0.8322317940848214,0.48714473843574524,0.955238279473114,1.0,65.73612285482473,0.9322345060460707
panda_0896_lora,0.6973107521023069,0.7795976911272321,0.23603317141532898,0.9769899472208756,1.0,59.82296706890238,0.9752748956867293
panda_0897_lora,0.798789710870811,0.9159720284598214,0.289917528629303,0.9757105074935958,0.0,49.88958016757307,0.980581257390041
panda_0898_lora,0.7811916571642671,0.9083251953125,0.37297162413597107,0.9793149594907408,1.0,33.27721730593977,0.9649955562516754
panda_0899_lora,0.9267805357064519,0.9165475027901786,0.3839940130710602,0.9915625998329354,1.0,57.06527762577451,0.9854147022845698
panda_0900_lora,0.9966572310243335,0.9911237444196429,0.3530566096305847,0.9962479724795901,0.0,70.3930408872407,0.9950621590894811
panda_0901_lora,0.9976396347795214,0.9911586216517857,0.48044925928115845,0.996318001192197,0.0,72.74313722807786,0.9962147425202762
panda_0902_lora,0.9631017574242183,0.9750627790178571,0.42990240454673767,0.993771990834261,1.0,69.6372738542228,0.9819373429990282
panda_0903_lora,0.9996950594442231,0.9980730329241071,0.5334892868995667,0.9970826190719343,0.0,76.15882478911301,0.9982371337273541
panda_0904_lora,0.578313107070114,0.7904401506696429,0.3658705949783325,0.9411554388047955,1.0,29.041349805634596,0.9163122962502872
panda_0905_lora,0.969041937163898,0.9434378487723214,0.4840526580810547,0.9920071586994841,1.0,65.83278195611362,0.9775349243014466
panda_0906_lora,0.8345982677170208,0.9290858677455357,0.34726524353027344,0.9717222408795249,1.0,43.4217874263895,0.9457538006352443
panda_0907_lora,0.9968108598675046,0.9849940708705357,0.23768463730812073,0.9990988716867623,0.0,54.873677089296535,0.9990524432822769
panda_0908_lora,0.7111629396677017,0.8601858956473214,0.5815004706382751,0.978366334781776,1.0,60.42340850830078,0.9757378802579992
panda_0909_lora,0.9734421180827277,0.9742082868303571,0.4747311770915985,0.987820466761758,1.0,56.31036587419181,0.9479443643607345
panda_0910_lora,0.9910378519977842,0.9906093052455357,0.5171908736228943,0.9950517020042525,0.0,71.83848466544316,0.9884401807598039
panda_0911_lora,0.9080805076020104,0.9204799107142857,0.2696319818496704,0.964964080951558,1.0,63.275345900963096,0.9437131395526961
panda_0912_lora,0.9706652909517288,0.9839303152901786,0.5031265616416931,0.9946350185039294,0.0,61.41139839435446,0.9834177727792778
panda_0913_lora,0.8779976032674313,0.9233921595982143,0.4377174377441406,0.9847203990436987,1.0,73.06165208487675,0.9817816285526051
panda_0914_lora,0.949926573250975,0.9700840541294643,0.4053550362586975,0.9893333549365259,1.0,72.1567777436355,0.9713656836864994
panda_0915_lora,0.9777413734367916,0.9746791294642857,0.3311574459075928,0.9912574491268195,1.0,48.274336716224404,0.9862164731119193
panda_0916_lora,0.9985331169196537,0.9991019112723214,0.3200295567512512,0.9994766007030483,0.0,34.85464819546404,0.99967544163559
panda_0917_lora,0.8218783092285905,0.9352940150669643,0.39093610644340515,0.9757266098212789,0.0,54.09272266256398,0.9847910890392229
panda_0918_lora,0.8385208179908139,0.9042881556919643,0.4286629557609558,0.9818993342195318,0.0,72.81675246666218,0.9782949111040901
panda_0919_lora,0.8985512666404247,0.9198085239955357,0.5343473553657532,0.9889562723794111,0.0,78.17585649161504,0.9888936987110213
panda_0920_lora,0.995006188750267,0.9939052036830357,0.4579733610153198,0.9961534622529568,0.0,69.4425101444639,0.9956197126238954
panda_0921_lora,0.871880973556212,0.8873770577566964,0.4108191430568695,0.9609184609006529,0.0,74.36845845189588,0.9678759294397691
panda_0922_lora,0.6433395398780704,0.8284345354352679,0.5994336605072021,0.9794305155288611,0.0,55.267998366520324,0.9726859560199812
panda_0923_lora,0.9063055834599903,0.8378034319196429,0.4450353980064392,0.9690556723156678,1.0,59.437995121396824,0.921130932078642
panda_0924_lora,0.9044384370957103,0.8766305106026786,0.4179002046585083,0.9771294047132743,0.0,74.40421742406384,0.9821914953344009
panda_0925_lora,0.9910570372428212,0.9845755440848214,0.45959800481796265,0.9947706643421258,0.0,77.36777627879175,0.9914955185908897
panda_0926_lora,0.9604820811322757,0.9542061941964286,0.2720508277416229,0.9984666018851451,1.0,35.39586100085028,0.9984520515974831
panda_0927_lora,0.7737092591289964,0.7905099051339286,0.21380756795406342,0.959485472741447,1.0,46.34188310031233,0.9283964418897441
panda_0928_lora,0.9681882666690009,0.9841744559151786,0.1889006495475769,0.9995934407750814,0.0,24.70973777770996,0.9997661852076942
panda_0929_lora,0.863443312900407,0.9503173828125,0.5220462679862976,0.9818134575544961,1.0,48.712472323713634,0.9456260830748315
panda_0930_lora,0.9579450871263232,0.9579206194196429,0.42487776279449463,0.9866812679933085,1.0,56.5085888566642,0.982833755717558
panda_0931_lora,0.9907559326716832,0.9791608537946429,0.7112675309181213,0.9953067295628187,1.0,77.09915792530981,0.9912839870826871
panda_0932_lora,0.8924320350800242,0.9469430106026786,0.373117059469223,0.9871569235333022,1.0,49.204196798390356,0.9853125151465921
panda_0933_lora,0.82065816915461,0.9584873744419643,0.3211005926132202,0.981115339164512,0.0,56.83187129579741,0.9679752873439414
panda_0934_lora,0.9027235422815595,0.9375871930803571,0.5480757355690002,0.9893139415221216,1.0,72.37155887998384,0.9786337366291121
panda_0935_lora,0.9941770029919488,0.9761265345982143,0.511128842830658,0.9964058714765286,0.0,64.17464144476529,0.9961011535981122
panda_0936_lora,0.9897306923355375,0.9886387416294643,0.19576194882392883,0.9954575740886633,0.0,66.13822989628233,0.9939466181923361
panda_0937_lora,0.992647322160857,0.9915771484375,0.6969083547592163,0.9958753169403446,0.0,74.60116261449353,0.9943626380434223
panda_0938_lora,0.9806567643369947,0.97576904296875,0.4274722635746002,0.983272399003672,1.0,60.30188264517948,0.9811403611127067
panda_0939_lora,0.9577559285930225,0.9721766880580357,0.5128151774406433,0.9723495454538652,1.0,50.68633717504041,0.9500461241778205
panda_0940_lora,0.9936342345816749,0.9865897042410714,0.4255010783672333,0.9883011499538383,1.0,67.87606719444538,0.9803870070214366
panda_0941_lora,0.8529408387839794,0.9258074079241071,0.3374010920524597,0.972799529901437,1.0,65.796332260658,0.9480706794589173
panda_0942_lora,0.7907244752028159,0.8826032366071429,0.42435047030448914,0.9871930186337355,1.0,53.064538889917834,0.9787141276340858
panda_0943_lora,0.9976211413741112,0.99798583984375,0.5219487547874451,0.9970190984379863,0.0,73.23428160568764,0.998039045754601
panda_0944_lora,0.9660950473376683,0.9857613699776786,0.5354894995689392,0.9862689741027287,1.0,75.04978863946323,0.9781820054147757
panda_0945_lora,0.9450203297393662,0.9675031389508929,0.39279070496559143,0.9954331659880833,1.0,54.289522631415004,0.9865029718361649
panda_0946_lora,0.9615973255464009,0.9660731724330357,0.6011054515838623,0.9882072740287354,1.0,70.25584674703664,0.9605159759521484
panda_0947_lora,0.9976653456687927,0.9947684151785714,0.6170859932899475,0.9959861062480548,0.0,56.79500474600956,0.9957675293380139
panda_0948_lora,0.829403637775353,0.7948739188058036,0.34684672951698303,0.9443441450765669,1.0,69.54253163830987,0.9501465741325827
panda_0949_lora,0.8442447483539581,0.8861432756696429,0.5286811590194702,0.9883306857732409,1.0,52.0208573176943,0.9658720764459349
panda_0950_lora,0.8171273565718106,0.9316580636160714,0.26910579204559326,0.9940696709038851,0.0,68.2836448406351,0.9832780146131328
panda_0951_lora,0.9739705302885601,0.9435250418526786,0.45640531182289124,0.9953112323321422,0.0,75.64806892131936,0.99141952196757
panda_0952_lora,0.9929856966648783,0.9936610630580357,0.47836175560951233,0.9967142446588678,0.0,74.68607830179148,0.995153338768903
panda_0953_lora,0.704136887299163,0.8220476422991071,0.3166423738002777,0.9767549491417828,1.0,53.38828047390642,0.9638501709582759
panda_0954_lora,0.9616725412862641,0.9748447963169643,0.38728660345077515,0.9944037451051468,1.0,62.53608940387594,0.9868242684532614
panda_0955_lora,0.9404417648911476,0.944580078125,0.5645938515663147,0.9947130357217673,1.0,67.22462226604593,0.9793279030743767
panda_0956_lora,0.8081872569663184,0.9212733677455357,0.32318204641342163,0.9783961976884771,1.0,47.670079329918174,0.9725495992922315
panda_0957_lora,0.8935645329100745,0.9620710100446429,0.631920576095581,0.987764577853043,1.0,53.45019636483028,0.9760117680418725
panda_0958_lora,0.9159702807664871,0.9473615373883929,0.43780431151390076,0.9835304287981218,1.0,26.275426075376313,0.977766222112319
panda_0959_lora,0.7638806839074407,0.9328090122767857,0.4262034296989441,0.9654465389253992,1.0,39.25733849097942,0.9458903181786631
panda_0960_lora,0.9603062091129166,0.9413277762276786,0.6389795541763306,0.9916454298399381,0.0,75.10636507231614,0.9778395203983082
panda_0961_lora,0.9898944390671593,0.9874529157366071,0.578076958656311,0.9930159501701321,0.0,70.60793041360789,0.9897196377024932
panda_0962_lora,0.7462771965989045,0.7725045340401786,0.41024088859558105,0.9812408116291388,1.0,76.8930164205617,0.9557070900412167
panda_0963_lora,0.858657390411411,0.9118477957589286,0.4467441141605377,0.984323287708513,0.0,58.3944127313022,0.9735021217196596
panda_0964_lora,0.938816711306572,0.9541015625,0.6203347444534302,0.9817193655974675,1.0,73.05330500109443,0.9757922172546387
panda_0965_lora,0.9160871888910022,0.95318603515625,0.35169100761413574,0.9904118073511455,1.0,71.18286501128098,0.9839830828647987
panda_0966_lora,0.9004239088722638,0.8841029575892857,0.5201786160469055,0.9773420173023804,1.0,64.36332873640389,0.9024392670276118
panda_0967_lora,0.994320710854871,0.9939226422991071,0.5778035521507263,0.9950397225196168,1.0,69.26024285678206,0.9901709341535381
panda_0968_lora,0.9903169572353363,0.9878888811383929,0.43933308124542236,0.9937413785960432,0.0,72.15312642064588,0.9911107530780867
panda_0969_lora,0.9228962744985308,0.9438302176339286,0.40575462579727173,0.9862989906165458,0.0,70.18720626831055,0.9800990216872272
panda_0970_lora,0.9984212581600461,0.9969395228794643,0.615224301815033,0.9961043283165296,0.0,76.33062954606682,0.9965678705888636
panda_0971_lora,0.9941593429871968,0.9975934709821429,0.4348875880241394,0.9965205068071565,0.0,77.32972848826441,0.9967318034639545
panda_0972_lora,0.6478955491579005,0.766265869140625,0.5820919275283813,0.9799887714834865,1.0,76.54052944841057,0.9790415146771599
panda_0973_lora,0.9886788363967624,0.9865984235491071,0.46056681871414185,0.9961055751761175,0.0,71.07706530340786,0.992171919112112
panda_0974_lora,0.8123087332184825,0.8615155901227679,0.5323797464370728,0.9779241595142331,1.0,67.18690490722656,0.967968002020144
panda_0975_lora,0.9032817695822034,0.85723876953125,0.2257055789232254,0.9951362726581017,0.0,29.164903443435144,0.993672849150265
panda_0976_lora,0.9945333333952087,0.9632829938616071,0.35048529505729675,0.9935206016835153,0.0,78.43821163835197,0.9923408886965583
panda_0977_lora,0.9927004043545041,0.9884730747767857,0.37356534600257874,0.9941584193439662,0.0,73.07280704892915,0.9940837621688843
panda_0978_lora,0.9775237622005599,0.9948207310267857,0.2883504629135132,0.9940425271003166,0.0,73.47867347454202,0.988227190690882
panda_0979_lora,0.9973634417567935,0.9840436662946429,0.3383890986442566,0.9963319696201131,0.0,66.039605239342,0.9970139720860649
panda_0980_lora,0.9848346752779824,0.9891095842633929,0.5484871864318848,0.99390739328584,1.0,74.58545605889682,0.9891249254638074
panda_0981_lora,0.992712068770613,0.9940272739955357,0.5140974521636963,0.9958962079757117,0.0,69.35163221688106,0.9958421936222152
panda_0982_lora,0.9994098703776088,0.9986310686383929,0.4512629508972168,0.9948129226650596,0.0,71.14764193830818,0.9952045057334152
panda_0983_lora,0.9861285196883338,0.9713396344866071,0.5371949076652527,0.9919523469109865,0.0,66.06920229155442,0.9809101647021724
panda_0984_lora,0.8784949566636767,0.9667794363839286,0.38496339321136475,0.9671049030923801,1.0,65.86129366118332,0.9432056838390874
panda_0985_lora,0.7941220839108739,0.8563145228794643,0.38580071926116943,0.9899766463409615,0.0,45.52991301437904,0.9865941169215183
panda_0986_lora,0.754732195554035,0.9213169642857143,0.3173034191131592,0.975017551658751,0.0,56.85605575298441,0.9686420309777354
panda_0987_lora,0.8951098620891571,0.9100516183035714,0.452651709318161,0.9687687508229788,1.0,65.23482658123147,0.9554675644519283
panda_0988_lora,0.9924746773072651,0.9775826590401786,0.43525803089141846,0.9839328780390362,0.0,63.350318250984984,0.9754005937015309
panda_0989_lora,0.760721055790782,0.8631330217633929,0.5472118258476257,0.9779561158731654,1.0,67.20598983764648,0.9653319714116115
panda_0990_lora,0.9838915552411761,0.9807477678571429,0.45722460746765137,0.9869478850568004,1.0,46.92587293427566,0.9233653723024855
panda_0991_lora,0.9478912800550461,0.9656023297991071,0.4176118075847626,0.983124487041077,1.0,45.97333908081055,0.9541153028899548
panda_0992_lora,0.7433505212622029,0.8292933872767857,0.4107920527458191,0.908071079460096,1.0,49.29065664883318,0.888916711246266
panda_0993_lora,0.8461907096207142,0.90338134765625,0.5261298418045044,0.9935078473830772,0.0,31.966217336983515,0.9893590945823519
panda_0994_lora,0.9932973682880402,0.97454833984375,0.4150258004665375,0.9805702333350541,1.0,68.7451391548946,0.9500882204841165
panda_0995_lora,0.6942994112947157,0.7681623186383929,0.38293740153312683,0.9769943141519428,1.0,50.25819709383208,0.9706556320190429
panda_0996_lora,0.947253483746733,0.9612339564732143,0.4130467474460602,0.9826109471232404,1.0,69.70716884218413,0.9743376395281623
panda_0997_lora,0.9398769252002239,0.9369855608258929,0.5271661877632141,0.9843618028808746,0.0,72.97202195792363,0.9834538384979846
panda_0998_lora,0.7418526054493019,0.7774135044642857,0.46508026123046875,0.9738121561725651,1.0,73.425131436052,0.9752746563331753
panda_0999_lora,0.9742523708513805,0.9282749720982143,0.4935782551765442,0.9889147290192787,1.0,62.51830291748047,0.9372213550642425
