video_id,subject_consistency,background_consistency,aesthetic_quality,motion_smoothness,dynamic_degree,imaging_quality,temporal_flickering
0_a-close-up-of-a-truck-with-its-hood-open_FVD-485.5_PSNR-15.064_SSIM-0.428_LPIPS-0.280_FID-78.7_tinylora,,,,0.9910608072355545,0.0,60.042765781797215,0.9677113589118509
100_a-group-of-people-in-a-video-game-are-walking-down-a-dirt-path_FVD-620.8_PSNR-20.501_SSIM-0.590_LPIPS-0.595_FID-72.4_tinylora,,,,0.9947817806342623,1.0,37.38695440621212,0.9913147215749704
101_a-person-is-frying-food-in-a-restaurant-kitchen-using-a-frying-pan-and-a-frying_FVD-602.6_PSNR-12.912_SSIM-0.713_LPIPS-0.409_FID-83.8_tinylora,,,,0.989368400739035,1.0,61.36389791554418,0.9829261592790193
102_the-word-yum-is-written-in-pink-on-a-black-background_FVD-453.3_PSNR-8.190_SSIM-0.566_LPIPS-0.657_FID-74.0_tinylora,,,,0.9907197239205512,1.0,63.252356167497304,0.9863997132170435
103_a-basketball-game-is-being-played-in-a-crowded-stadium-and-a-basketball-player-i_FVD-527.3_PSNR-20.957_SSIM-0.731_LPIPS-0.634_FID-82.0_tinylora,,,,0.9951012390132334,0.0,68.8511603782917,0.9883039278142592
104_a-man-wearing-headphones-is-standing-in-front-of-a-black-background_FVD-620.8_PSNR-21.159_SSIM-0.502_LPIPS-0.476_FID-72.4_tinylora,,,,0.983162405320034,0.0,44.80468855233028,0.9790062829559925
105_there-is-a-man-wearing-a-green-shirt-and-glasses-standing-in-front-of-a-wall-wit_FVD-453.3_PSNR-18.214_SSIM-0.737_LPIPS-0.216_FID-74.0_tinylora,,,,0.9915586198421676,1.0,74.88680477800041,0.9860386100469851
106_a-man-with-a-beard-and-hat-is-smiling-for-the-camera-in-front-of-a-vehicle_FVD-453.3_PSNR-10.019_SSIM-0.423_LPIPS-0.676_FID-74.0_tinylora,,,,0.9808082556273043,0.0,58.123890843884695,0.9798189238005993
107_there-is-a-bathroom-with-a-sink-toilet-and-mirror_FVD-664.7_PSNR-14.898_SSIM-0.663_LPIPS-0.475_FID-76.8_tinylora,,,,0.9869112935973,1.0,42.07449051429485,0.9766361124375287
108_two-men-standing-next-to-a-robot-on-a-construction-site_FVD-485.5_PSNR-17.548_SSIM-0.760_LPIPS-0.185_FID-78.7_tinylora,,,,0.990623400568828,1.0,68.2323568936052,0.9612092523013844
109_a-video-game-of-a-street-with-cars-and-buildings-in-the-background_FVD-602.6_PSNR-11.711_SSIM-0.233_LPIPS-0.857_FID-83.8_tinylora,,,,0.9827561533093472,1.0,49.90391481333766,0.9677803376141716
10_the-person-is-preparing-food-on-a-wooden-table-near-a-body-of-water_FVD-664.7_PSNR-5.456_SSIM-0.231_LPIPS-0.863_FID-76.8_tinylora,,,,0.9827957311062779,0.0,61.225058983112206,0.9718183143466127
110_a-blurry-picture-of-a-hallway-with-an-elevator_FVD-512.3_PSNR-8.296_SSIM-0.424_LPIPS-0.631_FID-81.8_tinylora,,,,0.9399792137073846,1.0,76.58762964709052,0.916151211308498
111_products-are-sitting-on-a-counter-in-a-refrigerator_FVD-527.3_PSNR-11.971_SSIM-0.503_LPIPS-0.831_FID-82.0_tinylora,,,,0.98696383143936,0.0,68.03241256187702,0.9876182696398567
112_a-blue-background-with-the-words-22-news-new-at-11_FVD-577.6_PSNR-19.820_SSIM-0.817_LPIPS-0.216_FID-84.0_tinylora,,,,0.9927937573600488,1.0,66.21678266854121,0.9802826226926318
113_a-beekeeper-is-wearing-a-beekeeping-suit-and-holding-a-piece-of-honeycomb-in-his_FVD-620.8_PSNR-21.708_SSIM-0.700_LPIPS-0.124_FID-72.4_tinylora,,,,0.9909533708649058,0.0,71.66596721780711,0.9862817633385752
114_it-is-a-pond-filter-made-from-a-plastic-terracotta-pot-with-a-18-inch-hole-drill_FVD-620.8_PSNR-18.038_SSIM-0.680_LPIPS-0.338_FID-72.4_tinylora,,,,0.9906827459883526,1.0,73.11995591788457,0.9783123633440803
115_a-field-of-grass-with-trees-and-a-house-in-the-distance_FVD-527.3_PSNR-10.138_SSIM-0.300_LPIPS-0.644_FID-82.0_tinylora,,,,0.9799202708928123,0.0,61.83026228279903,0.9794472825293448
116_a-screen-shot-of-a-computer-screen-showing-a-list-of-buttons_FVD-578.5_PSNR-18.324_SSIM-0.776_LPIPS-0.410_FID-84.0_tinylora,,,,0.9899271811088217,0.0,67.48826914820178,0.9896352496801638
117_a-person-is-holding-a-smartphone-in-their-hand-and-appears-to-be-scrolling-throu_FVD-578.5_PSNR-21.408_SSIM-0.820_LPIPS-0.262_FID-84.0_tinylora,,,,0.9906104982724928,0.0,77.06818495125606,0.9883432799694585
118_the-player-is-in-a-post-apocalyptic-world-shooting-at-zombies-with-a-gun_FVD-602.6_PSNR-17.722_SSIM-0.581_LPIPS-0.422_FID-83.8_tinylora,,,,0.9852992759937843,1.0,41.29909528534988,0.9773133932375441
119_a-piece-of-paper-with-information-about-a-robbery_FVD-527.3_PSNR-8.456_SSIM-0.279_LPIPS-0.663_FID-82.0_tinylora,,,,0.9641695887088809,1.0,73.03665371598869,0.945657995635388
11_there-is-a-white-bowl-filled-with-oatmeal-and-almonds-on-a-table_FVD-620.8_PSNR-16.097_SSIM-0.616_LPIPS-0.423_FID-72.4_tinylora,,,,0.9899684794457313,1.0,60.020281693031045,0.9803889068902708
120_a-blender-with-a-brown-liquid-inside-of-it_FVD-512.3_PSNR-37.345_SSIM-0.979_LPIPS-0.010_FID-81.8_tinylora,,,,0.9963485157016867,0.0,77.94878361142915,0.9976100503229628
121_a-picture-of-a-plate-with-skewers-on-it_FVD-453.3_PSNR-16.398_SSIM-0.753_LPIPS-0.199_FID-74.0_tinylora,,,,0.9804358731673759,0.0,67.03166225038726,0.9698479764601764
122_a-man-in-an-office-is-talking-to-another-man-who-is-wearing-a-suit-and-tie_FVD-577.6_PSNR-14.225_SSIM-0.427_LPIPS-0.361_FID-84.0_tinylora,,,,0.9844503303792137,1.0,75.31564515212486,0.9501088385488473
123_it-is-a-chandelier-made-of-naturally-shed-antlers-no-animals-are-harmed-in-the-m_FVD-577.6_PSNR-37.955_SSIM-0.962_LPIPS-0.010_FID-84.0_tinylora,,,,0.9970293889457492,0.0,77.75513958108836,0.9976962330294591
124_a-person-is-frying-butter-in-a-pan-on-a-stove_FVD-578.5_PSNR-8.471_SSIM-0.487_LPIPS-0.623_FID-84.0_tinylora,,,,0.9775402672754465,1.0,55.55130057499326,0.9441362680173387
125_a-man-in-blue-shirt-is-cooking-food-in-a-kitchen_FVD-485.5_PSNR-25.852_SSIM-0.892_LPIPS-0.072_FID-78.7_tinylora,,,,0.9945876478930247,1.0,75.49814895103718,0.9918808310639624
126_the-air-conditioning-vents-are-made-of-metal-and-are-arranged-in-a-grid-pattern_FVD-578.5_PSNR-18.548_SSIM-0.713_LPIPS-0.423_FID-84.0_tinylora,,,,0.9938201573030387,1.0,45.207795702177904,0.9845101029265161
127_a-white-suv-driving-through-a-rocky-desert-area_FVD-527.3_PSNR-9.134_SSIM-0.811_LPIPS-0.278_FID-82.0_tinylora,,,,0.9907833792237515,0.0,60.291926811481346,0.9902213049869911
128_a-billboard-with-a-picture-of-a-man-with-a-smile-on-it_FVD-720.6_PSNR-13.115_SSIM-0.670_LPIPS-0.362_FID-78.4_tinylora,,,,0.9894749086867652,0.0,76.83014336947737,0.9885531575072045
129_a-close-up-view-of-a-door-in-a-kitchen_FVD-577.6_PSNR-23.263_SSIM-0.739_LPIPS-0.347_FID-84.0_tinylora,,,,0.993824089832247,0.0,67.72560974647259,0.9919307877035702
12_a-cartoon-girl-with-a-smile-on-her-face_FVD-620.8_PSNR-14.989_SSIM-0.894_LPIPS-0.174_FID-72.4_tinylora,,,,0.9929664999012425,1.0,67.12161504811255,0.9936727028267056
130_a-screen-shot-of-a-website-for-sonoma-shops_FVD-453.3_PSNR-37.384_SSIM-0.980_LPIPS-0.022_FID-74.0_tinylora,,,,0.9964480743886763,0.0,68.03858553130051,0.9974428833699693
131_there-is-a-black-background-with-white-text-on-it_FVD-485.5_PSNR-19.609_SSIM-0.889_LPIPS-0.069_FID-78.7_tinylora,,,,0.994901251666532,1.0,76.04719490840517,0.9886643456477745
132_it-is-a-black-background-with-white-text-that-reads-learn-photography-with-antho_FVD-485.5_PSNR-28.907_SSIM-0.953_LPIPS-0.012_FID-78.7_tinylora,,,,0.9987691190592155,0.0,38.582535842369346,0.9978988948990317
133_there-is-a-black-iron-fireplace-tool-set-on-a-white-background_FVD-485.5_PSNR-17.973_SSIM-0.713_LPIPS-0.355_FID-78.7_tinylora,,,,0.9917828647217435,1.0,52.0863739539837,0.9833925490285836
134_a-man-in-a-suit-standing-in-front-of-a-news-station_FVD-720.6_PSNR-26.799_SSIM-0.892_LPIPS-0.038_FID-78.4_tinylora,,,,0.9829494453029609,1.0,71.47728163620522,0.9779882487128763
135_the-word-making-music-is-spelled-out-with-toy-instruments-on-a-black-background_FVD-485.5_PSNR-5.204_SSIM-0.325_LPIPS-0.731_FID-78.7_tinylora,,,,0.9445033372256488,1.0,66.82264288540544,0.9304245892693015
136_a-musician-is-playing-an-electric-guitar-and-sitting-on-a-chair-in-a-studio_FVD-512.3_PSNR-9.713_SSIM-0.594_LPIPS-0.480_FID-81.8_tinylora,,,,0.9884437382725526,0.0,73.96871606234846,0.9883115141999488
137_there-is-a-hallway-in-an-old-building-with-a-door-open-revealing-a-dark-room_FVD-512.3_PSNR-4.052_SSIM-0.232_LPIPS-0.926_FID-81.8_tinylora,,,,0.9791110877777928,0.0,55.66520782996868,0.9818870226542155
138_a-man-is-sitting-at-a-desk-in-an-office-with-multiple-computer-monitors-he-is-we_FVD-720.6_PSNR-25.777_SSIM-0.939_LPIPS-0.028_FID-78.4_tinylora,,,,0.9948205913308165,0.0,78.19216734787514,0.9947551227083393
139_the-person-is-rolling-out-dough-on-a-piece-of-parchment-paper_FVD-512.3_PSNR-21.916_SSIM-0.764_LPIPS-0.096_FID-81.8_tinylora,,,,0.9944081891904731,0.0,75.60280398664803,0.9842114448547363
13_there-is-a-small-spot-on-the-ceiling-of-a-bathroom-caused-by-an-accumulation-of_FVD-453.3_PSNR-41.256_SSIM-0.935_LPIPS-0.084_FID-74.0_tinylora,,,,0.9969734392488299,0.0,69.30800576045596,0.9979453185025383
140_a-red-and-white-background-with-the-words-the-holidays-are-coming_FVD-485.5_PSNR-20.783_SSIM-0.668_LPIPS-0.132_FID-78.7_tinylora,,,,0.9951661140551307,0.0,73.45391161688443,0.9887048833510454
141_a-close-up-of-a-red-cup-on-a-table_FVD-602.6_PSNR-15.314_SSIM-0.801_LPIPS-0.246_FID-83.8_tinylora,,,,0.9928117551106981,1.0,56.237693786621094,0.9839717079611385
142_a-sign-hanging-on-the-side-of-a-building_FVD-578.5_PSNR-12.141_SSIM-0.676_LPIPS-0.556_FID-84.0_tinylora,,,,0.974820693267959,1.0,77.19745635986328,0.9468241897283816
143_a-young-man-is-standing-in-front-of-a-green-wall-wearing-a-black-tank-top-and-sh_FVD-577.6_PSNR-14.699_SSIM-0.710_LPIPS-0.323_FID-84.0_tinylora,,,,0.9882276941893211,1.0,71.52795646930564,0.9819583687127805
144_it-is-a-black-background-with-text-on-it_FVD-485.5_PSNR-34.331_SSIM-0.965_LPIPS-0.005_FID-78.7_tinylora,,,,0.9986213609375374,0.0,43.92378800490807,0.9970552514581119
145_there-are-two-men-shopping-in-a-toy-store_FVD-485.5_PSNR-20.405_SSIM-0.639_LPIPS-0.382_FID-78.7_tinylora,,,,0.9941516856475496,1.0,40.22866466127593,0.9817631179211186
146_a-man-in-a-brown-suit-holding-a-metal-tool_FVD-577.6_PSNR-10.821_SSIM-0.404_LPIPS-0.524_FID-84.0_tinylora,,,,0.9768935689259678,1.0,70.23253407971612,0.9749765620512121
147_a-set-of-copper-plumbing-fittings-on-a-wooden-surface_FVD-577.6_PSNR-17.116_SSIM-0.813_LPIPS-0.292_FID-84.0_tinylora,,,,0.993212326463705,1.0,70.03515388225686,0.9865153621224796
148_a-person-is-washing-dishes-with-a-dish-washing-liquid_FVD-485.5_PSNR-11.642_SSIM-0.784_LPIPS-0.288_FID-78.7_tinylora,,,,0.9806542975764023,1.0,75.22707314326846,0.9710522819967831
149_a-close-up-of-a-white-flower-with-the-words-clematis-x-carminii-sweet-heart_FVD-578.5_PSNR-29.095_SSIM-0.876_LPIPS-0.028_FID-84.0_tinylora,,,,0.9955906322197683,0.0,79.23319218076509,0.9951075268726722
14_it-is-a-news-broadcast-with-two-people-sitting-at-a-desk-one-of-them-is-wearing_FVD-720.6_PSNR-13.139_SSIM-0.625_LPIPS-0.295_FID-78.4_tinylora,,,,0.9910632972139176,0.0,68.5526351928711,0.9803790410359701
150_a-bald-man-wearing-a-black-shirt-with-the-words-2013-on-it_FVD-527.3_PSNR-6.097_SSIM-0.225_LPIPS-0.778_FID-82.0_tinylora,,,,0.9887084159585309,0.0,56.990393934578734,0.980468910815669
151_a-woman-pouring-liquid-into-a-pot-on-a-stove_FVD-527.3_PSNR-17.326_SSIM-0.697_LPIPS-0.229_FID-82.0_tinylora,,,,0.9775784993150572,1.0,75.9743828609072,0.9691712080263624
152_a-bunch-of-toy-horses-and-a-purple-horse-house_FVD-527.3_PSNR-8.464_SSIM-0.504_LPIPS-0.736_FID-82.0_tinylora,,,,0.9691369940738047,0.0,68.42157719053071,0.971777878555597
153_a-person-holding-an-iphone-in-their-hand_FVD-578.5_PSNR-28.971_SSIM-0.873_LPIPS-0.258_FID-84.0_tinylora,,,,0.9953096078842861,0.0,43.8202071354307,0.9953032470216938
154_a-man-sitting-in-the-drivers-seat-of-a-suv_FVD-578.5_PSNR-14.973_SSIM-0.363_LPIPS-0.381_FID-84.0_tinylora,,,,0.9778708274509056,1.0,73.99365339608028,0.9360445359173943
155_a-man-giving-a-speech-on-a-stage-with-mountains-in-the-background_FVD-602.6_PSNR-26.977_SSIM-0.906_LPIPS-0.062_FID-83.8_tinylora,,,,0.9951284199911268,0.0,70.32055374671673,0.9930483808704451
156_a-piece-of-meat-on-a-white-plate-next-to-a-red-spatula_FVD-720.6_PSNR-27.781_SSIM-0.860_LPIPS-0.059_FID-78.4_tinylora,,,,0.9913607376377367,1.0,75.78064806707974,0.9602067573397768
157_a-colorful-group-of-bacteria-and-viruses-on-a-black-background_FVD-527.3_PSNR-6.511_SSIM-0.358_LPIPS-0.747_FID-82.0_tinylora,,,,0.9686495895767495,0.0,68.19205803706728,0.9661358478022557
158_a-computer-screen-displaying-a-website_FVD-664.7_PSNR-23.148_SSIM-0.834_LPIPS-0.102_FID-76.8_tinylora,,,,0.994800283160807,0.0,72.43254852294922,0.9940252570544972
159_an-advertisement-for-the-nexus-5x_FVD-720.6_PSNR-19.424_SSIM-0.913_LPIPS-0.207_FID-78.4_tinylora,,,,0.990822235277658,1.0,59.904948004360854,0.9880369438844568
15_a-black-and-white-photo-of-a-pile-of-dirt-on-the-moon_FVD-578.5_PSNR-22.827_SSIM-0.877_LPIPS-0.081_FID-84.0_tinylora,,,,0.992020649238595,0.0,44.26766888848667,0.9924127854552923
160_a-pixelated-image-of-a-bridge-in-a-video-game_FVD-453.3_PSNR-10.408_SSIM-0.572_LPIPS-0.560_FID-74.0_tinylora,,,,0.9812615962851486,0.0,77.4339933724239,0.9796600397895364
161_a-close-up-of-a-computer-screen-with-a-lot-of-information-on-it_FVD-453.3_PSNR-31.424_SSIM-0.947_LPIPS-0.021_FID-74.0_tinylora,,,,0.9938728426733942,0.0,59.333515035695044,0.9929232405681236
162_a-man-wearing-a-purple-cap-stands-in-a-living-room-while-looking-at-the-camera_FVD-527.3_PSNR-19.868_SSIM-0.736_LPIPS-0.187_FID-82.0_tinylora,,,,0.991992939870927,1.0,70.68401757602034,0.9782694143407485
163_a-spoon-is-drizzling-a-sauce-over-a-plate-of-food_FVD-620.8_PSNR-18.383_SSIM-0.819_LPIPS-0.229_FID-72.4_tinylora,,,,0.9847937365050187,1.0,63.536041522848194,0.9779127476262112
164_there-is-a-man-sitting-at-a-table-with-a-can-of-sour-patch-kids-cereal-in-front_FVD-485.5_PSNR-12.171_SSIM-0.663_LPIPS-0.608_FID-78.7_tinylora,,,,0.9485396183379868,1.0,46.94722070365116,0.9303193485035616
165_two-men-standing-next-to-each-other-in-a-stadium_FVD-602.6_PSNR-20.176_SSIM-0.583_LPIPS-0.248_FID-83.8_tinylora,,,,0.9897333422551713,0.0,77.33004865975215,0.9884131506377576
166_a-dark-scene-with-lanterns-and-trees-in-the-background_FVD-453.3_PSNR-16.717_SSIM-0.508_LPIPS-0.232_FID-74.0_tinylora,,,,0.9915778389681192,1.0,55.460318861336546,0.9841767872081083
167_a-man-standing-in-front-of-a-building-in-a-minecraft-game_FVD-620.8_PSNR-9.071_SSIM-0.433_LPIPS-0.652_FID-72.4_tinylora,,,,0.9091990522838409,1.0,77.36986568056304,0.9133676117541744
168_two-men-playing-a-video-game-with-a-hot-air-balloon-in-the-background_FVD-664.7_PSNR-13.757_SSIM-0.563_LPIPS-0.487_FID-76.8_tinylora,,,,0.9801651038019374,1.0,71.63544306261787,0.9778819514255898
169_the-user-is-logged-into-the-wordpress-administration-area-and-is-on-the-plugins_FVD-485.5_PSNR-21.907_SSIM-0.782_LPIPS-0.216_FID-78.7_tinylora,,,,0.9838501869096998,1.0,62.98803592550343,0.9832918316710229
16_there-is-a-sign-with-information-about-the-asia-black-bear-restoration-health-pr_FVD-527.3_PSNR-12.205_SSIM-0.550_LPIPS-0.387_FID-82.0_tinylora,,,,0.9908940663605186,0.0,64.76256429738012,0.9883506251316444
170_a-blue-background-with-the-words-5-things-to-never-say-at-the-dive-site_FVD-720.6_PSNR-21.286_SSIM-0.625_LPIPS-0.224_FID-78.4_tinylora,,,,0.9900505124258571,1.0,72.99231246422077,0.9832327094732546
171_a-close-up-of-a-door-with-the-words-rigid-overhead-door-on-it_FVD-527.3_PSNR-13.870_SSIM-0.641_LPIPS-0.452_FID-82.0_tinylora,,,,0.9808224178760714,1.0,66.46067007656755,0.9512307260550704
172_a-man-is-standing-in-front-of-a-white-wall-and-holding-a-metal-rod_FVD-485.5_PSNR-7.670_SSIM-0.276_LPIPS-0.799_FID-78.7_tinylora,,,,0.9903023254574266,0.0,60.28087773816339,0.9788750760695514
173_a-television-with-a-colorful-flickering-screen-is-on_FVD-485.5_PSNR-17.289_SSIM-0.766_LPIPS-0.175_FID-78.7_tinylora,,,,0.9871071936386734,0.0,53.34778831745016,0.9844451605104932
174_a-living-room-with-couch-chair-table-lamp-and-vase-in-front-of-a-window_FVD-664.7_PSNR-29.168_SSIM-0.869_LPIPS-0.036_FID-76.8_tinylora,,,,0.9943258562439399,0.0,75.979546645592,0.9861218611399333
175_a-view-from-the-front-of-a-boat-on-a-large-body-of-water_FVD-578.5_PSNR-5.683_SSIM-0.107_LPIPS-0.868_FID-84.0_tinylora,,,,0.9918205302620514,0.0,60.26620772789265,0.9778032658146877
176_a-man-standing-next-to-a-black-chevy-truck_FVD-620.8_PSNR-11.353_SSIM-0.351_LPIPS-0.592_FID-72.4_tinylora,,,,0.9925227317489496,1.0,74.96077254722859,0.9834037537668265
177_a-person-holding-a-piece-of-paper-over-a-piece-of-food_FVD-620.8_PSNR-12.982_SSIM-0.424_LPIPS-0.696_FID-72.4_tinylora,,,,0.9596899153959125,1.0,52.28165001704775,0.9693359206704533
178_a-man-in-a-suit-standing-next-to-a-car-in-a-showroom_FVD-620.8_PSNR-12.106_SSIM-0.442_LPIPS-0.616_FID-72.4_tinylora,,,,0.9831139692789509,0.0,62.67803876153354,0.9845527948117724
179_the-user-provides-a-black-background-with-white-text-on-it_FVD-578.5_PSNR-36.163_SSIM-0.954_LPIPS-0.004_FID-84.0_tinylora,,,,0.9989044579169809,0.0,40.392871330524315,0.9985176093438093
17_there-is-a-black-object-on-the-ground-and-it-appears-to-be-an-electronic-device_FVD-578.5_PSNR-22.790_SSIM-0.763_LPIPS-0.105_FID-84.0_tinylora,,,,0.9936835369831692,0.0,57.87838403109846,0.9896696408589681
180_a-picture-of-a-man-with-a-beard-on-a-tv-screen_FVD-527.3_PSNR-22.171_SSIM-0.845_LPIPS-0.108_FID-82.0_tinylora,,,,0.9941689817620424,1.0,74.25191787193562,0.9900516940098183
181_the-cars-engine-and-other-mechanical-components-are-visible-underneath-the-hood_FVD-485.5_PSNR-9.665_SSIM-0.317_LPIPS-0.654_FID-78.7_tinylora,,,,0.9946381037390918,0.0,67.03916273445918,0.9847754254060633
182_a-soccer-game-is-being-played-in-a-stadium-with-a-large-crowd-of-people-watching_FVD-620.8_PSNR-19.243_SSIM-0.447_LPIPS-0.228_FID-72.4_tinylora,,,,0.9683010367942583,1.0,63.119559583992796,0.9407074535594268
183_a-cave-with-text-that-reads-rukuriri-cave-tour_FVD-577.6_PSNR-12.752_SSIM-0.407_LPIPS-0.526_FID-84.0_tinylora,,,,0.9830275681987539,1.0,58.808759097395274,0.963402426476572
184_a-picture-of-a-jar-of-liquid-with-the-words-do-it-yourself-lactobacillus-serum-o_FVD-512.3_PSNR-38.184_SSIM-0.980_LPIPS-0.006_FID-81.8_tinylora,,,,0.9960087154853929,0.0,67.21656352076037,0.9976949829681246
185_a-person-holding-a-piece-of-cloth-in-their-hand_FVD-485.5_PSNR-16.944_SSIM-0.769_LPIPS-0.208_FID-78.7_tinylora,,,,0.9883834485316563,1.0,71.41559679754849,0.9878673843308992
186_a-wooden-deck-with-potted-plants-on-it_FVD-577.6_PSNR-17.700_SSIM-0.529_LPIPS-0.657_FID-84.0_tinylora,,,,0.9855784023344915,0.0,61.10930541466023,0.9843639766468721
187_a-stack-of-saltfish-fritters-on-a-white-plate_FVD-720.6_PSNR-17.602_SSIM-0.701_LPIPS-0.215_FID-78.4_tinylora,,,,0.9807534672188853,1.0,70.97537941768252,0.9798211191214767
188_a-person-washing-a-chicken-in-a-kitchen-sink_FVD-578.5_PSNR-11.337_SSIM-0.257_LPIPS-0.706_FID-84.0_tinylora,,,,0.990732475181579,1.0,65.99433214911099,0.9769509128495759
189_there-is-a-black-and-white-logo-of-a-fork-and-knife-on-a-black-background_FVD-453.3_PSNR-42.780_SSIM-0.972_LPIPS-0.001_FID-74.0_tinylora,,,,0.9988463796977124,0.0,54.01984168743265,0.9990703685026543
18_a-man-is-sitting-in-a-car-and-ordering-food-from-a-drive-through-window_FVD-620.8_PSNR-20.848_SSIM-0.847_LPIPS-0.060_FID-72.4_tinylora,,,,0.9948683643128726,0.0,73.506238740066,0.9929019324919757
190_there-is-a-protest-in-the-city-and-police-officers-are-trying-to-control-the-cro_FVD-527.3_PSNR-15.119_SSIM-0.595_LPIPS-0.267_FID-82.0_tinylora,,,,0.9866284601113415,1.0,50.435069380135374,0.9555659499822878
191_a-news-anchor-with-a-fire-in-the-background_FVD-453.3_PSNR-16.941_SSIM-0.659_LPIPS-0.281_FID-74.0_tinylora,,,,0.990395492030947,1.0,75.84411384319436,0.9894023044436586
192_a-blue-bowl-of-food-with-pasta-tomatoes-and-other-vegetables-on-a-table_FVD-602.6_PSNR-28.359_SSIM-0.911_LPIPS-0.062_FID-83.8_tinylora,,,,0.9951218646847093,0.0,75.07011676656789,0.9927351923549876
193_two-women-standing-next-to-each-other-in-front-of-a-blue-background_FVD-485.5_PSNR-20.162_SSIM-0.839_LPIPS-0.162_FID-78.7_tinylora,,,,0.9942093935263743,0.0,75.29340651939656,0.9906503050935035
194_an-empty-street-with-buildings-on-both-sides_FVD-527.3_PSNR-21.027_SSIM-0.710_LPIPS-0.044_FID-82.0_tinylora,,,,0.9929777291191584,0.0,74.82960194554822,0.9864509909760718
195_a-black-and-white-dog-running-through-a-warehouse_FVD-578.5_PSNR-21.538_SSIM-0.738_LPIPS-0.229_FID-84.0_tinylora,,,,0.9923490596158335,1.0,53.547947061472925,0.9852477700102563
196_the-person-is-holding-a-steelbook-edition-of-batman-arkham-city-and-they-are-unb_FVD-602.6_PSNR-14.936_SSIM-0.743_LPIPS-0.306_FID-83.8_tinylora,,,,0.983428028262587,1.0,74.4023832123855,0.9711743018206428
197_a-man-is-sitting-at-a-table-with-a-fish-tank-in-front-of-him-and-he-is-looking-a_FVD-577.6_PSNR-7.137_SSIM-0.394_LPIPS-0.593_FID-84.0_tinylora,,,,0.977229550240235,1.0,72.70208661309604,0.9634969786101697
198_there-is-a-computer-with-a-blue-screen-displaying-various-windows-and-icons_FVD-664.7_PSNR-17.555_SSIM-0.681_LPIPS-0.289_FID-76.8_tinylora,,,,0.9836571642545907,0.0,75.56845618938577,0.9801428196476955
199_a-close-up-of-a-plastic-model-of-some-sort_FVD-664.7_PSNR-22.831_SSIM-0.868_LPIPS-0.171_FID-76.8_tinylora,,,,0.9914221687940667,1.0,77.49957827864021,0.9822681071711522
19_a-car-with-a-colorful-paint-job-parked-in-a-parking-lot_FVD-578.5_PSNR-25.186_SSIM-0.890_LPIPS-0.080_FID-84.0_tinylora,,,,0.9954694738472312,1.0,59.61980477694807,0.9929167995265886
1_a-young-woman-is-standing-in-front-of-a-kitchen-counter-she-has-tattoos-on-her-a_FVD-453.3_PSNR-19.694_SSIM-0.679_LPIPS-0.253_FID-74.0_tinylora,,,,0.9947729511476064,0.0,70.94175062508418,0.9905543542375752
200_a-city-street-with-a-lot-of-cars-and-a-hole-in-the-ground_FVD-720.6_PSNR-6.193_SSIM-0.364_LPIPS-0.665_FID-78.4_tinylora,,,,0.9827902938352158,0.0,73.91142851730874,0.9718256632486979
201_there-is-a-man-standing-at-a-podium-in-front-of-a-large-crowd-holding-a-micropho_FVD-453.3_PSNR-16.640_SSIM-0.510_LPIPS-0.239_FID-74.0_tinylora,,,,0.9763303402624405,1.0,65.64777282188679,0.9677679248884612
202_a-man-in-a-black-t-shirt-and-cap-is-standing-in-front-of-a-white-desk-and-pointi_FVD-577.6_PSNR-10.431_SSIM-0.416_LPIPS-0.681_FID-84.0_tinylora,,,,0.9612874160748701,1.0,63.82718434827081,0.9110908433502796
203_a-koala-is-sitting-in-a-tree-with-a-blue-sky-in-the-background_FVD-578.5_PSNR-22.274_SSIM-0.855_LPIPS-0.320_FID-84.0_tinylora,,,,0.9877722872001364,1.0,55.04886114186254,0.9778795934190937
204_an-elephant-peeking-out-from-behind-some-bushes_FVD-602.6_PSNR-10.384_SSIM-0.449_LPIPS-0.848_FID-83.8_tinylora,,,,0.9468130149696097,1.0,50.01791000366211,0.9240040124631396
205_a-purple-background-with-a-lot-of-spheres-and-bubbles_FVD-453.3_PSNR-22.785_SSIM-0.876_LPIPS-0.227_FID-74.0_tinylora,,,,0.995443070256949,1.0,72.11012031292093,0.9915998000724643
206_a-red-sports-car-is-driving-on-a-dirt-road-and-the-wheels-are-spinning_FVD-720.6_PSNR-12.919_SSIM-0.493_LPIPS-0.350_FID-78.4_tinylora,,,,0.9884889469275958,1.0,68.50839628022293,0.9291313171386719
207_there-is-a-barbie-doll-sitting-at-a-vanity-table-with-various-cosmetics-and-make_FVD-527.3_PSNR-14.193_SSIM-0.696_LPIPS-0.305_FID-82.0_tinylora,,,,0.9858864056439883,1.0,77.88575218463767,0.9828323214661842
208_a-document-on-a-white-sheet-of-paper_FVD-664.7_PSNR-21.456_SSIM-0.731_LPIPS-0.081_FID-76.8_tinylora,,,,0.9946171694505793,0.0,74.19286372743804,0.9906334736767937
209_a-piece-of-dough-in-a-frying-pan-on-a-stove_FVD-664.7_PSNR-13.384_SSIM-0.414_LPIPS-0.628_FID-76.8_tinylora,,,,0.9873980130580544,0.0,67.24662123055293,0.979652161691703
20_a-close-up-of-a-flashlight-in-a-box_FVD-453.3_PSNR-9.941_SSIM-0.720_LPIPS-0.563_FID-74.0_tinylora,,,,0.9817164882112033,1.0,36.96982955932617,0.9788764542224361
210_an-aerial-view-of-a-snowy-mountain-range-with-snow-on-the-ground_FVD-512.3_PSNR-17.342_SSIM-0.692_LPIPS-0.310_FID-81.8_tinylora,,,,0.9896857941894707,1.0,69.47462726461477,0.965026227165671
211_there-is-a-man-wearing-a-blue-shirt-and-a-beard-and-he-is-standing-in-front-of-a_FVD-602.6_PSNR-13.342_SSIM-0.423_LPIPS-0.491_FID-83.8_tinylora,,,,0.9889613439860452,1.0,68.73593087031924,0.9613985734827378
212_a-room-with-white-walls-a-fireplace-and-a-flat-screen-tv-is-a-staircase_FVD-485.5_PSNR-9.119_SSIM-0.398_LPIPS-0.759_FID-78.7_tinylora,,,,0.9821671333797942,0.0,69.95121383666992,0.9786931636286716
213_there-is-a-man-playing-a-video-game-on-a-computer-screen-and-he-is-wearing-a-hat_FVD-512.3_PSNR-19.008_SSIM-0.733_LPIPS-0.338_FID-81.8_tinylora,,,,0.9882051113714717,1.0,61.87134183686355,0.9868312452353684
214_two-cars-parked-next-to-each-other-in-a-parking-lot_FVD-453.3_PSNR-13.189_SSIM-0.477_LPIPS-0.731_FID-74.0_tinylora,,,,0.993004950076986,1.0,50.413794155778554,0.9814180355446012
215_a-close-up-of-a-space-station-with-the-words-16-modules-written-on-it_FVD-512.3_PSNR-22.858_SSIM-0.918_LPIPS-0.169_FID-81.8_tinylora,,,,0.9980234792568203,0.0,39.14687663111194,0.9977617530261769
216_a-blurry-picture-of-a-white-bird-with-a-green-background_FVD-720.6_PSNR-46.462_SSIM-0.992_LPIPS-0.008_FID-78.4_tinylora,,,,0.9963788162834578,0.0,38.289204761899754,0.9980099713101106
217_a-green-sphere-with-some-clouds-in-it_FVD-720.6_PSNR-26.629_SSIM-0.540_LPIPS-0.099_FID-78.4_tinylora,,,,0.9959725083943833,0.0,47.2977206789214,0.983480167388916
218_a-drawing-of-two-kangaroos-standing-next-to-each-other_FVD-512.3_PSNR-27.522_SSIM-0.896_LPIPS-0.026_FID-81.8_tinylora,,,,0.9947762505442882,0.0,71.15607189310008,0.9933328506993312
219_a-group-of-people-are-gathered-in-a-room-and-one-man-is-speaking-into-a-micropho_FVD-577.6_PSNR-23.437_SSIM-0.783_LPIPS-0.108_FID-84.0_tinylora,,,,0.9946658598669169,1.0,69.76603119948814,0.9920433755014457
21_a-comic-book-cover-featuring-a-group-of-superheroes_FVD-453.3_PSNR-10.149_SSIM-0.470_LPIPS-0.503_FID-74.0_tinylora,,,,0.9818806434833549,1.0,76.46402753632644,0.9785370116140328
220_a-person-is-standing-on-a-wooden-staircase-with-their-feet-covered-in-blood_FVD-485.5_PSNR-32.027_SSIM-0.952_LPIPS-0.014_FID-78.7_tinylora,,,,0.9963915675444858,0.0,55.58648589561726,0.9964193524098863
221_a-long-hallway-with-lots-of-tables-and-chairs_FVD-512.3_PSNR-8.755_SSIM-0.410_LPIPS-0.753_FID-81.8_tinylora,,,,0.9647660844185432,1.0,77.64605765507139,0.9464276369880228
222_there-is-a-soccer-game-happening-in-a-stadium-and-the-fans-are-cheering-for-thei_FVD-578.5_PSNR-21.704_SSIM-0.760_LPIPS-0.139_FID-84.0_tinylora,,,,0.9829360929401141,1.0,67.85418543322334,0.9721350034077962
223_a-close-up-of-two-hands-holding-a-small-object_FVD-620.8_PSNR-24.323_SSIM-0.929_LPIPS-0.064_FID-72.4_tinylora,,,,0.9957893390395688,1.0,75.15473937988281,0.9944765240538354
224_a-woman-is-unpacking-a-box-of-household-appliances-including-a-vacuum-cleaner-an_FVD-577.6_PSNR-8.393_SSIM-0.435_LPIPS-0.543_FID-84.0_tinylora,,,,0.963732802081837,1.0,60.762105218295396,0.9519925622379078
225_a-stick-figure-in-a-blue-hoodie-and-glasses-is-waving-its-arms-up-and-down-on-a_FVD-527.3_PSNR-13.849_SSIM-0.847_LPIPS-0.199_FID-82.0_tinylora,,,,0.9829644190742536,1.0,73.87933402225889,0.9742349231944365
226_a-cartoon-of-a-boy-standing-next-to-a-red-chair_FVD-527.3_PSNR-9.620_SSIM-0.668_LPIPS-0.391_FID-82.0_tinylora,,,,0.9877670481921401,1.0,72.64919767708614,0.9803087683284983
227_there-are-two-men-sitting-at-a-table-with-a-bag-of-food-in-front-of-them_FVD-602.6_PSNR-24.988_SSIM-0.895_LPIPS-0.036_FID-83.8_tinylora,,,,0.9955658147340133,0.0,73.23612818224677,0.9948125638213812
228_a-chef-is-standing-in-front-of-a-stainless-steel-kitchen-counter-he-is-wearing-a_FVD-485.5_PSNR-8.172_SSIM-0.194_LPIPS-0.737_FID-78.7_tinylora,,,,0.9891121525065689,0.0,64.26231160657159,0.9762737666859346
229_a-man-and-a-woman-are-standing-in-the-woods-with-the-man-wearing-an-orange-life_FVD-527.3_PSNR-14.565_SSIM-0.533_LPIPS-0.489_FID-82.0_tinylora,,,,0.9758216215505968,1.0,63.23210670208109,0.9608058144064511
22_a-man-is-standing-on-a-bridge-on-a-tv_FVD-578.5_PSNR-8.037_SSIM-0.292_LPIPS-0.737_FID-84.0_tinylora,,,,0.9706855560399908,1.0,61.880826489678746,0.9610485563091203
230_there-is-a-large-rock-floating-in-space-surrounded-by-smaller-rocks-and-debris_FVD-720.6_PSNR-10.313_SSIM-0.523_LPIPS-0.598_FID-78.4_tinylora,,,,0.961073913873776,1.0,37.158463839826915,0.9316562353395949
231_a-pink-background-with-the-words-comparing-color-in-princess-cuts_FVD-602.6_PSNR-19.791_SSIM-0.827_LPIPS-0.212_FID-83.8_tinylora,,,,0.9872838701118801,1.0,73.19326940076104,0.9781429085077024
232_it-is-a-busy-street-in-a-city-with-many-cars-motorcycles-and-pedestrians_FVD-577.6_PSNR-26.314_SSIM-0.785_LPIPS-0.097_FID-84.0_tinylora,,,,0.9913256310470235,0.0,73.19762446962554,0.9844659861396341
233_a-person-is-performing-an-inverse-pass-card-trick-on-a-green-table-with-a-deck-o_FVD-577.6_PSNR-6.179_SSIM-0.310_LPIPS-0.882_FID-84.0_tinylora,,,,0.9379153587850738,1.0,61.22639254865975,0.9182370653339461
234_the-product-is-a-packet-of-quinoa-flakes_FVD-485.5_PSNR-15.753_SSIM-0.607_LPIPS-0.344_FID-78.7_tinylora,,,,0.9876010131616749,1.0,74.10793541217673,0.9579451916264553
235_an-orange-background-with-the-words-cambella-faciale-e-voce_FVD-512.3_PSNR-14.984_SSIM-0.666_LPIPS-0.414_FID-81.8_tinylora,,,,0.9781902797510564,1.0,43.920826615958376,0.9379546221564797
236_a-poster-with-the-words-using-minor-pentatonic-over-major-7th-chords_FVD-578.5_PSNR-9.148_SSIM-0.486_LPIPS-0.588_FID-84.0_tinylora,,,,0.9769411826896892,0.0,74.44160277267983,0.9738413586336023
237_a-close-up-of-a-metal-grate-with-holes-in-it_FVD-512.3_PSNR-9.304_SSIM-0.440_LPIPS-0.711_FID-81.8_tinylora,,,,0.9625321628050258,1.0,48.56681383067164,0.9387059193031461
238_a-white-plate-topped-with-fried-green-beans_FVD-485.5_PSNR-9.705_SSIM-0.232_LPIPS-0.583_FID-78.7_tinylora,,,,0.9413914179119831,1.0,50.874359393941944,0.8563664455039829
239_a-man-in-a-suit-and-glasses-is-talking-to-another-man-in-a-business-suit_FVD-602.6_PSNR-10.392_SSIM-0.239_LPIPS-0.783_FID-83.8_tinylora,,,,0.9927051966619982,1.0,48.78257356840989,0.978468292834712
23_there-is-a-group-of-people-playing-musical-instruments-in-front-of-a-purple-curt_FVD-664.7_PSNR-8.969_SSIM-0.277_LPIPS-0.759_FID-76.8_tinylora,,,,0.9878205095473018,0.0,53.819556532234984,0.984719414804496
240_a-man-is-fishing-from-a-tunnel-under-a-bridge-over-a-river_FVD-720.6_PSNR-20.995_SSIM-0.781_LPIPS-0.097_FID-78.4_tinylora,,,,0.9912763343852499,0.0,74.95228866050984,0.9836676504097733
241_a-soccer-stadium-with-a-person-on-a-screen_FVD-453.3_PSNR-18.991_SSIM-0.829_LPIPS-0.158_FID-74.0_tinylora,,,,0.9940260551335919,1.0,71.24093101764548,0.9881235749113794
242_a-group-of-people-are-standing-in-front-of-a-waterfall_FVD-720.6_PSNR-17.569_SSIM-0.537_LPIPS-0.670_FID-78.4_tinylora,,,,0.9923141802794836,0.0,47.75945801570498,0.9853679628933177
243_a-news-anchor-and-reporter-are-sitting-at-a-desk-in-front-of-a-cityscape-backdro_FVD-453.3_PSNR-24.198_SSIM-0.867_LPIPS-0.058_FID-74.0_tinylora,,,,0.9954332167228537,0.0,75.34822135136045,0.9932296262067907
244_a-piece-of-butter-sitting-on-top-of-a-cloth_FVD-602.6_PSNR-12.587_SSIM-0.389_LPIPS-0.714_FID-83.8_tinylora,,,,0.9809358961266131,1.0,54.27325110599912,0.9711459421644024
245_there-is-a-computer-screen-displaying-a-programing-system-with-a-button-labeled_FVD-578.5_PSNR-12.647_SSIM-0.715_LPIPS-0.419_FID-84.0_tinylora,,,,0.9900264307111734,0.0,41.095993831239895,0.986084187264536
246_a-computer-screen-showing-an-image-of-a-tank_FVD-577.6_PSNR-25.216_SSIM-0.903_LPIPS-0.081_FID-84.0_tinylora,,,,0.9943548173810122,0.0,75.00676201129782,0.9942470059675329
247_a-close-up-of-a-camera-with-a-lens-attached_FVD-512.3_PSNR-18.742_SSIM-0.755_LPIPS-0.290_FID-81.8_tinylora,,,,0.9920450592095812,0.0,66.21507907735891,0.987688491858688
248_a-man-is-standing-in-the-rain-and-shouting_FVD-620.8_PSNR-19.852_SSIM-0.701_LPIPS-0.111_FID-72.4_tinylora,,,,0.9919234313650674,1.0,71.38057787665005,0.9505285113465552
249_a-red-car-is-driving-on-a-dirt-road-with-dust-flying-around-it_FVD-664.7_PSNR-11.865_SSIM-0.329_LPIPS-0.725_FID-76.8_tinylora,,,,0.9894527717270134,1.0,43.66462641748889,0.9746069160162234
24_a-sheet-of-paper-with-a-list-of-words-on-it_FVD-485.5_PSNR-19.198_SSIM-0.861_LPIPS-0.129_FID-78.7_tinylora,,,,0.9852474500751155,1.0,55.2292779067467,0.9713375652537627
250_mannequins-with-t-shirts-on-display-with-the-words-are-you-repping-the-shit_FVD-602.6_PSNR-15.222_SSIM-0.738_LPIPS-0.403_FID-83.8_tinylora,,,,0.9797071434743769,1.0,68.93466962617019,0.9800408269844804
251_there-is-a-bright-light-shining-in-a-dark-background-and-the-light-is-moving-in_FVD-720.6_PSNR-18.520_SSIM-0.648_LPIPS-0.434_FID-78.4_tinylora,,,,0.98392522153092,0.0,29.037415208487676,0.9706218308093502
252_person-is-being-melted-in-a-frying-pan-on-a-stove_FVD-453.3_PSNR-10.209_SSIM-0.434_LPIPS-0.702_FID-74.0_tinylora,,,,0.9732980172571165,0.0,57.78500287286167,0.9747164090474446
253_an-advertisement-for-the-us-spacewalk-on-iss_FVD-527.3_PSNR-25.325_SSIM-0.892_LPIPS-0.084_FID-82.0_tinylora,,,,0.995022706264664,0.0,76.8421533518824,0.9940020734188604
254_a-screen-shot-of-a-menu-in-a-video-game_FVD-602.6_PSNR-8.253_SSIM-0.292_LPIPS-0.801_FID-83.8_tinylora,,,,0.9865311456780896,0.0,58.15123538313241,0.975290885626101
255_the-text-haywards-fitness-bodybuilding-is-written-on-a-black-background_FVD-527.3_PSNR-29.038_SSIM-0.899_LPIPS-0.016_FID-82.0_tinylora,,,,0.9926805692562816,0.0,64.61394540194807,0.9863921604904474
256_a-man-and-a-little-boy-sitting-in-a-chair_FVD-602.6_PSNR-18.140_SSIM-0.667_LPIPS-0.174_FID-83.8_tinylora,,,,0.991421555534607,0.0,74.40182600350215,0.9749232984056659
257_there-is-a-wooden-ladder-leaning-against-the-side-of-a-house_FVD-578.5_PSNR-11.093_SSIM-0.301_LPIPS-0.654_FID-84.0_tinylora,,,,0.9897235806047847,0.0,62.85521882155846,0.9829145712011
258_a-wooden-box-with-a-window-is-on-the-steps-of-a-house_FVD-577.6_PSNR-14.727_SSIM-0.536_LPIPS-0.327_FID-84.0_tinylora,,,,0.9865613831336487,1.0,76.58284417514143,0.9671701281678443
259_a-young-girl-is-playing-with-stuffed-animals-in-her-bedroom_FVD-512.3_PSNR-16.242_SSIM-0.605_LPIPS-0.505_FID-81.8_tinylora,,,,0.9853061901844071,1.0,46.918483865672144,0.9671316707835478
25_a-computer-screen-showing-various-items-in-a-minecraft-game_FVD-512.3_PSNR-15.706_SSIM-0.257_LPIPS-0.805_FID-81.8_tinylora,,,,0.9771285880471312,1.0,49.428773353839745,0.9811178207397461
260_a-man-wearing-a-black-jacket-and-black-pants-is-standing-on-a-black-box-on-a-roa_FVD-664.7_PSNR-12.731_SSIM-0.727_LPIPS-0.531_FID-76.8_tinylora,,,,0.9641423167824822,1.0,72.0796934982826,0.9440821105358648
261_a-close-up-of-the-engine-of-a-car_FVD-512.3_PSNR-18.678_SSIM-0.540_LPIPS-0.139_FID-81.8_tinylora,,,,0.9914812864916266,0.0,72.42395045839507,0.9860045096453498
262_a-man-is-standing-in-front-of-a-kitchen-counter-holding-a-mug-of-coffee-and-talk_FVD-527.3_PSNR-11.028_SSIM-0.378_LPIPS-0.803_FID-82.0_tinylora,,,,0.9952107445208318,0.0,49.16760753763133,0.9884546597798666
263_a-close-up-view-of-a-cars-suspension_FVD-578.5_PSNR-17.909_SSIM-0.718_LPIPS-0.348_FID-84.0_tinylora,,,,0.9931264995982367,1.0,64.43631954850822,0.9863853426540599
264_a-couple-of-people-in-a-restaurant-looking-at-each-other_FVD-620.8_PSNR-28.924_SSIM-0.948_LPIPS-0.037_FID-72.4_tinylora,,,,0.9951661624518932,0.0,73.45893149540342,0.9955930223651961
265_a-man-is-cooking-food-in-a-pan-on-a-gas-stove_FVD-602.6_PSNR-16.306_SSIM-0.454_LPIPS-0.338_FID-83.8_tinylora,,,,0.9873946902812941,1.0,76.84271661166487,0.9669791838702033
266_the-chef-is-preparing-a-dish-with-scallops-on-a-cooking-show_FVD-664.7_PSNR-13.741_SSIM-0.721_LPIPS-0.557_FID-76.8_tinylora,,,,0.9930855094107622,1.0,58.33529215845569,0.9740736662172804
267_a-close-up-of-a-dish-with-vegetables-in-it_FVD-577.6_PSNR-24.374_SSIM-0.644_LPIPS-0.109_FID-84.0_tinylora,,,,0.9945346889757506,0.0,56.96368763364595,0.9913974986356847
268_there-is-a-man-sitting-on-a-bench-by-the-lake-and-fishing_FVD-578.5_PSNR-14.647_SSIM-0.610_LPIPS-0.684_FID-84.0_tinylora,,,,0.9931665260588743,0.0,77.33188839616447,0.9839354290681727
269_a-man-is-sitting-on-a-stool-and-playing-a-musical-instrument_FVD-453.3_PSNR-7.954_SSIM-0.669_LPIPS-0.345_FID-74.0_tinylora,,,,0.9460817204819962,1.0,63.63704786629513,0.9405245724846335
26_a-female-soccer-player-kicks-the-ball-during-a-game_FVD-527.3_PSNR-9.395_SSIM-0.375_LPIPS-0.626_FID-82.0_tinylora,,,,0.9699796326783918,1.0,63.25282853225182,0.9661632463043811
270_the-sun-is-setting-over-a-body-of-water-and-there-are-buildings-in-the-distance_FVD-453.3_PSNR-21.522_SSIM-0.803_LPIPS-0.335_FID-74.0_tinylora,,,,0.9868414212974185,1.0,63.1282669593548,0.9751513817731072
271_a-city-skyline-with-skyscrapers-and-buildings-against-a-hazy-sky_FVD-578.5_PSNR-11.767_SSIM-0.197_LPIPS-0.640_FID-84.0_tinylora,,,,0.9873812116660232,0.0,57.19082181207065,0.9773491971633014
272_a-man-and-two-women-are-sitting-at-a-desk-in-an-office_FVD-620.8_PSNR-15.208_SSIM-0.424_LPIPS-0.544_FID-72.4_tinylora,,,,0.9822395919839624,1.0,71.03609992717874,0.9787047909755333
273_person-logo-with-mountains-in-the-background_FVD-453.3_PSNR-30.092_SSIM-0.883_LPIPS-0.051_FID-74.0_tinylora,,,,0.9948204900950764,0.0,66.41200006419214,0.9828736585729262
274_a-plate-of-nachos-with-cheese-and-sour-cream_FVD-485.5_PSNR-26.085_SSIM-0.806_LPIPS-0.125_FID-78.7_tinylora,,,,0.9921465958512145,0.0,76.25969906510979,0.9879982293820848
275_there-are-various-ingredients-on-a-wooden-cutting-board-including-meat-herbs-and_FVD-602.6_PSNR-29.309_SSIM-0.839_LPIPS-0.139_FID-83.8_tinylora,,,,0.9948442374746372,0.0,66.55146684317754,0.9951904493219712
276_an-older-man-with-a-beard-and-sweater-stands-in-a-room-with-machines_FVD-453.3_PSNR-19.577_SSIM-0.699_LPIPS-0.192_FID-74.0_tinylora,,,,0.992368177739846,1.0,50.33143615722656,0.9849536297368068
277_a-close-up-of-a-metal-railing-in-a-building_FVD-512.3_PSNR-9.706_SSIM-0.652_LPIPS-0.582_FID-81.8_tinylora,,,,0.9866390183210036,0.0,66.46393098502324,0.9843992504419065
278_there-is-a-basketball-game-being-played-in-a-stadium-and-the-players-are-wearing_FVD-620.8_PSNR-17.929_SSIM-0.598_LPIPS-0.501_FID-72.4_tinylora,,,,0.9900694703963315,1.0,66.661513098355,0.9823856465956744
279_an-image-of-a-tiger-with-the-words-tigerfitness-com_FVD-577.6_PSNR-8.142_SSIM-0.285_LPIPS-0.589_FID-84.0_tinylora,,,,0.9771064008202106,1.0,73.95156281569908,0.9610009885301777
27_two-men-are-standing-in-a-field-one-of-them-is-holding-a-pineapple-and-the-other_FVD-720.6_PSNR-13.845_SSIM-0.534_LPIPS-0.362_FID-78.4_tinylora,,,,0.9854536242581968,1.0,70.91060467424064,0.9529238008985332
280_a-breaking-news-banner-is-being-displayed-on-a-tv-screen_FVD-512.3_PSNR-16.441_SSIM-0.666_LPIPS-0.336_FID-81.8_tinylora,,,,0.9724423928893139,1.0,61.71296770819302,0.9714070301429898
281_a-person-holding-a-gun-in-a-video-game_FVD-512.3_PSNR-22.083_SSIM-0.821_LPIPS-0.190_FID-81.8_tinylora,,,,0.9917517463048253,1.0,60.09744039075128,0.9880267040402282
282_a-view-of-an-office-building-through-a-glass-door_FVD-577.6_PSNR-25.880_SSIM-0.879_LPIPS-0.116_FID-84.0_tinylora,,,,0.9955967344202639,0.0,74.85813272410425,0.993770110840891
283_a-person-holding-an-iphone-in-their-hand_FVD-527.3_PSNR-23.188_SSIM-0.814_LPIPS-0.332_FID-82.0_tinylora,,,,0.9934780525124046,0.0,54.918458741286706,0.9906428823284075
284_a-colorful-background-with-text-on-a-geometric-background_FVD-578.5_PSNR-32.199_SSIM-0.966_LPIPS-0.095_FID-84.0_tinylora,,,,0.9950043512664146,0.0,49.39189358415275,0.9925381206998638
285_a-close-up-of-two-packages-of-food-on-a-table_FVD-620.8_PSNR-16.461_SSIM-0.628_LPIPS-0.353_FID-72.4_tinylora,,,,0.9905086834079252,1.0,62.97804194483264,0.9724015759486778
286_a-person-in-a-blue-glove-is-working-on-a-pipe_FVD-602.6_PSNR-19.128_SSIM-0.702_LPIPS-0.231_FID-83.8_tinylora,,,,0.993726197209653,1.0,59.58798204619309,0.9893181838241278
287_an-essay-with-the-words-thesis-statement_FVD-578.5_PSNR-8.620_SSIM-0.325_LPIPS-0.578_FID-84.0_tinylora,,,,0.9729851927416265,1.0,70.04322380855166,0.9675063974717084
288_a-pink-and-white-house-with-a-porch-and-stairs_FVD-720.6_PSNR-14.207_SSIM-0.661_LPIPS-0.345_FID-78.4_tinylora,,,,0.9936491801915744,1.0,72.61951130834119,0.9848754480773327
289_there-is-a-man-wearing-a-black-shirt-and-a-baseball-cap-in-a-garage_FVD-602.6_PSNR-11.148_SSIM-0.495_LPIPS-0.627_FID-83.8_tinylora,,,,0.9897680004159783,0.0,73.26823030669114,0.9895331504298192
28_a-pink-sculpture-of-a-cat-on-a-television-screen_FVD-485.5_PSNR-8.729_SSIM-0.353_LPIPS-0.670_FID-78.7_tinylora,,,,0.9737730864247408,1.0,72.32615109147697,0.9731529628529269
290_a-shelf-filled-with-chainsaws-and-other-tools_FVD-512.3_PSNR-22.305_SSIM-0.614_LPIPS-0.183_FID-81.8_tinylora,,,,0.9885015427111016,0.0,52.61231021223397,0.9837139354032629
291_a-person-is-fixing-something-in-a-metal-tray_FVD-485.5_PSNR-18.240_SSIM-0.584_LPIPS-0.255_FID-78.7_tinylora,,,,0.9907645075257667,0.0,78.49777011213631,0.9865748153013342
292_a-hunter-is-aiming-and-shooting-at-a-target-from-a-tree-stand_FVD-512.3_PSNR-22.367_SSIM-0.566_LPIPS-0.152_FID-81.8_tinylora,,,,0.9912050994943917,1.0,71.83697851772966,0.9852129721174053
293_three-men-standing-next-to-each-other-on-a-track_FVD-577.6_PSNR-14.381_SSIM-0.434_LPIPS-0.336_FID-84.0_tinylora,,,,0.989970367854674,0.0,77.0105367200128,0.977538548263849
294_a-bottle-of-olive-oil-with-other-ingredients-in-the-background_FVD-512.3_PSNR-11.019_SSIM-0.439_LPIPS-0.478_FID-81.8_tinylora,,,,0.9766730501295069,1.0,79.1032143954573,0.9660914290185069
295_a-close-up-of-a-piece-of-paper-with-numbers-on-it_FVD-720.6_PSNR-8.142_SSIM-0.542_LPIPS-0.488_FID-78.4_tinylora,,,,0.9639528733835949,1.0,64.2671653484476,0.9407878464343501
296_a-person-is-putting-a-light-on-a-lamp-on-a-table_FVD-512.3_PSNR-18.226_SSIM-0.769_LPIPS-0.261_FID-81.8_tinylora,,,,0.9870150513463932,1.0,28.540089837436017,0.9169524024514591
297_there-is-a-red-antique-car-with-headlights-on-display_FVD-527.3_PSNR-12.646_SSIM-0.383_LPIPS-0.549_FID-82.0_tinylora,,,,0.9937874291677141,1.0,72.12346859635979,0.9791539304396686
298_a-person-in-white-gloves-is-working-on-a-plant_FVD-512.3_PSNR-17.058_SSIM-0.718_LPIPS-0.281_FID-81.8_tinylora,,,,0.9832162487056788,1.0,72.16213936641299,0.9650833279478783
299_a-computer-screen-with-a-video-game-on-it_FVD-512.3_PSNR-23.448_SSIM-0.839_LPIPS-0.099_FID-81.8_tinylora,,,,0.9928501444982374,0.0,62.19087482320851,0.9914875451256248
29_a-person-is-cooking-food-in-a-pot-of-water_FVD-512.3_PSNR-23.629_SSIM-0.905_LPIPS-0.063_FID-81.8_tinylora,,,,0.9950320905605832,0.0,78.11040391593144,0.9931085315405154
2_the-room-has-a-white-wall-and-a-bookshelf_FVD-602.6_PSNR-12.066_SSIM-0.190_LPIPS-0.751_FID-83.8_tinylora,,,,0.9865302135143588,0.0,50.95073890686035,0.9789708997689042
300_a-person-holding-a-makeup-palette-with-a-heart-on-it_FVD-485.5_PSNR-10.505_SSIM-0.277_LPIPS-0.701_FID-78.7_tinylora,,,,0.9730312087107813,0.0,72.0675795982624,0.9644889494952034
301_a-cartoon-drawing-of-a-baby-in-a-blue-shirt_FVD-527.3_PSNR-21.399_SSIM-0.827_LPIPS-0.133_FID-82.0_tinylora,,,,0.9869960017260109,1.0,71.91086367903084,0.9859015455432967
302_the-screen-of-a-smartphone-in-hindi_FVD-485.5_PSNR-33.600_SSIM-0.968_LPIPS-0.059_FID-78.7_tinylora,,,,0.9957678452657773,0.0,74.96122478616648,0.9979935286091823
303_the-person-is-playing-a-video-game-in-which-they-use-a-gun-to-shoot-at-people-in_FVD-527.3_PSNR-10.132_SSIM-0.395_LPIPS-0.705_FID-82.0_tinylora,,,,0.9882450242049277,1.0,72.19888489821861,0.9796837544908711
304_there-is-a-black-jeep-parked-in-a-white-room-with-a-door_FVD-578.5_PSNR-8.051_SSIM-0.197_LPIPS-0.865_FID-84.0_tinylora,,,,0.9885147073319178,0.0,54.748919125260976,0.9767265488119686
305_an-advertisement-for-a-watch-repair-shop-with-pictures-of-different-types-of-wat_FVD-602.6_PSNR-22.964_SSIM-0.868_LPIPS-0.130_FID-83.8_tinylora,,,,0.9933271738516454,0.0,65.81617697354021,0.9870228888941747
306_penguins-are-standing-on-the-beach-and-some-of-them-are-preening-their-feathers_FVD-512.3_PSNR-23.891_SSIM-0.864_LPIPS-0.107_FID-81.8_tinylora,,,,0.9919191803991896,0.0,68.60518462082436,0.9899295928431492
307_an-orangutan-holding-a-pink-object-in-its-mouth_FVD-512.3_PSNR-9.009_SSIM-0.242_LPIPS-0.646_FID-81.8_tinylora,,,,0.9749371496729033,0.0,69.33154717807112,0.9690426097196692
308_a-man-is-walking-in-a-garden-and-examining-a-lemon-tree_FVD-453.3_PSNR-21.295_SSIM-0.552_LPIPS-0.178_FID-74.0_tinylora,,,,0.9930831445158191,0.0,64.6474979006011,0.9840302972232594
309_person-tremblay-is-sitting-at-a-desk-with-his-hands-covering-his-face-he-is-wear_FVD-664.7_PSNR-22.369_SSIM-0.724_LPIPS-0.125_FID-76.8_tinylora,,,,0.9921220254928894,1.0,69.75590528290847,0.9759082588494993
30_a-close-up-of-the-dashboard-of-a-car_FVD-664.7_PSNR-18.409_SSIM-0.752_LPIPS-0.162_FID-76.8_tinylora,,,,0.9934017076715835,1.0,67.44036588997676,0.9829421679178874
310_the-us-pipe-logo-on-a-white-background_FVD-602.6_PSNR-22.373_SSIM-0.952_LPIPS-0.037_FID-83.8_tinylora,,,,0.994310882706448,1.0,65.87682684536638,0.9923475891936059
311_a-computer-screen-showing-a-list-of-items_FVD-485.5_PSNR-6.610_SSIM-0.287_LPIPS-0.823_FID-78.7_tinylora,,,,0.9792240586806304,1.0,70.59517169820852,0.972597578460095
312_a-man-is-standing-next-to-an-armored-vehicle-in-a-workshop_FVD-512.3_PSNR-13.728_SSIM-0.556_LPIPS-0.384_FID-81.8_tinylora,,,,0.9795819854718063,1.0,76.11920902646821,0.9733907325595033
313_a-man-is-sitting-in-a-car-holding-a-plate-of-food-for-lunch_FVD-453.3_PSNR-16.452_SSIM-0.630_LPIPS-0.367_FID-74.0_tinylora,,,,0.9866623869432923,1.0,78.4456629259833,0.9755942961748909
314_a-green-ford-mustang-parked-in-front-of-a-building_FVD-602.6_PSNR-23.059_SSIM-0.859_LPIPS-0.046_FID-83.8_tinylora,,,,0.9889145786853738,0.0,75.46502896012932,0.9873064826516544
315_a-man-in-a-red-hat-and-a-blue-shirt-working-on-a-bale-of-hay_FVD-453.3_PSNR-14.273_SSIM-0.519_LPIPS-0.318_FID-74.0_tinylora,,,,0.9823933508365953,1.0,50.50683264896787,0.9259161182478363
316_a-man-with-dreadlocks-is-sitting-on-a-couch-and-talking-to-the-camera_FVD-485.5_PSNR-28.628_SSIM-0.913_LPIPS-0.041_FID-78.7_tinylora,,,,0.995229973934018,0.0,70.12501736344963,0.9952718959135167
317_there-is-a-branch-of-a-tree-with-no-leaves-in-the-foreground-and-the-background_FVD-577.6_PSNR-15.823_SSIM-0.361_LPIPS-0.320_FID-84.0_tinylora,,,,0.9775491241167942,1.0,75.94341067610115,0.9499621596990847
318_a-piece-of-food-sitting-on-a-table-next-to-a-container_FVD-664.7_PSNR-13.845_SSIM-0.762_LPIPS-0.230_FID-76.8_tinylora,,,,0.9844789784570346,1.0,74.89223427608096,0.9840609251284131
319_an-illustration-of-a-purple-octopus-sitting-in-a-chair_FVD-512.3_PSNR-30.578_SSIM-0.940_LPIPS-0.027_FID-81.8_tinylora,,,,0.9965201390385214,0.0,72.21919987119477,0.9970035092503416
31_a-view-of-a-train-track-next-to-a-fence_FVD-602.6_PSNR-16.648_SSIM-0.535_LPIPS-0.388_FID-83.8_tinylora,,,,0.9873730835817233,1.0,59.70340649834995,0.9696550818050609
320_the-person-is-wearing-camouflage-gear-and-holding-a-rifle-with-trees-and-bushes_FVD-578.5_PSNR-13.212_SSIM-0.435_LPIPS-0.442_FID-84.0_tinylora,,,,0.9743526145100134,1.0,59.59717651893352,0.9486854403626686
321_a-picture-of-a-spoon-of-dark-chocolate-with-the-words-benefits-of-dark-chocolate_FVD-512.3_PSNR-7.821_SSIM-0.641_LPIPS-0.468_FID-81.8_tinylora,,,,0.9922335989684335,1.0,73.59113074993265,0.9852266666935939
322_a-view-of-an-airplane-cockpit-at-night_FVD-527.3_PSNR-10.354_SSIM-0.285_LPIPS-0.725_FID-82.0_tinylora,,,,0.987317273230072,0.0,61.994560110157934,0.9762993195477654
323_there-is-a-measuring-cup-filled-with-brown-liquid-on-a-white-countertop_FVD-602.6_PSNR-37.706_SSIM-0.969_LPIPS-0.007_FID-83.8_tinylora,,,,0.9968420743030117,0.0,68.1450371577822,0.9980774184068044
324_a-man-is-standing-in-front-of-a-blue-car-with-the-word-honda-on-the-license-plat_FVD-578.5_PSNR-12.995_SSIM-0.581_LPIPS-0.265_FID-84.0_tinylora,,,,0.9845198484709055,1.0,57.80976551976697,0.9776400005116183
325_an-aerial-view-of-a-lake-surrounded-by-mountains_FVD-577.6_PSNR-23.603_SSIM-0.927_LPIPS-0.046_FID-84.0_tinylora,,,,0.9950572533700981,1.0,77.24536027579472,0.9867527157652611
326_there-is-a-bowl-of-red-berries-on-a-kitchen-counter-and-a-person-is-pouring-wate_FVD-485.5_PSNR-17.868_SSIM-0.822_LPIPS-0.263_FID-78.7_tinylora,,,,0.9906593429973486,1.0,71.5057943936052,0.9860019730586632
327_a-person-holding-a-hose-with-water-coming-out-of-it_FVD-664.7_PSNR-9.413_SSIM-0.384_LPIPS-0.637_FID-76.8_tinylora,,,,0.9620787793616378,1.0,58.74349265262998,0.9346663905125038
328_there-is-a-person-standing-in-front-of-a-counter-with-various-fruits-and-vegetab_FVD-512.3_PSNR-19.117_SSIM-0.703_LPIPS-0.338_FID-81.8_tinylora,,,,0.9869882879367025,1.0,54.134053986648034,0.9510201659857058
329_a-small-white-car-driving-down-a-curvy-road_FVD-620.8_PSNR-20.410_SSIM-0.892_LPIPS-0.171_FID-72.4_tinylora,,,,0.9940203793857286,1.0,55.4217168873754,0.9824011671776866
32_a-close-up-of-a-black-device-on-a-table_FVD-720.6_PSNR-20.688_SSIM-0.829_LPIPS-0.131_FID-78.4_tinylora,,,,0.9918110108292783,1.0,75.07712265540813,0.9859119733174642
330_a-man-is-sitting-in-a-hangar-next-to-an-old-airplane_FVD-453.3_PSNR-21.590_SSIM-0.829_LPIPS-0.066_FID-74.0_tinylora,,,,0.9926003176043388,0.0,71.024089155526,0.9795099875506232
331_a-person-stirs-onions-in-a-wok-on-a-stove_FVD-512.3_PSNR-6.551_SSIM-0.475_LPIPS-0.687_FID-81.8_tinylora,,,,0.9236458522711969,1.0,74.13855348784348,0.9186452902999579
332_a-little-girl-is-playing-with-toys-in-her-room_FVD-602.6_PSNR-20.396_SSIM-0.769_LPIPS-0.217_FID-83.8_tinylora,,,,0.9926946309707109,1.0,74.46000000526165,0.9825973061954274
333_a-person-is-using-a-smartphone-to-interact-with-an-interactive-display_FVD-485.5_PSNR-13.102_SSIM-0.447_LPIPS-0.346_FID-78.7_tinylora,,,,0.983883550281758,1.0,72.71238550646552,0.9578028884588503
334_the-menu-screen-of-a-video-game_FVD-485.5_PSNR-6.685_SSIM-0.169_LPIPS-0.936_FID-78.7_tinylora,,,,0.9789677583105892,0.0,58.445100718531116,0.9835857933642818
335_a-pink-background-with-streaks-of-light_FVD-578.5_PSNR-34.219_SSIM-0.922_LPIPS-0.317_FID-84.0_tinylora,,,,0.9964405520822112,0.0,38.10091886849239,0.9965542269688027
336_the-inside-of-a-recreational-vehicle-is-spacious-and-well-lit-with-comfortable-s_FVD-620.8_PSNR-16.107_SSIM-0.504_LPIPS-0.288_FID-72.4_tinylora,,,,0.9909954550062546,0.0,75.09034860545191,0.9813280647876216
337_the-motorcycle-is-placed-on-a-black-background-and-rotates-slowly-to-reveal-its_FVD-720.6_PSNR-14.967_SSIM-0.642_LPIPS-0.338_FID-78.4_tinylora,,,,0.9856428462477406,1.0,57.50688723860116,0.9577228134753657
338_a-dragon-ball-z-character-with-blond-hair_FVD-620.8_PSNR-24.233_SSIM-0.712_LPIPS-0.246_FID-72.4_tinylora,,,,0.9893331749099212,0.0,76.71740064949825,0.9890264314763686
339_a-cemetery-with-graves-and-a-church-in-the-background_FVD-453.3_PSNR-9.154_SSIM-0.438_LPIPS-0.665_FID-74.0_tinylora,,,,0.9759083445744751,1.0,76.78324363971579,0.9768815003189386
33_a-herd-of-elephants-is-standing-next-to-a-baby-elephant-at-a-watering-hole_FVD-602.6_PSNR-11.879_SSIM-0.359_LPIPS-0.762_FID-83.8_tinylora,,,,0.96298892139655,1.0,64.68487430440969,0.9654678905711455
340_a-computer-screen-showing-a-video-of-a-man-in-a-blue-shirt_FVD-578.5_PSNR-9.812_SSIM-0.479_LPIPS-0.535_FID-84.0_tinylora,,,,0.9825021336659664,0.0,74.37312422127559,0.9790045794318704
341_a-man-is-putting-food-in-a-pan-on-a-stove_FVD-578.5_PSNR-12.586_SSIM-0.395_LPIPS-0.630_FID-84.0_tinylora,,,,0.9843501717594089,1.0,54.599412457696324,0.9772645838120404
342_a-3d-rendering-of-three-people-standing-in-front-of-a-building_FVD-485.5_PSNR-18.697_SSIM-0.733_LPIPS-0.372_FID-78.7_tinylora,,,,0.9870063078984265,1.0,40.39029101667733,0.9747055951286765
343_a-woman-is-using-a-shower-gel-in-the-bathroom_FVD-453.3_PSNR-16.657_SSIM-0.820_LPIPS-0.191_FID-74.0_tinylora,,,,0.9893533762329718,1.0,77.4592311464507,0.9769872590607288
344_a-man-in-a-chefs-uniform-standing-in-a-kitchen_FVD-664.7_PSNR-22.416_SSIM-0.889_LPIPS-0.098_FID-76.8_tinylora,,,,0.9950579769835285,1.0,66.60097214271282,0.991576878229777
345_two-men-standing-next-to-each-other-in-a-garage_FVD-453.3_PSNR-17.105_SSIM-0.723_LPIPS-0.341_FID-74.0_tinylora,,,,0.990249197034583,1.0,67.10126271741143,0.9686036614810719
346_a-person-is-preparing-food-in-a-pot-on-a-stove_FVD-512.3_PSNR-17.595_SSIM-0.758_LPIPS-0.230_FID-81.8_tinylora,,,,0.9877375525864727,1.0,64.17654589948982,0.9841114455578374
347_a-soldier-is-standing-guard-in-front-of-a-pile-of-garbage-in-a-city-street_FVD-577.6_PSNR-21.348_SSIM-0.806_LPIPS-0.153_FID-84.0_tinylora,,,,0.9925680187272559,0.0,63.546626518512596,0.9847502848681282
348_a-red-car-is-driving-on-a-road-surrounded-by-trees-and-bushes_FVD-577.6_PSNR-20.014_SSIM-0.585_LPIPS-0.440_FID-84.0_tinylora,,,,0.9856425745712281,1.0,46.174591327535694,0.9700356614355947
349_a-page-with-a-description-of-a-video-in-spanish_FVD-578.5_PSNR-7.558_SSIM-0.309_LPIPS-0.735_FID-84.0_tinylora,,,,0.9800153681932174,0.0,76.34660286738955,0.9799694753160664
34_a-poster-that-says-u-s-high-school-stats_FVD-453.3_PSNR-38.619_SSIM-0.970_LPIPS-0.002_FID-74.0_tinylora,,,,0.998872185225586,0.0,47.24419534617457,0.999031237527436
350_a-black-audi-sedan-parked-in-a-parking-lot_FVD-485.5_PSNR-18.830_SSIM-0.782_LPIPS-0.183_FID-78.7_tinylora,,,,0.9919667181776557,1.0,56.92787525571626,0.98540067579232
351_a-black-and-white-photo-of-men-standing-in-a-room-next-to-a-medical-instrument-w_FVD-512.3_PSNR-10.524_SSIM-0.642_LPIPS-0.361_FID-81.8_tinylora,,,,0.9763248344877481,1.0,76.31433526400862,0.9510948106354358
352_a-news-anchor-and-reporter-are-sitting-at-a-news-desk-in-a-television-studio_FVD-664.7_PSNR-23.758_SSIM-0.885_LPIPS-0.051_FID-76.8_tinylora,,,,0.9945204004745595,0.0,75.92877986513335,0.9930414171779857
353_a-man-and-woman-are-sitting-at-a-table-in-a-restaurant-eating-a-meal-with-spoons_FVD-578.5_PSNR-13.255_SSIM-0.521_LPIPS-0.456_FID-84.0_tinylora,,,,0.9868136153700263,1.0,43.37575162690261,0.9560957254147997
354_the-host-is-sitting-on-a-news-desk-in-front-of-a-green-screen-with-a-soccer-stad_FVD-620.8_PSNR-28.181_SSIM-0.929_LPIPS-0.023_FID-72.4_tinylora,,,,0.9948367296638206,0.0,75.92886563005119,0.9916871585097967
355_a-group-of-musicians-are-performing-on-stage-and-playing-their-instruments_FVD-602.6_PSNR-14.422_SSIM-0.658_LPIPS-0.473_FID-83.8_tinylora,,,,0.9876793726638626,1.0,60.02141689432079,0.9804986205755496
356_two-women-are-entering-a-house-and-one-of-them-is-pointing-at-the-door_FVD-578.5_PSNR-6.856_SSIM-0.412_LPIPS-0.771_FID-84.0_tinylora,,,,0.9656591393568645,1.0,73.02830821070178,0.9577052322088503
357_a-silhouette-of-two-people-standing-under-a-starry-sky_FVD-602.6_PSNR-29.955_SSIM-0.960_LPIPS-0.032_FID-83.8_tinylora,,,,0.9954413169848602,0.0,71.99666332376414,0.995959348304599
358_a-computer-displays-a-view-of-a-planet-in-space_FVD-577.6_PSNR-18.790_SSIM-0.856_LPIPS-0.276_FID-84.0_tinylora,,,,0.9935393777569789,1.0,50.07922849984005,0.987567159241321
359_a-person-is-opening-the-door-of-a-black-car-and-getting-into-the-car-at-night_FVD-512.3_PSNR-20.060_SSIM-0.679_LPIPS-0.272_FID-81.8_tinylora,,,,0.9936126249711957,0.0,63.906196988862135,0.9876360407062605
35_two-cars-on-a-road-with-the-words-this-vs-that_FVD-720.6_PSNR-11.513_SSIM-0.352_LPIPS-0.700_FID-78.4_tinylora,,,,0.9525468260888758,1.0,59.50543475973195,0.9561720604990043
360_the-water-in-the-bathtub-is-cloudy-and-there-is-a-white-cloud-floating-in-it_FVD-620.8_PSNR-15.606_SSIM-0.666_LPIPS-0.396_FID-72.4_tinylora,,,,0.9852154792205343,1.0,46.73499390174602,0.9571714887432023
361_a-person-putting-something-on-a-piece-of-cloth_FVD-602.6_PSNR-11.796_SSIM-0.359_LPIPS-0.613_FID-83.8_tinylora,,,,0.9698119053978429,1.0,63.11514874162345,0.9704972042756922
362_a-plate-with-a-green-plant-and-peppers-on-it_FVD-602.6_PSNR-18.574_SSIM-0.465_LPIPS-0.237_FID-83.8_tinylora,,,,0.9878401773369604,0.0,80.14431157605401,0.9712243173636642
363_a-computer-screen-showing-the-settings-for-windows-7_FVD-512.3_PSNR-20.209_SSIM-0.898_LPIPS-0.170_FID-81.8_tinylora,,,,0.9938637036344987,0.0,63.313379221949084,0.9943386077880859
364_a-red-and-white-christmas-card-with-different-logos-on-it_FVD-527.3_PSNR-26.614_SSIM-0.907_LPIPS-0.029_FID-82.0_tinylora,,,,0.9937198128116097,0.0,71.20016689958244,0.9909638526392918
365_a-bmw-car-driving-down-a-road-with-a-grassy-field-in-the-background_FVD-664.7_PSNR-23.567_SSIM-0.843_LPIPS-0.258_FID-76.8_tinylora,,,,0.9927867828488233,0.0,57.08246954556169,0.9909571722442029
366_a-football-player-talks-to-the-media-during-a-press-conference_FVD-453.3_PSNR-21.609_SSIM-0.821_LPIPS-0.181_FID-74.0_tinylora,,,,0.993121799968652,0.0,75.48811603414602,0.9904998349208458
367_a-man-is-riding-a-surfboard-on-a-water-slide_FVD-620.8_PSNR-9.949_SSIM-0.310_LPIPS-0.690_FID-72.4_tinylora,,,,0.9739132925472539,1.0,74.14522473565464,0.9316801033768
368_there-are-several-semi-trucks-parked-on-a-snowy-road-at-night_FVD-620.8_PSNR-17.700_SSIM-0.733_LPIPS-0.381_FID-72.4_tinylora,,,,0.9893128008080903,1.0,37.60674233272158,0.9648066838582356
369_a-computer-screen-with-a-blue-background-and-a-daisy_FVD-578.5_PSNR-4.079_SSIM-0.217_LPIPS-0.675_FID-84.0_tinylora,,,,0.9828949786044225,1.0,68.67226304679082,0.9727932443805769
36_a-sign-made-of-wood-with-a-map-on-it_FVD-527.3_PSNR-21.479_SSIM-0.840_LPIPS-0.075_FID-82.0_tinylora,,,,0.993500771402311,1.0,75.81524605586611,0.988699514725629
370_two-baked-potatoes-with-the-words-colorful-cooking-techniques_FVD-485.5_PSNR-27.308_SSIM-0.942_LPIPS-0.039_FID-78.7_tinylora,,,,0.9984652276041293,0.0,59.62415853039972,0.998552847960416
371_a-woman-is-cutting-garlic-on-a-wooden-cutting-board-with-a-knife_FVD-664.7_PSNR-15.820_SSIM-0.574_LPIPS-0.596_FID-76.8_tinylora,,,,0.9713439958649058,1.0,32.61647730860217,0.9517306795307234
372_a-comic-book-cover-with-a-man-pointing-a-gun-at-another-man_FVD-453.3_PSNR-5.879_SSIM-0.532_LPIPS-0.572_FID-74.0_tinylora,,,,0.9784431703704451,0.0,67.94515070421943,0.9822962012945436
373_there-is-a-man-in-a-brown-robe-standing-in-front-of-a-white-wall-with-his-head-t_FVD-577.6_PSNR-25.647_SSIM-0.838_LPIPS-0.135_FID-84.0_tinylora,,,,0.9947258720862812,1.0,61.257762251229124,0.9815038344439339
374_a-man-is-playing-golf-on-a-green-grass-field-with-an-ocean-in-the-background_FVD-527.3_PSNR-26.437_SSIM-0.861_LPIPS-0.073_FID-82.0_tinylora,,,,0.9944733307652655,0.0,60.2960503676842,0.9933016351625031
375_a-cartoon-spongebob-squarepants-character-with-a-hat_FVD-620.8_PSNR-12.429_SSIM-0.682_LPIPS-0.370_FID-72.4_tinylora,,,,0.9699222320137991,1.0,77.8297295405947,0.9749573651482077
376_two-men-are-working-on-a-tire-in-a-workshop_FVD-577.6_PSNR-6.590_SSIM-0.533_LPIPS-0.565_FID-84.0_tinylora,,,,0.9852456624343113,0.0,70.62212845374798,0.9798201299181172
377_a-logo-for-a-restaurant-with-a-fork-and-spoon_FVD-664.7_PSNR-27.638_SSIM-0.933_LPIPS-0.020_FID-76.8_tinylora,,,,0.9949609012608782,0.0,77.6526107788086,0.9892935332129983
378_a-planet-with-flames-coming-out-of-it_FVD-720.6_PSNR-13.039_SSIM-0.734_LPIPS-0.277_FID-78.4_tinylora,,,,0.9678962981760546,1.0,67.6447885447535,0.9690526363896389
379_the-player-is-holding-a-gun-and-looking-down-a-street-with-buildings-on-either-s_FVD-720.6_PSNR-18.594_SSIM-0.586_LPIPS-0.244_FID-78.4_tinylora,,,,0.9869900213357244,1.0,66.50079253624226,0.9558441423902324
37_a-tv-news-report-with-a-picture-of-a-deer_FVD-527.3_PSNR-13.687_SSIM-0.569_LPIPS-0.337_FID-82.0_tinylora,,,,0.9773388761888303,1.0,75.08095945160964,0.9641217736636891
380_a-news-report-about-a-pool-health-and-safety-violations_FVD-664.7_PSNR-26.174_SSIM-0.820_LPIPS-0.048_FID-76.8_tinylora,,,,0.9948904351070023,0.0,69.9067330195986,0.9933278780357511
381_the-logo-for-gold-solace_FVD-602.6_PSNR-18.821_SSIM-0.916_LPIPS-0.094_FID-83.8_tinylora,,,,0.9903134104202579,1.0,64.51676467369343,0.9827275762370988
382_it-is-a-small-metal-screw-with-a-spring-on-the-end-sitting-on-top-of-a-wooden-su_FVD-664.7_PSNR-39.724_SSIM-0.968_LPIPS-0.017_FID-76.8_tinylora,,,,0.9963854877888656,0.0,74.13472116404566,0.9975838719629774
383_there-is-a-grill-on-a-balcony-with-mountains-in-the-background_FVD-578.5_PSNR-20.713_SSIM-0.813_LPIPS-0.174_FID-84.0_tinylora,,,,0.9935626091382065,1.0,68.39937788864663,0.9839110542746151
384_a-person-is-riding-a-green-motorcycle-in-a-parking-lot_FVD-577.6_PSNR-12.222_SSIM-0.603_LPIPS-0.566_FID-84.0_tinylora,,,,0.9682504013891882,1.0,56.766154059048354,0.9571885613834157
385_a-close-up-of-a-plate-of-food-with-the-word-pot-roast-on-it_FVD-453.3_PSNR-15.738_SSIM-0.584_LPIPS-0.460_FID-74.0_tinylora,,,,0.9871586167185892,1.0,77.88292904557854,0.9610545663272634
386_the-person-is-wearing-a-black-hat-with-a-white-logo-on-it-and-they-are-standing_FVD-577.6_PSNR-23.652_SSIM-0.745_LPIPS-0.061_FID-84.0_tinylora,,,,0.9913246862580503,0.0,73.39770271038186,0.9895495910270541
387_a-large-red-truck-is-driving-down-a-dirt-road_FVD-453.3_PSNR-23.181_SSIM-0.775_LPIPS-0.129_FID-74.0_tinylora,,,,0.985355432136797,1.0,42.18487239706105,0.9589089412315219
388_a-video-game-character-with-a-mask-on_FVD-602.6_PSNR-20.986_SSIM-0.875_LPIPS-0.090_FID-83.8_tinylora,,,,0.9953511166419025,0.0,38.26586164277175,0.9928406257255404
389_there-is-a-blue-and-white-logo-with-the-words-switch-traps-on-a-white-background_FVD-453.3_PSNR-40.752_SSIM-0.992_LPIPS-0.004_FID-74.0_tinylora,,,,0.9962063269485144,0.0,67.87473849592537,0.998475164642521
38_a-maroon-dodge-ram-truck-driving-down-the-road_FVD-578.5_PSNR-17.586_SSIM-0.698_LPIPS-0.330_FID-84.0_tinylora,,,,0.9940550115946485,0.0,56.4072555015827,0.991840487835454
390_a-white-cat-sniffing-leaves-on-the-floor-next-to-a-pair-of-scissors_FVD-620.8_PSNR-26.532_SSIM-0.821_LPIPS-0.202_FID-72.4_tinylora,,,,0.9939200444801317,0.0,60.67831736597522,0.9891319583444035
391_a-view-of-a-garden-with-mulch-and-plants_FVD-720.6_PSNR-16.817_SSIM-0.737_LPIPS-0.190_FID-78.4_tinylora,,,,0.9917072376493332,1.0,71.41192442795327,0.9839274705625047
392_a-wooden-table-with-a-variety-of-ingredients-on-it_FVD-720.6_PSNR-17.771_SSIM-0.492_LPIPS-0.172_FID-78.4_tinylora,,,,0.9716059850756542,1.0,67.61747123455179,0.9648050570020489
393_a-man-is-holding-a-fish-in-his-hand-and-showing-it-to-the-camera_FVD-620.8_PSNR-20.719_SSIM-0.722_LPIPS-0.243_FID-72.4_tinylora,,,,0.9916007738899513,1.0,74.37715306775323,0.97982858209049
394_a-chef-is-standing-in-front-of-a-kitchen-counter-and-talking-to-the-camera_FVD-485.5_PSNR-12.217_SSIM-0.543_LPIPS-0.651_FID-78.7_tinylora,,,,0.9849430026417618,0.0,57.49201965332031,0.9780672970940085
395_a-video-game-screen-showing-a-girl-with-red-hair_FVD-578.5_PSNR-14.403_SSIM-0.680_LPIPS-0.229_FID-84.0_tinylora,,,,0.9864886767006482,1.0,74.00518772519868,0.9738118302588369
396_a-wooden-spoon-sitting-on-top-of-a-black-lid_FVD-620.8_PSNR-12.726_SSIM-0.563_LPIPS-0.469_FID-72.4_tinylora,,,,0.9843021871876422,0.0,74.08401015709187,0.9852832177106072
397_a-poster-of-a-football-player-in-uniform-with-a-football-in-front-of-him_FVD-720.6_PSNR-31.212_SSIM-0.923_LPIPS-0.027_FID-78.4_tinylora,,,,0.9955752247480188,0.0,71.34864149422481,0.9948836354648366
398_there-is-a-green-fruit-on-a-white-background_FVD-512.3_PSNR-30.255_SSIM-0.907_LPIPS-0.059_FID-81.8_tinylora,,,,0.9946468132859447,0.0,73.8200165321087,0.9948046674915388
399_a-collage-of-pictures-of-a-woman-with-long-hair_FVD-578.5_PSNR-20.108_SSIM-0.736_LPIPS-0.143_FID-84.0_tinylora,,,,0.9936408767566856,1.0,68.01802799619477,0.9889064255882712
39_a-man-is-sitting-in-front-of-a-microphone-and-talking-to-the-interviewer_FVD-664.7_PSNR-5.515_SSIM-0.229_LPIPS-0.818_FID-76.8_tinylora,,,,0.970913905292352,1.0,68.01570892333984,0.967652702331543
3_a-police-officer-in-a-video-game_FVD-602.6_PSNR-16.503_SSIM-0.422_LPIPS-0.698_FID-83.8_tinylora,,,,0.9792077433604318,0.0,50.61385884778253,0.9809382812649596
400_a-person-is-using-a-hairdryer-to-dry-a-stuffed-animal-on-a-table_FVD-577.6_PSNR-20.283_SSIM-0.780_LPIPS-0.214_FID-84.0_tinylora,,,,0.9709171661119043,1.0,41.307075632029566,0.9567715700934915
401_a-purple-sticker-on-the-side-of-a-laptop_FVD-453.3_PSNR-15.859_SSIM-0.514_LPIPS-0.450_FID-74.0_tinylora,,,,0.9834102460762617,1.0,68.46327472555227,0.9628753362917433
402_a-man-is-talking-to-another-man-in-front-of-a-blue-screen_FVD-577.6_PSNR-7.152_SSIM-0.234_LPIPS-0.675_FID-84.0_tinylora,,,,0.981723557177946,1.0,61.8871183724239,0.979955306707644
403_there-is-a-tree-with-roots-growing-out-of-the-ground_FVD-527.3_PSNR-15.970_SSIM-0.643_LPIPS-0.250_FID-82.0_tinylora,,,,0.9744494190237527,1.0,77.15270048996499,0.9695779501223096
404_a-black-ford-explorer-parked-in-a-parking-lot_FVD-602.6_PSNR-17.144_SSIM-0.508_LPIPS-0.461_FID-83.8_tinylora,,,,0.9831932261085523,0.0,56.6686282980031,0.9768781437593348
405_two-men-standing-next-to-two-cars-on-a-grassy-field_FVD-485.5_PSNR-25.255_SSIM-0.853_LPIPS-0.029_FID-78.7_tinylora,,,,0.9929078890837852,0.0,78.45357434502964,0.9916766147987516
406_a-man-is-standing-in-a-bathroom-and-talking-to-the-camera_FVD-720.6_PSNR-18.655_SSIM-0.654_LPIPS-0.395_FID-78.4_tinylora,,,,0.9795895975577731,0.0,70.98869560504782,0.9791348962222829
407_two-simpsons-characters-standing-next-to-each-other_FVD-578.5_PSNR-14.186_SSIM-0.734_LPIPS-0.464_FID-84.0_tinylora,,,,0.9625283221595262,1.0,68.54209044883991,0.9469693651386336
408_there-is-a-body-of-water-in-the-foreground-with-some-small-islands-in-the-backgr_FVD-485.5_PSNR-15.656_SSIM-0.475_LPIPS-0.252_FID-78.7_tinylora,,,,0.9807905059392882,1.0,72.91734327118972,0.9721917096306296
409_a-close-up-of-a-wheel-bearing-on-a-vehicle_FVD-620.8_PSNR-12.946_SSIM-0.486_LPIPS-0.477_FID-72.4_tinylora,,,,0.9822337298968733,1.0,58.751929579109984,0.9354241539450253
40_a-person-is-holding-a-stainless-steel-dough-hook-and-talking-about-its-quality_FVD-720.6_PSNR-8.364_SSIM-0.645_LPIPS-0.652_FID-78.4_tinylora,,,,0.9646434456194336,1.0,65.2863461724643,0.9564191519045362
410_there-is-a-young-boy-standing-in-a-room-with-a-dresser-and-a-bed-in-the-backgrou_FVD-577.6_PSNR-23.334_SSIM-0.818_LPIPS-0.081_FID-84.0_tinylora,,,,0.9948679205589822,0.0,72.51687674686826,0.9917739999060537
411_a-person-is-mixing-coconut-milk-in-a-metal-bowl-on-a-wooden-cutting-board_FVD-512.3_PSNR-11.824_SSIM-0.553_LPIPS-0.460_FID-81.8_tinylora,,,,0.978018549333462,1.0,71.74144481790476,0.9669679417329676
412_a-close-up-of-a-pair-of-hands-holding-a-thread_FVD-620.8_PSNR-8.222_SSIM-0.685_LPIPS-0.451_FID-72.4_tinylora,,,,0.9799256766007686,1.0,68.24795611151333,0.9594147738288431
413_there-is-a-jungle-with-tropical-plants-and-trees-and-the-text-raritan-jungle-app_FVD-453.3_PSNR-15.029_SSIM-0.426_LPIPS-0.288_FID-74.0_tinylora,,,,0.9906330843635531,1.0,63.53600837444437,0.9807962249307072
414_a-man-is-standing-next-to-a-black-truck-in-a-parking-lot-pointing-out-the-featur_FVD-527.3_PSNR-15.534_SSIM-0.501_LPIPS-0.256_FID-82.0_tinylora,,,,0.9829424392286294,1.0,78.16745547590584,0.9550805372350356
415_a-close-up-of-a-blue-car-parked-in-a-showroom_FVD-577.6_PSNR-35.907_SSIM-0.966_LPIPS-0.011_FID-84.0_tinylora,,,,0.9962556729422538,0.0,69.8746574664938,0.996964207350039
416_a-person-is-driving-a-car-and-using-the-cars-navigation-system_FVD-620.8_PSNR-24.996_SSIM-0.812_LPIPS-0.046_FID-72.4_tinylora,,,,0.9926485032447808,0.0,74.71223949563914,0.984493221021166
417_there-is-a-picture-of-a-man-on-a-video-game_FVD-620.8_PSNR-13.707_SSIM-0.596_LPIPS-0.336_FID-72.4_tinylora,,,,0.9918675113608477,0.0,48.67801311098296,0.9779626397525563
418_a-screen-shot-of-a-video-game-menu_FVD-720.6_PSNR-14.520_SSIM-0.559_LPIPS-0.642_FID-78.4_tinylora,,,,0.9902196181958359,0.0,41.173522488824254,0.9856527216294233
419_a-man-is-standing-outside-at-night-and-waving-a-flashlight-around_FVD-527.3_PSNR-14.657_SSIM-0.666_LPIPS-0.450_FID-82.0_tinylora,,,,0.9679491864854917,1.0,43.315993736530174,0.9530309415331074
41_there-is-an-offshore-oil-platform-in-the-middle-of-a-large-body-of-water-the-sky_FVD-485.5_PSNR-11.207_SSIM-0.715_LPIPS-0.388_FID-78.7_tinylora,,,,0.9900325619029664,1.0,74.48851776123047,0.982612439697864
420_a-football-game-is-taking-place-on-a-large-field-with-a-crowd-of-people-watching_FVD-602.6_PSNR-17.139_SSIM-0.631_LPIPS-0.151_FID-83.8_tinylora,,,,0.9886195431364319,1.0,69.78632907209725,0.9760501225789388
421_two-men-in-white-lab-coats-standing-in-front-of-a-table-with-red-cups_FVD-527.3_PSNR-24.396_SSIM-0.887_LPIPS-0.054_FID-82.0_tinylora,,,,0.9951193644191116,0.0,75.05628888360386,0.9938393924750534
422_an-amazon-product-page-on-a-computer-screen_FVD-485.5_PSNR-10.687_SSIM-0.581_LPIPS-0.526_FID-78.7_tinylora,,,,0.9877215103455912,1.0,72.5891613138133,0.981580623925901
423_a-blue-background-with-the-words-season-1-vlog-13_FVD-512.3_PSNR-17.303_SSIM-0.882_LPIPS-0.198_FID-81.8_tinylora,,,,0.9915010548156228,1.0,63.345615781586744,0.977454927855847
424_two-trays-of-green-beans-on-the-ground-next-to-each-other_FVD-512.3_PSNR-22.354_SSIM-0.616_LPIPS-0.157_FID-81.8_tinylora,,,,0.9795347850678733,0.0,78.38853586131128,0.9769810788771686
425_a-group-of-soldiers-are-patrolling-an-area-with-riot-gear-and-weapons_FVD-664.7_PSNR-17.800_SSIM-0.419_LPIPS-0.324_FID-76.8_tinylora,,,,0.9923466341664872,0.0,56.119356089624866,0.9849490016114478
426_the-player-is-in-a-dungeon-with-zombies-coming-out-of-the-ground_FVD-620.8_PSNR-23.597_SSIM-0.918_LPIPS-0.116_FID-72.4_tinylora,,,,0.9944059390917157,1.0,62.040450392098265,0.9922494654561959
427_there-is-a-car-on-fire-in-the-middle-of-a-city-street-with-smoke-billowing-out-o_FVD-453.3_PSNR-15.851_SSIM-0.614_LPIPS-0.661_FID-74.0_tinylora,,,,0.982254750925477,0.0,67.97349074791218,0.980925838620055
428_a-race-car-is-driving-on-a-track-in-a-racing-video-game_FVD-602.6_PSNR-15.322_SSIM-0.649_LPIPS-0.387_FID-83.8_tinylora,,,,0.9750313412290663,1.0,70.041342373552,0.9522094539567536
429_a-man-in-a-suit-and-tie-sitting-at-a-desk_FVD-602.6_PSNR-27.035_SSIM-0.894_LPIPS-0.030_FID-83.8_tinylora,,,,0.9957757760222145,0.0,69.81809182002627,0.9950574571011113
42_a-man-in-a-white-shirt-and-glasses-stands-in-front-of-a-city-and-a-river_FVD-620.8_PSNR-23.406_SSIM-0.793_LPIPS-0.051_FID-72.4_tinylora,,,,0.9937542514334794,0.0,77.13134897166285,0.9874866962432861
430_a-young-man-in-glasses-is-sitting-at-a-desk-with-a-computer-and-books-on-a-shelf_FVD-602.6_PSNR-15.425_SSIM-0.699_LPIPS-0.259_FID-83.8_tinylora,,,,0.9851349336810045,1.0,74.39718312230603,0.96974650925281
431_a-black-background-with-red-text-on-it_FVD-578.5_PSNR-34.027_SSIM-0.983_LPIPS-0.045_FID-84.0_tinylora,,,,0.994624083875003,0.0,57.53532725367053,0.997572952859542
432_a-man-is-playing-a-video-game-on-his-computer-with-a-view-of-the-city-in-the-bac_FVD-512.3_PSNR-26.411_SSIM-0.882_LPIPS-0.049_FID-81.8_tinylora,,,,0.9950412819708546,0.0,72.93826741185681,0.9937863233042699
433_a-couple-of-people-in-a-video-game-looking-at-each-other_FVD-664.7_PSNR-23.199_SSIM-0.751_LPIPS-0.259_FID-76.8_tinylora,,,,0.9909361547102815,1.0,59.87781761432516,0.9874058732799456
434_a-soccer-game-is-being-played-on-a-tv-screen_FVD-578.5_PSNR-25.444_SSIM-0.911_LPIPS-0.046_FID-84.0_tinylora,,,,0.9950771498169246,0.0,74.61637878417969,0.9927301995894489
435_a-bunch-of-lemons-and-a-picture-of-the-fruit_FVD-453.3_PSNR-21.752_SSIM-0.751_LPIPS-0.159_FID-74.0_tinylora,,,,0.9921297278259594,1.0,43.95889637388032,0.9802689851499071
436_a-painting-of-a-man-kicking-a-soccer-ball_FVD-664.7_PSNR-20.046_SSIM-0.829_LPIPS-0.136_FID-76.8_tinylora,,,,0.9921995409742422,1.0,66.26581007858803,0.985473123251223
437_a-black-and-white-photo-of-a-man-and-woman-playing-a-musical-instrument_FVD-527.3_PSNR-29.882_SSIM-0.936_LPIPS-0.022_FID-82.0_tinylora,,,,0.9883310778571579,0.0,69.12858344768655,0.9841256777445475
438_a-person-holding-an-iphone-in-front-of-a-speaker_FVD-577.6_PSNR-18.981_SSIM-0.850_LPIPS-0.093_FID-84.0_tinylora,,,,0.9895641483422962,1.0,75.54150495858028,0.9853485415963565
439_a-toy-frog-and-a-toy-snake-on-a-table_FVD-485.5_PSNR-19.108_SSIM-0.701_LPIPS-0.287_FID-78.7_tinylora,,,,0.9764992236878727,1.0,78.21304742221174,0.9810768295736874
43_a-video-game-with-a-green-robot-in-the-middle-of-a-city_FVD-620.8_PSNR-13.132_SSIM-0.387_LPIPS-0.665_FID-72.4_tinylora,,,,0.981060661811466,0.0,77.41790876717403,0.9771664226756377
440_a-person-is-preparing-a-dish-by-cutting-meat-into-small-pieces-and-mixing-it-wit_FVD-485.5_PSNR-14.673_SSIM-0.479_LPIPS-0.477_FID-78.7_tinylora,,,,0.9808359783216171,1.0,65.44106661040207,0.9478691549862133
441_a-man-is-talking-to-the-camera-in-a-garage_FVD-577.6_PSNR-12.348_SSIM-0.539_LPIPS-0.434_FID-84.0_tinylora,,,,0.981647349578186,1.0,50.31572144607018,0.9551080254947438
442_two-chicken-breasts-are-being-fried-in-a-pan-with-garlic-and-lemon-juice_FVD-512.3_PSNR-17.946_SSIM-0.841_LPIPS-0.359_FID-81.8_tinylora,,,,0.9914999501069124,1.0,73.31652016475283,0.9677101658839805
443_a-glass-jar-with-candy-inside-and-text_FVD-578.5_PSNR-7.117_SSIM-0.326_LPIPS-0.762_FID-84.0_tinylora,,,,0.9767497907950573,1.0,51.59755325317383,0.9508447198306813
444_a-chef-is-standing-in-front-of-a-kitchen-counter-and-talking-to-the-camera_FVD-620.8_PSNR-6.369_SSIM-0.512_LPIPS-0.740_FID-72.4_tinylora,,,,0.9880973133110081,1.0,61.8696377195161,0.9799363491581935
445_a-basketball-game-is-being-played-in-an-arena-with-a-large-crowd-of-people-watch_FVD-620.8_PSNR-19.262_SSIM-0.744_LPIPS-0.144_FID-72.4_tinylora,,,,0.9683714807370598,1.0,73.23872507029566,0.9673771689919864
446_a-braun-smart-control-electric-shaver-on-a-white-background_FVD-578.5_PSNR-29.519_SSIM-0.866_LPIPS-0.050_FID-84.0_tinylora,,,,0.996542933913683,0.0,65.26847891971983,0.9905987113129859
447_a-collage-of-pictures-of-men-wearing-watches_FVD-602.6_PSNR-20.659_SSIM-0.812_LPIPS-0.137_FID-83.8_tinylora,,,,0.9933018642152374,1.0,65.87296189932988,0.9879488973056569
448_a-chef-is-preparing-food-in-a-kitchen_FVD-664.7_PSNR-10.170_SSIM-0.470_LPIPS-0.846_FID-76.8_tinylora,,,,0.9861784604667188,0.0,55.59076920871077,0.9850029692930333
449_a-young-girl-is-preparing-food-on-a-cutting-board-in-a-kitchen_FVD-664.7_PSNR-18.973_SSIM-0.767_LPIPS-0.261_FID-76.8_tinylora,,,,0.9901145530327515,0.0,75.74313275567417,0.9899243653989306
44_an-aerial-view-of-a-grassy-field-with-a-river-running-through-it_FVD-512.3_PSNR-24.206_SSIM-0.728_LPIPS-0.091_FID-81.8_tinylora,,,,0.9938115326258709,1.0,76.11230047817888,0.9833487080592735
450_a-woman-is-sitting-on-a-couch-and-talking-to-the-camera-with-a-serious-expressio_FVD-602.6_PSNR-24.420_SSIM-0.920_LPIPS-0.046_FID-83.8_tinylora,,,,0.9955450050613195,0.0,68.91192258637527,0.9956766287485759
451_a-black-background-with-the-words-no-known-anything-about-him_FVD-485.5_PSNR-22.469_SSIM-0.783_LPIPS-0.259_FID-78.7_tinylora,,,,0.9989058088179181,0.0,49.883787352463294,0.9985112623841155
452_the-computer-screen-is-displaying-a-white-screen-with-a-black-border-and-there-a_FVD-527.3_PSNR-18.002_SSIM-0.713_LPIPS-0.379_FID-82.0_tinylora,,,,0.994550645177943,0.0,72.21078780601765,0.9869120102302701
453_a-mobile-phone-with-the-word-subscribe-written-in-hindi-on-a-yellow-and-blue-bac_FVD-664.7_PSNR-27.199_SSIM-0.919_LPIPS-0.266_FID-76.8_tinylora,,,,0.9946021224996409,0.0,71.23422977842134,0.9942993725047392
454_it-is-a-black-background-with-white-text-that-reads-2009-volkswagen-jetta-tdi-mk_FVD-453.3_PSNR-32.547_SSIM-0.950_LPIPS-0.008_FID-74.0_tinylora,,,,0.9985316104272906,0.0,55.858544711408946,0.9976930298057257
455_a-man-holding-a-microphone-in-front-of-a-red-car_FVD-720.6_PSNR-14.471_SSIM-0.607_LPIPS-0.537_FID-78.4_tinylora,,,,0.9563456476674538,1.0,37.30858441056876,0.933785644232058
456_a-man-is-driving-a-car-with-an-autonomous-system_FVD-512.3_PSNR-11.424_SSIM-0.474_LPIPS-0.449_FID-81.8_tinylora,,,,0.9419106151074211,1.0,66.51374777432146,0.912039498721852
457_an-orange-phone-is-placed-on-a-stand-with-a-black-background_FVD-620.8_PSNR-7.833_SSIM-0.398_LPIPS-0.806_FID-72.4_tinylora,,,,0.9630063355804395,1.0,52.29658995003536,0.9519491233077704
458_person-is-pouring-a-liquid-into-small-cups-on-a-baking-tray_FVD-453.3_PSNR-18.424_SSIM-0.774_LPIPS-0.278_FID-74.0_tinylora,,,,0.9893654534463359,1.0,56.87405382353684,0.980977138818479
459_a-man-is-holding-up-a-large-cardboard-sign-that-says-solo_FVD-453.3_PSNR-23.556_SSIM-0.890_LPIPS-0.043_FID-74.0_tinylora,,,,0.9933005341225699,1.0,74.24751255430024,0.9888667013130936
45_it-is-a-screenshot-of-a-computer-screen-displaying-an-excel-spreadsheet-with-sev_FVD-527.3_PSNR-11.088_SSIM-0.466_LPIPS-0.498_FID-82.0_tinylora,,,,0.986067240497962,0.0,70.07818577207368,0.9880508002112893
460_a-car-is-driving-down-a-road-with-trees-on-both-sides_FVD-720.6_PSNR-16.550_SSIM-0.590_LPIPS-0.265_FID-78.4_tinylora,,,,0.990773028395386,0.0,75.91965852934739,0.9813889279085047
461_an-iphone-a-cup-of-coffee-a-yellow-sticky-note-and-a-computer-are-on-a-desk_FVD-720.6_PSNR-14.024_SSIM-0.721_LPIPS-0.355_FID-78.4_tinylora,,,,0.9840907078309422,0.0,76.9674819420124,0.9840085403591978
462_a-cell-phone-with-the-text-detailed-appointment-history-access-multiple-schedule_FVD-602.6_PSNR-8.712_SSIM-0.622_LPIPS-0.576_FID-83.8_tinylora,,,,0.9859443176308985,0.0,61.47571340100519,0.9857059226316565
463_the-computer-program-is-searching-for-and-highlighting-different-components-of-a_FVD-577.6_PSNR-13.763_SSIM-0.693_LPIPS-0.407_FID-84.0_tinylora,,,,0.9862302031523079,1.0,66.30916148218616,0.9771904197393679
464_a-man-wearing-headphones-is-sitting-in-front-of-a-laptop-computer-and-talking-in_FVD-512.3_PSNR-21.507_SSIM-0.857_LPIPS-0.112_FID-81.8_tinylora,,,,0.9947320762239191,0.0,76.14042242642107,0.9934725032133215
465_it-is-a-close-up-shot-of-a-succulent-plant-with-small-insects-crawling-on-it_FVD-602.6_PSNR-32.031_SSIM-0.968_LPIPS-0.012_FID-83.8_tinylora,,,,0.9943899384673741,0.0,76.56285989695581,0.9875043214536181
466_a-person-is-cutting-a-red-pepper-on-a-cutting-board-with-a-knife_FVD-453.3_PSNR-7.114_SSIM-0.525_LPIPS-0.720_FID-74.0_tinylora,,,,0.9786473789903248,1.0,74.46914804392847,0.9686396150028005
467_a-person-is-mixing-ingredients-in-a-bowl-on-a-wooden-table_FVD-485.5_PSNR-13.058_SSIM-0.519_LPIPS-0.553_FID-78.7_tinylora,,,,0.9836799058231733,1.0,68.14058777381634,0.9524688309314204
468_there-is-a-staircase-leading-to-the-second-floor-of-an-open-concept-loft-with-a_FVD-664.7_PSNR-7.266_SSIM-0.231_LPIPS-0.787_FID-76.8_tinylora,,,,0.9833170813731476,0.0,56.8454291245033,0.9809534428166408
469_people-are-exercising-on-outdoor-fitness-equipment-in-a-park_FVD-527.3_PSNR-13.560_SSIM-0.592_LPIPS-0.418_FID-82.0_tinylora,,,,0.9863815302429733,1.0,78.07467019969019,0.973034153732599
46_a-close-up-of-a-blue-and-white-emblem-on-a-car_FVD-578.5_PSNR-17.974_SSIM-0.690_LPIPS-0.348_FID-84.0_tinylora,,,,0.9947604329859615,0.0,74.8222806207065,0.9897023079442043
470_a-person-is-playing-with-a-toy-made-of-lego-bricks_FVD-578.5_PSNR-22.318_SSIM-0.877_LPIPS-0.180_FID-84.0_tinylora,,,,0.9914309833174724,0.0,67.3725972668878,0.9895676510006773
471_a-chef-is-mixing-ingredients-in-a-pot-on-a-stove_FVD-720.6_PSNR-10.399_SSIM-0.274_LPIPS-0.743_FID-78.4_tinylora,,,,0.9575262469437561,1.0,47.98847435260641,0.9462566001742494
472_there-is-a-wooden-ramp-with-green-artificial-grass-on-it_FVD-577.6_PSNR-15.379_SSIM-0.351_LPIPS-0.268_FID-84.0_tinylora,,,,0.9837769974442768,0.0,77.38320344069908,0.9338614071116728
474_the-news-reporter-is-reporting-live-from-a-snowy-city-street-at-night_FVD-578.5_PSNR-17.662_SSIM-0.837_LPIPS-0.146_FID-84.0_tinylora,,,,0.994027865686873,1.0,71.88571903623384,0.9893379295573516
475_a-comedian-is-performing-stand-up-comedy-on-stage-in-front-of-an-audience_FVD-453.3_PSNR-13.492_SSIM-0.479_LPIPS-0.653_FID-74.0_tinylora,,,,0.9892741998308405,0.0,55.41425994346882,0.9859706953460095
476_a-young-man-is-standing-in-front-of-a-black-background-with-a-dartboard-and-a-si_FVD-453.3_PSNR-5.534_SSIM-0.497_LPIPS-0.560_FID-74.0_tinylora,,,,0.9761846982716699,1.0,55.140144742768385,0.9286444495705998
477_there-are-people-kayaking-in-the-ocean-with-a-rocky-cliff-in-the-background_FVD-453.3_PSNR-18.765_SSIM-0.727_LPIPS-0.157_FID-74.0_tinylora,,,,0.9943549200195569,1.0,65.33106231689453,0.9884958463556627
478_a-team-of-football-players-are-warming-up-on-the-field-before-a-game-of-soccer_FVD-602.6_PSNR-9.033_SSIM-0.340_LPIPS-0.708_FID-83.8_tinylora,,,,0.9405371355606879,1.0,67.4199656782479,0.941338830835679
479_there-is-a-red-sports-car-parked-in-a-parking-garage_FVD-602.6_PSNR-9.131_SSIM-0.407_LPIPS-0.626_FID-83.8_tinylora,,,,0.9858997133508852,1.0,63.781170022898706,0.9832025808446547
47_a-cartoon-drawing-of-two-trees-with-faces-on-them_FVD-720.6_PSNR-10.455_SSIM-0.723_LPIPS-0.529_FID-78.4_tinylora,,,,0.979219585136405,1.0,62.69892501831055,0.971947193145752
480_a-young-woman-is-sitting-on-the-floor-with-her-phone-in-front-of-her-she-appears_FVD-602.6_PSNR-15.798_SSIM-0.608_LPIPS-0.244_FID-83.8_tinylora,,,,0.9816982732596243,1.0,74.6747941641972,0.9698361808178472
481_the-word-warfare-is-written-on-a-black-background-with-white-letters_FVD-527.3_PSNR-8.309_SSIM-0.222_LPIPS-0.762_FID-82.0_tinylora,,,,0.9496518395352265,0.0,46.180987917143725,0.94194154178395
482_a-black-man-is-standing-in-front-of-a-dark-background-wearing-a-plaid-shirt-and_FVD-620.8_PSNR-14.605_SSIM-0.453_LPIPS-0.547_FID-72.4_tinylora,,,,0.9764056009690201,1.0,68.22095331652412,0.9562631307863722
483_there-are-several-balls-made-of-different-fabrics-such-as-red-blue-and-white-and_FVD-602.6_PSNR-11.494_SSIM-0.705_LPIPS-0.403_FID-83.8_tinylora,,,,0.9774088857297727,1.0,74.29090723498115,0.9775465591281068
484_a-close-up-of-a-pile-of-items-on-a-table_FVD-485.5_PSNR-23.221_SSIM-0.935_LPIPS-0.206_FID-78.7_tinylora,,,,0.9949039532346058,1.0,57.638281460466054,0.9902078974480722
485_a-black-book-with-a-picture-of-a-yellow-bus_FVD-453.3_PSNR-23.034_SSIM-0.737_LPIPS-0.095_FID-74.0_tinylora,,,,0.9930852622833322,0.0,72.60180637754243,0.9777838332980286
486_a-computer-screen-with-a-picture-of-a-tiger-in-flames_FVD-664.7_PSNR-6.518_SSIM-0.411_LPIPS-0.664_FID-76.8_tinylora,,,,0.9539040945905606,1.0,55.52839779031688,0.9523817436367857
487_a-man-in-a-red-jacket-standing-in-a-flooded-area_FVD-485.5_PSNR-26.577_SSIM-0.890_LPIPS-0.064_FID-78.7_tinylora,,,,0.9950590618191721,0.0,69.36422913649986,0.9941727745766733
488_a-bookmark-with-a-safety-pin-attached-to-it_FVD-578.5_PSNR-19.018_SSIM-0.747_LPIPS-0.176_FID-84.0_tinylora,,,,0.9877434717209533,1.0,62.37099114779768,0.9846264465182435
489_a-person-is-opening-a-can-of-matcha-tea_FVD-577.6_PSNR-16.165_SSIM-0.737_LPIPS-0.216_FID-84.0_tinylora,,,,0.9916729189672664,1.0,66.36803830903152,0.981263214934106
48_a-busy-street-in-a-city-with-people-on-motorcycles-cars-and-signs-on-the-buildin_FVD-527.3_PSNR-17.250_SSIM-0.596_LPIPS-0.280_FID-82.0_tinylora,,,,0.9875805754660305,1.0,75.26042490992053,0.9671859816008923
490_a-person-is-using-a-wooden-spoon-to-mix-red-peppers-in-a-frying-pan_FVD-720.6_PSNR-6.786_SSIM-0.326_LPIPS-0.883_FID-78.4_tinylora,,,,0.9604587508080156,1.0,56.79426390549232,0.9554028754140816
491_a-man-in-a-red-shirt-preparing-food-in-a-kitchen_FVD-620.8_PSNR-17.711_SSIM-0.784_LPIPS-0.194_FID-72.4_tinylora,,,,0.9901585707065946,1.0,72.09203009769834,0.96738000757554
492_the-settings-page-on-the-xbox-one_FVD-453.3_PSNR-9.974_SSIM-0.690_LPIPS-0.332_FID-74.0_tinylora,,,,0.9921732510111416,0.0,68.55365595324287,0.9878486661350026
493_the-logo-for-day-drops-super-official-food-reviews_FVD-720.6_PSNR-40.691_SSIM-0.968_LPIPS-0.001_FID-78.4_tinylora,,,,0.9987852478063874,0.0,48.523155212402344,0.998861869059357
494_there-is-a-tank-on-display-in-a-dark-room-and-it-appears-to-be-a-3d-image_FVD-602.6_PSNR-6.231_SSIM-0.505_LPIPS-0.655_FID-83.8_tinylora,,,,0.987180284440165,0.0,71.17881090887661,0.9841010879067814
495_a-skeleton-of-a-large-animal-in-a-museum_FVD-620.8_PSNR-22.125_SSIM-0.772_LPIPS-0.053_FID-72.4_tinylora,,,,0.9881201736503897,0.0,75.07842938653354,0.9640573351990943
496_a-screen-shot-of-the-fifa-store-website_FVD-620.8_PSNR-25.169_SSIM-0.930_LPIPS-0.039_FID-72.4_tinylora,,,,0.9943920431420432,0.0,76.98531236319707,0.9932366576849245
497_a-pair-of-gloves-holding-a-pencil-to-a-piece-of-metal_FVD-577.6_PSNR-14.427_SSIM-0.731_LPIPS-0.302_FID-84.0_tinylora,,,,0.9904051985043484,1.0,60.24012756347656,0.9779713555878284
498_the-front-grille-of-a-blue-audi-suv_FVD-602.6_PSNR-25.828_SSIM-0.836_LPIPS-0.047_FID-83.8_tinylora,,,,0.9916130180370759,0.0,74.07571279591528,0.9893242125417672
499_a-car-driving-on-a-road-with-large-tires_FVD-720.6_PSNR-10.249_SSIM-0.494_LPIPS-0.662_FID-78.4_tinylora,,,,0.9926248671543938,0.0,73.2649102046572,0.9801234095704322
49_a-close-up-of-a-table-with-tools-on-it_FVD-602.6_PSNR-15.601_SSIM-0.469_LPIPS-0.271_FID-83.8_tinylora,,,,0.9857368568420958,0.0,69.79804071886787,0.9792337791592467
4_a-black-book-with-the-words-photo-critique-on-it_FVD-720.6_PSNR-33.079_SSIM-0.942_LPIPS-0.028_FID-78.4_tinylora,,,,0.9959055221313954,0.0,50.653265459784144,0.9919304735520307
500_a-pair-of-blue-clamps-holding-a-piece-of-wood_FVD-602.6_PSNR-19.910_SSIM-0.844_LPIPS-0.161_FID-83.8_tinylora,,,,0.9936427562811984,1.0,69.28415469465584,0.9862325490689745
501_two-dogs-in-life-jackets-standing-next-to-a-raft_FVD-620.8_PSNR-16.985_SSIM-0.650_LPIPS-0.372_FID-72.4_tinylora,,,,0.9905812787855527,1.0,43.03921311477135,0.9600866242951038
502_there-are-glasses-filled-with-strawberries-and-bananas-on-a-table_FVD-620.8_PSNR-10.139_SSIM-0.357_LPIPS-0.648_FID-72.4_tinylora,,,,0.9720922121519547,1.0,58.50009628822063,0.9355218027152267
503_a-red-white-and-blue-crochet-flower-on-a-white-surface_FVD-720.6_PSNR-18.871_SSIM-0.787_LPIPS-0.117_FID-78.4_tinylora,,,,0.9933224791318771,0.0,73.02951312887258,0.9929334336636113
504_a-picture-of-a-blender-with-the-caption-when-found-that-the-vitamin-container-ma_FVD-527.3_PSNR-9.668_SSIM-0.787_LPIPS-0.402_FID-82.0_tinylora,,,,0.9890780596760606,0.0,64.51141896741143,0.9903703801772173
505_a-man-is-cutting-a-piece-of-wood-with-an-electric-saw_FVD-453.3_PSNR-15.722_SSIM-0.678_LPIPS-0.198_FID-74.0_tinylora,,,,0.9829063097594807,1.0,76.89336211105874,0.9747468069487927
506_an-overhead-view-of-a-race-car-on-a-race-track_FVD-577.6_PSNR-13.686_SSIM-0.475_LPIPS-0.350_FID-84.0_tinylora,,,,0.9713857978087068,1.0,47.89725902162749,0.9286370296104282
507_the-europe-1-logo-on-a-blue-background_FVD-485.5_PSNR-20.728_SSIM-0.834_LPIPS-0.147_FID-78.7_tinylora,,,,0.9898594639845788,0.0,63.16909697960163,0.9860818030787449
508_there-are-two-young-boys-in-pajamas-sitting-on-a-bed-with-a-green-blanket_FVD-664.7_PSNR-14.320_SSIM-0.503_LPIPS-0.481_FID-76.8_tinylora,,,,0.9956441146170006,0.0,75.41012941557786,0.994677484736723
509_a-close-up-of-a-toy-pony-with-colorful-hair_FVD-453.3_PSNR-21.088_SSIM-0.803_LPIPS-0.241_FID-74.0_tinylora,,,,0.9881408848929528,1.0,67.7978235442063,0.9691349104339001
50_a-television-news-screen-showing-bottles-of-soda-in-a-store_FVD-578.5_PSNR-11.168_SSIM-0.404_LPIPS-0.667_FID-84.0_tinylora,,,,0.9468893418077702,1.0,65.52845303765659,0.9234864253623812
510_a-spray-foam-insulation-installation-in-a-room_FVD-577.6_PSNR-18.001_SSIM-0.693_LPIPS-0.238_FID-84.0_tinylora,,,,0.9951295151140049,0.0,46.92321067020811,0.9957070972405228
511_the-player-is-in-a-minecraft-game-and-they-are-in-a-crafting-table-room_FVD-453.3_PSNR-19.965_SSIM-0.635_LPIPS-0.168_FID-74.0_tinylora,,,,0.9908005430069998,1.0,76.48862299425849,0.9814434911690506
512_an-image-of-a-red-and-orange-object-in-a-dark-space_FVD-527.3_PSNR-26.223_SSIM-0.845_LPIPS-0.248_FID-82.0_tinylora,,,,0.9977994861806903,0.0,30.52505190619107,0.9958066865509632
513_a-soccer-player-takes-the-ball-into-the-net-at-night-in-a-stadium-during-a-game_FVD-578.5_PSNR-13.544_SSIM-0.288_LPIPS-0.412_FID-84.0_tinylora,,,,0.9716711184674189,1.0,72.916748046875,0.9165928335750804
514_there-is-a-bridge-over-a-river-in-a-city-the-bridge-is-made-of-stone-and-has-a-w_FVD-664.7_PSNR-23.283_SSIM-0.841_LPIPS-0.103_FID-76.8_tinylora,,,,0.9944761658335877,0.0,69.04542686199319,0.9926204695421107
515_there-is-a-messy-kitchen-filled-with-piles-of-clutter-and-debris_FVD-664.7_PSNR-34.708_SSIM-0.957_LPIPS-0.011_FID-76.8_tinylora,,,,0.9972407885763814,0.0,74.07219774969693,0.9976934393246969
516_a-pair-of-white-sticks-in-a-grassy-field_FVD-527.3_PSNR-19.013_SSIM-0.749_LPIPS-0.114_FID-82.0_tinylora,,,,0.985830480963753,1.0,76.39181544862944,0.9810106202667834
517_a-man-and-a-little-girl-preparing-food-in-a-kitchen_FVD-664.7_PSNR-19.407_SSIM-0.800_LPIPS-0.234_FID-76.8_tinylora,,,,0.9904500150754747,1.0,56.435079114190465,0.9689181888804717
518_a-man-holding-up-a-camera-with-a-red-light-on-it_FVD-527.3_PSNR-20.527_SSIM-0.784_LPIPS-0.191_FID-82.0_tinylora,,,,0.9885416299599433,1.0,73.7039321373249,0.9778452162649117
519_a-fence-covered-in-snow-in-front-of-a-house_FVD-602.6_PSNR-6.730_SSIM-0.220_LPIPS-0.838_FID-83.8_tinylora,,,,0.9868503492142049,1.0,57.41885441747205,0.9754907402337766
51_there-are-different-tools-for-car-detailing-on-a-table_FVD-620.8_PSNR-16.441_SSIM-0.647_LPIPS-0.109_FID-72.4_tinylora,,,,0.9927675868691493,0.0,77.98873953983701,0.9768277243071911
520_an-electronic-device-with-a-red-button-on-it_FVD-620.8_PSNR-36.546_SSIM-0.956_LPIPS-0.019_FID-72.4_tinylora,,,,0.9956961006892073,0.0,75.61256619157463,0.9964508323108449
521_the-player-is-in-a-first-person-perspective-flying-over-a-mountainous-terrain-an_FVD-720.6_PSNR-13.624_SSIM-0.505_LPIPS-0.497_FID-78.4_tinylora,,,,0.9844384916426507,1.0,49.158030542834055,0.9812797527687223
522_the-person-is-holding-markers-on-a-black-cardboard_FVD-664.7_PSNR-21.515_SSIM-0.862_LPIPS-0.075_FID-76.8_tinylora,,,,0.991347122716608,1.0,76.845973573882,0.9869456805434882
523_there-is-a-small-white-dog-wearing-a-yellow-hat-sitting-on-a-table-surrounded-by_FVD-664.7_PSNR-8.130_SSIM-0.345_LPIPS-0.759_FID-76.8_tinylora,,,,0.9764213890684479,1.0,74.67469445590315,0.9725805413489248
524_there-is-a-group-of-people-in-uniforms-celebrating-on-a-field_FVD-620.8_PSNR-25.589_SSIM-0.812_LPIPS-0.067_FID-72.4_tinylora,,,,0.9952637908795997,0.0,71.8873782980031,0.9944871607948752
525_an-icon-showing-the-concept-of-internet-of-things_FVD-720.6_PSNR-28.856_SSIM-0.928_LPIPS-0.021_FID-78.4_tinylora,,,,0.9960383186394216,0.0,75.58296861319707,0.9958235679888258
526_a-person-pointing-at-a-body-of-water-with-clouds-in-the-sky_FVD-512.3_PSNR-18.490_SSIM-0.612_LPIPS-0.114_FID-81.8_tinylora,,,,0.9899488186700962,0.0,79.29956159920528,0.9794456799825032
527_there-is-a-pond-surrounded-by-green-plants-and-trees-with-the-wind-blowing-gentl_FVD-664.7_PSNR-29.987_SSIM-0.962_LPIPS-0.089_FID-76.8_tinylora,,,,0.9939237637830238,0.0,69.08706941275761,0.9919532944174374
528_a-person-pointing-at-a-tray-of-cauliflower-and-carrots_FVD-602.6_PSNR-20.027_SSIM-0.800_LPIPS-0.189_FID-83.8_tinylora,,,,0.983413741865603,1.0,74.82737968707907,0.9782829714756386
529_there-is-a-christmas-decoration-on-the-doorstep-of-a-house_FVD-512.3_PSNR-12.318_SSIM-0.328_LPIPS-0.640_FID-81.8_tinylora,,,,0.9387943746876422,1.0,43.1402162354568,0.9153024037679036
52_the-person-is-holding-a-smartphone-with-a-game-on-the-screen-the-game-appears-to_FVD-720.6_PSNR-18.758_SSIM-0.697_LPIPS-0.525_FID-78.4_tinylora,,,,0.9806048907944588,1.0,57.81368755472118,0.9680318458407533
530_an-apple-slicer-is-being-used-to-slice-apples-on-a-kitchen-countertop_FVD-485.5_PSNR-31.776_SSIM-0.942_LPIPS-0.094_FID-78.7_tinylora,,,,0.9952696548370952,0.0,65.53611045048154,0.995391915358749
531_a-man-in-a-black-and-orange-uniform-is-dunking-a-basketball_FVD-620.8_PSNR-15.515_SSIM-0.375_LPIPS-0.275_FID-72.4_tinylora,,,,0.9902854871248713,1.0,76.3528252963362,0.9711260085012399
532_a-man-is-sitting-at-a-desk-and-looking-at-a-computer-screen_FVD-485.5_PSNR-11.040_SSIM-0.537_LPIPS-0.597_FID-78.7_tinylora,,,,0.9900485012715022,0.0,73.69677629141972,0.9789195603015376
533_a-skateboarder-is-riding-down-the-stairs-in-the-city-at-night_FVD-620.8_PSNR-18.406_SSIM-0.654_LPIPS-0.155_FID-72.4_tinylora,,,,0.9945345468248731,0.0,71.90656333134092,0.9902923761629591
534_a-game-screen-showing-a-green-field_FVD-512.3_PSNR-17.044_SSIM-0.520_LPIPS-0.343_FID-81.8_tinylora,,,,0.9597756847463879,1.0,62.409236907958984,0.9423755720549939
535_a-bush-with-lots-of-green-leaves-in-front-of-a-fence_FVD-512.3_PSNR-21.008_SSIM-0.672_LPIPS-0.297_FID-81.8_tinylora,,,,0.9925738602398758,0.0,76.2171323052768,0.9672547845279469
536_a-black-and-white-photo-of-tony-williams-playing-a-trumpet_FVD-602.6_PSNR-9.518_SSIM-0.550_LPIPS-0.486_FID-83.8_tinylora,,,,0.9775062805904947,0.0,74.07552127180428,0.9786537712695552
537_the-player-is-in-a-first-person-shooter-game-and-is-fighting-against-enemies-in_FVD-620.8_PSNR-13.162_SSIM-0.416_LPIPS-0.759_FID-72.4_tinylora,,,,0.9865864098711066,1.0,69.2782420454354,0.9717079218696145
538_a-pair-of-brake-calipers-sitting-on-a-table_FVD-578.5_PSNR-10.313_SSIM-0.488_LPIPS-0.688_FID-84.0_tinylora,,,,0.9121038890983744,1.0,53.91143088505186,0.9018614301494524
539_two-cartoon-characters-sitting-on-the-floor-next-to-each-other_FVD-485.5_PSNR-9.112_SSIM-0.184_LPIPS-0.650_FID-78.7_tinylora,,,,0.9449175281758002,1.0,48.56362145522545,0.9186630099427466
53_a-man-sitting-on-a-yellow-box-under-a-white-truck_FVD-527.3_PSNR-26.649_SSIM-0.798_LPIPS-0.212_FID-82.0_tinylora,,,,0.9924931388821555,0.0,62.242392967487206,0.9884160303602032
540_an-asian-man-in-a-suit-and-tie-on-a-tv-screen_FVD-664.7_PSNR-17.856_SSIM-0.832_LPIPS-0.106_FID-76.8_tinylora,,,,0.9936018708364756,1.0,67.35929212899043,0.9915653556000953
541_two-cartoon-characters-jumping-off-of-a-shark_FVD-720.6_PSNR-6.736_SSIM-0.355_LPIPS-0.838_FID-78.4_tinylora,,,,0.7931728356406665,1.0,49.81665124564335,0.7706946429084329
542_a-video-game-screen-with-a-man-wearing-headphones_FVD-664.7_PSNR-15.528_SSIM-0.401_LPIPS-0.393_FID-76.8_tinylora,,,,0.9807818588172448,0.0,70.15170288085938,0.9758226282456341
543_a-person-is-talking-to-the-camera-while-sitting-in-front-of-a-laptop_FVD-664.7_PSNR-25.673_SSIM-0.909_LPIPS-0.121_FID-76.8_tinylora,,,,0.9953431657785977,1.0,36.16475427561793,0.9930136998494467
544_a-man-is-standing-in-front-of-his-rv-holding-various-products-such-as-holding-ta_FVD-602.6_PSNR-7.982_SSIM-0.553_LPIPS-0.692_FID-83.8_tinylora,,,,0.9804335569029963,1.0,64.11727497495454,0.9760490903667375
545_a-funny-cat-wearing-a-hat-and-standing-in-a-dark-room_FVD-620.8_PSNR-15.947_SSIM-0.597_LPIPS-0.495_FID-72.4_tinylora,,,,0.9837795627064929,1.0,52.63940666461813,0.984910940656475
546_a-car-is-driving-on-a-snowy-road-in-the-middle-of-a-forest-the-video-also-shows_FVD-664.7_PSNR-8.653_SSIM-0.393_LPIPS-0.679_FID-76.8_tinylora,,,,0.9739000867774994,1.0,73.73608766753098,0.9757809564179065
547_the-floor-is-being-cleaned-with-a-machine_FVD-720.6_PSNR-9.838_SSIM-0.353_LPIPS-0.864_FID-78.4_tinylora,,,,0.9888757986167224,0.0,78.11668922161233,0.9823368558696672
548_a-christmas-tree-with-the-words-make-it-and-take-it-challenge-lab_FVD-485.5_PSNR-17.458_SSIM-0.690_LPIPS-0.188_FID-78.7_tinylora,,,,0.9867118961299798,1.0,58.9423828125,0.9615376678167605
549_a-man-in-a-suit-and-tie-is-standing-on-a-stage-in-front-of-a-large-screen-displa_FVD-512.3_PSNR-9.557_SSIM-0.258_LPIPS-0.791_FID-81.8_tinylora,,,,0.9782199820366181,1.0,62.47402335857523,0.9760765730165968
54_a-person-is-putting-blue-flowers-into-a-basket_FVD-664.7_PSNR-17.878_SSIM-0.723_LPIPS-0.249_FID-76.8_tinylora,,,,0.9862242931360578,1.0,46.52964453861631,0.979069309608609
550_a-virtual-dj-software-screen_FVD-485.5_PSNR-32.132_SSIM-0.943_LPIPS-0.014_FID-78.7_tinylora,,,,0.995796648119718,0.0,66.53166961669922,0.9960229149051741
551_there-is-a-luxurious-bathroom-with-a-bathtub-and-a-chandelier_FVD-577.6_PSNR-17.094_SSIM-0.752_LPIPS-0.309_FID-84.0_tinylora,,,,0.9818161923222815,1.0,61.94454732434503,0.9729428197823319
552_a-woman-is-sitting-in-front-of-a-christmas-tree-looking-at-her-phone_FVD-602.6_PSNR-27.415_SSIM-0.907_LPIPS-0.090_FID-83.8_tinylora,,,,0.9953834702283691,0.0,61.140551073797816,0.9937820051230636
553_a-metal-bowl-with-ingredients-written-on-it_FVD-578.5_PSNR-15.632_SSIM-0.414_LPIPS-0.265_FID-84.0_tinylora,,,,0.9775139464506423,0.0,76.53093719482422,0.9744090248556698
554_it-is-a-man-wearing-a-red-shirt-and-headphones-standing-in-front-of-a-white-wall_FVD-720.6_PSNR-23.988_SSIM-0.904_LPIPS-0.060_FID-78.4_tinylora,,,,0.9951039307616744,0.0,69.21629201954809,0.9935704932493322
555_a-cartoon-girl-looking-at-her-phone-with-a-speech-bubble-that-says-good-morning_FVD-512.3_PSNR-10.972_SSIM-0.281_LPIPS-0.707_FID-81.8_tinylora,,,,0.973481100807043,0.0,50.07002916007206,0.9710937051212086
556_two-wicker-chairs-with-the-text-how-to-coat-outdoor-wicker-furniture_FVD-453.3_PSNR-20.208_SSIM-0.624_LPIPS-0.067_FID-74.0_tinylora,,,,0.9814854137768889,0.0,78.35756393958782,0.9697754074545467
557_a-soccer-player-scores-a-goal_FVD-577.6_PSNR-25.866_SSIM-0.889_LPIPS-0.118_FID-84.0_tinylora,,,,0.9971391380737659,0.0,65.86874692193393,0.9968914291437935
558_two-young-women-are-shopping-in-a-clothing-store_FVD-578.5_PSNR-14.111_SSIM-0.517_LPIPS-0.504_FID-84.0_tinylora,,,,0.9937347393551438,1.0,71.57802687020137,0.9914693794998468
559_an-aerial-view-of-a-city-with-a-river-in-the-background_FVD-664.7_PSNR-13.277_SSIM-0.768_LPIPS-0.454_FID-76.8_tinylora,,,,0.9891061363447623,1.0,76.56364019985857,0.9722802872751274
55_a-video-showing-how-to-draw-a-sonic-character_FVD-512.3_PSNR-13.131_SSIM-0.712_LPIPS-0.367_FID-81.8_tinylora,,,,0.9752520772264568,1.0,60.477201527562634,0.9478663612814511
560_a-man-is-mixing-ingredients-for-cookies-in-a-glass-bowl-on-a-wooden-table_FVD-620.8_PSNR-6.226_SSIM-0.444_LPIPS-0.757_FID-72.4_tinylora,,,,0.9682081615365163,1.0,57.600313647040004,0.9622352413102693
561_there-are-graves-of-soldiers-in-a-cemetery-with-american-flags_FVD-453.3_PSNR-19.875_SSIM-0.684_LPIPS-0.084_FID-74.0_tinylora,,,,0.9907425073394742,0.0,64.89281213694605,0.9708201857174144
562_a-person-holding-a-cell-phone-with-a-music-app-on-it_FVD-453.3_PSNR-21.381_SSIM-0.764_LPIPS-0.083_FID-74.0_tinylora,,,,0.9929561310702166,0.0,72.18006765431372,0.990307736864277
563_a-camera-and-a-box-next-to-each-other_FVD-453.3_PSNR-12.393_SSIM-0.605_LPIPS-0.332_FID-74.0_tinylora,,,,0.9853052014408862,1.0,58.52408876090214,0.960395902745864
564_a-black-background-with-text-that-reads-from-canada-quality-street-chocolates-an_FVD-720.6_PSNR-14.565_SSIM-0.779_LPIPS-0.535_FID-78.4_tinylora,,,,0.9936530018992106,1.0,54.66210687571559,0.9893637311224844
565_an-advertisement-for-the-tps-test_FVD-453.3_PSNR-26.908_SSIM-0.928_LPIPS-0.027_FID-74.0_tinylora,,,,0.9956663315366211,0.0,76.29448673642915,0.9963592412425023
566_a-dog-is-sleeping-on-a-couch-with-a-red-background_FVD-453.3_PSNR-20.914_SSIM-0.668_LPIPS-0.188_FID-74.0_tinylora,,,,0.9860218686499707,1.0,59.657676433694775,0.9761622410194547
567_the-woman-is-sitting-in-front-of-a-laptop-with-headphones-on-looking-at-the-scre_FVD-453.3_PSNR-20.810_SSIM-0.788_LPIPS-0.132_FID-74.0_tinylora,,,,0.9908963267465105,1.0,69.64490298567146,0.984766155130723
568_a-computer-screen-showing-a-message-that-says-stationary-case_FVD-620.8_PSNR-17.079_SSIM-0.769_LPIPS-0.227_FID-72.4_tinylora,,,,0.9919316917806118,0.0,73.67742814688847,0.9852973246106914
569_there-is-a-dog-sitting-on-a-bed-with-a-pillow-the-dog-is-a-husky-and-is-black-an_FVD-620.8_PSNR-11.804_SSIM-0.512_LPIPS-0.619_FID-72.4_tinylora,,,,0.9668193668693439,1.0,57.72315058214911,0.9324125476911956
56_a-close-up-of-three-fluorescent-lights-in-a-dark-room_FVD-485.5_PSNR-15.370_SSIM-0.679_LPIPS-0.325_FID-78.7_tinylora,,,,0.9901605414134137,1.0,48.81756960112473,0.9794106315164005
570_a-close-up-of-a-red-and-blue-device_FVD-578.5_PSNR-22.505_SSIM-0.702_LPIPS-0.086_FID-84.0_tinylora,,,,0.9924636161555969,0.0,71.03151229332234,0.987777255563175
571_there-is-an-old-blue-pickup-truck-parked-in-a-dirt-lot-surrounded-by-trees-and-r_FVD-664.7_PSNR-29.291_SSIM-0.929_LPIPS-0.137_FID-76.8_tinylora,,,,0.9954203901779729,1.0,40.69192057642444,0.9952538780137604
572_a-tray-filled-with-squares-of-food-on-a-table_FVD-527.3_PSNR-22.557_SSIM-0.916_LPIPS-0.025_FID-82.0_tinylora,,,,0.9971532734354425,0.0,47.27189438918541,0.9743055437125412
573_a-bathroom-with-green-cabinets-and-a-sink_FVD-602.6_PSNR-11.264_SSIM-0.483_LPIPS-0.685_FID-83.8_tinylora,,,,0.9846175330108005,0.0,63.47516605771821,0.9815216363645067
574_a-man-is-sitting-at-a-desk-and-talking-to-the-camera-while-gesturing-with-his-ha_FVD-720.6_PSNR-17.968_SSIM-0.788_LPIPS-0.154_FID-78.4_tinylora,,,,0.9909707322098178,1.0,77.38023981554755,0.9841392778882794
575_there-are-three-young-women-dressed-in-cosplay-costumes-standing-in-front-of-a-b_FVD-720.6_PSNR-19.708_SSIM-0.742_LPIPS-0.091_FID-78.4_tinylora,,,,0.9936190951741274,1.0,58.65749411747373,0.9894392845677394
576_the-text-zero-hero-appears-on-a-red-background-with-light-flashes_FVD-485.5_PSNR-30.660_SSIM-0.935_LPIPS-0.021_FID-78.7_tinylora,,,,0.9949841179126565,0.0,68.19407943199421,0.989353556726493
577_a-person-is-working-on-some-beads-on-a-table_FVD-664.7_PSNR-15.973_SSIM-0.587_LPIPS-0.213_FID-76.8_tinylora,,,,0.9906947815851768,1.0,78.08288363752693,0.9772525432063084
578_a-car-driving-down-a-street-next-to-a-verizon-store_FVD-720.6_PSNR-25.472_SSIM-0.845_LPIPS-0.051_FID-78.4_tinylora,,,,0.9932767780923801,0.0,74.4350743787042,0.9842533466862697
579_a-view-of-the-inside-of-a-tractor-in-a-video-game_FVD-664.7_PSNR-6.811_SSIM-0.190_LPIPS-0.801_FID-76.8_tinylora,,,,0.9689565552783613,1.0,56.599244874099206,0.952957919999665
57_a-man-is-playing-a-game-on-a-computer-screen_FVD-578.5_PSNR-16.639_SSIM-0.742_LPIPS-0.292_FID-84.0_tinylora,,,,0.9905377588735815,1.0,67.26424210647056,0.9837195714314778
580_a-newspaper-headline-with-a-picture-of-a-document_FVD-527.3_PSNR-10.908_SSIM-0.588_LPIPS-0.484_FID-82.0_tinylora,,,,0.983722201320432,1.0,60.605350494384766,0.9674913705564012
581_a-person-is-jumping-on-a-trampoline-in-the-dark_FVD-485.5_PSNR-15.434_SSIM-0.612_LPIPS-0.487_FID-78.7_tinylora,,,,0.9862331277663309,1.0,33.75027867021232,0.9646091872570561
582_a-hand-pointing-to-a-paper-that-has-been-taped-to-the-windshield-of-a-car_FVD-620.8_PSNR-14.485_SSIM-0.599_LPIPS-0.341_FID-72.4_tinylora,,,,0.9904653968291376,1.0,73.20023267022495,0.9686879719004912
583_there-is-a-green-sports-car-driving-down-a-city-street_FVD-620.8_PSNR-21.903_SSIM-0.774_LPIPS-0.103_FID-72.4_tinylora,,,,0.994617451881928,0.0,74.66308488516972,0.9870330520704681
584_there-is-a-man-standing-in-front-of-a-booth-displaying-bicycles-and-he-is-talkin_FVD-485.5_PSNR-11.157_SSIM-0.621_LPIPS-0.467_FID-78.7_tinylora,,,,0.9877096608541921,0.0,63.96263438257678,0.9847523418127322
585_a-man-in-a-hat-and-sunglasses-is-standing-on-a-boat-with-a-green-sea-turtle-on-h_FVD-620.8_PSNR-22.967_SSIM-0.793_LPIPS-0.135_FID-72.4_tinylora,,,,0.9942400553303586,0.0,68.57106662618703,0.9900401526806402
586_a-young-man-with-glasses-is-standing-in-front-of-a-window-and-looking-at-the-cam_FVD-578.5_PSNR-27.691_SSIM-0.913_LPIPS-0.039_FID-84.0_tinylora,,,,0.9944842658617934,0.0,66.29863212848532,0.995099718430463
587_a-bunch-of-black-parts-sitting-on-top-of-a-wooden-floor_FVD-527.3_PSNR-7.808_SSIM-0.419_LPIPS-0.802_FID-82.0_tinylora,,,,0.9796573612083723,1.0,67.37999791112439,0.9645091374715169
588_a-red-jeep-is-parked-in-a-parking-lot-at-night-with-the-headlights-on-and-a-tire_FVD-485.5_PSNR-10.991_SSIM-0.168_LPIPS-0.587_FID-78.7_tinylora,,,,0.9500714953449328,1.0,60.4905654644144,0.9072930429496017
589_there-are-still-classified-and-unreleased-confidential-files-regarding-events-in_FVD-512.3_PSNR-18.712_SSIM-0.437_LPIPS-0.723_FID-81.8_tinylora,,,,0.9907553025550497,0.0,47.93209411358011,0.9870877705368342
58_a-close-up-of-a-persons-hand-holding-a-skateboard_FVD-453.3_PSNR-32.103_SSIM-0.928_LPIPS-0.045_FID-74.0_tinylora,,,,0.9963847765668767,0.0,47.094057148900525,0.9935706227433447
590_a-dark-room-with-a-reflection-of-a-building-in-the-glass_FVD-602.6_PSNR-12.327_SSIM-0.571_LPIPS-0.408_FID-83.8_tinylora,,,,0.9736631914050342,1.0,69.42783645103718,0.8993495193182254
591_a-green-tent-set-up-on-a-grassy-field_FVD-578.5_PSNR-23.097_SSIM-0.854_LPIPS-0.103_FID-84.0_tinylora,,,,0.9943346880686035,0.0,75.68663182751885,0.9932886016135122
592_a-woman-is-giving-an-interview-on-tv_FVD-512.3_PSNR-19.674_SSIM-0.766_LPIPS-0.196_FID-81.8_tinylora,,,,0.9949943803643252,1.0,60.908556444891566,0.9924560874116187
593_two-young-women-are-cooking-food-in-a-kitchen_FVD-720.6_PSNR-12.649_SSIM-0.632_LPIPS-0.319_FID-78.4_tinylora,,,,0.9842739075798588,1.0,64.49968666865908,0.9626995685053806
594_a-ferret-is-playing-with-a-red-heart-shaped-toy_FVD-512.3_PSNR-21.135_SSIM-0.785_LPIPS-0.133_FID-81.8_tinylora,,,,0.9945675178792136,1.0,61.24310460583917,0.9883643281226064
595_the-dashboard-of-a-mercedes-benz_FVD-512.3_PSNR-30.938_SSIM-0.927_LPIPS-0.027_FID-81.8_tinylora,,,,0.9940269863621196,0.0,69.41981900971511,0.993720204222436
596_a-small-room-with-a-tv-a-stool-and-a-vending-machine_FVD-664.7_PSNR-21.067_SSIM-0.831_LPIPS-0.144_FID-76.8_tinylora,,,,0.9897363454262581,1.0,64.06780979551118,0.979779566970526
597_it-is-a-white-mercedes-280-se-cabriolet-driving-on-a-winding-road_FVD-620.8_PSNR-7.224_SSIM-0.299_LPIPS-0.730_FID-72.4_tinylora,,,,0.9664898284033165,1.0,55.75373919256802,0.9503329968919941
598_a-man-and-a-woman-are-sitting-in-front-of-a-computer-screen-with-a-blue-backgrou_FVD-664.7_PSNR-17.395_SSIM-0.877_LPIPS-0.188_FID-76.8_tinylora,,,,0.9935794638368168,0.0,72.65901868096714,0.9921605128867953
599_three-jars-filled-with-different-colored-pills-on-a-shelf_FVD-485.5_PSNR-13.483_SSIM-0.599_LPIPS-0.510_FID-78.7_tinylora,,,,0.9918955223315288,1.0,63.350234196103855,0.9757162524204628
59_a-child-is-cracking-eggs-into-a-bowl-on-a-kitchen-counter_FVD-664.7_PSNR-21.617_SSIM-0.758_LPIPS-0.267_FID-76.8_tinylora,,,,0.9942742816611153,0.0,67.37265646046606,0.9904264627718458
5_the-person-is-holding-a-plastic-bowl-filled-with-cherry-tomatoes-on-a-kitchen-co_FVD-602.6_PSNR-18.690_SSIM-0.856_LPIPS-0.170_FID-83.8_tinylora,,,,0.9941509578257051,1.0,68.97196355359307,0.9899371698790905
600_two-people-wearing-protective-gear-in-a-hospital-room_FVD-512.3_PSNR-24.061_SSIM-0.881_LPIPS-0.041_FID-81.8_tinylora,,,,0.9959979763139231,0.0,69.92546765557651,0.9948018279730105
601_the-man-is-wearing-a-brown-shirt-and-glasses-and-he-is-talking-to-the-camera_FVD-453.3_PSNR-8.371_SSIM-0.344_LPIPS-0.582_FID-74.0_tinylora,,,,0.9834532476518919,1.0,59.63444374347555,0.9793905950060078
602_a-robot-on-a-computer-screen_FVD-578.5_PSNR-12.174_SSIM-0.587_LPIPS-0.596_FID-84.0_tinylora,,,,0.9790458753613624,1.0,52.523482224036904,0.9706629117329916
603_a-view-of-the-inside-of-a-vehicle-from-the-outside_FVD-602.6_PSNR-16.917_SSIM-0.719_LPIPS-0.441_FID-83.8_tinylora,,,,0.9923934158332136,0.0,54.273049255897256,0.9885898150649726
604_a-black-background-with-the-words-try-your-answer-in-the-comments_FVD-664.7_PSNR-13.675_SSIM-0.576_LPIPS-0.405_FID-76.8_tinylora,,,,0.9815407887914781,0.0,76.47916649127829,0.9755059878031412
605_the-word-film-guide-on-a-blue-background_FVD-620.8_PSNR-19.021_SSIM-0.828_LPIPS-0.120_FID-72.4_tinylora,,,,0.9912031100835099,1.0,74.30716363314924,0.9913832786036473
606_the-character-select-screen-for-marvel-vs-capcom-3_FVD-485.5_PSNR-15.504_SSIM-0.656_LPIPS-0.248_FID-78.7_tinylora,,,,0.9888713491539779,0.0,74.36509309965989,0.9871053742427452
607_a-news-anchor-and-reporter-are-sitting-at-a-news-desk-in-a-television-studio_FVD-527.3_PSNR-28.951_SSIM-0.932_LPIPS-0.021_FID-82.0_tinylora,,,,0.9943587323751616,0.0,73.13837406553071,0.9902592369154388
608_a-person-is-holding-a-sunflower-plush-toy_FVD-577.6_PSNR-18.216_SSIM-0.686_LPIPS-0.444_FID-84.0_tinylora,,,,0.990787565193011,1.0,54.01417344191979,0.98110237308577
609_a-close-up-of-a-white-samsung-cell-phone_FVD-577.6_PSNR-22.796_SSIM-0.903_LPIPS-0.103_FID-84.0_tinylora,,,,0.991349722815141,0.0,63.88459106971477,0.9890662258746578
60_a-turtle-is-sitting-on-a-light-colored-background-and-looking-around_FVD-512.3_PSNR-17.742_SSIM-0.534_LPIPS-0.154_FID-81.8_tinylora,,,,0.9879722205388566,1.0,67.56977081298828,0.9805740636937759
610_a-pile-of-bags-of-fertilizer-sitting-in-front-of-a-garage_FVD-577.6_PSNR-20.176_SSIM-0.563_LPIPS-0.171_FID-84.0_tinylora,,,,0.9897294861788198,0.0,73.26440982160896,0.980992556553261
611_it-is-a-blue-bmw-m240i-driving-on-a-winding-road-surrounded-by-trees_FVD-527.3_PSNR-4.730_SSIM-0.350_LPIPS-0.756_FID-82.0_tinylora,,,,0.9675645304195396,1.0,66.78819840529869,0.9630954779830634
612_a-white-plate-topped-with-food-and-a-spoon_FVD-578.5_PSNR-19.046_SSIM-0.680_LPIPS-0.147_FID-84.0_tinylora,,,,0.9925582011984815,0.0,77.55938194537985,0.980051139756745
613_an-ea-sports-logo-on-a-black-background_FVD-720.6_PSNR-33.726_SSIM-0.969_LPIPS-0.004_FID-78.4_tinylora,,,,0.9980228783888021,0.0,64.5623261024212,0.998216538102019
614_there-is-a-machine-in-a-factory-with-a-water-pump-and-a-black-box_FVD-578.5_PSNR-20.514_SSIM-0.714_LPIPS-0.151_FID-84.0_tinylora,,,,0.9935017384023588,0.0,49.43230083070952,0.9856927581861907
615_a-man-is-talking-to-the-camera-while-holding-a-razor_FVD-453.3_PSNR-23.133_SSIM-0.859_LPIPS-0.087_FID-74.0_tinylora,,,,0.9947745615674155,1.0,71.80626625850283,0.9904876624836642
616_a-man-is-cooking-food-on-a-grill-in-the-backyard-of-his-house_FVD-527.3_PSNR-14.912_SSIM-0.555_LPIPS-0.544_FID-82.0_tinylora,,,,0.9811085624487509,1.0,56.66721409764783,0.9585952683991077
617_a-red-car-parked-on-a-grassy-hill-next-to-a-lake_FVD-620.8_PSNR-25.013_SSIM-0.886_LPIPS-0.106_FID-72.4_tinylora,,,,0.995188757894985,1.0,58.778712831694506,0.9925304936427696
618_two-sports-cars-parked-in-front-of-a-garage_FVD-620.8_PSNR-25.248_SSIM-0.879_LPIPS-0.052_FID-72.4_tinylora,,,,0.9945596682516489,0.0,72.24501747920596,0.9922471439137178
619_a-stick-insect-is-crawling-on-a-branch-in-an-aquarium_FVD-602.6_PSNR-17.142_SSIM-0.884_LPIPS-0.243_FID-83.8_tinylora,,,,0.9911557775821332,1.0,69.59504462932718,0.9808485386418361
61_a-screen-shot-of-a-video-game-with-a-man-in-a-headset_FVD-620.8_PSNR-15.573_SSIM-0.821_LPIPS-0.246_FID-72.4_tinylora,,,,0.9793449042277168,1.0,70.9469205922094,0.9620127285228056
620_the-iphone-12-is-placed-on-a-wooden-table-and-rotates-slowly_FVD-577.6_PSNR-14.344_SSIM-0.197_LPIPS-0.697_FID-84.0_tinylora,,,,0.9942284118174514,1.0,49.300778027238515,0.9879954347423479
621_a-close-up-of-a-man-running-on-a-track_FVD-664.7_PSNR-27.087_SSIM-0.938_LPIPS-0.053_FID-76.8_tinylora,,,,0.9960084232344112,0.0,48.21765163027007,0.9948334684558943
622_a-futuristic-looking-vehicle-with-a-door-and-a-directional-arrow_FVD-578.5_PSNR-18.506_SSIM-0.736_LPIPS-0.326_FID-84.0_tinylora,,,,0.9886496777196455,1.0,51.793491231984106,0.9652870664409563
623_a-person-is-holding-a-toy-dinosaur-that-appears-to-be-a-tyrannosaurus-rex-the-co_FVD-664.7_PSNR-19.398_SSIM-0.803_LPIPS-0.260_FID-76.8_tinylora,,,,0.9894083844141289,1.0,77.19145413102775,0.9798713216594621
624_there-is-a-bird-in-a-cage-with-food-scattered-around-it_FVD-527.3_PSNR-20.128_SSIM-0.798_LPIPS-0.388_FID-82.0_tinylora,,,,0.9779446776373476,1.0,35.06748508584911,0.9606269724228803
625_a-small-frog-sitting-on-top-of-a-green-plant_FVD-577.6_PSNR-18.161_SSIM-0.677_LPIPS-0.364_FID-84.0_tinylora,,,,0.972324881809027,1.0,75.91970641037514,0.9677542368570964
626_a-news-anchor-and-reporter-are-sitting-at-a-desk-in-front-of-a-cityscape-backgro_FVD-664.7_PSNR-24.653_SSIM-0.895_LPIPS-0.061_FID-76.8_tinylora,,,,0.995077651319609,0.0,75.54216056034483,0.994210818234612
627_a-bunch-of-toy-figures-on-a-shelf-with-the-words-grims-toy-show-action-inside_FVD-620.8_PSNR-18.000_SSIM-0.586_LPIPS-0.122_FID-72.4_tinylora,,,,0.9813644798531058,0.0,65.31221297691609,0.9285927791221469
628_a-person-with-a-backpack-standing-in-a-subway-station_FVD-577.6_PSNR-10.249_SSIM-0.418_LPIPS-0.652_FID-84.0_tinylora,,,,0.9761341545165074,1.0,42.672562697838096,0.9023721208759382
629_a-street-is-flooded-with-water-from-a-water-main-break_FVD-620.8_PSNR-18.400_SSIM-0.714_LPIPS-0.138_FID-72.4_tinylora,,,,0.9924700410011762,1.0,75.34543846393454,0.9828948020935059
62_a-tv-show-with-a-bunch-of-food-on-a-counter_FVD-720.6_PSNR-7.627_SSIM-0.344_LPIPS-0.791_FID-78.4_tinylora,,,,0.9482827089169001,1.0,63.5347303193191,0.9258785696590648
630_a-table-with-a-bunch-of-wine-glasses-and-a-bunch-of-purple-flowers_FVD-578.5_PSNR-17.874_SSIM-0.678_LPIPS-0.156_FID-84.0_tinylora,,,,0.9894889495929248,1.0,78.46155416554419,0.9786170454586254
631_there-is-a-person-standing-on-top-of-a-tall-tower-in-the-middle-of-a-mountainous_FVD-485.5_PSNR-21.993_SSIM-0.649_LPIPS-0.381_FID-78.7_tinylora,,,,0.9919613910267633,0.0,62.653401210390285,0.9842852667266248
632_police-officers-are-responding-to-a-crime-scene-at-night_FVD-620.8_PSNR-25.939_SSIM-0.891_LPIPS-0.061_FID-72.4_tinylora,,,,0.995331740401823,0.0,71.77162565034011,0.9939368107739617
633_a-group-of-baseball-players-high-fiving-each-other_FVD-577.6_PSNR-18.173_SSIM-0.714_LPIPS-0.326_FID-84.0_tinylora,,,,0.993602190442149,1.0,43.23696360094794,0.965830877715466
634_it-is-a-dark-background-with-a-bright-light-shining-in-the-center_FVD-620.8_PSNR-36.509_SSIM-0.951_LPIPS-0.062_FID-72.4_tinylora,,,,0.9960037381004753,0.0,37.096489741884426,0.9961458411871218
635_the-earth-from-space-with-a-black-background_FVD-664.7_PSNR-27.000_SSIM-0.836_LPIPS-0.123_FID-76.8_tinylora,,,,0.9954174174009882,1.0,71.43056593270137,0.990616387946933
636_there-are-two-young-women-standing-in-a-kitchen-smiling-and-laughing_FVD-664.7_PSNR-22.495_SSIM-0.829_LPIPS-0.067_FID-76.8_tinylora,,,,0.9946160095648836,0.0,77.12730039399246,0.9915695545720119
637_a-man-is-standing-in-a-gym-and-talking-to-the-camera_FVD-485.5_PSNR-10.613_SSIM-0.283_LPIPS-0.675_FID-78.7_tinylora,,,,0.9754038782313138,1.0,43.558536792623585,0.9538175994274662
638_two-young-women-are-preparing-food-in-a-kitchen_FVD-577.6_PSNR-14.912_SSIM-0.514_LPIPS-0.535_FID-84.0_tinylora,,,,0.9955408555649824,0.0,65.493681414374,0.9932124703538184
639_there-is-a-metal-shower-head-hanging-from-the-ceiling-in-a-bathroom-with-white-t_FVD-485.5_PSNR-28.078_SSIM-0.920_LPIPS-0.047_FID-78.7_tinylora,,,,0.9951518753535068,1.0,60.8885199448158,0.991529426387712
63_there-is-a-bag-of-teddy-grahams-honey-on-a-table_FVD-664.7_PSNR-14.038_SSIM-0.492_LPIPS-0.486_FID-76.8_tinylora,,,,0.9868650442949616,1.0,37.09301889353785,0.9550687116735121
640_a-gray-suv-kia-sportage-is-parked-on-the-side-of-the-road_FVD-577.6_PSNR-24.517_SSIM-0.792_LPIPS-0.049_FID-84.0_tinylora,,,,0.9959618795768842,0.0,74.17805480957031,0.9958805448868695
641_a-video-game-screen-with-text-on-it_FVD-577.6_PSNR-35.787_SSIM-0.994_LPIPS-0.005_FID-84.0_tinylora,,,,0.9962584126198556,0.0,44.390379149338294,0.9974010397406186
642_a-man-is-standing-in-front-of-a-green-parrot-and-holding-a-gun_FVD-577.6_PSNR-15.427_SSIM-0.725_LPIPS-0.544_FID-84.0_tinylora,,,,0.9797465548051486,1.0,63.03164028299266,0.9611351162779564
643_a-boy-and-a-girl-are-drawing-on-paper_FVD-720.6_PSNR-10.008_SSIM-0.317_LPIPS-0.655_FID-78.4_tinylora,,,,0.9906854510634382,0.0,64.99680828226023,0.9337366964302811
644_a-man-with-glasses-sitting-in-front-of-a-light_FVD-602.6_PSNR-19.245_SSIM-0.711_LPIPS-0.314_FID-83.8_tinylora,,,,0.9944636874180762,1.0,59.61943580364359,0.9843576982909558
645_a-chef-is-preparing-food-in-a-kitchen-with-paper-cloth-and-dough_FVD-512.3_PSNR-22.013_SSIM-0.746_LPIPS-0.369_FID-81.8_tinylora,,,,0.9955028575599577,0.0,60.40457100703799,0.980970386430329
646_there-is-a-bowl-of-black-soy-sauce-on-a-white-table_FVD-577.6_PSNR-4.933_SSIM-0.351_LPIPS-0.644_FID-84.0_tinylora,,,,0.9625292400614092,1.0,54.66693470395845,0.9329255870744294
647_it-is-raining-on-a-street-and-there-are-puddles-of-water-on-the-ground_FVD-453.3_PSNR-5.988_SSIM-0.429_LPIPS-0.657_FID-74.0_tinylora,,,,0.9726131259127582,0.0,73.55753352724273,0.9641375784780465
648_an-aerial-view-of-a-white-building-with-a-man-standing-in-front-of-it_FVD-720.6_PSNR-11.337_SSIM-0.505_LPIPS-0.636_FID-78.4_tinylora,,,,0.9712232950405055,1.0,69.90625210466057,0.9459947810453527
649_a-close-up-of-a-green-bowl-with-two-bottles-in-it_FVD-577.6_PSNR-27.826_SSIM-0.917_LPIPS-0.027_FID-84.0_tinylora,,,,0.9964390894244983,0.0,71.70208529768318,0.9960748775332582
64_the-user-is-browsing-a-wireless-charging-pad-on-a-computer-screen_FVD-720.6_PSNR-17.124_SSIM-0.725_LPIPS-0.231_FID-78.4_tinylora,,,,0.9904769026333824,1.0,76.62476585651267,0.9802115085078221
650_a-small-green-train-is-on-a-toy-track_FVD-664.7_PSNR-28.140_SSIM-0.933_LPIPS-0.158_FID-76.8_tinylora,,,,0.994956304503639,0.0,52.181720339018725,0.9951671221676994
651_person-is-cooking-a-dish-in-a-slow-cooker_FVD-664.7_PSNR-22.641_SSIM-0.779_LPIPS-0.129_FID-76.8_tinylora,,,,0.9907689831741991,1.0,56.36543234463396,0.9830559132145901
652_person-is-being-poured-into-a-pot-on-the-kitchen-sink_FVD-527.3_PSNR-17.496_SSIM-0.706_LPIPS-0.175_FID-82.0_tinylora,,,,0.9910456896767789,1.0,71.44976122625943,0.981216370825674
653_a-close-up-of-some-food-on-a-plate_FVD-602.6_PSNR-13.071_SSIM-0.398_LPIPS-0.671_FID-83.8_tinylora,,,,0.9782105741268196,0.0,64.90660792383655,0.9758738442963245
654_the-logo-for-chemical-business-simulator-and-the-logo-for-the-college-of-enginee_FVD-527.3_PSNR-9.359_SSIM-0.752_LPIPS-0.509_FID-82.0_tinylora,,,,0.9928282441448801,0.0,51.79094919665106,0.992453060430639
655_a-screen-shot-of-a-video-editor-with-a-man-sitting-at-a-bar_FVD-720.6_PSNR-19.517_SSIM-0.555_LPIPS-0.732_FID-78.4_tinylora,,,,0.985972642829835,0.0,45.76128966232826,0.9904805080563415
656_a-man-is-screaming-in-front-of-a-fire_FVD-485.5_PSNR-21.580_SSIM-0.796_LPIPS-0.197_FID-78.7_tinylora,,,,0.9925831444690589,1.0,66.57729813148235,0.9880534854589724
657_a-video-game-lobby-with-a-checkered-floor_FVD-527.3_PSNR-16.230_SSIM-0.731_LPIPS-0.430_FID-82.0_tinylora,,,,0.9952355145450273,1.0,71.14593953099744,0.9956801185420915
658_there-is-a-construction-site-with-several-houses-in-the-background_FVD-620.8_PSNR-16.495_SSIM-0.586_LPIPS-0.340_FID-72.4_tinylora,,,,0.9578478308056663,1.0,56.9288769426017,0.9225693646599264
659_a-person-in-a-kitchen-holding-a-tray-of-muffin-tins_FVD-527.3_PSNR-16.510_SSIM-0.479_LPIPS-0.453_FID-82.0_tinylora,,,,0.9816836824540179,1.0,71.81089572248787,0.9566623425951191
65_a-pregnant-woman-with-a-basket-of-fruits-and-vegetables-in-front-of-her_FVD-602.6_PSNR-18.515_SSIM-0.560_LPIPS-0.358_FID-83.8_tinylora,,,,0.9948930260873046,0.0,56.019000086291086,0.9851339527204925
660_a-news-anchor-in-a-suit-and-tie-on-a-tv-screen_FVD-577.6_PSNR-25.589_SSIM-0.898_LPIPS-0.040_FID-84.0_tinylora,,,,0.9941666159318963,0.0,75.49842334615774,0.9927451736786786
661_a-person-is-cutting-a-quesadilla-with-a-knife_FVD-527.3_PSNR-11.775_SSIM-0.787_LPIPS-0.344_FID-82.0_tinylora,,,,0.9852330897970834,1.0,44.228486357064085,0.9802556654986213
662_a-man-is-sitting-at-a-table-in-a-kitchen-holding-a-plastic-container-and-looking_FVD-453.3_PSNR-20.598_SSIM-0.815_LPIPS-0.096_FID-74.0_tinylora,,,,0.9938398056872322,1.0,71.22537652377424,0.9850384104485606
663_a-young-black-woman-in-a-blue-dress-sits-in-a-chair-and-smiles-at-the-camera_FVD-664.7_PSNR-7.907_SSIM-0.149_LPIPS-0.951_FID-76.8_tinylora,,,,0.9927776281452751,0.0,50.07854014429553,0.9866518254373587
664_the-words-growing-and-pruning-part-2-by-byron-martin_FVD-453.3_PSNR-35.333_SSIM-0.958_LPIPS-0.018_FID-74.0_tinylora,,,,0.9958141665787575,0.0,76.13405530206089,0.9964773671299804
665_a-white-tailed-deer-is-standing-in-a-field-and-then-runs-away_FVD-620.8_PSNR-24.084_SSIM-0.923_LPIPS-0.131_FID-72.4_tinylora,,,,0.991715937610354,0.0,67.91916380257442,0.9893875505409989
666_a-pile-of-money-next-to-a-pile-of-oil-barrels_FVD-578.5_PSNR-19.485_SSIM-0.817_LPIPS-0.200_FID-84.0_tinylora,,,,0.9830527429321088,1.0,70.42947519236597,0.9765545564539292
667_two-young-men-are-standing-in-front-of-a-red-background-and-they-are-both-wearin_FVD-578.5_PSNR-14.850_SSIM-0.750_LPIPS-0.275_FID-84.0_tinylora,,,,0.9910586773104006,1.0,75.19298027301657,0.9723652316074746
668_there-is-a-book-open-on-a-table-with-a-red-and-blue-lace-bookmark-on-it_FVD-485.5_PSNR-26.765_SSIM-0.929_LPIPS-0.035_FID-78.7_tinylora,,,,0.9946506702974993,0.0,72.00080976815059,0.9944515153473499
669_a-baby-laying-on-a-wooden-floor-next-to-a-laptop_FVD-620.8_PSNR-18.462_SSIM-0.740_LPIPS-0.373_FID-72.4_tinylora,,,,0.9577751758088385,1.0,40.88377097557331,0.9434510586308498
66_two-women-sitting-at-a-table-looking-at-something_FVD-664.7_PSNR-24.076_SSIM-0.919_LPIPS-0.038_FID-76.8_tinylora,,,,0.9955648573197976,0.0,70.4305112115268,0.9953018305348414
670_sonic-the-hedgehog-standing-on-top-of-a-city_FVD-578.5_PSNR-10.517_SSIM-0.436_LPIPS-0.684_FID-84.0_tinylora,,,,0.9913579965573301,1.0,51.57243873333109,0.9664672963759479
671_two-men-standing-in-front-of-a-tv-showing-a-chargers-workout_FVD-485.5_PSNR-14.144_SSIM-0.640_LPIPS-0.304_FID-78.7_tinylora,,,,0.9878554480352504,1.0,74.23333635001347,0.9830743995367311
672_a-woman-in-a-green-jacket-sitting-at-a-desk-in-front-of-a-television-screen_FVD-577.6_PSNR-21.466_SSIM-0.847_LPIPS-0.104_FID-84.0_tinylora,,,,0.9949604009271978,0.0,77.83797717916555,0.9932709586386587
673_a-blue-background-with-the-words-orchestration-moving-around-the-kit_FVD-527.3_PSNR-10.027_SSIM-0.398_LPIPS-0.663_FID-82.0_tinylora,,,,0.9651025917845771,1.0,64.31241370891702,0.9568245008880016
674_the-space-shuttle-is-launching-into-the-sky-with-smoke-billowing-out-of-its-engi_FVD-578.5_PSNR-17.226_SSIM-0.631_LPIPS-0.347_FID-84.0_tinylora,,,,0.9939505690430552,1.0,46.989271032399145,0.9907954861136044
675_there-are-people-skating-on-an-outdoor-ice-rink-in-front-of-a-large-building-wit_FVD-720.6_PSNR-14.087_SSIM-0.726_LPIPS-0.389_FID-78.4_tinylora,,,,0.9765331374269793,1.0,79.19336674131196,0.9716372265535242
676_a-close-up-of-a-video-game-screen_FVD-578.5_PSNR-21.874_SSIM-0.767_LPIPS-0.370_FID-84.0_tinylora,,,,0.9909394758504363,1.0,39.81413946480587,0.9858771324157715
677_a-yellow-school-bus-is-driving-down-a-street-next-to-trees_FVD-577.6_PSNR-14.522_SSIM-0.644_LPIPS-0.288_FID-84.0_tinylora,,,,0.9873597934098853,1.0,70.75077293659079,0.9824194216260723
678_a-man-in-a-red-shirt-walks-away-from-a-blue-truck-on-a-dirt-road-in-the-woods_FVD-664.7_PSNR-8.186_SSIM-0.439_LPIPS-0.587_FID-76.8_tinylora,,,,0.9825157266098212,1.0,55.04714137110217,0.9686883421505199
679_a-television-screen-showing-a-list-of-countries_FVD-664.7_PSNR-19.435_SSIM-0.729_LPIPS-0.261_FID-76.8_tinylora,,,,0.9906678783626164,0.0,69.60562028556035,0.9866625645581414
67_a-man-wearing-a-suit-and-tie-is-talking-into-a-microphone_FVD-664.7_PSNR-22.233_SSIM-0.874_LPIPS-0.091_FID-76.8_tinylora,,,,0.9954519750274576,0.0,66.32605401400862,0.9939562339408725
680_there-is-a-cafe-with-a-view-of-the-road-and-cars-passing-by_FVD-512.3_PSNR-17.667_SSIM-0.830_LPIPS-0.183_FID-81.8_tinylora,,,,0.9913015829996529,1.0,70.71861964258655,0.9862612013723336
681_an-illustration-of-a-blood-vessel-with-red-and-blue-branches_FVD-527.3_PSNR-9.199_SSIM-0.417_LPIPS-0.830_FID-82.0_tinylora,,,,0.9599429161354713,1.0,70.4453282849542,0.9569963567397174
682_the-plants-are-growing-in-a-greenhouse-with-wooden-beams-supporting-the-structur_FVD-453.3_PSNR-13.896_SSIM-0.131_LPIPS-0.410_FID-74.0_tinylora,,,,0.9765379389937064,1.0,79.23317928971916,0.9370025185977712
683_a-kitchen-table-with-a-blender-cups-bottles-glasses-and-a-glass-on-it-sits-in-fr_FVD-485.5_PSNR-9.246_SSIM-0.272_LPIPS-0.660_FID-78.7_tinylora,,,,0.9870692830751424,0.0,57.138252389842066,0.979417709275788
684_a-woman-is-preparing-a-meal-in-her-kitchen-she-is-wearing-a-green-shirt-and-is-s_FVD-720.6_PSNR-26.995_SSIM-0.889_LPIPS-0.034_FID-78.4_tinylora,,,,0.9949599260778029,0.0,76.68708801269531,0.9922846752054552
685_there-is-a-red-curtain-in-front-of-a-red-background_FVD-527.3_PSNR-17.791_SSIM-0.892_LPIPS-0.119_FID-82.0_tinylora,,,,0.9969169567199209,1.0,62.27803526253536,0.985305679545683
686_a-computer-screen-displaying-a-web-page_FVD-527.3_PSNR-14.161_SSIM-0.491_LPIPS-0.524_FID-82.0_tinylora,,,,0.9760829210490286,1.0,72.72277095400054,0.9411892236447802
687_there-is-a-white-dog-sitting-on-a-pillow-in-a-room-with-tiled-floors-and-white-w_FVD-453.3_PSNR-34.524_SSIM-0.964_LPIPS-0.023_FID-74.0_tinylora,,,,0.9959485564391355,0.0,73.3957906262628,0.997050107460396
688_a-baseball-player-in-a-red-jersey-is-walking-off-the-field_FVD-527.3_PSNR-29.453_SSIM-0.902_LPIPS-0.070_FID-82.0_tinylora,,,,0.9958469424094424,0.0,64.63750313068259,0.9957359122295005
689_a-man-in-a-cowboy-hat-is-laying-in-a-hole-in-the-dirt-next-to-a-street_FVD-512.3_PSNR-15.467_SSIM-0.357_LPIPS-0.307_FID-81.8_tinylora,,,,0.976854005390885,1.0,62.33093656342605,0.9325591741823682
68_a-person-is-holding-a-plastic-cup-in-their-hand-with-a-red-fish-in-it_FVD-578.5_PSNR-10.411_SSIM-0.587_LPIPS-0.631_FID-84.0_tinylora,,,,0.9457884800554838,1.0,41.33332114384092,0.9238512749765434
690_the-sun-is-setting-over-a-backyard-with-a-fence-and-a-tree_FVD-512.3_PSNR-23.298_SSIM-0.870_LPIPS-0.122_FID-81.8_tinylora,,,,0.9951253291447455,1.0,61.30090845042262,0.9902601728252336
691_a-group-of-men-sitting-around-a-table-looking-at-computer-screens_FVD-720.6_PSNR-11.252_SSIM-0.428_LPIPS-0.657_FID-78.4_tinylora,,,,0.9422686323795009,1.0,46.24265039378199,0.9395050609813017
692_a-man-in-a-red-shirt-is-standing-next-to-a-car-with-the-trunk-open_FVD-577.6_PSNR-11.627_SSIM-0.353_LPIPS-0.660_FID-84.0_tinylora,,,,0.9792428296104767,0.0,52.954415025382204,0.9766269796034869
693_a-close-up-of-a-persons-eye_FVD-578.5_PSNR-9.528_SSIM-0.356_LPIPS-0.776_FID-84.0_tinylora,,,,0.9734995773817005,1.0,51.876898009201575,0.9584399429022097
694_a-bowl-of-food-on-a-table-with-two-forks_FVD-620.8_PSNR-16.416_SSIM-0.513_LPIPS-0.322_FID-72.4_tinylora,,,,0.9831524147786787,1.0,67.47612262594289,0.9695904320361568
695_a-police-officer-on-a-newscast-with-a-building-in-the-background_FVD-664.7_PSNR-9.991_SSIM-0.576_LPIPS-0.651_FID-76.8_tinylora,,,,0.9875075452189422,1.0,61.251692147090516,0.9631521748561486
696_a-moose-is-standing-in-a-field-with-tall-grass-and-trees-in-the-background_FVD-620.8_PSNR-20.204_SSIM-0.595_LPIPS-0.182_FID-72.4_tinylora,,,,0.9904169322643588,1.0,65.441135801118,0.9847553991803936
697_there-is-a-gauge-on-the-dashboard-of-a-car-that-displays-the-battery-percentage_FVD-512.3_PSNR-17.952_SSIM-0.836_LPIPS-0.279_FID-81.8_tinylora,,,,0.9938247987162279,0.0,75.69817641685749,0.9820635197209376
698_the-camera-is-moving-along-a-city-street-passing-by-buildings-and-cars_FVD-485.5_PSNR-17.241_SSIM-0.704_LPIPS-0.349_FID-78.7_tinylora,,,,0.9885985232768321,1.0,60.679237891887794,0.9786953776490455
699_a-white-letter-a-on-a-black-background_FVD-720.6_PSNR-12.520_SSIM-0.419_LPIPS-0.499_FID-78.4_tinylora,,,,0.9882285506015975,1.0,50.91275037568191,0.9827874445447735
69_a-person-is-standing-in-front-of-a-counter-in-a-coffee-shop_FVD-485.5_PSNR-20.222_SSIM-0.762_LPIPS-0.260_FID-78.7_tinylora,,,,0.9940280071363481,1.0,50.09329789260338,0.9884393271277933
6_a-small-boat-is-sailing-in-the-ocean-with-mountains-in-the-background_FVD-485.5_PSNR-22.582_SSIM-0.809_LPIPS-0.248_FID-78.7_tinylora,,,,0.9926592452218601,1.0,57.07335294526199,0.9877878993165259
700_a-green-bowl-of-soup-with-a-spoon-in-it-and-a-picture-of-a-bowl-of-soup_FVD-453.3_PSNR-12.963_SSIM-0.522_LPIPS-0.539_FID-74.0_tinylora,,,,0.9813736911364439,0.0,75.88161678971916,0.9797915439979703
701_two-men-sitting-at-a-table-in-front-of-a-microphone_FVD-453.3_PSNR-23.521_SSIM-0.850_LPIPS-0.081_FID-74.0_tinylora,,,,0.9939416238250107,1.0,72.78814197408742,0.9916269825954064
702_a-wooden-wine-rack-on-a-white-background_FVD-720.6_PSNR-19.504_SSIM-0.813_LPIPS-0.106_FID-78.4_tinylora,,,,0.988586642222327,1.0,69.9348644388133,0.9690706608342189
703_the-user-is-using-a-computer-to-control-a-graph-on-a-screen_FVD-453.3_PSNR-17.552_SSIM-0.787_LPIPS-0.359_FID-74.0_tinylora,,,,0.9949654994209222,0.0,73.31500033674568,0.9927874504351148
704_a-young-man-is-standing-in-front-of-a-parking-lot-with-trees-in-the-background_FVD-527.3_PSNR-24.630_SSIM-0.879_LPIPS-0.084_FID-82.0_tinylora,,,,0.9950061403100235,0.0,71.00385363348599,0.9929754472246357
705_a-close-up-of-a-pair-of-pliers-laying-on-the-floor_FVD-602.6_PSNR-10.944_SSIM-0.399_LPIPS-0.646_FID-83.8_tinylora,,,,0.9907980181923197,0.0,57.24067490676354,0.9837533445919261
706_the-logo-for-a-movie-network-exclusive_FVD-485.5_PSNR-14.289_SSIM-0.696_LPIPS-0.289_FID-78.7_tinylora,,,,0.9856585728575619,1.0,67.46428312104324,0.9747412232791677
707_three-speech-bubbles-with-question-marks-on-a-white-background_FVD-485.5_PSNR-41.836_SSIM-0.987_LPIPS-0.005_FID-78.7_tinylora,,,,0.9962405916225999,0.0,65.23893080086543,0.9980784660460902
708_a-young-man-is-fishing-in-a-beautiful-lake-with-tall-grass-and-trees-surrounding_FVD-664.7_PSNR-19.453_SSIM-0.665_LPIPS-0.134_FID-76.8_tinylora,,,,0.9867442651472983,0.0,74.1016353738719,0.9825555203007716
709_the-inside-of-a-limousine-looking-out-the-window_FVD-527.3_PSNR-6.643_SSIM-0.514_LPIPS-0.560_FID-82.0_tinylora,,,,0.9803528074891815,1.0,76.82493249301253,0.9676970612769034
70_a-man-is-cooking-corn-on-the-cob-in-a-kitchen_FVD-664.7_PSNR-18.036_SSIM-0.879_LPIPS-0.086_FID-76.8_tinylora,,,,0.9907670660077599,1.0,72.6298730784449,0.955952517191569
710_a-video-game-character-running-on-a-rainbow-colored-floor_FVD-577.6_PSNR-17.503_SSIM-0.804_LPIPS-0.385_FID-84.0_tinylora,,,,0.9921166791703326,1.0,43.603835270322605,0.9857959205029058
711_the-women-are-working-out-in-a-room-with-a-chair-and-a-large-window_FVD-664.7_PSNR-12.409_SSIM-0.669_LPIPS-0.596_FID-76.8_tinylora,,,,0.9628240888035235,1.0,53.363056709026466,0.9444348428763595
712_it-is-a-black-background-with-white-text-on-it_FVD-527.3_PSNR-25.680_SSIM-0.924_LPIPS-0.021_FID-82.0_tinylora,,,,0.9981602368177506,0.0,49.826608723607556,0.9938722428153542
713_it-is-a-black-mercedes-c-class-car-driving-on-a-snowy-mountain-road_FVD-602.6_PSNR-15.491_SSIM-0.626_LPIPS-0.355_FID-83.8_tinylora,,,,0.9953923125740681,1.0,65.85082810500572,0.9811926804336847
714_a-couple-of-twitters-are-displayed-on-a-black-screen_FVD-485.5_PSNR-13.302_SSIM-0.537_LPIPS-0.360_FID-78.7_tinylora,,,,0.9875000100534337,1.0,77.09002317231277,0.9730783836514342
715_a-motorcycle-rider-is-riding-on-a-dirt-road-and-jumping-over-obstacles_FVD-620.8_PSNR-12.897_SSIM-0.561_LPIPS-0.362_FID-72.4_tinylora,,,,0.9620665857154828,1.0,74.93278898041824,0.9443127463845645
716_there-is-a-man-sitting-in-a-taxi-and-the-taxi-is-driving-through-the-city_FVD-664.7_PSNR-20.277_SSIM-0.711_LPIPS-0.165_FID-76.8_tinylora,,,,0.9941637836691836,1.0,50.04489675061456,0.9847516059875489
717_a-frying-pan-full-of-sausages-on-a-stove_FVD-602.6_PSNR-12.967_SSIM-0.407_LPIPS-0.693_FID-83.8_tinylora,,,,0.9923230698529412,1.0,46.52824487357304,0.9887339292788038
718_a-baseball-player-running-on-a-baseball-field_FVD-527.3_PSNR-20.380_SSIM-0.541_LPIPS-0.172_FID-82.0_tinylora,,,,0.9934836887479351,0.0,67.79072623417295,0.987124055039649
719_there-are-several-pieces-of-cooked-chicken-on-a-metal-rack-on-top-of-a-counter_FVD-527.3_PSNR-15.941_SSIM-0.713_LPIPS-0.224_FID-82.0_tinylora,,,,0.9790843484495828,1.0,68.51523892632846,0.9713020474303002
71_a-fish-is-placed-in-a-plastic-bag-with-water_FVD-453.3_PSNR-22.921_SSIM-0.642_LPIPS-0.189_FID-74.0_tinylora,,,,0.991662817370538,0.0,59.90095335861732,0.9879666711769852
720_a-person-is-holding-a-smartphone-with-a-picture-of-a-game-on-the-screen_FVD-720.6_PSNR-34.969_SSIM-0.970_LPIPS-0.060_FID-78.4_tinylora,,,,0.9959920499316179,1.0,49.61780692791117,0.9932803794449451
721_a-person-holding-a-bag-of-green-liquid-on-a-counter_FVD-664.7_PSNR-21.701_SSIM-0.840_LPIPS-0.067_FID-76.8_tinylora,,,,0.9940736053034996,0.0,69.8343663708917,0.9892178096023261
722_a-white-porsche-driving-down-a-curvy-road_FVD-485.5_PSNR-12.997_SSIM-0.329_LPIPS-0.796_FID-78.7_tinylora,,,,0.987510803232885,1.0,50.8667228961813,0.9791149756487678
723_a-street-with-police-officers-a-car-and-other-vehicles_FVD-527.3_PSNR-20.189_SSIM-0.529_LPIPS-0.366_FID-82.0_tinylora,,,,0.9891464255974826,1.0,52.05201037176724,0.989919672760309
724_three-men-are-drawing-a-car-on-a-wall_FVD-512.3_PSNR-7.544_SSIM-0.237_LPIPS-0.795_FID-81.8_tinylora,,,,0.9823715624738143,1.0,48.89414294012661,0.981897887061624
725_a-young-woman-in-a-green-shirt-is-standing-on-the-floor-of-a-living-room_FVD-720.6_PSNR-24.878_SSIM-0.854_LPIPS-0.060_FID-78.4_tinylora,,,,0.9953175164296488,1.0,69.54819620066675,0.9928048708859611
726_a-close-up-of-a-persons-hand-on-top-of-a-pile-of-green-leaves_FVD-720.6_PSNR-17.036_SSIM-0.478_LPIPS-0.150_FID-78.4_tinylora,,,,0.9809127954400243,1.0,69.20170645878233,0.9656026615816005
727_a-cat-is-eating-food-from-a-small-white-bowl-on-a-carpet_FVD-720.6_PSNR-18.088_SSIM-0.330_LPIPS-0.123_FID-78.4_tinylora,,,,0.9918243267192026,0.0,73.14621945085197,0.9788529882244036
728_a-picture-of-a-statue-of-a-dragon-on-a-tv-screen_FVD-720.6_PSNR-20.883_SSIM-0.858_LPIPS-0.085_FID-78.4_tinylora,,,,0.9904382796788588,0.0,69.68486207107017,0.9872834747912838
729_there-are-two-men-sitting-on-red-chairs-in-a-room-with-shelves-filled-with-bottl_FVD-485.5_PSNR-24.462_SSIM-0.840_LPIPS-0.144_FID-78.7_tinylora,,,,0.9929168436538611,0.0,65.0822419791386,0.9902365862154493
72_a-close-up-of-a-bmw-car-on-a-brick-road_FVD-512.3_PSNR-15.224_SSIM-0.401_LPIPS-0.335_FID-81.8_tinylora,,,,0.9903282866966231,1.0,69.00936994881465,0.9738123295353908
730_a-group-of-people-including-a-man-a-woman-and-a-baby-are-in-a-kitchen-they-are-l_FVD-453.3_PSNR-8.759_SSIM-0.284_LPIPS-0.717_FID-74.0_tinylora,,,,0.9939901257979153,0.0,76.84358110099004,0.9880276679992676
731_a-person-is-knitting-with-green-yarn-on-a-white-background_FVD-485.5_PSNR-6.202_SSIM-0.409_LPIPS-0.729_FID-78.7_tinylora,,,,0.9632624856165757,1.0,73.66213252626616,0.9480074976004806
732_the-mugshots-of-five-men-who-have-been-arrested_FVD-620.8_PSNR-25.629_SSIM-0.888_LPIPS-0.056_FID-72.4_tinylora,,,,0.9953458834789258,0.0,59.935886777680494,0.993203047210095
733_a-person-holding-an-iphone-in-front-of-a-laptop_FVD-485.5_PSNR-10.680_SSIM-0.220_LPIPS-0.613_FID-78.7_tinylora,,,,0.9918769606533853,1.0,54.419169590390965,0.9799805678573309
734_there-are-various-types-of-reptiles-including-snakes-lizards-and-turtles-all-hou_FVD-720.6_PSNR-15.940_SSIM-0.341_LPIPS-0.560_FID-78.4_tinylora,,,,0.9942890235020291,0.0,56.26001121257914,0.9829946948032753
735_a-person-is-driving-a-black-car-down-a-road-with-a-green-grassy-field-in-the-bac_FVD-578.5_PSNR-8.596_SSIM-0.217_LPIPS-0.826_FID-84.0_tinylora,,,,0.9841806035314767,1.0,64.79246257913523,0.9658176384720147
736_the-person-is-sitting-in-front-of-a-desk-with-books-and-other-items-on-it-wearin_FVD-577.6_PSNR-6.080_SSIM-0.352_LPIPS-0.929_FID-84.0_tinylora,,,,0.979443822066754,0.0,65.24540381596006,0.977346835416906
737_a-man-is-standing-in-a-kitchen-and-talking-to-the-camera_FVD-664.7_PSNR-12.144_SSIM-0.191_LPIPS-0.688_FID-76.8_tinylora,,,,0.9933954394725304,0.0,53.78732378729458,0.9835380928189147
738_the-front-entrance-of-a-building-with-glass-doors_FVD-664.7_PSNR-15.305_SSIM-0.511_LPIPS-0.483_FID-76.8_tinylora,,,,0.9834491888702596,0.0,76.11517439217403,0.9883920529309441
739_a-man-is-cutting-red-peppers-on-a-wooden-cutting-board-in-a-modern-kitchen_FVD-720.6_PSNR-18.827_SSIM-0.774_LPIPS-0.178_FID-78.4_tinylora,,,,0.9899822722892576,1.0,74.09451346561826,0.9841523619259105
73_a-drone-is-taking-off-and-flying-over-a-river_FVD-485.5_PSNR-14.417_SSIM-0.508_LPIPS-0.397_FID-78.7_tinylora,,,,0.9623719225270236,1.0,70.16868565000337,0.9445073857026942
740_a-pair-of-scissors-laying-on-the-floor-next-to-some-plastic-bags_FVD-512.3_PSNR-20.008_SSIM-0.465_LPIPS-0.344_FID-81.8_tinylora,,,,0.9899917582885184,1.0,61.08522033691406,0.9738065513910031
741_a-mother-and-her-two-children-are-sitting-at-a-table-and-making-crafts-together_FVD-664.7_PSNR-20.114_SSIM-0.474_LPIPS-0.104_FID-76.8_tinylora,,,,0.986256943415721,0.0,71.51244117473733,0.9671416974535175
742_three-men-standing-on-a-street-in-front-of-a-building_FVD-578.5_PSNR-22.592_SSIM-0.893_LPIPS-0.088_FID-84.0_tinylora,,,,0.9928557510410682,0.0,62.73370703335466,0.9910946958205279
743_an-older-man-and-woman-stand-on-a-beach-with-the-ocean-in-the-background_FVD-720.6_PSNR-9.186_SSIM-0.402_LPIPS-0.646_FID-78.4_tinylora,,,,0.9497818664391504,1.0,74.47245249254951,0.9388998330808154
744_there-are-two-people-standing-on-a-sidewalk-one-of-them-is-holding-a-plate-with_FVD-527.3_PSNR-12.297_SSIM-0.432_LPIPS-0.438_FID-82.0_tinylora,,,,0.9891045918567748,1.0,71.19146518049568,0.961984873752968
745_the-word-numeros-complexos-on-a-blue-background_FVD-577.6_PSNR-36.799_SSIM-0.992_LPIPS-0.001_FID-84.0_tinylora,,,,0.9958794047132742,0.0,71.76181740596377,0.9970550712417153
746_a-computer-screen-showing-various-items-in-minecraft_FVD-527.3_PSNR-24.084_SSIM-0.866_LPIPS-0.189_FID-82.0_tinylora,,,,0.9926124778169815,0.0,71.78955420132341,0.9910933887257295
747_a-soccer-player-is-being-interviewed-on-a-green-field-with-microphones-in-front_FVD-602.6_PSNR-21.000_SSIM-0.783_LPIPS-0.138_FID-83.8_tinylora,,,,0.9934180538534858,0.0,72.55174781536233,0.9912747383117676
748_the-operating-room-is-equipped-with-modern-medical-equipment_FVD-453.3_PSNR-12.874_SSIM-0.495_LPIPS-0.694_FID-74.0_tinylora,,,,0.9755000416633,0.0,69.4436350855334,0.9835608781552783
749_a-close-up-of-a-guitar-with-stickers-on-it_FVD-720.6_PSNR-8.982_SSIM-0.336_LPIPS-0.682_FID-78.4_tinylora,,,,0.9708774877806358,1.0,65.32134417829842,0.9546184091007008
74_a-diagram-showing-the-structure-of-a-neuron_FVD-620.8_PSNR-35.047_SSIM-0.990_LPIPS-0.016_FID-72.4_tinylora,,,,0.9877504029790335,0.0,57.79301492099104,0.9877145224926518
750_two-men-shaking-hands-in-a-formal-setting_FVD-527.3_PSNR-29.503_SSIM-0.911_LPIPS-0.033_FID-82.0_tinylora,,,,0.9952121036047966,0.0,74.62647352547481,0.9925146317949483
751_there-is-a-baseball-game-being-played-on-a-field-with-a-dirt-infield-and-grass-o_FVD-602.6_PSNR-15.805_SSIM-0.813_LPIPS-0.112_FID-83.8_tinylora,,,,0.9669294264848033,1.0,67.8377869704674,0.9545782650218291
752_a-man-is-sitting-in-the-drivers-seat-of-an-old-red-convertible-car-and-talking-t_FVD-577.6_PSNR-10.459_SSIM-0.388_LPIPS-0.766_FID-84.0_tinylora,,,,0.9843722558801833,0.0,72.13050447661301,0.9826064782984116
753_there-are-two-small-black-screws-on-a-red-mat_FVD-485.5_PSNR-24.553_SSIM-0.807_LPIPS-0.056_FID-78.7_tinylora,,,,0.9955285676971108,0.0,77.31104752113079,0.9943674536312328
754_a-man-is-walking-down-a-street-in-an-urban-area-he-is-wearing-a-brown-jacket-and_FVD-578.5_PSNR-14.567_SSIM-0.482_LPIPS-0.540_FID-84.0_tinylora,,,,0.9803875051623213,0.0,66.59454424627896,0.969426888110591
755_there-is-a-waffle-with-the-shape-of-mickey-mouses-head_FVD-527.3_PSNR-22.778_SSIM-0.758_LPIPS-0.066_FID-82.0_tinylora,,,,0.9926216236360997,0.0,71.70860158986059,0.9705233312120625
756_a-tv-news-report-about-common-supplements-that-dont-help-arthritis_FVD-620.8_PSNR-12.054_SSIM-0.518_LPIPS-0.511_FID-72.4_tinylora,,,,0.9822347043785463,1.0,76.76918503333782,0.9656264211617264
757_an-insect-is-crawling-on-a-black-cable_FVD-620.8_PSNR-21.530_SSIM-0.631_LPIPS-0.321_FID-72.4_tinylora,,,,0.989541773373345,1.0,67.78709779936692,0.973171236000809
758_a-person-placing-seeds-in-a-plastic-container_FVD-578.5_PSNR-15.967_SSIM-0.726_LPIPS-0.268_FID-84.0_tinylora,,,,0.9782915505611968,1.0,64.03859329223633,0.9743178704205682
759_a-soccer-player-is-trying-on-new-cleats-in-the-locker-room_FVD-527.3_PSNR-17.959_SSIM-0.764_LPIPS-0.277_FID-82.0_tinylora,,,,0.9917296778487036,1.0,54.56887501683728,0.9851619823306215
75_a-woman-in-a-business-suit-holding-a-folder_FVD-578.5_PSNR-17.007_SSIM-0.753_LPIPS-0.339_FID-84.0_tinylora,,,,0.9900059233428948,0.0,75.28786600047144,0.9863361265145096
760_a-man-in-a-red-shirt-is-standing-in-a-hallway-next-to-a-door-with-a-picture-on-i_FVD-577.6_PSNR-31.513_SSIM-0.946_LPIPS-0.025_FID-84.0_tinylora,,,,0.995816455956047,0.0,72.24476491993872,0.9960855787875605
761_a-close-up-of-a-chevrolet-camaro-parked-on-a-driveway_FVD-512.3_PSNR-10.320_SSIM-0.328_LPIPS-0.579_FID-81.8_tinylora,,,,0.9672893108899543,1.0,63.287482426084324,0.9562371871050667
762_a-person-holding-a-key-to-a-purple-sports-car_FVD-527.3_PSNR-19.237_SSIM-0.773_LPIPS-0.162_FID-82.0_tinylora,,,,0.9890528157376732,0.0,67.19568055251548,0.9846423354803348
763_the-car-is-parked-in-a-parking-lot-and-the-camera-is-facing-the-rear-of-the-car_FVD-620.8_PSNR-17.928_SSIM-0.533_LPIPS-0.248_FID-72.4_tinylora,,,,0.9827225407056519,1.0,74.18685439537312,0.9685659258973365
764_a-blue-toyota-tacoma-truck-is-parked-in-a-parking-lot-surrounded-by-trees_FVD-720.6_PSNR-19.967_SSIM-0.731_LPIPS-0.105_FID-78.4_tinylora,,,,0.9908451014620592,0.0,77.33919630379512,0.9869468240176931
765_a-building-under-a-starry-sky-with-a-milky-way-in-the-background_FVD-577.6_PSNR-19.689_SSIM-0.763_LPIPS-0.350_FID-84.0_tinylora,,,,0.9955773546731727,0.0,59.75143906165813,0.9917440405078962
766_a-man-is-holding-a-tablet-in-his-hands-while-standing-in-front-of-a-blackboard_FVD-512.3_PSNR-8.162_SSIM-0.066_LPIPS-0.722_FID-81.8_tinylora,,,,0.9797849930570519,1.0,59.33908252058358,0.9808565289366479
767_a-man-is-sitting-near-a-tent-in-the-forest-and-eating-food-from-a-bag_FVD-720.6_PSNR-19.300_SSIM-0.762_LPIPS-0.180_FID-78.4_tinylora,,,,0.993297673803763,0.0,79.19088087410762,0.9915154232698329
768_a-black-background-with-the-words-more-mushrooms-and-bugs_FVD-577.6_PSNR-31.718_SSIM-0.950_LPIPS-0.008_FID-84.0_tinylora,,,,0.9988462384820381,0.0,40.51988417526771,0.9985941597059661
769_a-person-holding-a-box-with-a-cookie-monster-on-it_FVD-720.6_PSNR-14.162_SSIM-0.622_LPIPS-0.465_FID-78.4_tinylora,,,,0.9906792733452889,1.0,47.67470813619679,0.9753852077558929
76_a-close-up-of-wires-attached-to-a-metal-box_FVD-664.7_PSNR-16.124_SSIM-0.604_LPIPS-0.250_FID-76.8_tinylora,,,,0.9862909293992704,1.0,74.73342895507812,0.9569215699738147
770_a-bowl-of-orange-sauce-with-a-spoon-in-it_FVD-453.3_PSNR-19.052_SSIM-0.583_LPIPS-0.123_FID-74.0_tinylora,,,,0.9930476142780831,0.0,75.6897051581021,0.9856053099912756
771_two-men-are-working-together-in-a-hardware-store_FVD-485.5_PSNR-17.695_SSIM-0.630_LPIPS-0.246_FID-78.7_tinylora,,,,0.9777445909253124,1.0,70.7904052734375,0.9639352574067958
772_a-couple-of-cars-driving-down-a-road-with-a-mountain-in-the-background_FVD-453.3_PSNR-21.609_SSIM-0.827_LPIPS-0.167_FID-74.0_tinylora,,,,0.9954093980340534,0.0,54.12890296146787,0.9935419246262195
773_a-black-wireless-charging-pad-is-placed-on-a-wooden-table-and-the-camera-pans-ar_FVD-720.6_PSNR-19.835_SSIM-0.871_LPIPS-0.168_FID-78.4_tinylora,,,,0.9950090932139416,1.0,71.11224733549973,0.9925029301175884
774_a-blue-background-with-the-words-miniature-float-challenge-from-my-scrap-room_FVD-512.3_PSNR-16.115_SSIM-0.740_LPIPS-0.240_FID-81.8_tinylora,,,,0.9912401144351971,0.0,71.73595612624595,0.9809162345587038
775_a-close-up-of-a-stack-of-books-and-papers-with-text_FVD-512.3_PSNR-22.677_SSIM-0.824_LPIPS-0.073_FID-81.8_tinylora,,,,0.9945958793172718,0.0,47.97892800692854,0.9911025393242929
776_a-woman-is-standing-in-her-living-room-and-talking-to-the-camera_FVD-453.3_PSNR-28.298_SSIM-0.892_LPIPS-0.037_FID-74.0_tinylora,,,,0.9961513393418264,0.0,77.98993367162244,0.9958460111244052
777_a-baseball-player-is-running-on-the-field-during-a-game-and-catching-the-ball_FVD-453.3_PSNR-20.428_SSIM-0.695_LPIPS-0.068_FID-74.0_tinylora,,,,0.9924493206403823,0.0,77.5382001153354,0.9854799840964523
778_two-simpsons-characters-standing-next-to-each-other_FVD-485.5_PSNR-11.408_SSIM-0.750_LPIPS-0.502_FID-78.7_tinylora,,,,0.9677660861019087,1.0,64.19684521905307,0.9643786187265434
779_a-solar-system-with-the-sun-jupiter-and-saturn_FVD-602.6_PSNR-13.297_SSIM-0.505_LPIPS-0.441_FID-83.8_tinylora,,,,0.9876092331296835,1.0,60.51783870828563,0.9821291063346115
77_an-orange-off-road-vehicle-is-driving-on-a-rocky-terrain-and-jumping-over-obstac_FVD-602.6_PSNR-6.646_SSIM-0.200_LPIPS-0.971_FID-83.8_tinylora,,,,0.9813622772159077,1.0,61.43896721149313,0.9764876907947017
780_the-tire-of-a-car-is-on-a-runway-at-night-with-the-sun-shining-in-the-background_FVD-720.6_PSNR-8.934_SSIM-0.291_LPIPS-0.688_FID-78.4_tinylora,,,,0.9694650792341509,1.0,62.392382391567885,0.9599063237508138
781_a-pan-of-cake-sitting-on-a-table-next-to-a-bowl-of-whipped-cream_FVD-512.3_PSNR-18.927_SSIM-0.542_LPIPS-0.205_FID-81.8_tinylora,,,,0.984531982731661,1.0,70.84348849592537,0.9589875052956974
782_a-blue-screen-with-a-lot-of-numbers-on-it_FVD-527.3_PSNR-12.391_SSIM-0.603_LPIPS-0.566_FID-82.0_tinylora,,,,0.9906879342615786,0.0,67.3201799063847,0.9891465663909912
783_a-cowboy-is-riding-a-bull-in-a-rodeo-arena_FVD-453.3_PSNR-16.554_SSIM-0.257_LPIPS-0.669_FID-74.0_tinylora,,,,0.9851421674773008,1.0,49.503126275950464,0.9845773416406968
784_a-man-with-his-hands-up-in-front-of-a-computer-screen-looks-at-the-camera_FVD-577.6_PSNR-17.482_SSIM-0.733_LPIPS-0.311_FID-84.0_tinylora,,,,0.9931228579172053,1.0,77.05341312803071,0.98830324902254
785_a-computer-generated-image-of-a-building-with-a-red-light-on-it_FVD-577.6_PSNR-10.388_SSIM-0.423_LPIPS-0.636_FID-84.0_tinylora,,,,0.9634697703533871,1.0,71.75575440505455,0.9693444008920707
786_a-woman-in-an-apron-is-cooking-food-on-a-stove-in-a-kitchen_FVD-578.5_PSNR-14.756_SSIM-0.454_LPIPS-0.560_FID-84.0_tinylora,,,,0.9743997454751132,1.0,75.35653844372979,0.9718931777804506
787_a-close-up-of-a-red-and-black-computer_FVD-512.3_PSNR-17.489_SSIM-0.741_LPIPS-0.364_FID-81.8_tinylora,,,,0.9863416674428852,1.0,60.49695916011416,0.9702797646616019
788_a-video-game-screen-showing-different-weapons_FVD-527.3_PSNR-25.941_SSIM-0.630_LPIPS-0.503_FID-82.0_tinylora,,,,0.9949811018825265,0.0,38.58407527002795,0.9932912027134615
789_a-video-game-screen-showing-a-man-with-a-headset-on_FVD-664.7_PSNR-10.557_SSIM-0.663_LPIPS-0.468_FID-76.8_tinylora,,,,0.9348595341248145,1.0,44.197518447349815,0.8898231655943627
78_a-person-is-cooking-some-food-in-a-frying-pan-with-a-wooden-spoon_FVD-512.3_PSNR-25.190_SSIM-0.872_LPIPS-0.118_FID-81.8_tinylora,,,,0.9936949134955798,1.0,75.01805114746094,0.9872413663303151
790_a-man-is-standing-in-a-colorful-fantastical-landscape_FVD-578.5_PSNR-23.547_SSIM-0.843_LPIPS-0.146_FID-84.0_tinylora,,,,0.9939580097530465,1.0,72.30961661503233,0.9912825958401549
791_a-man-with-long-hair-and-beard-is-sitting-on-a-sofa-and-talking-to-the-camera_FVD-577.6_PSNR-19.972_SSIM-0.734_LPIPS-0.126_FID-84.0_tinylora,,,,0.9887376115977908,1.0,69.04130251654263,0.9769472944970224
792_a-tv-news-broadcast-with-a-pink-pig-sign_FVD-720.6_PSNR-12.954_SSIM-0.479_LPIPS-0.605_FID-78.4_tinylora,,,,0.9769610206863194,1.0,69.47908914500269,0.9592756046968348
793_there-are-two-women-smiling-and-taking-a-selfie-together-in-a-shopping-mall_FVD-578.5_PSNR-13.119_SSIM-0.384_LPIPS-0.518_FID-84.0_tinylora,,,,0.9760651334852851,1.0,66.30310269059807,0.9418490204156614
794_a-man-holding-a-microphone-in-front-of-a-can-of-strong-zero_FVD-664.7_PSNR-7.917_SSIM-0.536_LPIPS-0.663_FID-76.8_tinylora,,,,0.9731805332977208,1.0,55.95840953958446,0.9679298961863798
795_there-is-a-man-standing-in-front-of-a-blue-background-he-is-wearing-a-black-shir_FVD-720.6_PSNR-21.441_SSIM-0.807_LPIPS-0.166_FID-78.4_tinylora,,,,0.9890558834377768,0.0,77.9467615587958,0.9867414614733527
796_the-title-tricks-of-the-tane-how-to-make-a-two-color-twist_FVD-720.6_PSNR-12.223_SSIM-0.490_LPIPS-0.634_FID-78.4_tinylora,,,,0.9840710966210736,0.0,66.31212458117255,0.9719586952059877
797_there-is-a-table-with-various-items-on-it-including-coffee-cups-books-and-papers_FVD-602.6_PSNR-12.480_SSIM-0.405_LPIPS-0.632_FID-83.8_tinylora,,,,0.9770126801388291,0.0,62.79402818350956,0.9814205524968166
798_a-man-is-sitting-in-the-drivers-seat-of-a-car-in-a-garage_FVD-664.7_PSNR-14.988_SSIM-0.359_LPIPS-0.657_FID-76.8_tinylora,,,,0.9889471001408041,1.0,63.066975297599,0.9709746304680319
799_it-is-a-room-with-a-pool-table-and-other-sports-memorabilia-on-the-walls_FVD-512.3_PSNR-32.661_SSIM-0.955_LPIPS-0.014_FID-81.8_tinylora,,,,0.9957090387570627,0.0,78.13268937735722,0.996169724183924
79_two-men-are-sitting-at-a-table-in-an-outdoor-cafe-and-smiling-at-the-camera_FVD-485.5_PSNR-15.689_SSIM-0.651_LPIPS-0.213_FID-78.7_tinylora,,,,0.9886548260129373,1.0,77.50092683989426,0.9712245922462613
7_the-new-ford-cars-are-on-display-at-a-car-show_FVD-602.6_PSNR-19.571_SSIM-0.777_LPIPS-0.080_FID-83.8_tinylora,,,,0.9790076557131934,0.0,73.97699448158001,0.9212845521814683
800_a-person-is-cooking-food-in-a-frying-pan-on-a-stove_FVD-512.3_PSNR-8.758_SSIM-0.552_LPIPS-0.505_FID-81.8_tinylora,,,,0.9847324526431833,1.0,62.48981686296134,0.9615384793749042
801_a-man-with-a-beard-makes-a-gesture-with-his-hands_FVD-620.8_PSNR-5.094_SSIM-0.563_LPIPS-0.603_FID-72.4_tinylora,,,,0.9823710093011563,1.0,55.464555411503234,0.9736453804315305
802_two-women-on-a-television-set-talking-to-each-other_FVD-602.6_PSNR-29.476_SSIM-0.891_LPIPS-0.031_FID-83.8_tinylora,,,,0.9956472459109178,0.0,62.222253733667834,0.9951109432706646
803_there-are-cars-driving-on-a-bridge-over-a-river-in-an-autumn-park-with-trees-and_FVD-577.6_PSNR-5.945_SSIM-0.468_LPIPS-0.716_FID-84.0_tinylora,,,,0.9540777746729033,1.0,68.85754710230334,0.9426954082414216
804_a-collage-of-fruits-and-vegetables-with-the-words-karen-roth-nutrition_FVD-578.5_PSNR-29.856_SSIM-0.940_LPIPS-0.023_FID-84.0_tinylora,,,,0.9938762680886992,0.0,74.19978437752559,0.9898124404982025
805_a-white-car-is-driving-down-a-street-in-the-rain_FVD-720.6_PSNR-17.714_SSIM-0.514_LPIPS-0.147_FID-78.4_tinylora,,,,0.9745489973500084,1.0,65.18723849592537,0.9663279626883713
806_two-men-shoveling-gravel-in-front-of-a-brick-building_FVD-453.3_PSNR-22.617_SSIM-0.731_LPIPS-0.145_FID-74.0_tinylora,,,,0.9932634944669642,1.0,78.4004327182112,0.9864152356690051
807_two-men-standing-next-to-each-other-in-a-store_FVD-527.3_PSNR-21.743_SSIM-0.753_LPIPS-0.163_FID-82.0_tinylora,,,,0.9867030795023672,1.0,58.49668437036975,0.9744695626053156
808_a-man-in-an-orange-vest-standing-next-to-a-tank_FVD-578.5_PSNR-11.667_SSIM-0.414_LPIPS-0.613_FID-84.0_tinylora,,,,0.9898054120486336,1.0,69.90016095391636,0.9729578392178404
809_a-man-is-cooking-or-preparing-food-in-a-kitchen_FVD-578.5_PSNR-16.171_SSIM-0.725_LPIPS-0.326_FID-84.0_tinylora,,,,0.9924321566233331,1.0,57.3363476457267,0.9808535108379289
80_a-man-is-sitting-at-a-desk-and-talking-into-a-microphone-he-is-wearing-a-blue-sh_FVD-453.3_PSNR-26.533_SSIM-0.912_LPIPS-0.050_FID-74.0_tinylora,,,,0.9956062131717003,0.0,74.22363333866514,0.9952706771738389
810_an-aerial-view-of-a-large-number-of-airplanes-in-a-field_FVD-602.6_PSNR-15.315_SSIM-0.750_LPIPS-0.489_FID-83.8_tinylora,,,,0.9794349675634142,1.0,59.31065644889042,0.942816229427562
811_a-man-and-a-woman-sitting-in-a-chair-talking_FVD-664.7_PSNR-24.423_SSIM-0.826_LPIPS-0.117_FID-76.8_tinylora,,,,0.9951288730970487,1.0,68.81738978418811,0.9919273357765347
812_a-man-with-a-beard-holding-up-a-bunch-of-money_FVD-602.6_PSNR-22.151_SSIM-0.688_LPIPS-0.061_FID-83.8_tinylora,,,,0.9920480041642725,0.0,76.19820377744477,0.96880423040951
813_a-person-spooning-food-into-two-bowls-on-a-table_FVD-720.6_PSNR-23.964_SSIM-0.871_LPIPS-0.072_FID-78.4_tinylora,,,,0.9952447760955344,0.0,72.71971840694033,0.9934231655270446
814_a-video-game-screen-showing-a-brick-wall-and-a-window_FVD-577.6_PSNR-5.494_SSIM-0.348_LPIPS-0.744_FID-84.0_tinylora,,,,0.9693756686702458,1.0,66.71671847639412,0.9648191826016295
815_a-view-of-the-acropolis-from-the-top-of-a-hill_FVD-512.3_PSNR-7.493_SSIM-0.345_LPIPS-0.801_FID-81.8_tinylora,,,,0.9938500185731344,1.0,58.56383330246498,0.9829304676429899
816_a-man-with-sunglasses-is-sitting-in-the-drivers-seat-of-a-car_FVD-720.6_PSNR-17.068_SSIM-0.559_LPIPS-0.500_FID-78.4_tinylora,,,,0.976835609711299,1.0,76.74178866682381,0.9620903239530676
817_there-is-a-man-wearing-a-blue-and-black-soccer-jersey-standing-in-front-of-a-she_FVD-578.5_PSNR-7.054_SSIM-0.336_LPIPS-0.756_FID-84.0_tinylora,,,,0.9852608019703608,1.0,57.555466487489895,0.9798955113280053
818_a-news-reporter-is-standing-in-front-of-an-air-force-base-and-discussing-recent_FVD-578.5_PSNR-14.728_SSIM-0.592_LPIPS-0.241_FID-84.0_tinylora,,,,0.9828675254824152,1.0,76.19361351276267,0.9569344651465322
819_a-person-is-mixing-ingredients-in-a-glass-bowl-with-their-hands_FVD-453.3_PSNR-27.035_SSIM-0.928_LPIPS-0.042_FID-74.0_tinylora,,,,0.9955221068462107,0.0,74.40455180201037,0.9951165002935073
81_an-elderly-man-is-mixing-ingredients-in-a-blender_FVD-602.6_PSNR-22.964_SSIM-0.824_LPIPS-0.051_FID-83.8_tinylora,,,,0.9955413795125422,0.0,74.35454506709658,0.9941451390584309
820_a-young-man-is-juggling-three-balls-on-a-blue-background_FVD-512.3_PSNR-21.891_SSIM-0.832_LPIPS-0.268_FID-81.8_tinylora,,,,0.9922777697817909,1.0,71.73556255472117,0.9870014994752173
821_a-girl-is-having-her-hair-combed-by-another-girl-in-the-bathroom_FVD-578.5_PSNR-17.399_SSIM-0.552_LPIPS-0.195_FID-84.0_tinylora,,,,0.9902621229447975,1.0,78.38042660417229,0.9778061754563275
822_a-picture-of-a-box-of-posca-markers-on-a-piece-of-paper_FVD-453.3_PSNR-14.756_SSIM-0.625_LPIPS-0.283_FID-74.0_tinylora,,,,0.9874157218309332,1.0,69.87990228061018,0.9448962604298311
823_the-player-is-in-a-futuristic-sci-fi-video-game-environment-with-neon-lighting-a_FVD-620.8_PSNR-19.527_SSIM-0.718_LPIPS-0.326_FID-72.4_tinylora,,,,0.9902327194566395,1.0,54.269154910383556,0.9520184199015299
824_a-man-in-a-cowboy-hat-and-apron-is-standing-in-front-of-a-table-with-a-pot-on-it_FVD-664.7_PSNR-19.276_SSIM-0.559_LPIPS-0.094_FID-76.8_tinylora,,,,0.9886341605953278,0.0,77.45832298541892,0.9817545890808106
825_there-is-a-fire-in-a-house-surrounded-by-a-fence_FVD-664.7_PSNR-15.120_SSIM-0.419_LPIPS-0.295_FID-76.8_tinylora,,,,0.9879547069896334,1.0,65.97920963681977,0.9499144647635666
826_a-close-up-of-a-blue-bag-sitting-on-the-floor_FVD-664.7_PSNR-29.305_SSIM-0.875_LPIPS-0.041_FID-76.8_tinylora,,,,0.9947047881652662,0.0,72.2448880425815,0.993423251544728
827_a-black-background-with-the-text_FVD-602.6_PSNR-39.787_SSIM-0.958_LPIPS-0.001_FID-83.8_tinylora,,,,0.9989303525229537,0.0,55.9083058587436,0.9990929796415217
828_a-baseball-player-walks-off-the-field-after-a-game-in-front-of-a-crowd-of-fans_FVD-578.5_PSNR-18.600_SSIM-0.539_LPIPS-0.394_FID-84.0_tinylora,,,,0.9743150069523002,1.0,65.11984239775559,0.9571032468010398
829_a-person-is-cooking-rice-and-beef-in-a-pan-with-a-wooden-spoon_FVD-578.5_PSNR-25.114_SSIM-0.887_LPIPS-0.055_FID-84.0_tinylora,,,,0.9947321620288072,0.0,72.91322010961072,0.9927309349471447
82_a-smartphone-is-placed-on-a-window-sill-next-to-a-window_FVD-602.6_PSNR-10.283_SSIM-0.601_LPIPS-0.638_FID-83.8_tinylora,,,,0.9784779989720247,1.0,73.85383947964372,0.9628684586169673
830_a-picture-of-a-plane-flying-over-water-with-the-caption-evolution-of-the-hawker_FVD-527.3_PSNR-15.857_SSIM-0.716_LPIPS-0.221_FID-82.0_tinylora,,,,0.9887767606040814,1.0,71.52692623796135,0.9591935475667318
831_a-group-of-men-are-standing-on-a-soccer-field-and-talking-to-each-other_FVD-602.6_PSNR-12.549_SSIM-0.342_LPIPS-0.880_FID-83.8_tinylora,,,,0.9940831144490382,0.0,55.40611424939386,0.9866870001250623
832_a-busy-city-street-with-cars-people-and-tall-buildings_FVD-453.3_PSNR-16.061_SSIM-0.393_LPIPS-0.267_FID-74.0_tinylora,,,,0.9914640373710916,1.0,66.07282585933291,0.9593735376993815
833_a-hand-is-pointing-at-a-red-container_FVD-578.5_PSNR-11.534_SSIM-0.530_LPIPS-0.418_FID-84.0_tinylora,,,,0.9830559247269954,1.0,47.06543889538995,0.9598147448371438
834_a-person-is-shopping-for-car-audio-equipment-at-an-electronics-store_FVD-578.5_PSNR-15.595_SSIM-0.469_LPIPS-0.649_FID-84.0_tinylora,,,,0.9794717285284841,1.0,71.88996913515288,0.9451847562602922
835_a-bear-is-standing-on-a-red-background-with-the-words-very-bear-gaming-written-a_FVD-512.3_PSNR-21.823_SSIM-0.882_LPIPS-0.237_FID-81.8_tinylora,,,,0.9933668949684574,1.0,64.93677257669383,0.9813333941440956
836_a-picture-of-a-roof-with-a-caption-that-says-what-are-these-black-streaks-on-my_FVD-512.3_PSNR-14.213_SSIM-0.390_LPIPS-0.318_FID-81.8_tinylora,,,,0.9897237444991351,1.0,65.65613292825633,0.9774689337786506
837_an-aerial-view-of-a-wrecked-car-on-the-side-of-the-road_FVD-512.3_PSNR-15.822_SSIM-0.540_LPIPS-0.417_FID-81.8_tinylora,,,,0.9690444788692721,1.0,68.04879537122002,0.9458531061808269
838_a-person-holding-a-metal-object-in-their-hand_FVD-577.6_PSNR-23.145_SSIM-0.855_LPIPS-0.122_FID-84.0_tinylora,,,,0.9928847096063318,0.0,62.41568532483331,0.9904136236976174
839_a-close-up-of-a-steering-wheel-in-a-car_FVD-720.6_PSNR-11.892_SSIM-0.478_LPIPS-0.463_FID-78.4_tinylora,,,,0.9813452586229471,1.0,42.700396570666086,0.9771568354438332
83_a-soccer-game-being-played-on-a-computer-screen_FVD-620.8_PSNR-27.160_SSIM-0.938_LPIPS-0.044_FID-72.4_tinylora,,,,0.994963701960485,0.0,78.9167304203428,0.9945079055486941
840_there-is-a-purple-and-pink-box-of-crayons-on-a-colorful-carpet_FVD-720.6_PSNR-15.451_SSIM-0.686_LPIPS-0.420_FID-78.4_tinylora,,,,0.9884472726390237,1.0,39.48949655993231,0.9612964069142061
841_there-are-several-eggs-in-a-glass-bowl-on-a-kitchen-counter_FVD-453.3_PSNR-19.680_SSIM-0.673_LPIPS-0.326_FID-74.0_tinylora,,,,0.9924445006033931,0.0,70.42313095618938,0.9863133421131208
842_a-plate-of-sliced-turkey-on-a-table-next-to-a-tomato_FVD-577.6_PSNR-8.182_SSIM-0.408_LPIPS-0.747_FID-84.0_tinylora,,,,0.9776291842858938,1.0,66.78574423954404,0.9720057206995347
843_a-white-van-with-its-doors-open-in-a-parking-lot_FVD-527.3_PSNR-7.401_SSIM-0.612_LPIPS-0.544_FID-82.0_tinylora,,,,0.9797096652496469,1.0,52.338021705890526,0.9640773361804439
844_a-car-driving-down-a-street-with-cones-in-the-road_FVD-664.7_PSNR-12.792_SSIM-0.590_LPIPS-0.630_FID-76.8_tinylora,,,,0.9565851244343891,1.0,34.4859996664113,0.9610394533942728
845_a-car-is-driving-along-a-dirt-road-in-a-canyon-with-red-rock-formations-on-eithe_FVD-485.5_PSNR-5.667_SSIM-0.180_LPIPS-0.806_FID-78.7_tinylora,,,,0.9189590749494242,0.0,51.752249619056435,0.9032706241981656
846_people-are-riding-snowmobiles-in-the-snowy-forest-with-trees-covered-in-snow_FVD-577.6_PSNR-17.725_SSIM-0.581_LPIPS-0.162_FID-84.0_tinylora,,,,0.9902546941586463,1.0,74.93828898462756,0.9770038473839854
847_a-middle-aged-man-in-glasses-and-a-sweater-is-talking-to-the-camera-while-gestur_FVD-720.6_PSNR-18.669_SSIM-0.847_LPIPS-0.143_FID-78.4_tinylora,,,,0.9904229989271349,0.0,75.64498822442417,0.9882933803633147
848_a-group-of-people-standing-next-to-each-other-on-a-soccer-field_FVD-720.6_PSNR-18.815_SSIM-0.556_LPIPS-0.116_FID-78.4_tinylora,,,,0.9719714806996517,0.0,62.20763462987439,0.9681999917123832
849_a-man-with-glasses-is-holding-his-head-up-in-front-of-a-blue-screen_FVD-512.3_PSNR-12.605_SSIM-0.678_LPIPS-0.572_FID-81.8_tinylora,,,,0.9837735582347256,1.0,61.641253767342405,0.970320011587704
84_a-woman-in-a-white-tank-top-standing-in-front-of-a-green-background_FVD-602.6_PSNR-11.307_SSIM-0.368_LPIPS-0.580_FID-83.8_tinylora,,,,0.8502392422647477,1.0,64.41839126060749,0.8373985140931373
850_a-man-is-cooking-a-turkey-on-a-wooden-cutting-board_FVD-527.3_PSNR-16.452_SSIM-0.484_LPIPS-0.227_FID-82.0_tinylora,,,,0.9904850052333968,1.0,70.56819047599004,0.970214090160295
851_a-video-game-with-two-characters-fighting-each-other_FVD-527.3_PSNR-14.131_SSIM-0.522_LPIPS-0.571_FID-82.0_tinylora,,,,0.9831776547424526,1.0,58.21841338585163,0.9510048323986577
852_a-close-up-of-a-bearing-ring-on-a-metal-surface_FVD-527.3_PSNR-19.917_SSIM-0.897_LPIPS-0.155_FID-82.0_tinylora,,,,0.9912673108439423,1.0,72.56164419239965,0.9868414028018129
853_a-newscast-with-a-picture-of-a-tall-building-with-the-words-delhi-possession-of_FVD-577.6_PSNR-8.566_SSIM-0.362_LPIPS-0.701_FID-84.0_tinylora,,,,0.9615390172829281,1.0,67.06001097580483,0.9550605549531824
854_the-engine-of-a-motorcycle-is-shown-from-under-the-hood_FVD-527.3_PSNR-11.512_SSIM-0.265_LPIPS-0.362_FID-82.0_tinylora,,,,0.9775389519122286,1.0,75.55567405963767,0.9142623452579274
855_the-person-is-opening-a-booster-pack-of-a-trading-card-game-called-yugioh_FVD-577.6_PSNR-18.684_SSIM-0.711_LPIPS-0.185_FID-84.0_tinylora,,,,0.9884599998185706,1.0,73.39161629512392,0.9799905608682071
856_a-postcard-with-a-special-message-on-a-polka-dot-background_FVD-602.6_PSNR-33.730_SSIM-0.974_LPIPS-0.029_FID-83.8_tinylora,,,,0.9959355482310446,0.0,51.88795405420764,0.9977756909295624
857_a-young-girl-laughing-in-a-living-room_FVD-453.3_PSNR-24.154_SSIM-0.738_LPIPS-0.057_FID-74.0_tinylora,,,,0.9945844602531183,0.0,76.63203956340921,0.9917371637680952
858_a-fenced-in-area-with-hay-in-it_FVD-578.5_PSNR-15.212_SSIM-0.251_LPIPS-0.237_FID-84.0_tinylora,,,,0.9860446686687495,0.0,76.48407482278758,0.9653365565281288
859_an-image-of-the-earth-from-space-with-stars-in-the-background_FVD-602.6_PSNR-38.800_SSIM-0.927_LPIPS-0.069_FID-83.8_tinylora,,,,0.9970810476968566,0.0,40.03201399178341,0.9973904967308045
85_a-person-holding-up-a-cell-phone-with-a-game-loading-screen-on-it_FVD-720.6_PSNR-10.543_SSIM-0.461_LPIPS-0.621_FID-78.4_tinylora,,,,0.9661901946943307,1.0,50.3540254132501,0.9443376391541725
860_a-poster-for-the-movie-the-order-1886_FVD-485.5_PSNR-18.958_SSIM-0.666_LPIPS-0.362_FID-78.7_tinylora,,,,0.979556340798873,0.0,74.35354509024785,0.9803884132235658
861_a-person-is-cutting-a-piece-of-meat-on-a-wooden-cutting-board-with-a-knife_FVD-453.3_PSNR-16.614_SSIM-0.678_LPIPS-0.326_FID-74.0_tinylora,,,,0.9803885240661435,1.0,68.25859740684773,0.9709999869851506
862_a-group-of-cartoon-people-with-their-arms-up-in-the-air_FVD-485.5_PSNR-10.511_SSIM-0.268_LPIPS-0.433_FID-78.7_tinylora,,,,0.9560529903400997,1.0,76.41833022545124,0.897213737637389
863_a-black-background-with-a-yellow-text-on-it_FVD-453.3_PSNR-37.933_SSIM-0.992_LPIPS-0.005_FID-74.0_tinylora,,,,0.9964110730763993,0.0,68.63893758839575,0.9969193005094341
864_a-man-sitting-in-a-car-holding-a-piece-of-wire_FVD-527.3_PSNR-17.450_SSIM-0.727_LPIPS-0.364_FID-82.0_tinylora,,,,0.9926350592320261,1.0,72.8364644543878,0.9846887710047704
865_a-person-holding-a-small-bowl-of-something-on-a-plate_FVD-620.8_PSNR-9.022_SSIM-0.364_LPIPS-0.687_FID-72.4_tinylora,,,,0.9839164362326127,1.0,72.20909565892713,0.9698179918176988
866_a-video-game-showing-a-person-walking-on-a-beach_FVD-485.5_PSNR-31.110_SSIM-0.893_LPIPS-0.228_FID-78.7_tinylora,,,,0.9933812994348381,0.0,67.1402929897966,0.9932609936770271
867_a-man-is-holding-a-fishing-lure-and-explaining-how-to-use-it_FVD-664.7_PSNR-13.461_SSIM-0.595_LPIPS-0.536_FID-76.8_tinylora,,,,0.9829025446316347,0.0,62.79774106782058,0.9815170624676872
868_a-person-is-playing-a-video-game-on-a-computer-screen-with-a-yellow-and-black-ba_FVD-602.6_PSNR-9.405_SSIM-0.418_LPIPS-0.686_FID-83.8_tinylora,,,,0.9715261177922023,1.0,67.7973649912867,0.9571974473841051
869_there-is-a-red-truck-driving-on-a-road-with-mountains-in-the-background_FVD-577.6_PSNR-10.404_SSIM-0.416_LPIPS-0.568_FID-84.0_tinylora,,,,0.9436762786377906,1.0,55.70149283573545,0.9262193044026693
86_a-video-game-showing-a-girl-in-a-pink-dress_FVD-512.3_PSNR-18.317_SSIM-0.691_LPIPS-0.355_FID-81.8_tinylora,,,,0.9911077635514676,0.0,78.45465456206223,0.9896451566733566
870_a-street-with-power-lines-and-trees-on-a-sunny-day_FVD-602.6_PSNR-24.191_SSIM-0.857_LPIPS-0.095_FID-83.8_tinylora,,,,0.9614478674749815,1.0,71.19182534053408,0.9534543991088867
871_two-police-officers-standing-on-the-side-of-the-road_FVD-664.7_PSNR-25.779_SSIM-0.856_LPIPS-0.136_FID-76.8_tinylora,,,,0.9924551081450208,0.0,74.74047772637729,0.987925786598056
872_a-white-bowl-of-mussels-on-a-table-next-to-a-bottle-of-wine_FVD-453.3_PSNR-11.346_SSIM-0.664_LPIPS-0.514_FID-74.0_tinylora,,,,0.9874435205105012,0.0,56.903005271122375,0.9858806563358681
873_two-young-girls-in-blue-dresses-standing-in-a-hallway_FVD-664.7_PSNR-12.016_SSIM-0.536_LPIPS-0.561_FID-76.8_tinylora,,,,0.9839508496039976,1.0,68.25888442993164,0.9590335920745251
874_president-donald-trump-speaking-at-the-state-of-the-union-address_FVD-577.6_PSNR-14.898_SSIM-0.631_LPIPS-0.404_FID-84.0_tinylora,,,,0.9892348997892426,0.0,55.24345608415275,0.9864107244154986
875_there-is-a-dirt-path-that-leads-to-a-residential-area-with-houses-and-trees-in-t_FVD-720.6_PSNR-13.800_SSIM-0.157_LPIPS-0.505_FID-78.4_tinylora,,,,0.9504735155614062,1.0,68.40554204480401,0.9199237973082299
876_the-user-is-playing-a-video-game-and-selecting-options-on-the-screen_FVD-453.3_PSNR-16.290_SSIM-0.770_LPIPS-0.373_FID-74.0_tinylora,,,,0.9879837890017118,0.0,59.76086189006937,0.9839037502513213
877_a-picture-of-a-rubiks-cube-with-the-words-mind-blowing-optical-illusions_FVD-512.3_PSNR-25.567_SSIM-0.926_LPIPS-0.157_FID-81.8_tinylora,,,,0.9944907234394825,0.0,48.68594505046976,0.9896834401523366
878_a-blue-background-with-the-words-spice-cabinet-and-french-style-spice-jars_FVD-720.6_PSNR-10.945_SSIM-0.669_LPIPS-0.491_FID-78.4_tinylora,,,,0.983761279017483,1.0,61.927174535290945,0.9744596743116192
879_a-pair-of-scissors-and-a-comb-next-to-a-purple-bow_FVD-720.6_PSNR-12.073_SSIM-0.317_LPIPS-0.695_FID-78.4_tinylora,,,,0.9730183059468446,0.0,65.30606947274043,0.9814742237913843
87_a-baseball-game-is-being-played-and-the-pitcher-is-throwing-the-ball-towards-the_FVD-453.3_PSNR-9.909_SSIM-0.374_LPIPS-0.710_FID-74.0_tinylora,,,,0.9777888540899801,1.0,39.91644313417632,0.9788698215110629
880_a-car-is-driving-on-the-road-in-a-tunnel-and-there-are-several-other-cars-passin_FVD-720.6_PSNR-23.871_SSIM-0.880_LPIPS-0.186_FID-78.4_tinylora,,,,0.9907459404702051,1.0,34.87457268813561,0.9873149292141783
881_a-man-in-a-red-sweater-holding-a-cell-phone_FVD-664.7_PSNR-25.229_SSIM-0.934_LPIPS-0.036_FID-76.8_tinylora,,,,0.9955191794265783,0.0,72.09595752584524,0.994094014635273
882_a-man-in-a-kitchen-holding-a-piece-of-dough_FVD-620.8_PSNR-10.185_SSIM-0.529_LPIPS-0.458_FID-72.4_tinylora,,,,0.9760275074573098,1.0,70.8717277789938,0.9725486362681669
883_a-photo-of-a-website-for-a-photography-business_FVD-664.7_PSNR-10.132_SSIM-0.487_LPIPS-0.527_FID-76.8_tinylora,,,,0.9811273890231841,1.0,73.55745670713227,0.9465793759215112
884_a-person-is-riding-a-motorcycle-and-performing-a-stunt-on-the-street_FVD-620.8_PSNR-16.341_SSIM-0.617_LPIPS-0.317_FID-72.4_tinylora,,,,0.976098337171407,1.0,60.86816748257341,0.9676709530400295
885_people-are-walking-down-a-path-in-a-forest-with-lots-of-green-trees_FVD-620.8_PSNR-17.648_SSIM-0.671_LPIPS-0.217_FID-72.4_tinylora,,,,0.9895923931137626,1.0,52.72226938708075,0.9763610521952312
886_a-machine-is-being-used-to-make-a-large-metal-object_FVD-485.5_PSNR-23.238_SSIM-0.900_LPIPS-0.050_FID-78.7_tinylora,,,,0.9870012449424215,0.0,63.42322750749259,0.9604650871426451
887_a-black-and-white-photo-of-two-women-with-hair-dryers-on-their-heads_FVD-577.6_PSNR-10.273_SSIM-0.544_LPIPS-0.689_FID-84.0_tinylora,,,,0.9801991145683701,0.0,55.969715776114626,0.9785275683683508
888_a-man-with-a-rope-climbing-into-an-ice-cave_FVD-664.7_PSNR-25.525_SSIM-0.916_LPIPS-0.101_FID-76.8_tinylora,,,,0.9940262078055048,1.0,60.37685433749495,0.9917035392686433
889_a-screenshot-of-a-video-game-with-a-man-holding-a-purple-object_FVD-577.6_PSNR-14.206_SSIM-0.437_LPIPS-0.619_FID-84.0_tinylora,,,,0.989150307859522,1.0,62.920246781974,0.9784240068173876
88_there-is-an-aerial-view-of-a-city-with-mountains-in-the-background-during-sunset_FVD-664.7_PSNR-23.407_SSIM-0.923_LPIPS-0.051_FID-76.8_tinylora,,,,0.9944294746477651,1.0,74.29872315505455,0.9914402952381208
890_a-man-is-cooking-food-in-a-frying-pan-on-a-stove-in-a-kitchen_FVD-720.6_PSNR-20.186_SSIM-0.859_LPIPS-0.206_FID-78.4_tinylora,,,,0.9864211950137961,1.0,71.75670084460029,0.9793742142471613
891_a-computer-screen-with-a-silver-background_FVD-577.6_PSNR-19.869_SSIM-0.870_LPIPS-0.219_FID-84.0_tinylora,,,,0.9930324354635016,0.0,60.93819243332435,0.9934012964660046
892_a-construction-worker-is-repairing-the-roof-of-a-house_FVD-527.3_PSNR-14.105_SSIM-0.509_LPIPS-0.485_FID-82.0_tinylora,,,,0.9629855572370508,1.0,43.31530209245353,0.9310481800752528
893_the-news-anchor-is-sitting-at-a-desk-in-a-television-studio_FVD-512.3_PSNR-18.776_SSIM-0.805_LPIPS-0.160_FID-81.8_tinylora,,,,0.9928429464734613,0.0,74.74497433366447,0.9867530663808187
894_a-red-dodge-challenger-is-driving-down-the-road_FVD-527.3_PSNR-12.238_SSIM-0.537_LPIPS-0.464_FID-82.0_tinylora,,,,0.9730042545196498,1.0,71.03661741059402,0.9640069475360945
895_a-person-is-using-a-fork-to-eat-food-on-a-red-plate_FVD-485.5_PSNR-5.634_SSIM-0.556_LPIPS-0.709_FID-78.7_tinylora,,,,0.9538437241883934,1.0,66.91201900613719,0.9324641358618643
896_a-large-snake-and-a-smaller-snake-on-a-table_FVD-664.7_PSNR-8.478_SSIM-0.318_LPIPS-0.749_FID-76.8_tinylora,,,,0.9746696565578689,1.0,66.01303534672178,0.9749011151930865
897_a-woman-in-a-black-suit-is-talking-into-a-microphone_FVD-720.6_PSNR-12.227_SSIM-0.654_LPIPS-0.580_FID-78.4_tinylora,,,,0.9753168842323253,0.0,60.860235674627894,0.9805313409543505
898_the-man-is-holding-a-rifle-and-standing-in-front-of-a-field-with-trees-in-the-ba_FVD-453.3_PSNR-17.127_SSIM-0.508_LPIPS-0.559_FID-74.0_tinylora,,,,0.9775603486586942,1.0,44.479543357059875,0.9656727846931009
899_a-3d-rendering-of-a-bunch-of-black-cubes-on-a-white-surface_FVD-664.7_PSNR-19.509_SSIM-0.852_LPIPS-0.149_FID-76.8_tinylora,,,,0.9908768329046362,1.0,68.92854282773774,0.9848483094982072
89_an-intel-logo-on-a-blue-background_FVD-620.8_PSNR-25.670_SSIM-0.828_LPIPS-0.143_FID-72.4_tinylora,,,,0.9932153380516202,1.0,66.31443786621094,0.9923347664814369
8_a-sign-that-says-no-more-stolen-sisters_FVD-527.3_PSNR-25.751_SSIM-0.796_LPIPS-0.055_FID-82.0_tinylora,,,,0.9961487799246301,0.0,75.55845221157732,0.9965433284348133
900_an-old-man-wearing-glasses-is-on-the-news-talking-about-matthew-roman_FVD-512.3_PSNR-27.592_SSIM-0.916_LPIPS-0.025_FID-81.8_tinylora,,,,0.9957118015809422,0.0,68.88091962090854,0.9945306516161152
901_a-british-flag-with-the-words-terror-en-manchester_FVD-578.5_PSNR-27.253_SSIM-0.913_LPIPS-0.034_FID-84.0_tinylora,,,,0.9956541664141618,0.0,70.60618170376482,0.9957233929166607
902_a-woman-in-a-red-dress-is-standing-in-front-of-a-television-with-people-on-it_FVD-664.7_PSNR-20.245_SSIM-0.779_LPIPS-0.179_FID-76.8_tinylora,,,,0.9931808910129222,1.0,71.35546454067888,0.9814141535291485
903_a-pan-filled-with-spices-and-nuts-on-a-stove_FVD-485.5_PSNR-39.769_SSIM-0.979_LPIPS-0.006_FID-78.7_tinylora,,,,0.996453894625425,0.0,75.76190422321189,0.99768286522697
904_a-man-is-performing-a-ritual-with-a-book-and-a-burning-fire_FVD-602.6_PSNR-9.091_SSIM-0.581_LPIPS-0.726_FID-83.8_tinylora,,,,0.9395878737445833,1.0,39.26616892321356,0.9194213044409658
905_a-crib-with-a-baby-in-it-on-a-wooden-floor_FVD-577.6_PSNR-18.783_SSIM-0.572_LPIPS-0.276_FID-84.0_tinylora,,,,0.9913072984936495,1.0,71.11406352602202,0.9773916076211369
906_people-are-waiting-in-line-at-an-airport-security-checkpoint_FVD-577.6_PSNR-11.307_SSIM-0.549_LPIPS-0.798_FID-84.0_tinylora,,,,0.9704917101723168,1.0,48.0149953118686,0.9462377473419787
907_it-is-a-black-and-white-text-with-the-word-jennings-written-in-white-on-a-black_FVD-512.3_PSNR-41.185_SSIM-0.966_LPIPS-0.001_FID-81.8_tinylora,,,,0.9984199179471469,0.0,61.83194324888032,0.9984444328382903
908_a-close-up-of-a-dirty-pan-on-a-stove_FVD-578.5_PSNR-16.604_SSIM-0.663_LPIPS-0.359_FID-84.0_tinylora,,,,0.9782405492578976,1.0,63.2448616027832,0.9765213199690277
909_a-young-man-is-sitting-at-a-desk-and-talking-to-the-camera_FVD-527.3_PSNR-15.490_SSIM-0.609_LPIPS-0.185_FID-82.0_tinylora,,,,0.9867221943531687,1.0,60.99631145082671,0.9489380443797392
90_a-building-in-a-minecraft-game_FVD-485.5_PSNR-21.404_SSIM-0.805_LPIPS-0.379_FID-78.7_tinylora,,,,0.9950769190555496,0.0,74.10909455398033,0.9950059278338563
910_a-picture-of-a-starbucks-drink-on-a-red-background_FVD-602.6_PSNR-21.904_SSIM-0.833_LPIPS-0.081_FID-83.8_tinylora,,,,0.9945352409794046,0.0,71.05794604071255,0.9881386485754274
911_an-orange-and-white-sign-that-says-continuing-coverage_FVD-512.3_PSNR-8.571_SSIM-0.429_LPIPS-0.719_FID-81.8_tinylora,,,,0.9651580250155618,1.0,62.844201449690196,0.944734909955193
912_a-large-engine-on-display-in-a-glass-case_FVD-578.5_PSNR-20.972_SSIM-0.680_LPIPS-0.148_FID-84.0_tinylora,,,,0.9939251962804352,0.0,64.86791360789331,0.9835565567016602
913_a-computer-screen-showing-a-list-of-games_FVD-577.6_PSNR-9.184_SSIM-0.517_LPIPS-0.571_FID-84.0_tinylora,,,,0.9839591200729757,1.0,73.11126893142173,0.9815231192345713
914_there-is-a-wrestling-competition-happening-in-a-gym-with-people-participating-an_FVD-664.7_PSNR-15.355_SSIM-0.609_LPIPS-0.314_FID-76.8_tinylora,,,,0.9889958674776,1.0,69.19226192605906,0.9715476110869763
915_a-minecraft-video-game-with-a-person-in-it_FVD-577.6_PSNR-26.894_SSIM-0.885_LPIPS-0.158_FID-84.0_tinylora,,,,0.9909256577564253,1.0,57.043306548019935,0.9858155446894029
916_the-quintus-timber-lining-logo-on-a-black-background_FVD-512.3_PSNR-42.518_SSIM-0.970_LPIPS-0.001_FID-81.8_tinylora,,,,0.9988479550474036,0.0,51.394285399338294,0.9990728917075139
917_a-close-up-of-a-muffin-pan-with-muffins-in-it_FVD-602.6_PSNR-14.526_SSIM-0.381_LPIPS-0.703_FID-83.8_tinylora,,,,0.9756908200646711,0.0,64.65009426248484,0.9846968192680209
918_a-white-car-driving-down-a-road-next-to-a-tree_FVD-485.5_PSNR-6.525_SSIM-0.398_LPIPS-0.662_FID-78.7_tinylora,,,,0.9823664003862763,0.0,72.08255583664467,0.9793286304847867
919_the-little-girl-is-wearing-a-red-shirt-and-a-black-hat-and-she-is-sitting-in-fro_FVD-577.6_PSNR-20.379_SSIM-0.776_LPIPS-0.384_FID-84.0_tinylora,,,,0.9877205017290036,0.0,77.86914930672481,0.9883861532398298
91_a-view-from-the-windshield-of-a-car-on-a-rainy-day_FVD-453.3_PSNR-16.136_SSIM-0.824_LPIPS-0.214_FID-74.0_tinylora,,,,0.9820198330400536,1.0,61.429776684991246,0.9753731017019235
920_a-man-sitting-in-front-of-three-computer-screens_FVD-620.8_PSNR-23.440_SSIM-0.868_LPIPS-0.060_FID-72.4_tinylora,,,,0.9956830857008937,0.0,73.18616564520474,0.9951581048030479
921_a-man-in-glasses-and-a-suit-is-speaking-to-the-camera-in-front-of-a-city-buildin_FVD-620.8_PSNR-17.408_SSIM-0.540_LPIPS-0.517_FID-72.4_tinylora,,,,0.9611002059410837,0.0,75.62071833117255,0.9674953049304439
922_the-family-is-sitting-in-front-of-a-christmas-tree-and-smiling-at-the-camera_FVD-577.6_PSNR-8.062_SSIM-0.441_LPIPS-0.720_FID-84.0_tinylora,,,,0.9797085264060218,0.0,58.70139444285426,0.9735008333243576
923_there-is-a-man-walking-down-a-street-in-a-small-town-with-mountains-in-the-backg_FVD-512.3_PSNR-11.233_SSIM-0.331_LPIPS-0.612_FID-81.8_tinylora,,,,0.9671441047038473,1.0,56.20936597626785,0.9227709975897097
924_a-man-sitting-in-a-chair-next-to-a-picture-of-a-vest_FVD-512.3_PSNR-15.128_SSIM-0.549_LPIPS-0.451_FID-81.8_tinylora,,,,0.976591149013024,0.0,74.61386818721377,0.982319710301418
925_a-computer-screen-showing-a-facebook-page_FVD-620.8_PSNR-22.226_SSIM-0.766_LPIPS-0.122_FID-72.4_tinylora,,,,0.9945245424892714,0.0,77.07560045965786,0.9912073509365904
926_the-text-is-written-in-white-letters-on-a-black-background_FVD-620.8_PSNR-31.303_SSIM-0.953_LPIPS-0.020_FID-72.4_tinylora,,,,0.9978439403605994,0.0,50.09853402499495,0.9978656820222443
927_a-yellow-volkswagen-beetle-in-photoshop_FVD-578.5_PSNR-11.454_SSIM-0.263_LPIPS-0.769_FID-84.0_tinylora,,,,0.9583436105144515,1.0,53.01357861222892,0.9300822463690066
928_it-is-a-black-background-with-the-words-headliner-install-part-1-written-in-gree_FVD-577.6_PSNR-40.699_SSIM-0.955_LPIPS-0.017_FID-84.0_tinylora,,,,0.9987972859750204,0.0,33.580961030105065,0.9989532427460539
929_a-close-up-of-a-green-and-white-bag-with-a-tag-on-it_FVD-577.6_PSNR-6.665_SSIM-0.080_LPIPS-0.981_FID-84.0_tinylora,,,,0.9812865475049529,1.0,53.74349041642814,0.9470035739973479
92_a-screenshot-of-a-website-with-an-image-of-a-stadium-in-the-background_FVD-620.8_PSNR-9.945_SSIM-0.348_LPIPS-0.683_FID-72.4_tinylora,,,,0.9816085536110811,1.0,72.14304983204809,0.975630812551461
930_a-green-globe-is-rotating-on-a-black-background-with-the-words-live-planet-writt_FVD-512.3_PSNR-18.028_SSIM-0.718_LPIPS-0.164_FID-81.8_tinylora,,,,0.9867752142924477,1.0,61.503494920401735,0.9831278576570399
931_the-chef-is-holding-a-package-of-ingredients-for-a-recipe_FVD-577.6_PSNR-21.203_SSIM-0.841_LPIPS-0.114_FID-84.0_tinylora,,,,0.9947854905851229,1.0,76.5667153720198,0.9908009192522834
932_the-video-is-about-a-person-playing-a-game-possibly-league-of-legends_FVD-485.5_PSNR-22.184_SSIM-0.840_LPIPS-0.171_FID-78.7_tinylora,,,,0.9870723189783391,1.0,49.54030714363888,0.9853034552405863
933_a-green-hot-wheels-car-in-a-package_FVD-620.8_PSNR-8.214_SSIM-0.255_LPIPS-0.670_FID-72.4_tinylora,,,,0.9802797316509403,0.0,67.82548023092336,0.9680001913332472
934_a-document-with-red-text-on-a-white-background_FVD-485.5_PSNR-9.747_SSIM-0.604_LPIPS-0.407_FID-78.7_tinylora,,,,0.988589175921437,1.0,70.48067553290005,0.9777991407057818
935_a-close-up-of-a-computer-screen-with-a-cord-connected-to-it_FVD-602.6_PSNR-25.970_SSIM-0.843_LPIPS-0.089_FID-83.8_tinylora,,,,0.9959169764994673,0.0,69.52731454783472,0.9956238372653139
936_a-television-screen-showing-a-picture-of-the-lincoln-memorial_FVD-664.7_PSNR-34.279_SSIM-0.936_LPIPS-0.027_FID-76.8_tinylora,,,,0.994784124019533,1.0,70.40447287723936,0.9935178971758076
937_two-men-in-a-kitchen-talking-to-the-camera_FVD-453.3_PSNR-24.572_SSIM-0.775_LPIPS-0.080_FID-74.0_tinylora,,,,0.9954191334987521,0.0,74.5014798394565,0.9938866750866759
938_there-is-a-panoramic-view-of-the-city-from-the-top-of-a-hill-with-buildings-and_FVD-664.7_PSNR-26.040_SSIM-0.782_LPIPS-0.111_FID-76.8_tinylora,,,,0.982845698074903,1.0,61.60764470593683,0.9809294457529105
939_a-man-is-walking-on-the-street-at-night-in-a-city-he-is-wearing-a-hat-and-a-suit_FVD-485.5_PSNR-11.029_SSIM-0.408_LPIPS-0.634_FID-78.7_tinylora,,,,0.9719376871341485,1.0,48.54070321444807,0.9512881933474073
93_a-news-anchor-on-a-tv-announcing-a-promotion-for-chicken-nuggets_FVD-578.5_PSNR-11.406_SSIM-0.515_LPIPS-0.317_FID-84.0_tinylora,,,,0.986309282994715,1.0,75.7070988622205,0.9699056924558154
940_there-is-a-sign-on-the-side-of-an-interstate-highway-that-displays-traffic-infor_FVD-602.6_PSNR-17.268_SSIM-0.710_LPIPS-0.181_FID-83.8_tinylora,,,,0.9887309704864852,1.0,68.67779041158742,0.9818212116465849
941_a-person-is-signing-a-form-with-a-pen_FVD-512.3_PSNR-12.934_SSIM-0.480_LPIPS-0.509_FID-81.8_tinylora,,,,0.9732589070617563,1.0,67.50090526712351,0.948449546215581
942_the-notre-dame-cathedral-in-paris-is-on-fire-and-smoke-is-billowing-out-of-the-t_FVD-620.8_PSNR-14.515_SSIM-0.576_LPIPS-0.578_FID-72.4_tinylora,,,,0.986911413303302,0.0,65.61144032971612,0.9787349345637303
943_a-green-drink-in-a-glass-is-next-to-a-bottle-of-alcohol_FVD-577.6_PSNR-34.363_SSIM-0.957_LPIPS-0.040_FID-84.0_tinylora,,,,0.9964452049516388,0.0,72.58648839490166,0.9974580687635085
944_a-person-is-cutting-an-onion-into-half-on-a-wooden-chopping-board_FVD-720.6_PSNR-18.604_SSIM-0.817_LPIPS-0.197_FID-78.4_tinylora,,,,0.9858616674166997,1.0,73.60825058509563,0.9777302910299862
945_a-hand-pressing-a-button-on-a-cell-phone_FVD-527.3_PSNR-14.199_SSIM-0.795_LPIPS-0.133_FID-82.0_tinylora,,,,0.9945196705485079,1.0,56.774365918389684,0.9860719026303759
946_an-ornate-building-with-a-balcony-and-couches_FVD-485.5_PSNR-14.084_SSIM-0.413_LPIPS-0.296_FID-78.7_tinylora,,,,0.9877105913813176,1.0,74.30229292244746,0.961033592972101
947_a-close-up-of-a-plant-that-is-growing-on-a-branch_FVD-602.6_PSNR-24.694_SSIM-0.704_LPIPS-0.290_FID-83.8_tinylora,,,,0.9955373361617617,0.0,60.36603019977438,0.9953582548627666
948_a-computer-screen-with-a-message-that-says-updating-minecraft_FVD-512.3_PSNR-6.398_SSIM-0.388_LPIPS-0.787_FID-81.8_tinylora,,,,0.9442874229018531,1.0,70.45091405408135,0.9511165207507564
949_the-person-is-standing-on-a-rocky-shore-holding-a-large-fish-in-their-hands-and_FVD-485.5_PSNR-16.966_SSIM-0.492_LPIPS-0.525_FID-78.7_tinylora,,,,0.9863113951510091,1.0,55.79193851865571,0.9662996067720301
94_the-speaker-is-standing-in-front-of-a-large-parking-lot-filled-with-cars-and-tal_FVD-620.8_PSNR-6.775_SSIM-0.235_LPIPS-0.764_FID-72.4_tinylora,,,,0.9839852061617916,0.0,56.34537453487002,0.9789474057216271
950_there-is-a-beautiful-view-of-a-body-of-water-surrounded-by-lush-green-trees-and_FVD-620.8_PSNR-7.565_SSIM-0.160_LPIPS-0.778_FID-72.4_tinylora,,,,0.9932594974087391,0.0,71.93484233987742,0.9833554454878265
951_a-picture-of-a-knife-with-the-words-upswept-point-form_FVD-527.3_PSNR-31.581_SSIM-0.913_LPIPS-0.042_FID-82.0_tinylora,,,,0.9947216589961305,0.0,77.25100313383957,0.9910078142203537
952_a-close-up-of-the-wheel-of-a-motorcycle_FVD-512.3_PSNR-26.016_SSIM-0.893_LPIPS-0.048_FID-81.8_tinylora,,,,0.9960497540696299,0.0,76.9148204408843,0.9945577172672048
953_a-man-wearing-a-blindfold-playing-in-a-bubble-ball-game_FVD-577.6_PSNR-13.405_SSIM-0.329_LPIPS-0.659_FID-84.0_tinylora,,,,0.9764013881126703,1.0,53.85222678348936,0.964446553996965
954_a-tv-screen-with-a-news-report-on-it_FVD-664.7_PSNR-20.715_SSIM-0.824_LPIPS-0.161_FID-76.8_tinylora,,,,0.9939130063750928,1.0,66.95910170982624,0.986449364119885
955_a-group-of-kittens-are-playing-together-in-a-basket_FVD-527.3_PSNR-21.957_SSIM-0.815_LPIPS-0.173_FID-82.0_tinylora,,,,0.9936132854584142,1.0,66.6928061123552,0.9795617664561552
956_a-pair-of-scissors-sitting-on-top-of-a-blanket_FVD-453.3_PSNR-17.630_SSIM-0.806_LPIPS-0.175_FID-74.0_tinylora,,,,0.9779827672922802,1.0,50.58561732851226,0.9724084536234537
957_the-player-is-playing-a-first-person-shooter-game-in-an-urban-environment_FVD-720.6_PSNR-18.106_SSIM-0.613_LPIPS-0.313_FID-78.4_tinylora,,,,0.9875628133865726,1.0,59.57409010262325,0.9762378131642061
958_a-truck-that-has-crashed-into-a-tree-at-night_FVD-577.6_PSNR-20.690_SSIM-0.735_LPIPS-0.197_FID-84.0_tinylora,,,,0.9831536614044656,1.0,35.892544516201674,0.9775290713590734
959_a-woman-is-sitting-at-a-desk-with-a-microphone-in-front-of-her_FVD-512.3_PSNR-14.221_SSIM-0.622_LPIPS-0.498_FID-81.8_tinylora,,,,0.9658754167732798,1.0,41.473679115032326,0.9469195795994179
95_the-interior-of-a-futuristic-car-with-a-screen-on-the-dashboard_FVD-720.6_PSNR-4.667_SSIM-0.393_LPIPS-0.773_FID-78.4_tinylora,,,,0.9738418977366587,0.0,56.57999762173357,0.9641691694072648
960_a-kitchen-counter-with-ingredients-and-a-book-on-it_FVD-578.5_PSNR-17.922_SSIM-0.618_LPIPS-0.278_FID-84.0_tinylora,,,,0.9912056260137603,1.0,75.35601543558055,0.9778405769198548
961_the-player-is-playing-an-online-multiplayer-first-person-shooter-game_FVD-602.6_PSNR-21.664_SSIM-0.817_LPIPS-0.097_FID-83.8_tinylora,,,,0.9924400401520117,0.0,73.52076642266636,0.9892238177505194
962_a-man-sitting-on-the-bleachers-at-an-empty-stadium_FVD-720.6_PSNR-18.435_SSIM-0.723_LPIPS-0.189_FID-78.4_tinylora,,,,0.9788799336174107,1.0,75.97054106613686,0.9566743626314052
963_a-man-is-fishing-from-a-boat-on-a-river-near-a-bridge_FVD-620.8_PSNR-13.813_SSIM-0.538_LPIPS-0.431_FID-72.4_tinylora,,,,0.9842541280334249,0.0,59.923193043675916,0.9736043125975365
964_a-close-up-of-a-metal-gear-on-a-car_FVD-527.3_PSNR-13.233_SSIM-0.645_LPIPS-0.390_FID-82.0_tinylora,,,,0.9821259231857807,1.0,74.37325839338631,0.9757942685893938
965_a-video-game-car-driving-down-a-road_FVD-527.3_PSNR-15.516_SSIM-0.815_LPIPS-0.299_FID-82.0_tinylora,,,,0.9897634976466548,1.0,74.84242722083782,0.9841747396132525
966_a-girl-is-standing-in-front-of-a-horse-stable-and-opening-the-door-with-a-key_FVD-578.5_PSNR-15.617_SSIM-0.385_LPIPS-0.379_FID-84.0_tinylora,,,,0.9749829194498313,1.0,60.85671247284988,0.9045824911080155
967_a-man-in-a-suit-and-tie-standing-at-a-podium-next-to-a-man-in-a-suit-and-tie_FVD-527.3_PSNR-21.034_SSIM-0.811_LPIPS-0.119_FID-82.0_tinylora,,,,0.994547937297248,1.0,69.10941104231209,0.989732063517851
968_the-person-is-in-a-hotel-room-and-there-are-various-items-on-the-table-including_FVD-527.3_PSNR-20.722_SSIM-0.740_LPIPS-0.168_FID-82.0_tinylora,,,,0.9933102995137693,0.0,72.0018960360823,0.990777520572438
969_the-seattle-sounders-logo-on-a-green-background_FVD-527.3_PSNR-20.076_SSIM-0.804_LPIPS-0.145_FID-82.0_tinylora,,,,0.9856734065821842,1.0,72.2672198065396,0.9797639734604779
96_a-person-holding-a-bunch-of-small-plastic-animals_FVD-664.7_PSNR-18.281_SSIM-0.760_LPIPS-0.586_FID-76.8_tinylora,,,,0.994088044839998,0.0,53.722619418440196,0.991149154363894
970_a-painting-of-a-castle-on-top-of-a-hill_FVD-578.5_PSNR-36.482_SSIM-0.933_LPIPS-0.031_FID-84.0_tinylora,,,,0.9956679471000474,0.0,75.75135461215315,0.9961306361591115
971_a-long-table-is-topped-with-white-bags-of-food-items_FVD-527.3_PSNR-28.833_SSIM-0.931_LPIPS-0.033_FID-82.0_tinylora,,,,0.9959933253149017,0.0,76.88261413574219,0.996223675737194
972_two-women-in-aprons-standing-in-a-kitchen_FVD-577.6_PSNR-22.669_SSIM-0.786_LPIPS-0.090_FID-84.0_tinylora,,,,0.9786096295155349,0.0,75.93710116682381,0.9794885317484537
973_an-office-with-a-desk-computer-and-pictures-of-animals-on-the-wall_FVD-577.6_PSNR-24.155_SSIM-0.821_LPIPS-0.104_FID-84.0_tinylora,,,,0.9954733144927308,0.0,74.48930385194976,0.9917119072932823
974_a-man-holding-two-surfboards-in-a-store_FVD-512.3_PSNR-11.211_SSIM-0.462_LPIPS-0.700_FID-81.8_tinylora,,,,0.9768307690998408,1.0,66.3107629973313,0.9676574407839308
975_there-is-an-electrical-setup-in-a-basement-with-wires-batteries-and-solar-panels_FVD-664.7_PSNR-29.344_SSIM-0.929_LPIPS-0.224_FID-76.8_tinylora,,,,0.9945069136762611,0.0,40.43549314038507,0.9931562269435209
976_a-man-and-a-woman-in-black-suits-are-standing-in-front-of-a-television_FVD-720.6_PSNR-23.060_SSIM-0.885_LPIPS-0.055_FID-78.4_tinylora,,,,0.9930557839789227,0.0,78.16880956189385,0.9919948231940175
977_person-is-cooking-fish-in-a-skillet-on-an-outdoor-grill_FVD-577.6_PSNR-31.028_SSIM-0.948_LPIPS-0.049_FID-84.0_tinylora,,,,0.9938532202410878,0.0,71.66249189705684,0.9935365784401987
978_a-red-background-with-the-words-chicken-chicken-broth-fish-sauce-soy-sauce-water_FVD-602.6_PSNR-16.504_SSIM-0.790_LPIPS-0.035_FID-83.8_tinylora,,,,0.9934285342074864,0.0,73.57078473321323,0.9884099156248803
979_a-computer-screen-showing-a-powerpoint-presentation_FVD-485.5_PSNR-28.978_SSIM-0.931_LPIPS-0.031_FID-78.7_tinylora,,,,0.9956562283032871,0.0,67.29519521779028,0.9965508033247555
97_a-man-wearing-a-white-t-shirt-and-a-baseball-cap-is-standing-on-a-patio-and-hold_FVD-602.6_PSNR-15.345_SSIM-0.479_LPIPS-0.120_FID-83.8_tinylora,,,,0.9802524057165601,0.0,78.17335589178677,0.9632288577509861
980_two-people-a-man-and-a-woman-are-sitting-at-a-bar-counter-with-a-bottle-of-nyqui_FVD-453.3_PSNR-18.404_SSIM-0.852_LPIPS-0.066_FID-74.0_tinylora,,,,0.9933321154650429,1.0,74.01420540645205,0.9886826393651027
981_the-player-is-playing-a-video-game-called-champions-guild-on-a-computer-screen_FVD-577.6_PSNR-27.804_SSIM-0.929_LPIPS-0.043_FID-84.0_tinylora,,,,0.9954283679283679,0.0,71.30788395322602,0.9953716086406333
982_a-close-up-of-a-pile-of-dirt-on-the-ground_FVD-453.3_PSNR-29.576_SSIM-0.904_LPIPS-0.018_FID-74.0_tinylora,,,,0.9941981652436616,0.0,74.05194617962015,0.9947283529767803
983_a-young-man-in-a-red-shirt-is-preparing-food-in-a-green-bowl-in-a-kitchen_FVD-578.5_PSNR-18.071_SSIM-0.596_LPIPS-0.189_FID-84.0_tinylora,,,,0.9913785324493045,0.0,68.03398750568259,0.9805590760474111
984_a-3d-rendering-of-the-letter-f-on-a-black-background_FVD-527.3_PSNR-21.874_SSIM-0.487_LPIPS-0.322_FID-82.0_tinylora,,,,0.9642695890455542,1.0,69.96296415657832,0.9441635431027879
985_a-large-truck-is-driving-on-the-highway-with-a-trailer-attached-to-it_FVD-512.3_PSNR-15.637_SSIM-0.591_LPIPS-0.478_FID-81.8_tinylora,,,,0.9893527732607467,0.0,49.24872615419585,0.9860366652993595
986_a-no-bull-sign-in-front-of-a-cloudy-sky_FVD-602.6_PSNR-4.688_SSIM-0.343_LPIPS-0.807_FID-83.8_tinylora,,,,0.9766735296549176,0.0,58.864878687365305,0.9650437785129921
987_a-picture-of-two-lego-figures-in-a-dark-room_FVD-577.6_PSNR-11.410_SSIM-0.406_LPIPS-0.629_FID-84.0_tinylora,,,,0.9694501529244176,1.0,65.98805302587049,0.9571755315743241
988_a-colorful-crocheted-rug-sitting-on-top-of-a-wooden-floor_FVD-620.8_PSNR-14.595_SSIM-0.406_LPIPS-0.342_FID-72.4_tinylora,,,,0.9835722111026569,0.0,69.29412605022561,0.975262357674393
989_it-is-a-video-of-lewis-hamilton-driving-in-an-f1-simulator-at-silverstone-with-t_FVD-602.6_PSNR-8.817_SSIM-0.317_LPIPS-0.705_FID-83.8_tinylora,,,,0.9810483290538438,1.0,71.32444921033135,0.9686620169994877
98_the-words-home-workshop-makeover-tour-are-written-on-a-white-background_FVD-720.6_PSNR-44.542_SSIM-0.999_LPIPS-0.001_FID-78.4_tinylora,,,,0.9949306072255292,0.0,59.30357387148101,0.9976074985429353
990_a-large-room-full-of-people-sitting-at-desks_FVD-485.5_PSNR-14.255_SSIM-0.582_LPIPS-0.219_FID-78.7_tinylora,,,,0.9860573691950071,1.0,49.92431088151603,0.9238310795204312
991_a-man-is-kneeling-on-the-floor-looking-at-a-laptop-with-a-little-boy-sitting-on_FVD-620.8_PSNR-13.613_SSIM-0.527_LPIPS-0.389_FID-72.4_tinylora,,,,0.9826587883751257,1.0,46.3551359505489,0.9561258540433996
992_a-man-in-a-brown-jacket-standing-in-front-of-a-booth_FVD-453.3_PSNR-9.010_SSIM-0.314_LPIPS-0.632_FID-74.0_tinylora,,,,0.9083410125201257,1.0,50.51684017839103,0.8916436962052887
993_a-video-game-screen-showing-a-character_FVD-485.5_PSNR-9.288_SSIM-0.579_LPIPS-0.440_FID-78.7_tinylora,,,,0.9926345034875595,0.0,43.173712960604966,0.9886814706465777
994_there-are-small-green-plants-growing-in-the-ground-and-there-are-also-some-leave_FVD-602.6_PSNR-16.367_SSIM-0.171_LPIPS-0.216_FID-83.8_tinylora,,,,0.9800733751032464,1.0,74.34003053862473,0.9510714624442306
995_two-women-standing-next-to-a-pillow-on-a-table_FVD-512.3_PSNR-8.601_SSIM-0.489_LPIPS-0.728_FID-81.8_tinylora,,,,0.9771652475426603,1.0,56.82451721717571,0.9709037163678338
996_a-close-up-of-a-metal-bowl-filled-with-coins_FVD-720.6_PSNR-17.166_SSIM-0.616_LPIPS-0.325_FID-78.4_tinylora,,,,0.9817802681302222,1.0,69.70424047009698,0.9741028523912617
997_it-is-a-screenshot-of-a-website-with-text-and-images_FVD-578.5_PSNR-22.724_SSIM-0.828_LPIPS-0.235_FID-84.0_tinylora,,,,0.9837905663066508,0.0,72.56399667674097,0.9833804018357221
998_two-police-officers-are-wearing-masks-and-standing-outside-the-white-house_FVD-620.8_PSNR-9.320_SSIM-0.386_LPIPS-0.747_FID-72.4_tinylora,,,,0.9726221973832269,1.0,73.0037218291184,0.9752927873648849
999_a-metal-case-with-a-sticker-on-it_FVD-578.5_PSNR-20.869_SSIM-0.821_LPIPS-0.057_FID-84.0_tinylora,,,,0.9884202852481804,1.0,66.02315652781519,0.9378232432346718
99_a-white-suv-with-a-lot-of-smoke-coming-out-of-it_FVD-453.3_PSNR-30.141_SSIM-0.955_LPIPS-0.021_FID-74.0_tinylora,,,,0.9956928599765227,0.0,69.56648859484443,0.9951625478033926
9_a-person-holding-a-piece-of-paper-with-squares-on-it_FVD-602.6_PSNR-7.120_SSIM-0.465_LPIPS-0.655_FID-83.8_tinylora,,,,0.956871092253675,1.0,72.96792773542732,0.9489327299828623
panda_0000_tinylora,0.8968487328716687,0.9492274693080357,0.4850187301635742,,,,
panda_0001_tinylora,0.9268744470817702,0.9580252511160714,0.536233127117157,,,,
panda_0002_tinylora,0.8214271047285625,0.8923775809151786,0.4292739927768707,,,,
panda_0003_tinylora,0.8496004263205188,0.9235142299107143,0.3522459864616394,,,,
panda_0004_tinylora,0.9901607536843845,0.93084716796875,0.10333738476037979,,,,
panda_0005_tinylora,0.9524971353156226,0.9417724609375,0.5199427008628845,,,,
panda_0006_tinylora,0.8790739780025822,0.920166015625,0.39158427715301514,,,,
panda_0007_tinylora,0.9707610639078277,0.9657244001116071,0.500114917755127,,,,
panda_0008_tinylora,0.9936342441609928,0.9783150809151786,0.5431427955627441,,,,
panda_0009_tinylora,0.8542388704206262,0.8210688999720982,0.2894267439842224,,,,
panda_0010_tinylora,0.7670426650771073,0.8281511579241071,0.4720555245876312,,,,
panda_0011_tinylora,0.8709383415324348,0.9170445033482143,0.4211834967136383,,,,
panda_0012_tinylora,0.9659164239253316,0.9617919921875,0.5448155999183655,,,,
panda_0013_tinylora,0.979436534856047,0.9745309012276786,0.2612515687942505,,,,
panda_0014_tinylora,0.9690079039760998,0.9564557756696429,0.40980368852615356,,,,
panda_0015_tinylora,0.9776679330638477,0.9899640764508929,0.5105790495872498,,,,
panda_0016_tinylora,0.9736806164894786,0.9456787109375,0.3960537612438202,,,,
panda_0017_tinylora,0.9868956399815423,0.9725864955357143,0.3336124122142792,,,,
panda_0018_tinylora,0.9816355790410723,0.9646257672991071,0.3849916160106659,,,,
panda_0019_tinylora,0.981785057910851,0.9542410714285714,0.5563995838165283,,,,
panda_0020_tinylora,0.8252252978937966,0.905517578125,0.43245750665664673,,,,
panda_0021_tinylora,0.8016508972006184,0.8743896484375,0.5542032718658447,,,,
panda_0022_tinylora,0.7356573894087758,0.8155430385044643,0.40806639194488525,,,,
panda_0023_tinylora,0.7955141655568566,0.821136474609375,0.30309614539146423,,,,
panda_0024_tinylora,0.8620685030307088,0.7873971121651786,0.38861119747161865,,,,
panda_0025_tinylora,0.8609031555908067,0.9114903041294643,0.3652132749557495,,,,
panda_0026_tinylora,0.82679044721382,0.8666643415178571,0.3862324357032776,,,,
panda_0027_tinylora,0.9302380095635142,0.9585745675223214,0.49080705642700195,,,,
panda_0028_tinylora,0.8640074761850494,0.872833251953125,0.2892659902572632,,,,
panda_0029_tinylora,0.9864353026662555,0.9806169782366071,0.5031190514564514,,,,
panda_0030_tinylora,0.9619263293487685,0.9734235491071429,0.4191353917121887,,,,
panda_0031_tinylora,0.8920606960143361,0.9690726143973214,0.1743984818458557,,,,
panda_0032_tinylora,0.977472570325647,0.9714181082589286,0.6334661841392517,,,,
panda_0033_tinylora,0.5826943317162139,0.728607177734375,0.29354119300842285,,,,
panda_0034_tinylora,0.9954537515129361,0.99102783203125,0.22245380282402039,,,,
panda_0035_tinylora,0.7949802652001381,0.805145263671875,0.3573134243488312,,,,
panda_0036_tinylora,0.9926195453320231,0.9876796177455357,0.4344567358493805,,,,
panda_0037_tinylora,0.788089498345341,0.8656180245535714,0.3252161145210266,,,,
panda_0038_tinylora,0.9630063101649284,0.9439261300223214,0.5105927586555481,,,,
panda_0039_tinylora,0.7763481714895794,0.8689400809151786,0.28621089458465576,,,,
panda_0040_tinylora,0.8498767220548221,0.8292672293526786,0.2548235058784485,,,,
panda_0041_tinylora,0.8803274439913886,0.92913818359375,0.38568875193595886,,,,
panda_0042_tinylora,0.982744614992823,0.9803466796875,0.35460323095321655,,,,
panda_0043_tinylora,0.7532021578933511,0.8909563337053571,0.43424928188323975,,,,
panda_0044_tinylora,0.9485546893307141,0.9607282366071429,0.4523026645183563,,,,
panda_0045_tinylora,0.946986219712666,0.9578508649553571,0.4324934184551239,,,,
panda_0046_tinylora,0.9132725756083216,0.9470999581473214,0.5393437743186951,,,,
panda_0047_tinylora,0.8836723033870969,0.9158150809151786,0.45332223176956177,,,,
panda_0048_tinylora,0.9649443658334869,0.9698311941964286,0.6070340871810913,,,,
panda_0049_tinylora,0.9735591124211039,0.9709298270089286,0.26990070939064026,,,,
panda_0050_tinylora,0.824590194438185,0.802154541015625,0.3723723888397217,,,,
panda_0051_tinylora,0.9868138240916389,0.9748186383928571,0.6857823133468628,,,,
panda_0052_tinylora,0.8323901316949299,0.8864658900669643,0.2777246832847595,,,,
panda_0053_tinylora,0.9580018530998912,0.9700578962053571,0.351766973733902,,,,
panda_0054_tinylora,0.8437707668968609,0.9090837751116071,0.43639031052589417,,,,
panda_0055_tinylora,0.8602996223739215,0.8344900948660714,0.4284878671169281,,,,
panda_0056_tinylora,0.9782974272966385,0.9637538364955357,0.3353361487388611,,,,
panda_0057_tinylora,0.9392005630901882,0.960693359375,0.4168922007083893,,,,
panda_0058_tinylora,0.9668742737599781,0.9652361188616071,0.4000227749347687,,,,
panda_0059_tinylora,0.9290593468717167,0.9479195731026786,0.5192181468009949,,,,
panda_0060_tinylora,0.9778790612305913,0.9886387416294643,0.478839248418808,,,,
panda_0061_tinylora,0.7944711021014622,0.8609619140625,0.17313264310359955,,,,
panda_0062_tinylora,0.7838032905544553,0.8335963657924107,0.43838435411453247,,,,
panda_0063_tinylora,0.9483053343636649,0.9264003208705357,0.4268876314163208,,,,
panda_0064_tinylora,0.9427093682544572,0.9576154436383929,0.4705941081047058,,,,
panda_0065_tinylora,0.8507104947098664,0.9332624162946429,0.5047170519828796,,,,
panda_0066_tinylora,0.9948024121778352,0.9904697963169643,0.2972560524940491,,,,
panda_0067_tinylora,0.9758058307426316,0.9647391183035714,0.46166563034057617,,,,
panda_0068_tinylora,0.666752255920853,0.8364693777901786,0.29977476596832275,,,,
panda_0069_tinylora,0.970231257379055,0.9669015066964286,0.574707567691803,,,,
panda_0070_tinylora,0.8187724011284965,0.8832048688616071,0.4045206308364868,,,,
panda_0071_tinylora,0.9845604662384305,0.9678867885044643,0.2491002231836319,,,,
panda_0072_tinylora,0.9900724600468364,0.9865984235491071,0.6101909875869751,,,,
panda_0073_tinylora,0.9070415209446635,0.9003993443080357,0.38477811217308044,,,,
panda_0074_tinylora,0.6964739922966275,0.6533203125,0.4292971193790436,,,,
panda_0075_tinylora,0.9546080508402416,0.8973911830357143,0.5914083123207092,,,,
panda_0076_tinylora,0.9139024700437274,0.9575980050223214,0.36930644512176514,,,,
panda_0077_tinylora,0.6686474541202188,0.7784554617745536,0.3372216820716858,,,,
panda_0078_tinylora,0.9757502377033234,0.9502127511160714,0.46859660744667053,,,,
panda_0079_tinylora,0.9536529321755681,0.9040352957589286,0.4547004699707031,,,,
panda_0080_tinylora,0.9859333197985377,0.9809047154017857,0.4132441282272339,,,,
panda_0081_tinylora,0.9943048475044114,0.9863106863839286,0.5143783092498779,,,,
panda_0082_tinylora,0.9010188398616654,0.9735543387276786,0.41652947664260864,,,,
panda_0083_tinylora,0.9810962900519371,0.9614955357142857,0.49005913734436035,,,,
panda_0084_tinylora,0.7128642542021615,0.8858380998883929,0.28763678669929504,,,,
panda_0085_tinylora,0.8208463803998062,0.8625226702008929,0.32803747057914734,,,,
panda_0086_tinylora,0.953602023422718,0.9641200474330357,0.4011254906654358,,,,
panda_0087_tinylora,0.8851336506860596,0.9260166713169643,0.23172175884246826,,,,
panda_0088_tinylora,0.9560923938240323,0.9621756417410714,0.47675371170043945,,,,
panda_0089_tinylora,0.976545434977327,0.9787946428571429,0.30274131894111633,,,,
panda_0090_tinylora,0.9290302002004215,0.9537091936383929,0.4044737219810486,,,,
panda_0091_tinylora,0.8882908342140061,0.9387991768973214,0.36654576659202576,,,,
panda_0092_tinylora,0.8781174117965358,0.8621085030691964,0.4705854654312134,,,,
panda_0093_tinylora,0.9174334853887558,0.90618896484375,0.31151023507118225,,,,
panda_0094_tinylora,0.7998632778014455,0.8900669642857143,0.34095388650894165,,,,
panda_0095_tinylora,0.8927561417222023,0.9572579520089286,0.2796751856803894,,,,
panda_0096_tinylora,0.7947230767458677,0.9104701450892857,0.38731318712234497,,,,
panda_0097_tinylora,0.9739765067185674,0.97314453125,0.3805599510669708,,,,
panda_0098_tinylora,0.9827496781945229,0.97723388671875,0.19198240339756012,,,,
panda_0099_tinylora,0.9884673495377813,0.9784981863839286,0.3731914162635803,,,,
panda_0100_tinylora,0.7745994797774723,0.9334280831473214,0.3392791152000427,,,,
panda_0101_tinylora,0.8435218145272562,0.9186619349888393,0.415520042181015,,,,
panda_0102_tinylora,0.9221143509660449,0.9375,0.3846531808376312,,,,
panda_0103_tinylora,0.8717040712279933,0.9287894112723214,0.2503749430179596,,,,
panda_0104_tinylora,0.8384822010993958,0.9228428431919643,0.4495779275894165,,,,
panda_0105_tinylora,0.9813300977860179,0.9774867466517857,0.4442058503627777,,,,
panda_0106_tinylora,0.8492890170642308,0.8872331891741071,0.21565815806388855,,,,
panda_0107_tinylora,0.9654352143406868,0.9731358119419643,0.3918518126010895,,,,
panda_0108_tinylora,0.8731179535388947,0.8027518136160714,0.2383645474910736,,,,
panda_0109_tinylora,0.7846182643302849,0.8819405691964286,0.4313386380672455,,,,
panda_0110_tinylora,0.8816748155014855,0.8953508649553571,0.389313280582428,,,,
panda_0111_tinylora,0.8384294137358665,0.9075753348214286,0.4919685423374176,,,,
panda_0112_tinylora,0.9552955670016152,0.9683401925223214,0.2557736933231354,,,,
panda_0113_tinylora,0.9647602268627712,0.9424089704241071,0.5310949087142944,,,,
panda_0114_tinylora,0.9771502518228122,0.9692034040178571,0.419908732175827,,,,
panda_0115_tinylora,0.855842045375279,0.9310302734375,0.27951982617378235,,,,
panda_0116_tinylora,0.9569819707955632,0.9145159040178571,0.21009688079357147,,,,
panda_0117_tinylora,0.9087074888604028,0.9292515345982143,0.4416689872741699,,,,
panda_0118_tinylora,0.8840923767004695,0.94366455078125,0.39621254801750183,,,,
panda_0119_tinylora,0.8502239105956895,0.8906075613839286,0.30263999104499817,,,,
panda_0120_tinylora,0.995771239910807,0.9923095703125,0.4335813820362091,,,,
panda_0121_tinylora,0.9584429040551186,0.9456961495535714,0.32330355048179626,,,,
panda_0122_tinylora,0.9636946501476424,0.9758213588169643,0.47468823194503784,,,,
panda_0123_tinylora,0.9965219550899097,0.9910888671875,0.4454323947429657,,,,
panda_0124_tinylora,0.9253056070634297,0.9499337332589286,0.37819382548332214,,,,
panda_0125_tinylora,0.9805761895009449,0.97552490234375,0.5860427021980286,,,,
panda_0126_tinylora,0.7739620107625212,0.9028756277901786,0.24992635846138,,,,
panda_0127_tinylora,0.841616518263306,0.8958914620535714,0.2914377748966217,,,,
panda_0128_tinylora,0.9263600707054138,0.9374040876116071,0.3668937087059021,,,,
panda_0129_tinylora,0.9111029569591794,0.9525146484375,0.329104483127594,,,,
panda_0130_tinylora,0.9952111073902675,0.9869035993303571,0.34387925267219543,,,,
panda_0131_tinylora,0.9940287992358208,0.9784371512276786,0.2992064952850342,,,,
panda_0132_tinylora,0.9521778928382056,0.81964111328125,0.04717826098203659,,,,
panda_0133_tinylora,0.9379733109048435,0.9024396623883929,0.20815320312976837,,,,
panda_0134_tinylora,0.836208239197731,0.7943899972098214,0.345079630613327,,,,
panda_0135_tinylora,0.8398210369050503,0.87115478515625,0.3062339723110199,,,,
panda_0136_tinylora,0.828953702534948,0.9158761160714286,0.5205324292182922,,,,
panda_0137_tinylora,0.8568129135029656,0.8840157645089286,0.2558232843875885,,,,
panda_0138_tinylora,0.9949454601321902,0.9822736467633929,0.5296328067779541,,,,
panda_0139_tinylora,0.9748198485800198,0.9699271065848214,0.5884289741516113,,,,
panda_0140_tinylora,0.9925942931856427,0.9856131417410714,0.6154935359954834,,,,
panda_0141_tinylora,0.9411497531192643,0.9654976981026786,0.4314674735069275,,,,
panda_0142_tinylora,0.8918730020523071,0.86260986328125,0.3981613516807556,,,,
panda_0143_tinylora,0.8528339745742934,0.8761509486607143,0.3773985505104065,,,,
panda_0144_tinylora,0.9824044417057719,0.9687674386160714,0.14877894520759583,,,,
panda_0145_tinylora,0.9097549308623586,0.9479544503348214,0.38929614424705505,,,,
panda_0146_tinylora,0.8368502418909755,0.8928789411272321,0.13215139508247375,,,,
panda_0147_tinylora,0.9206539637276104,0.9485124860491071,0.2942422032356262,,,,
panda_0148_tinylora,0.8540219930665833,0.8920811244419643,0.37186622619628906,,,,
panda_0149_tinylora,0.9938377950872693,0.9918038504464286,0.10533993691205978,,,,
panda_0150_tinylora,0.8395079709589481,0.8546186174665179,0.3665425181388855,,,,
panda_0151_tinylora,0.934056471501078,0.9219098772321429,0.4166420102119446,,,,
panda_0152_tinylora,0.8570172142769609,0.9053780691964286,0.5241999626159668,,,,
panda_0153_tinylora,0.9861951300076076,0.9787946428571429,0.5032538175582886,,,,
panda_0154_tinylora,0.968314525272165,0.9272024972098214,0.5135846138000488,,,,
panda_0155_tinylora,0.9715750685759953,0.9626813616071429,0.3183441758155823,,,,
panda_0156_tinylora,0.9477449910981315,0.9203752790178571,0.4767334461212158,,,,
panda_0157_tinylora,0.8214545888560159,0.8434971400669643,0.2537643313407898,,,,
panda_0158_tinylora,0.9772728915725436,0.97882080078125,0.2138364613056183,,,,
panda_0159_tinylora,0.8870806555662837,0.9093976702008929,0.3290463387966156,,,,
panda_0160_tinylora,0.8358267747930118,0.9228254045758929,0.4696042239665985,,,,
panda_0161_tinylora,0.9927544295787811,0.9830758231026786,0.3286466598510742,,,,
panda_0162_tinylora,0.9790898678558213,0.9564732142857143,0.4566075801849365,,,,
panda_0163_tinylora,0.9169497010963303,0.9398629324776786,0.3660416305065155,,,,
panda_0164_tinylora,0.7532120932425771,0.8755318777901786,0.28990408778190613,,,,
panda_0165_tinylora,0.9510958652411189,0.94378662109375,0.350866436958313,,,,
panda_0166_tinylora,0.9438681581190654,0.8866228376116071,0.2690705358982086,,,,
panda_0167_tinylora,0.7848998973412173,0.9441266741071429,0.434065580368042,,,,
panda_0168_tinylora,0.913097837141582,0.9164951869419643,0.45057642459869385,,,,
panda_0169_tinylora,0.9845983375396047,0.9543718610491071,0.431670218706131,,,,
panda_0170_tinylora,0.9670920414584023,0.9464547293526786,0.45002925395965576,,,,
panda_0171_tinylora,0.9533345741885049,0.9564121791294643,0.4317683279514313,,,,
panda_0172_tinylora,0.8697824100298541,0.9384416852678571,0.38887959718704224,,,,
panda_0173_tinylora,0.963705952678408,0.9534563337053571,0.39911624789237976,,,,
panda_0174_tinylora,0.9833547760333333,0.9840523856026786,0.4193083643913269,,,,
panda_0175_tinylora,0.7600680661520788,0.8936680385044643,0.23875315487384796,,,,
panda_0176_tinylora,0.9851866247398513,0.9752633231026786,0.5125001668930054,,,,
panda_0177_tinylora,0.8005707221371787,0.8838675362723214,0.4101581573486328,,,,
panda_0178_tinylora,0.8213369843683073,0.8418971470424107,0.47961148619651794,,,,
panda_0179_tinylora,0.9888009492840085,0.9913504464285714,0.35765209794044495,,,,
panda_0180_tinylora,0.9768370347363609,0.9786289760044643,0.4899609684944153,,,,
panda_0181_tinylora,0.8363147127841201,0.9139491489955357,0.2700052559375763,,,,
panda_0182_tinylora,0.7701139034969466,0.9022565569196429,0.31396201252937317,,,,
panda_0183_tinylora,0.9222963462982859,0.9255458286830357,0.5031736493110657,,,,
panda_0184_tinylora,0.9947168241654124,0.9838779994419643,0.42630043625831604,,,,
panda_0185_tinylora,0.9455983574901309,0.971435546875,0.45059001445770264,,,,
panda_0186_tinylora,0.8409445078245231,0.9076363699776786,0.3846849203109741,,,,
panda_0187_tinylora,0.9718557383332934,0.9709734235491071,0.4032215178012848,,,,
panda_0188_tinylora,0.7989029442625386,0.9172450474330357,0.22481447458267212,,,,
panda_0189_tinylora,0.9966589914900916,0.9910539899553571,0.36256250739097595,,,,
panda_0190_tinylora,0.9556490491543498,0.9736415318080357,0.37422817945480347,,,,
panda_0191_tinylora,0.9660001375845501,0.9303676060267857,0.31244969367980957,,,,
panda_0192_tinylora,0.9855273227606501,0.96783447265625,0.3454608619213104,,,,
panda_0193_tinylora,0.9821526142103332,0.9743129185267857,0.47711181640625,,,,
panda_0194_tinylora,0.991758260343756,0.9866856166294643,0.5305272340774536,,,,
panda_0195_tinylora,0.6758222643818174,0.7133396693638393,0.32597866654396057,,,,
panda_0196_tinylora,0.958897909947804,0.96014404296875,0.29608699679374695,,,,
panda_0197_tinylora,0.842492858746222,0.8303440638950893,0.21589194238185883,,,,
panda_0198_tinylora,0.9537629272256579,0.9653581891741071,0.4173155725002289,,,,
panda_0199_tinylora,0.9655246564320156,0.9728742327008929,0.38409411907196045,,,,
panda_0200_tinylora,0.8664365325655256,0.9381626674107143,0.2656100392341614,,,,
panda_0201_tinylora,0.6623780812535968,0.7514822823660714,0.24367976188659668,,,,
panda_0202_tinylora,0.7388911018414157,0.7948434012276786,0.5186367630958557,,,,
panda_0203_tinylora,0.936920739710331,0.9242117745535714,0.5225285887718201,,,,
panda_0204_tinylora,0.6167928895780018,0.80255126953125,0.35167640447616577,,,,
panda_0205_tinylora,0.9531685316136905,0.9612513950892857,0.39220374822616577,,,,
panda_0206_tinylora,0.9009524626391274,0.8573957170758929,0.41537919640541077,,,,
panda_0207_tinylora,0.9496472467269216,0.9487043108258929,0.34331104159355164,,,,
panda_0208_tinylora,0.9895231404474804,0.9887259347098214,0.3745878040790558,,,,
panda_0209_tinylora,0.8327675145119429,0.9078369140625,0.23502683639526367,,,,
panda_0210_tinylora,0.9710612861173493,0.97900390625,0.40260401368141174,,,,
panda_0211_tinylora,0.9462403559259006,0.9349714006696429,0.5875933170318604,,,,
panda_0212_tinylora,0.8788071317332131,0.8817400251116071,0.5029907822608948,,,,
panda_0213_tinylora,0.9315537118485996,0.97381591796875,0.3156696856021881,,,,
panda_0214_tinylora,0.7911863268486091,0.8237740652901786,0.3097808361053467,,,,
panda_0215_tinylora,0.9363558632986886,0.9184831891741071,0.2607424557209015,,,,
panda_0216_tinylora,0.9912698896867889,0.9821690150669643,0.22926916182041168,,,,
panda_0217_tinylora,0.9803248101047107,0.9795968191964286,0.42549610137939453,,,,
panda_0218_tinylora,0.9904146694711277,0.9776088169642857,0.2809058725833893,,,,
panda_0219_tinylora,0.9865449464746884,0.9801025390625,0.42694783210754395,,,,
panda_0220_tinylora,0.9932885116764477,0.9962419782366071,0.20829510688781738,,,,
panda_0221_tinylora,0.8064124573554311,0.8248857770647321,0.4412635266780853,,,,
panda_0222_tinylora,0.9669907465577126,0.9628819056919643,0.4655062258243561,,,,
panda_0223_tinylora,0.9900376349687576,0.9832066127232143,0.38973453640937805,,,,
panda_0224_tinylora,0.7623348603291171,0.8646501813616071,0.4530959129333496,,,,
panda_0225_tinylora,0.9484216485704694,0.9748099190848214,0.3141632378101349,,,,
panda_0226_tinylora,0.8164003395608493,0.83294677734375,0.27651286125183105,,,,
panda_0227_tinylora,0.9949546147670064,0.9885602678571429,0.5244184136390686,,,,
panda_0228_tinylora,0.8419827158961978,0.8736136300223214,0.4730415344238281,,,,
panda_0229_tinylora,0.7755008590008531,0.8796648297991071,0.5606689453125,,,,
panda_0230_tinylora,0.8735816734177726,0.9519740513392857,0.4534626603126526,,,,
panda_0231_tinylora,0.959847945187773,0.8992658342633929,0.3392346501350403,,,,
panda_0232_tinylora,0.9806989271725927,0.9787248883928571,0.3532238304615021,,,,
panda_0233_tinylora,0.6263660886990172,0.8449445452008929,0.38201457262039185,,,,
panda_0234_tinylora,0.9788724109530449,0.9716012137276786,0.4885745048522949,,,,
panda_0235_tinylora,0.919290121112551,0.9380580357142857,0.206192284822464,,,,
panda_0236_tinylora,0.8869385602218764,0.9287632533482143,0.5070139765739441,,,,
panda_0237_tinylora,0.7868647447654179,0.9125627790178571,0.4136510491371155,,,,
panda_0238_tinylora,0.9420273101755551,0.93017578125,0.29835668206214905,,,,
panda_0239_tinylora,0.6681173462420702,0.8242710658482143,0.4150278568267822,,,,
panda_0240_tinylora,0.9704964214137622,0.9691598074776786,0.4525773823261261,,,,
panda_0241_tinylora,0.984108644936766,0.98150634765625,0.33827269077301025,,,,
panda_0242_tinylora,0.8026169309658664,0.8858119419642857,0.42101314663887024,,,,
panda_0243_tinylora,0.9919290457453046,0.9889962332589286,0.4343949258327484,,,,
panda_0244_tinylora,0.809617895100798,0.8664507184709821,0.4203011691570282,,,,
panda_0245_tinylora,0.9377504502023969,0.88037109375,0.173427551984787,,,,
panda_0246_tinylora,0.993939720094204,0.9848720005580357,0.4484892189502716,,,,
panda_0247_tinylora,0.8406090757676533,0.7768685477120536,0.05298854410648346,,,,
panda_0248_tinylora,0.9369521492293903,0.9291207449776786,0.5298914313316345,,,,
panda_0249_tinylora,0.771437155348914,0.8723057338169643,0.4057992398738861,,,,
panda_0250_tinylora,0.8669407080326762,0.8664114815848214,0.5196654796600342,,,,
panda_0251_tinylora,0.7903785907796451,0.8534807477678571,0.22088882327079773,,,,
panda_0252_tinylora,0.8024880667882306,0.8571820940290179,0.29928746819496155,,,,
panda_0253_tinylora,0.9842440741402763,0.9930768694196429,0.2783527672290802,,,,
panda_0254_tinylora,0.9094169363379478,0.932861328125,0.2929037809371948,,,,
panda_0255_tinylora,0.9579923163567271,0.9509974888392857,0.38792237639427185,,,,
panda_0256_tinylora,0.9717486788119588,0.9530465262276786,0.5435454249382019,,,,
panda_0257_tinylora,0.8669455599571977,0.9673636300223214,0.29949307441711426,,,,
panda_0258_tinylora,0.9843157636267799,0.9795706612723214,0.5594448447227478,,,,
panda_0259_tinylora,0.9490712604352406,0.9755423409598214,0.34051504731178284,,,,
panda_0260_tinylora,0.800813120922872,0.8971906389508929,0.4080444872379303,,,,
panda_0261_tinylora,0.983339216027941,0.9896501813616071,0.5581743121147156,,,,
panda_0262_tinylora,0.7620974784450871,0.8493913922991071,0.4980252981185913,,,,
panda_0263_tinylora,0.9516068792768887,0.9570050920758929,0.253840833902359,,,,
panda_0264_tinylora,0.9763004407286644,0.953857421875,0.26514485478401184,,,,
panda_0265_tinylora,0.9805989499603,0.9657156808035714,0.6323215961456299,,,,
panda_0266_tinylora,0.6484327353537083,0.8402622767857143,0.4374012351036072,,,,
panda_0267_tinylora,0.9926855702485357,0.9877144949776786,0.5288691520690918,,,,
panda_0268_tinylora,0.8302025619362082,0.8973824637276786,0.4462691843509674,,,,
panda_0269_tinylora,0.900345792727811,0.9048025948660714,0.3325468897819519,,,,
panda_0270_tinylora,0.9169073807341712,0.9407435825892857,0.4097153842449188,,,,
panda_0271_tinylora,0.8373680450022221,0.9358694893973214,0.250401109457016,,,,
panda_0272_tinylora,0.8997298393930707,0.9303240094866071,0.4310840666294098,,,,
panda_0273_tinylora,0.9856612384319305,0.9658900669642857,0.3837606608867645,,,,
panda_0274_tinylora,0.9728970442499433,0.9552089146205357,0.43036437034606934,,,,
panda_0275_tinylora,0.9778893973146167,0.9724557059151786,0.43587297201156616,,,,
panda_0276_tinylora,0.9878897379551616,0.9484688895089286,0.49534133076667786,,,,
panda_0277_tinylora,0.8477980851062706,0.8716081891741071,0.29454001784324646,,,,
panda_0278_tinylora,0.8673967208181109,0.9152483258928571,0.4771600365638733,,,,
panda_0279_tinylora,0.9113580254571778,0.8924386160714286,0.4774131774902344,,,,
panda_0280_tinylora,0.9526089216981616,0.9563249860491071,0.31668975949287415,,,,
panda_0281_tinylora,0.8887316025793552,0.9648611886160714,0.3111867606639862,,,,
panda_0282_tinylora,0.9804268585784095,0.9696132114955357,0.34961220622062683,,,,
panda_0283_tinylora,0.9171210463557925,0.9459577287946429,0.3380051553249359,,,,
panda_0284_tinylora,0.932240862931524,0.9466552734375,0.36206191778182983,,,,
panda_0285_tinylora,0.9468127584883145,0.8733869280133929,0.4652625620365143,,,,
panda_0286_tinylora,0.9729412794113159,0.9670322963169643,0.2852860689163208,,,,
panda_0287_tinylora,0.8987033718398639,0.8276160103934151,0.21922196447849274,,,,
panda_0288_tinylora,0.9881620300667626,0.9530116489955357,0.46709686517715454,,,,
panda_0289_tinylora,0.8368383140436241,0.8940691266741071,0.4755834937095642,,,,
panda_0290_tinylora,0.9556354167205947,0.95550537109375,0.4286140203475952,,,,
panda_0291_tinylora,0.913874480341162,0.9468558175223214,0.4279523491859436,,,,
panda_0292_tinylora,0.9400329973016467,0.9653145926339286,0.3375990688800812,,,,
panda_0293_tinylora,0.9272875189781189,0.9391130719866071,0.46685224771499634,,,,
panda_0294_tinylora,0.9503164163657597,0.9071393694196429,0.43044227361679077,,,,
panda_0295_tinylora,0.8869499447090285,0.9362880161830357,0.3981851637363434,,,,
panda_0296_tinylora,0.8714493438601494,0.9204799107142857,0.2479282021522522,,,,
panda_0297_tinylora,0.9861502338732991,0.9740862165178571,0.36121222376823425,,,,
panda_0298_tinylora,0.9311686275260789,0.8873203822544643,0.277632474899292,,,,
panda_0299_tinylora,0.9811323934367725,0.9845493861607143,0.37624478340148926,,,,
panda_0300_tinylora,0.780635071386184,0.8124520438058036,0.3953794538974762,,,,
panda_0301_tinylora,0.9265959081905228,0.8775547572544643,0.5524532198905945,,,,
panda_0302_tinylora,0.9805321618914604,0.9803292410714286,0.5146459341049194,,,,
panda_0303_tinylora,0.8171026137258325,0.9046107700892857,0.37891092896461487,,,,
panda_0304_tinylora,0.7135403861424753,0.8629935128348214,0.4125537872314453,,,,
panda_0305_tinylora,0.7844837749642986,0.8387451171875,0.537459671497345,,,,
panda_0306_tinylora,0.9675334479127612,0.9797712053571429,0.49451103806495667,,,,
panda_0307_tinylora,0.7894520560013396,0.9031546456473214,0.2903515696525574,,,,
panda_0308_tinylora,0.8963070980140141,0.8166765485491071,0.47998347878456116,,,,
panda_0309_tinylora,0.9690040073224476,0.9827968052455357,0.4864814877510071,,,,
panda_0310_tinylora,0.8901593940598624,0.778533935546875,0.23629212379455566,,,,
panda_0311_tinylora,0.8926555727209363,0.8843165806361607,0.21478170156478882,,,,
panda_0312_tinylora,0.9433530696800777,0.9032069614955357,0.4056456983089447,,,,
panda_0313_tinylora,0.8965206635849816,0.9129464285714286,0.5126743316650391,,,,
panda_0314_tinylora,0.9961508161255291,0.9785679408482143,0.4457487165927887,,,,
panda_0315_tinylora,0.921670312327998,0.8784964425223214,0.3126342296600342,,,,
panda_0316_tinylora,0.9903343894651958,0.9846365792410714,0.2979534864425659,,,,
panda_0317_tinylora,0.9440530751432691,0.9124319893973214,0.6870102882385254,,,,
panda_0318_tinylora,0.9797007281865392,0.9576939174107143,0.5925955772399902,,,,
panda_0319_tinylora,0.9954011046460697,0.9882114955357143,0.5591704845428467,,,,
panda_0320_tinylora,0.9667658465249198,0.9460797991071429,0.47626158595085144,,,,
panda_0321_tinylora,0.9277093495641436,0.9562116350446429,0.4673371911048889,,,,
panda_0322_tinylora,0.8240363629800933,0.8755929129464286,0.36220648884773254,,,,
panda_0323_tinylora,0.9978378319314548,0.9846540178571429,0.580534815788269,,,,
panda_0324_tinylora,0.6274274215102196,0.7892586844308036,0.4505625367164612,,,,
panda_0325_tinylora,0.9812017093811717,0.9870692661830357,0.38797247409820557,,,,
panda_0326_tinylora,0.9563865650977407,0.9772600446428571,0.48403429985046387,,,,
panda_0327_tinylora,0.7389796929700034,0.8845999581473214,0.2771262526512146,,,,
panda_0328_tinylora,0.8753381733383451,0.9208722795758929,0.37578338384628296,,,,
panda_0329_tinylora,0.9592386143548148,0.9056134905133929,0.5210157632827759,,,,
panda_0330_tinylora,0.9681428383503642,0.9641026088169643,0.46954455971717834,,,,
panda_0331_tinylora,0.740922638880355,0.8626011439732143,0.4057452976703644,,,,
panda_0332_tinylora,0.9592191012842315,0.96331787109375,0.4695628881454468,,,,
panda_0333_tinylora,0.9756385971392904,0.9618443080357143,0.5253561735153198,,,,
panda_0334_tinylora,0.7849703840911388,0.8948538643973214,0.35901331901550293,,,,
panda_0335_tinylora,0.8551370086414474,0.9599434988839286,0.3619062900543213,,,,
panda_0336_tinylora,0.987658000418118,0.967041015625,0.5074332356452942,,,,
panda_0337_tinylora,0.8224248087831906,0.8892560686383929,0.3031124770641327,,,,
panda_0338_tinylora,0.97067677123206,0.9789167131696429,0.4704272747039795,,,,
panda_0339_tinylora,0.844152315386704,0.9050467354910714,0.338410347700119,,,,
panda_0340_tinylora,0.9195909180811473,0.8951241629464286,0.4735565483570099,,,,
panda_0341_tinylora,0.8012821041047573,0.9239501953125,0.3405183255672455,,,,
panda_0342_tinylora,0.9333257334572929,0.9386422293526786,0.3760009706020355,,,,
panda_0343_tinylora,0.9750612740005765,0.9651663643973214,0.3819008469581604,,,,
panda_0344_tinylora,0.9761564103620393,0.9711042131696429,0.44013407826423645,,,,
panda_0345_tinylora,0.9127672868115562,0.9438738141741071,0.4157958924770355,,,,
panda_0346_tinylora,0.9640167610985892,0.9816109793526786,0.5271314978599548,,,,
panda_0347_tinylora,0.9842423732791629,0.9586181640625,0.38310351967811584,,,,
panda_0348_tinylora,0.8298366900001254,0.9153355189732143,0.2903639078140259,,,,
panda_0349_tinylora,0.8080065548419952,0.8133980887276786,0.3178139328956604,,,,
panda_0350_tinylora,0.7876713504748685,0.8345772879464286,0.3486897051334381,,,,
panda_0351_tinylora,0.9664847020592008,0.9739205496651786,0.47366464138031006,,,,
panda_0352_tinylora,0.9943625267062869,0.9931553431919643,0.3637736737728119,,,,
panda_0353_tinylora,0.8881403473871095,0.9353724888392857,0.3637984097003937,,,,
panda_0354_tinylora,0.9919628117765699,0.9848720005580357,0.3875867426395416,,,,
panda_0355_tinylora,0.7223379766302449,0.8973039899553571,0.2554945647716522,,,,
panda_0356_tinylora,0.7668444232216903,0.8448137555803571,0.40302854776382446,,,,
panda_0357_tinylora,0.9933364252958979,0.9866856166294643,0.48848506808280945,,,,
panda_0358_tinylora,0.9527010662215096,0.93634033203125,0.3873964548110962,,,,
panda_0359_tinylora,0.9846767091325351,0.9717320033482143,0.3936724066734314,,,,
panda_0360_tinylora,0.9289470495922225,0.9478846958705357,0.3431287705898285,,,,
panda_0361_tinylora,0.8497462426977498,0.94842529296875,0.2788742780685425,,,,
panda_0362_tinylora,0.9693703640784536,0.9740862165178571,0.3481249213218689,,,,
panda_0363_tinylora,0.958409383893013,0.93505859375,0.3191264569759369,,,,
panda_0364_tinylora,0.9907906183174678,0.9817417689732143,0.2666970491409302,,,,
panda_0365_tinylora,0.833974758961371,0.8561488560267857,0.3274994492530823,,,,
panda_0366_tinylora,0.9607912908707347,0.9246390206473214,0.2319784313440323,,,,
panda_0367_tinylora,0.9303328703556742,0.9380929129464286,0.45085808634757996,,,,
panda_0368_tinylora,0.8629782625607082,0.8420584542410714,0.40828096866607666,,,,
panda_0369_tinylora,0.8925419822335243,0.9450857979910714,0.2462538331747055,,,,
panda_0370_tinylora,0.9969270463500705,0.9924229213169643,0.3528573215007782,,,,
panda_0371_tinylora,0.5963718180677721,0.8410993303571429,0.39558547735214233,,,,
panda_0372_tinylora,0.8221469186246395,0.87811279296875,0.409086138010025,,,,
panda_0373_tinylora,0.9563323344503131,0.9689418247767857,0.5799157619476318,,,,
panda_0374_tinylora,0.9851176930325372,0.9738246372767857,0.4273415207862854,,,,
panda_0375_tinylora,0.8334098277347428,0.9426095145089286,0.4142131209373474,,,,
panda_0376_tinylora,0.8227255983012063,0.8887416294642857,0.2704695761203766,,,,
panda_0377_tinylora,0.9942422583699226,0.9782802036830357,0.28487884998321533,,,,
panda_0378_tinylora,0.7104614762855428,0.8178231375558036,0.4059256315231323,,,,
panda_0379_tinylora,0.893991014787129,0.9621843610491071,0.4358147978782654,,,,
panda_0380_tinylora,0.9944146009428161,0.99053955078125,0.38724464178085327,,,,
panda_0381_tinylora,0.7214343867131642,0.9043666294642857,0.45682331919670105,,,,
panda_0382_tinylora,0.9967534627233233,0.993408203125,0.4266073405742645,,,,
panda_0383_tinylora,0.8957514007176671,0.93780517578125,0.37657591700553894,,,,
panda_0384_tinylora,0.6876990816422871,0.84381103515625,0.361100971698761,,,,
panda_0385_tinylora,0.9535318932362965,0.97039794921875,0.621944010257721,,,,
panda_0386_tinylora,0.9917067555444581,0.9828578404017857,0.4826931059360504,,,,
panda_0387_tinylora,0.8845459031207221,0.9577723911830357,0.3577231764793396,,,,
panda_0388_tinylora,0.9361417953457151,0.9671630859375,0.45578253269195557,,,,
panda_0389_tinylora,0.9963495816503253,0.9918648856026786,0.295448362827301,,,,
panda_0390_tinylora,0.9808208708252225,0.9584786551339286,0.4576050639152527,,,,
panda_0391_tinylora,0.9833495883005006,0.9830845424107143,0.4314078092575073,,,,
panda_0392_tinylora,0.626316254160234,0.8436976841517857,0.5023304224014282,,,,
panda_0393_tinylora,0.9748724400997162,0.9762486049107143,0.5465067625045776,,,,
panda_0394_tinylora,0.8232090366738183,0.8576747349330357,0.3585192561149597,,,,
panda_0395_tinylora,0.91709275330816,0.9548601422991071,0.47673240303993225,,,,
panda_0396_tinylora,0.8856235316821507,0.9355381556919643,0.31851157546043396,,,,
panda_0397_tinylora,0.9931700612817492,0.9864240373883929,0.451648086309433,,,,
panda_0398_tinylora,0.988728190107005,0.9773646763392857,0.5057234764099121,,,,
panda_0399_tinylora,0.983409084379673,0.9716012137276786,0.4744686782360077,,,,
panda_0400_tinylora,0.55940949597529,0.7490975516183036,0.30521050095558167,,,,
panda_0401_tinylora,0.879707793039935,0.8681466238839286,0.3898012340068817,,,,
panda_0402_tinylora,0.8515976704657078,0.9063371930803571,0.3342342674732208,,,,
panda_0403_tinylora,0.9787073103444917,0.8837367466517857,0.3646669089794159,,,,
panda_0404_tinylora,0.8490694383425372,0.8976091657366071,0.4626654386520386,,,,
panda_0405_tinylora,0.9964120430605752,0.9831717354910714,0.48990756273269653,,,,
panda_0406_tinylora,0.8609640654176474,0.8402579171316964,0.38024085760116577,,,,
panda_0407_tinylora,0.8864311921809401,0.9051600864955357,0.38974717259407043,,,,
panda_0408_tinylora,0.5870145125580686,0.7461286272321429,0.3634914457798004,,,,
panda_0409_tinylora,0.9591817440731185,0.9739205496651786,0.39280614256858826,,,,
panda_0410_tinylora,0.978581710585526,0.9733799525669643,0.4664343595504761,,,,
panda_0411_tinylora,0.8213643947882312,0.9167742047991071,0.410630464553833,,,,
panda_0412_tinylora,0.9039353440914836,0.9418509347098214,0.4695495367050171,,,,
panda_0413_tinylora,0.9776691996625492,0.9622715541294643,0.31084567308425903,,,,
panda_0414_tinylora,0.976538645369666,0.9797712053571429,0.5847102999687195,,,,
panda_0415_tinylora,0.9983508310147694,0.9893362862723214,0.4653397500514984,,,,
panda_0416_tinylora,0.9882977956107685,0.9584524972098214,0.24451695382595062,,,,
panda_0417_tinylora,0.6537333253238883,0.7938755580357143,0.29347148537635803,,,,
panda_0418_tinylora,0.79990443321211,0.8694893973214286,0.31372228264808655,,,,
panda_0419_tinylora,0.9333929674965995,0.9305158342633929,0.47521650791168213,,,,
panda_0420_tinylora,0.9866036964314324,0.9875662667410714,0.5015286803245544,,,,
panda_0421_tinylora,0.9902777522802353,0.9911324637276786,0.6007478833198547,,,,
panda_0422_tinylora,0.9204998761415482,0.9000418526785714,0.3082125186920166,,,,
panda_0423_tinylora,0.9328422961490495,0.8172956194196429,0.2815050780773163,,,,
panda_0424_tinylora,0.9909976316349847,0.9800153459821429,0.3592471480369568,,,,
panda_0425_tinylora,0.9522046031696456,0.9784284319196429,0.4004421830177307,,,,
panda_0426_tinylora,0.893307762486594,0.9630998883928571,0.27035024762153625,,,,
panda_0427_tinylora,0.8784025306148189,0.9140537806919643,0.4347607493400574,,,,
panda_0428_tinylora,0.8602361668433461,0.9340035574776786,0.4689808785915375,,,,
panda_0429_tinylora,0.9946636036038399,0.9714442661830357,0.5115401744842529,,,,
panda_0430_tinylora,0.8806912750005722,0.927490234375,0.44572025537490845,,,,
panda_0431_tinylora,0.9860230141452381,0.9848196847098214,0.2661108076572418,,,,
panda_0432_tinylora,0.9897674896887371,0.9853864397321429,0.4392988383769989,,,,
panda_0433_tinylora,0.9497992513435227,0.9758736746651786,0.4315651059150696,,,,
panda_0434_tinylora,0.9839878816689763,0.9634486607142857,0.3202064037322998,,,,
panda_0435_tinylora,0.969192943402699,0.9638846261160714,0.43918201327323914,,,,
panda_0436_tinylora,0.9614785622273173,0.9541190011160714,0.4516618251800537,,,,
panda_0437_tinylora,0.6788315890090806,0.69329833984375,0.3564780652523041,,,,
panda_0438_tinylora,0.9789640424507005,0.9673897879464286,0.4964746832847595,,,,
panda_0439_tinylora,0.8685601029012885,0.9614170619419643,0.4334193468093872,,,,
panda_0440_tinylora,0.9537105464509555,0.9385811941964286,0.44424378871917725,,,,
panda_0441_tinylora,0.9633298643997737,0.9584612165178571,0.5053178668022156,,,,
panda_0442_tinylora,0.8919605261513165,0.8665597098214286,0.45922955870628357,,,,
panda_0443_tinylora,0.8077230384307248,0.8646632603236607,0.5241358876228333,,,,
panda_0444_tinylora,0.8151930293866566,0.8895002092633929,0.3438850939273834,,,,
panda_0445_tinylora,0.9768443469490323,0.9815499441964286,0.47203904390335083,,,,
panda_0446_tinylora,0.98331611177751,0.9933733258928571,0.3017234802246094,,,,
panda_0447_tinylora,0.9851392241460937,0.9623238699776786,0.5285401940345764,,,,
panda_0448_tinylora,0.8444914700729507,0.8737095424107143,0.4682384431362152,,,,
panda_0449_tinylora,0.9483326237116542,0.9539707728794643,0.5016689896583557,,,,
panda_0450_tinylora,0.9915845596364566,0.9582781110491071,0.4548664391040802,,,,
panda_0451_tinylora,0.9869835493820054,0.9829973493303571,0.20022547245025635,,,,
panda_0452_tinylora,0.8994306953889983,0.9364275251116071,0.49762001633644104,,,,
panda_0453_tinylora,0.9516683486955506,0.9335501534598214,0.31871816515922546,,,,
panda_0454_tinylora,0.9908457685794149,0.9822213309151786,0.27703407406806946,,,,
panda_0455_tinylora,0.8124283174318927,0.8687744140625,0.26259204745292664,,,,
panda_0456_tinylora,0.7271062854145255,0.8122122628348214,0.313803493976593,,,,
panda_0457_tinylora,0.8098093457520008,0.8762468610491071,0.3909209668636322,,,,
panda_0458_tinylora,0.8769473007747105,0.9014195033482143,0.5604123473167419,,,,
panda_0459_tinylora,0.9781912650380816,0.97406005859375,0.36580854654312134,,,,
panda_0460_tinylora,0.9360438159533909,0.9502737862723214,0.3903926908969879,,,,
panda_0461_tinylora,0.9329582048313958,0.88702392578125,0.37666118144989014,,,,
panda_0462_tinylora,0.8707882570368903,0.79522705078125,0.17204146087169647,,,,
panda_0463_tinylora,0.9501878810780389,0.9462977818080357,0.3767411708831787,,,,
panda_0464_tinylora,0.9905364758202008,0.9665352957589286,0.4632687270641327,,,,
panda_0465_tinylora,0.9899684680359704,0.96563720703125,0.24104362726211548,,,,
panda_0466_tinylora,0.8424388569380555,0.8398611886160714,0.26148930191993713,,,,
panda_0467_tinylora,0.9452462941408157,0.9427664620535714,0.5167470574378967,,,,
panda_0468_tinylora,0.7890336619956153,0.9067034040178571,0.3771877884864807,,,,
panda_0469_tinylora,0.813579183604036,0.8530186244419643,0.46296223998069763,,,,
panda_0470_tinylora,0.9029258601367474,0.9509364536830357,0.39982691407203674,,,,
panda_0471_tinylora,0.7409857926624162,0.8650381905691964,0.40135297179222107,,,,
panda_0472_tinylora,0.9174718766340187,0.9531598772321429,0.5458419919013977,,,,
panda_0474_tinylora,0.9930764553802354,0.9896676199776786,0.35629022121429443,,,,
panda_0475_tinylora,0.8221805766224861,0.8560006277901786,0.3204004466533661,,,,
panda_0476_tinylora,0.7939648803855691,0.8956037248883929,0.2761705219745636,,,,
panda_0477_tinylora,0.9704764655658177,0.9527151925223214,0.41184622049331665,,,,
panda_0478_tinylora,0.702585546033723,0.7382681710379464,0.3552890419960022,,,,
panda_0479_tinylora,0.824657991528511,0.9568307059151786,0.2812179625034332,,,,
panda_0480_tinylora,0.9505242332816124,0.9584699358258929,0.3656317889690399,,,,
panda_0481_tinylora,0.7204093810703073,0.9062848772321429,0.3372984826564789,,,,
panda_0482_tinylora,0.8611969825412545,0.8783351353236607,0.36501753330230713,,,,
panda_0483_tinylora,0.9017767842326846,0.8212716238839286,0.3080688416957855,,,,
panda_0484_tinylora,0.9595393432038171,0.9399501255580357,0.2948761582374573,,,,
panda_0485_tinylora,0.9715531425816673,0.9486171177455357,0.4945181906223297,,,,
panda_0486_tinylora,0.7731038159025567,0.9055350167410714,0.40197858214378357,,,,
panda_0487_tinylora,0.9939467342836517,0.9816807338169643,0.42508432269096375,,,,
panda_0488_tinylora,0.9410421092595372,0.94879150390625,0.3726736903190613,,,,
panda_0489_tinylora,0.9886294943945748,0.9335239955357143,0.36454224586486816,,,,
panda_0490_tinylora,0.7397390372518983,0.8886282784598214,0.3779793381690979,,,,
panda_0491_tinylora,0.9639217332005501,0.9616524832589286,0.6362220048904419,,,,
panda_0492_tinylora,0.9209498720509666,0.8976527622767857,0.14903201162815094,,,,
panda_0493_tinylora,0.9949990808963776,0.9955095563616071,0.1524294763803482,,,,
panda_0494_tinylora,0.8779243236141545,0.84918212890625,0.3498457968235016,,,,
panda_0495_tinylora,0.9828451478055545,0.9626290457589286,0.46167999505996704,,,,
panda_0496_tinylora,0.9923156989472253,0.99078369140625,0.40270668268203735,,,,
panda_0497_tinylora,0.9443376937082836,0.9664393833705357,0.3146478235721588,,,,
panda_0498_tinylora,0.9963701026780265,0.9857090541294643,0.5466366410255432,,,,
panda_0499_tinylora,0.9867617636919022,0.9787772042410714,0.5344082117080688,,,,
panda_0500_tinylora,0.9513400154454368,0.957763671875,0.3816838562488556,,,,
panda_0501_tinylora,0.8438769057393074,0.8956037248883929,0.3726942837238312,,,,
panda_0502_tinylora,0.9520219809242657,0.9464983258928571,0.49728214740753174,,,,
panda_0503_tinylora,0.9788165326629367,0.98406982421875,0.36610352993011475,,,,
panda_0504_tinylora,0.6467602982052735,0.7489842006138393,0.3433174788951874,,,,
panda_0505_tinylora,0.965010832462992,0.9677298409598214,0.4139948785305023,,,,
panda_0506_tinylora,0.9271503410169056,0.9248221261160714,0.30637070536613464,,,,
panda_0507_tinylora,0.9357710587126868,0.9582693917410714,0.34177353978157043,,,,
panda_0508_tinylora,0.9858812498194831,0.9864327566964286,0.5072346925735474,,,,
panda_0509_tinylora,0.846067094377109,0.8373238699776786,0.47825491428375244,,,,
panda_0510_tinylora,0.9947443753480911,0.9858136858258929,0.40483275055885315,,,,
panda_0511_tinylora,0.9878572108490127,0.9917515345982143,0.40155771374702454,,,,
panda_0512_tinylora,0.8904641733637878,0.9104788643973214,0.2887588441371918,,,,
panda_0513_tinylora,0.9416865993823323,0.9500558035714286,0.4662425220012665,,,,
panda_0514_tinylora,0.9749610775283405,0.9738071986607143,0.4816318452358246,,,,
panda_0515_tinylora,0.99632214648383,0.9902692522321429,0.3885095715522766,,,,
panda_0516_tinylora,0.920710346528462,0.9500819614955357,0.3409472405910492,,,,
panda_0517_tinylora,0.9325910817299571,0.9382149832589286,0.38366565108299255,,,,
panda_0518_tinylora,0.9361393664564405,0.94573974609375,0.3295084536075592,,,,
panda_0519_tinylora,0.8439571995820317,0.8887503487723214,0.3626672029495239,,,,
panda_0520_tinylora,0.9958954176732472,0.9910975864955357,0.5778090357780457,,,,
panda_0521_tinylora,0.9387604253632682,0.912353515625,0.19242388010025024,,,,
panda_0522_tinylora,0.9622487755758422,0.9724469866071429,0.2925969362258911,,,,
panda_0523_tinylora,0.8168074440743242,0.8570033482142857,0.40442439913749695,,,,
panda_0524_tinylora,0.993636680500848,0.9940011160714286,0.43372881412506104,,,,
panda_0525_tinylora,0.9925544655748776,0.9673985072544643,0.46535295248031616,,,,
panda_0526_tinylora,0.986557600753648,0.9806344168526786,0.4202355146408081,,,,
panda_0527_tinylora,0.965868707214083,0.9702061244419643,0.20269189774990082,,,,
panda_0528_tinylora,0.9348091738564628,0.9286586216517857,0.444649338722229,,,,
panda_0529_tinylora,0.8876569239156586,0.9214913504464286,0.2922893762588501,,,,
panda_0530_tinylora,0.9785044533865792,0.9794573102678571,0.5278001427650452,,,,
panda_0531_tinylora,0.9624107756784984,0.9318498883928571,0.553071916103363,,,,
panda_0532_tinylora,0.8657413619969573,0.9125453404017857,0.3479548990726471,,,,
panda_0533_tinylora,0.9841097508158002,0.9613821847098214,0.3766340911388397,,,,
panda_0534_tinylora,0.9360750264355114,0.8949061802455357,0.27962058782577515,,,,
panda_0535_tinylora,0.9448040947318077,0.95391845703125,0.48950105905532837,,,,
panda_0536_tinylora,0.8785774646592992,0.9260777064732143,0.5567547082901001,,,,
panda_0537_tinylora,0.7866521129118544,0.9079851422991071,0.467865526676178,,,,
panda_0538_tinylora,0.7944577112793922,0.8319614955357143,0.2618153989315033,,,,
panda_0539_tinylora,0.8721296819193023,0.9234793526785714,0.38142621517181396,,,,
panda_0540_tinylora,0.9785071579473359,0.9654192243303571,0.466937392950058,,,,
panda_0541_tinylora,0.7400062829256058,0.8170950753348214,0.23398320376873016,,,,
panda_0542_tinylora,0.9717104913932937,0.9742082868303571,0.33624064922332764,,,,
panda_0543_tinylora,0.9739313796162605,0.9793178013392857,0.4210541248321533,,,,
panda_0544_tinylora,0.8425528391131333,0.8800005231584821,0.3503309488296509,,,,
panda_0545_tinylora,0.8243490244661059,0.9209856305803571,0.38003337383270264,,,,
panda_0546_tinylora,0.8164883106946945,0.8853410993303571,0.46210557222366333,,,,
panda_0547_tinylora,0.8321647819663797,0.8776332310267857,0.15481409430503845,,,,
panda_0548_tinylora,0.9288768704448428,0.90289306640625,0.2889830470085144,,,,
panda_0549_tinylora,0.782377027241247,0.8293195452008929,0.430817574262619,,,,
panda_0550_tinylora,0.9980092761772019,0.9921875,0.5135874152183533,,,,
panda_0551_tinylora,0.6863761028008801,0.8014875139508929,0.2011071741580963,,,,
panda_0552_tinylora,0.9748975017241069,0.9190673828125,0.45469534397125244,,,,
panda_0553_tinylora,0.933921859732696,0.96624755859375,0.7013366222381592,,,,
panda_0554_tinylora,0.9885178921478135,0.9913853236607143,0.3809508979320526,,,,
panda_0555_tinylora,0.8683225932930198,0.9478585379464286,0.3209342658519745,,,,
panda_0556_tinylora,0.9556069331509727,0.7702418736049107,0.2502451241016388,,,,
panda_0557_tinylora,0.9746727379305022,0.9200265066964286,0.3004039525985718,,,,
panda_0558_tinylora,0.9763804716723306,0.9614955357142857,0.45307767391204834,,,,
panda_0559_tinylora,0.9149103792650359,0.9163905552455357,0.4046126902103424,,,,
panda_0560_tinylora,0.7087830203984465,0.86749267578125,0.3653583228588104,,,,
panda_0561_tinylora,0.9855205970151084,0.9820905412946429,0.48124322295188904,,,,
panda_0562_tinylora,0.9940070563129016,0.9888741629464286,0.4637313783168793,,,,
panda_0563_tinylora,0.9257057553955487,0.9449986049107143,0.41575419902801514,,,,
panda_0564_tinylora,0.8890353143215179,0.85577392578125,0.3274138271808624,,,,
panda_0565_tinylora,0.9875911995768547,0.9793875558035714,0.09034918248653412,,,,
panda_0566_tinylora,0.9607764972107751,0.9486781529017857,0.2208358496427536,,,,
panda_0567_tinylora,0.9442057694707598,0.8762991768973214,0.34179574251174927,,,,
panda_0568_tinylora,0.9173817144972938,0.9531337193080357,0.36001843214035034,,,,
panda_0569_tinylora,0.870592539863927,0.9282052176339286,0.3858741223812103,,,,
panda_0570_tinylora,0.9903643141899791,0.9821951729910714,0.46155890822410583,,,,
panda_0571_tinylora,0.925631837121078,0.8852015904017857,0.2113877832889557,,,,
panda_0572_tinylora,0.9873772433825901,0.9152657645089286,0.15498973429203033,,,,
panda_0573_tinylora,0.8425543547741005,0.8839372907366071,0.44628870487213135,,,,
panda_0574_tinylora,0.979795403778553,0.95904541015625,0.6185044646263123,,,,
panda_0575_tinylora,0.9811987813029971,0.9680698939732143,0.3788188099861145,,,,
panda_0576_tinylora,0.9943555295467377,0.9846540178571429,0.6191157698631287,,,,
panda_0577_tinylora,0.9613433948584965,0.9673985072544643,0.4638127386569977,,,,
panda_0578_tinylora,0.9843105865376336,0.9837733677455357,0.4191216826438904,,,,
panda_0579_tinylora,0.7055416445114783,0.8266078404017857,0.4328773021697998,,,,
panda_0580_tinylora,0.8997482880949974,0.8880789620535714,0.257048100233078,,,,
panda_0581_tinylora,0.8004578362618174,0.9110979352678571,0.37527063488960266,,,,
panda_0582_tinylora,0.9488914651530129,0.9549473353794643,0.28927862644195557,,,,
panda_0583_tinylora,0.9911544738071305,0.9879847935267857,0.5719904899597168,,,,
panda_0584_tinylora,0.899411997624806,0.8720441545758929,0.35572558641433716,,,,
panda_0585_tinylora,0.961084919316428,0.9663434709821429,0.49588340520858765,,,,
panda_0586_tinylora,0.9913622226033892,0.9927280970982143,0.42805197834968567,,,,
panda_0587_tinylora,0.8575232976249286,0.9082380022321429,0.44223126769065857,,,,
panda_0588_tinylora,0.7193151579371521,0.8584245954241071,0.28598374128341675,,,,
panda_0589_tinylora,0.846446198544332,0.8520028250558036,0.26537129282951355,,,,
panda_0590_tinylora,0.80252612807921,0.9184657505580357,0.40561041235923767,,,,
panda_0591_tinylora,0.9883020541497639,0.9851771763392857,0.6568771600723267,,,,
panda_0592_tinylora,0.981015316077641,0.9442051478794643,0.39157357811927795,,,,
panda_0593_tinylora,0.9379838598626,0.88177490234375,0.2987693250179291,,,,
panda_0594_tinylora,0.9377495699695179,0.9667445591517857,0.22382968664169312,,,,
panda_0595_tinylora,0.9944901572806495,0.9850376674107143,0.5071461796760559,,,,
panda_0596_tinylora,0.9426509259002549,0.9013235909598214,0.3002103865146637,,,,
panda_0597_tinylora,0.740323034514274,0.8284476143973214,0.393350213766098,,,,
panda_0598_tinylora,0.9580817403537887,0.9740426199776786,0.3506363034248352,,,,
panda_0599_tinylora,0.8689636598740306,0.9137922014508929,0.2038879096508026,,,,
panda_0600_tinylora,0.9939125595348222,0.9610857282366071,0.3793201446533203,,,,
panda_0601_tinylora,0.8473994652075427,0.8623570033482143,0.3956349790096283,,,,
panda_0602_tinylora,0.8089633073125567,0.9077410016741071,0.4317086637020111,,,,
panda_0603_tinylora,0.8386421874165535,0.8325282505580357,0.3292387127876282,,,,
panda_0604_tinylora,0.922968036362103,0.9256940569196429,0.3592687249183655,,,,
panda_0605_tinylora,0.9783980463232312,0.9765276227678571,0.5187700390815735,,,,
panda_0606_tinylora,0.9313310097370829,0.97381591796875,0.43125516176223755,,,,
panda_0607_tinylora,0.9929094750966344,0.9894583565848214,0.34292787313461304,,,,
panda_0608_tinylora,0.9040290574942317,0.9334280831473214,0.47085773944854736,,,,
panda_0609_tinylora,0.927867631827082,0.9197300502232143,0.37283289432525635,,,,
panda_0610_tinylora,0.9828597530722618,0.9821602957589286,0.4424050748348236,,,,
panda_0611_tinylora,0.8121395600693566,0.8831263950892857,0.41891413927078247,,,,
panda_0612_tinylora,0.9780423896653312,0.9009486607142857,0.4529074728488922,,,,
panda_0613_tinylora,0.998108945786953,0.9769112723214286,0.4176120162010193,,,,
panda_0614_tinylora,0.9768644869327545,0.9697352818080357,0.3801572620868683,,,,
panda_0615_tinylora,0.9781876493777547,0.9536481584821429,0.4371100962162018,,,,
panda_0616_tinylora,0.92441675812006,0.9396623883928571,0.37147027254104614,,,,
panda_0617_tinylora,0.9888553236212049,0.9785592215401786,0.6567987203598022,,,,
panda_0618_tinylora,0.9918203492249761,0.9761178152901786,0.465923935174942,,,,
panda_0619_tinylora,0.8976031062858445,0.9630562918526786,0.27503204345703125,,,,
panda_0620_tinylora,0.7846337455723967,0.8728114536830357,0.37507593631744385,,,,
panda_0621_tinylora,0.9716649278998375,0.9656459263392857,0.4118630290031433,,,,
panda_0622_tinylora,0.8933858669229916,0.9412144252232143,0.4053505063056946,,,,
panda_0623_tinylora,0.9202701215233121,0.9292340959821429,0.38442519307136536,,,,
panda_0624_tinylora,0.8599861306803567,0.9225202287946429,0.3102319538593292,,,,
panda_0625_tinylora,0.9106010549834797,0.94677734375,0.42664363980293274,,,,
panda_0626_tinylora,0.9933351139937129,0.9899815150669643,0.35853907465934753,,,,
panda_0627_tinylora,0.9842520984155791,0.9700840541294643,0.475439190864563,,,,
panda_0628_tinylora,0.7938748140420232,0.8802490234375,0.33232617378234863,,,,
panda_0629_tinylora,0.9847348406910896,0.9613211495535714,0.43282362818717957,,,,
panda_0630_tinylora,0.9786218415413585,0.9604579380580357,0.5904790759086609,,,,
panda_0631_tinylora,0.8888067887829882,0.9422781808035714,0.5054592490196228,,,,
panda_0632_tinylora,0.9925029884491648,0.9783673967633929,0.38583657145500183,,,,
panda_0633_tinylora,0.9320741231952395,0.9695347377232143,0.4512501358985901,,,,
panda_0634_tinylora,0.9830602939639773,0.9739205496651786,0.3381020724773407,,,,
panda_0635_tinylora,0.9647125207952091,0.9934605189732143,0.31458497047424316,,,,
panda_0636_tinylora,0.9912733116320201,0.9700666155133929,0.5202505588531494,,,,
panda_0637_tinylora,0.8255541329937321,0.88909912109375,0.37660181522369385,,,,
panda_0638_tinylora,0.9793344193271228,0.9712350027901786,0.4666232168674469,,,,
panda_0639_tinylora,0.9750211760401726,0.9676339285714286,0.29190918803215027,,,,
panda_0640_tinylora,0.9972901205931392,0.9880458286830357,0.43317610025405884,,,,
panda_0641_tinylora,0.9917460467134204,0.98944091796875,0.30056342482566833,,,,
panda_0642_tinylora,0.8445263856223651,0.8846871512276786,0.435156911611557,,,,
panda_0643_tinylora,0.9614574238657951,0.9737025669642857,0.3347577154636383,,,,
panda_0644_tinylora,0.9809609598347119,0.9688546316964286,0.3843965232372284,,,,
panda_0645_tinylora,0.9901884038533483,0.96270751953125,0.3213331997394562,,,,
panda_0646_tinylora,0.8565727355224746,0.9386073521205357,0.2896789312362671,,,,
panda_0647_tinylora,0.8676307808075633,0.9151175362723214,0.23150263726711273,,,,
panda_0648_tinylora,0.8506828418799809,0.8388497488839286,0.42262208461761475,,,,
panda_0649_tinylora,0.9923993593880108,0.9847848074776786,0.25934699177742004,,,,
panda_0650_tinylora,0.9782828262874058,0.9887869698660714,0.4157189130783081,,,,
panda_0651_tinylora,0.9475885363561767,0.8651820591517857,0.22593817114830017,,,,
panda_0652_tinylora,0.9659550338983536,0.9605364118303571,0.47007566690444946,,,,
panda_0653_tinylora,0.8131670845406396,0.8622000558035714,0.3520832061767578,,,,
panda_0654_tinylora,0.8653646154063088,0.8653564453125,0.24206428229808807,,,,
panda_0655_tinylora,0.813214552721807,0.8679373604910714,0.3951151669025421,,,,
panda_0656_tinylora,0.9712352145995412,0.9595249720982143,0.4836268424987793,,,,
panda_0657_tinylora,0.9848241699593407,0.982177734375,0.3851345181465149,,,,
panda_0658_tinylora,0.7239397290561881,0.8287702287946429,0.2862429916858673,,,,
panda_0659_tinylora,0.9238573584173407,0.8896135602678571,0.5454881191253662,,,,
panda_0660_tinylora,0.9812937698193959,0.8909563337053571,0.4348098933696747,,,,
panda_0661_tinylora,0.8316865941243512,0.87982177734375,0.2827426493167877,,,,
panda_0662_tinylora,0.9740101248025894,0.9753592354910714,0.48298144340515137,,,,
panda_0663_tinylora,0.754327687301806,0.81964111328125,0.4620351791381836,,,,
panda_0664_tinylora,0.9941983286823545,0.99285888671875,0.2581557333469391,,,,
panda_0665_tinylora,0.9357059150934219,0.9599522181919643,0.32610300183296204,,,,
panda_0666_tinylora,0.9367129142795291,0.9490182059151786,0.34988048672676086,,,,
panda_0667_tinylora,0.9347613187772887,0.9553135463169643,0.48848065733909607,,,,
panda_0668_tinylora,0.9969995639153889,0.97222900390625,0.33271127939224243,,,,
panda_0669_tinylora,0.8828621166093009,0.95440673828125,0.4506080150604248,,,,
panda_0670_tinylora,0.8486272453197411,0.9416329520089286,0.3100230097770691,,,,
panda_0671_tinylora,0.9368836688143867,0.8995710100446429,0.4092945456504822,,,,
panda_0672_tinylora,0.9765688074486596,0.9821515764508929,0.4679170846939087,,,,
panda_0673_tinylora,0.9006438840712819,0.9351109095982143,0.22682826220989227,,,,
panda_0674_tinylora,0.7670530831175191,0.8879917689732143,0.3404513895511627,,,,
panda_0675_tinylora,0.844306298664638,0.8833356584821429,0.4030362367630005,,,,
panda_0676_tinylora,0.8800047284790448,0.9668143136160714,0.41355711221694946,,,,
panda_0677_tinylora,0.9810653222458703,0.9555925641741071,0.3847346007823944,,,,
panda_0678_tinylora,0.6894399184467537,0.788177490234375,0.39156296849250793,,,,
panda_0679_tinylora,0.9694706478289196,0.9513288225446429,0.4455311894416809,,,,
panda_0680_tinylora,0.9390613404767854,0.9249790736607143,0.503131091594696,,,,
panda_0681_tinylora,0.6430977558983224,0.8711024693080357,0.5444872379302979,,,,
panda_0682_tinylora,0.9738805932658059,0.9571707589285714,0.3852313756942749,,,,
panda_0683_tinylora,0.8400523715785572,0.8917236328125,0.43000057339668274,,,,
panda_0684_tinylora,0.9956166637795312,0.9860578264508929,0.6470674276351929,,,,
panda_0685_tinylora,0.9854244345000812,0.95184326171875,0.2914130389690399,,,,
panda_0686_tinylora,0.9279132336378098,0.9343000139508929,0.39092183113098145,,,,
panda_0687_tinylora,0.994621998497418,0.9832589285714286,0.45929139852523804,,,,
panda_0688_tinylora,0.9957773121339935,0.9912806919642857,0.4813450872898102,,,,
panda_0689_tinylora,0.9543853615011487,0.9564470563616071,0.5026145577430725,,,,
panda_0690_tinylora,0.9420846924185753,0.9621058872767857,0.4589719772338867,,,,
panda_0691_tinylora,0.7844813141439643,0.86602783203125,0.4141857624053955,,,,
panda_0692_tinylora,0.8404617687421185,0.9122227260044643,0.3986303508281708,,,,
panda_0693_tinylora,0.7535474571798529,0.8970075334821429,0.3598228096961975,,,,
panda_0694_tinylora,0.9744969606399536,0.9249093191964286,0.3527992367744446,,,,
panda_0695_tinylora,0.9223583894116538,0.9141148158482143,0.2723933458328247,,,,
panda_0696_tinylora,0.9317649326154164,0.9708426339285714,0.44688960909843445,,,,
panda_0697_tinylora,0.9286180042794773,0.9169747488839286,0.36299997568130493,,,,
panda_0698_tinylora,0.9704546044979777,0.9699358258928571,0.4093305766582489,,,,
panda_0699_tinylora,0.9438624413950103,0.9616437639508929,0.2696366012096405,,,,
panda_0700_tinylora,0.9174864281501088,0.9178815569196429,0.48905330896377563,,,,
panda_0701_tinylora,0.9853770583868027,0.9837123325892857,0.4391549527645111,,,,
panda_0702_tinylora,0.978484180356775,0.9540841238839286,0.3594478368759155,,,,
panda_0703_tinylora,0.9652226609843118,0.9569963727678571,0.46781548857688904,,,,
panda_0704_tinylora,0.9489571824669838,0.9580862862723214,0.5344825983047485,,,,
panda_0705_tinylora,0.8157694249280861,0.9041660853794643,0.14998452365398407,,,,
panda_0706_tinylora,0.8816204283918653,0.8437761579241071,0.3766607642173767,,,,
panda_0707_tinylora,0.9975523214255061,0.9924229213169643,0.41756269335746765,,,,
panda_0708_tinylora,0.9790187988962445,0.9693865094866071,0.5128999948501587,,,,
panda_0709_tinylora,0.9089338289839881,0.9464983258928571,0.4042082726955414,,,,
panda_0710_tinylora,0.8924829810857773,0.9376307896205357,0.3671417236328125,,,,
panda_0711_tinylora,0.6881901265255043,0.8491472516741071,0.3925902545452118,,,,
panda_0712_tinylora,0.9881953980241504,0.9684622628348214,0.4028729498386383,,,,
panda_0713_tinylora,0.9596582395689828,0.9398018973214286,0.29718756675720215,,,,
panda_0714_tinylora,0.9653737832392965,0.8961443219866071,0.33038267493247986,,,,
panda_0715_tinylora,0.8545816389045545,0.9116385323660714,0.4166058599948883,,,,
panda_0716_tinylora,0.9517501752291407,0.9495675223214286,0.5002556443214417,,,,
panda_0717_tinylora,0.7664056734314987,0.88232421875,0.4403214454650879,,,,
panda_0718_tinylora,0.9900458678603172,0.9888131277901786,0.4622463881969452,,,,
panda_0719_tinylora,0.7720584071108273,0.8866141183035714,0.5322603583335876,,,,
panda_0720_tinylora,0.9527999024306025,0.9581211635044643,0.24670639634132385,,,,
panda_0721_tinylora,0.9914049687130111,0.9822126116071429,0.6472848057746887,,,,
panda_0722_tinylora,0.7892065607011318,0.8736485072544643,0.47233846783638,,,,
panda_0723_tinylora,0.6776794503842082,0.8166242327008929,0.5238734483718872,,,,
panda_0724_tinylora,0.8196960469441754,0.8556780133928571,0.35733532905578613,,,,
panda_0725_tinylora,0.9901285937854222,0.9823957170758929,0.4555377960205078,,,,
panda_0726_tinylora,0.9778660205858094,0.9762050083705357,0.42125582695007324,,,,
panda_0727_tinylora,0.9839156504188266,0.97589111328125,0.35537806153297424,,,,
panda_0728_tinylora,0.9926479810050556,0.9840523856026786,0.2973974347114563,,,,
panda_0729_tinylora,0.9300341840301242,0.95538330078125,0.4533824324607849,,,,
panda_0730_tinylora,0.9802349869694028,0.9828316824776786,0.41184571385383606,,,,
panda_0731_tinylora,0.7937312448131186,0.8649945940290179,0.33773982524871826,,,,
panda_0732_tinylora,0.9925854174154145,0.9880894252232143,0.43518200516700745,,,,
panda_0733_tinylora,0.8088680473821503,0.940673828125,0.30496445298194885,,,,
panda_0734_tinylora,0.8222160320729017,0.8832920619419643,0.29768311977386475,,,,
panda_0735_tinylora,0.7866474741271564,0.8856288364955357,0.5181626081466675,,,,
panda_0736_tinylora,0.7541271586503301,0.831878662109375,0.4358645975589752,,,,
panda_0737_tinylora,0.8204887370978083,0.8992396763392857,0.35361626744270325,,,,
panda_0738_tinylora,0.8729673416486808,0.9748011997767857,0.3494977653026581,,,,
panda_0739_tinylora,0.9449930904167039,0.9541190011160714,0.5176235437393188,,,,
panda_0740_tinylora,0.8946505029286657,0.9244384765625,0.276691198348999,,,,
panda_0741_tinylora,0.988734741296087,0.9638846261160714,0.3900516629219055,,,,
panda_0742_tinylora,0.9812266741480146,0.9260777064732143,0.4467748999595642,,,,
panda_0743_tinylora,0.8370572376464095,0.8771275111607143,0.46654200553894043,,,,
panda_0744_tinylora,0.8827219594802175,0.8977486746651786,0.378449410200119,,,,
panda_0745_tinylora,0.9947390226381165,0.9911411830357143,0.1979372352361679,,,,
panda_0746_tinylora,0.9525028829063688,0.9648786272321429,0.42865824699401855,,,,
panda_0747_tinylora,0.9913771748542786,0.9829886300223214,0.5217640399932861,,,,
panda_0748_tinylora,0.8578624177191939,0.9142543247767857,0.3154963254928589,,,,
panda_0749_tinylora,0.8074342757463455,0.8940516880580357,0.4804309904575348,,,,
panda_0750_tinylora,0.9932596545134272,0.9874354771205357,0.606559157371521,,,,
panda_0751_tinylora,0.8960970895630973,0.9283883231026786,0.45232152938842773,,,,
panda_0752_tinylora,0.8447661053921495,0.867156982421875,0.4535275399684906,,,,
panda_0753_tinylora,0.9945251154048103,0.9870343889508929,0.38909199833869934,,,,
panda_0754_tinylora,0.8479431101254055,0.9018816266741071,0.35668209195137024,,,,
panda_0755_tinylora,0.9911302817719323,0.9813494001116071,0.7109093070030212,,,,
panda_0756_tinylora,0.9222107157111168,0.9599086216517857,0.3232095539569855,,,,
panda_0757_tinylora,0.9513443729707173,0.9653756277901786,0.36067667603492737,,,,
panda_0758_tinylora,0.932624696620873,0.9545985630580357,0.4555054306983948,,,,
panda_0759_tinylora,0.9625336900353432,0.95220947265625,0.3699975609779358,,,,
panda_0760_tinylora,0.9963368454149791,0.9946637834821429,0.46936100721359253,,,,
panda_0761_tinylora,0.7990050714995179,0.9327479771205357,0.23612673580646515,,,,
panda_0762_tinylora,0.9513900780252048,0.9579729352678571,0.5419985055923462,,,,
panda_0763_tinylora,0.9761896708181926,0.9486519949776786,0.39690840244293213,,,,
panda_0764_tinylora,0.9915038570761681,0.9898681640625,0.5019680261611938,,,,
panda_0765_tinylora,0.893415205180645,0.9387991768973214,0.48820221424102783,,,,
panda_0766_tinylora,0.7851991855672428,0.87164306640625,0.34527212381362915,,,,
panda_0767_tinylora,0.9655787008149284,0.9866594587053571,0.49810731410980225,,,,
panda_0768_tinylora,0.9880188767399106,0.9911760602678571,0.25565993785858154,,,,
panda_0769_tinylora,0.9608928071601051,0.9658028738839286,0.460095077753067,,,,
panda_0770_tinylora,0.9940210825630597,0.9823259626116071,0.4968564212322235,,,,
panda_0771_tinylora,0.7420514694281987,0.7821480887276786,0.3385251760482788,,,,
panda_0772_tinylora,0.9853154644370079,0.9791957310267857,0.11977773159742355,,,,
panda_0773_tinylora,0.9793963325875146,0.9297572544642857,0.41950517892837524,,,,
panda_0774_tinylora,0.9428598295365062,0.9109758649553571,0.14669091999530792,,,,
panda_0775_tinylora,0.9863764845899173,0.9857090541294643,0.35879144072532654,,,,
panda_0776_tinylora,0.9929598793387413,0.9791434151785714,0.5604596138000488,,,,
panda_0777_tinylora,0.9887876627700669,0.9845319475446429,0.43936973810195923,,,,
panda_0778_tinylora,0.8293049888951438,0.8874773297991071,0.3985891044139862,,,,
panda_0779_tinylora,0.9698228633829525,0.9639020647321429,0.41554614901542664,,,,
panda_0780_tinylora,0.6900204140692949,0.8743111746651786,0.4466041922569275,,,,
panda_0781_tinylora,0.9760859299983297,0.9671979631696429,0.6371241807937622,,,,
panda_0782_tinylora,0.8392061144113541,0.9298967633928571,0.25420376658439636,,,,
panda_0783_tinylora,0.5718434109751668,0.83441162109375,0.387649267911911,,,,
panda_0784_tinylora,0.9843979190502848,0.9718453543526786,0.5320422053337097,,,,
panda_0785_tinylora,0.8354496354503291,0.9572405133928571,0.3544404208660126,,,,
panda_0786_tinylora,0.8253648235861745,0.9042009626116071,0.5396122932434082,,,,
panda_0787_tinylora,0.9667534029909542,0.8926740373883929,0.38866958022117615,,,,
panda_0788_tinylora,0.8383847602776119,0.94012451171875,0.3160788416862488,,,,
panda_0789_tinylora,0.7872631097478526,0.8775373186383929,0.29622897505760193,,,,
panda_0790_tinylora,0.9794097085084233,0.9863368443080357,0.3910837769508362,,,,
panda_0791_tinylora,0.9511962511709758,0.94219970703125,0.5872210264205933,,,,
panda_0792_tinylora,0.8439276862357344,0.9036342075892857,0.3794587552547455,,,,
panda_0793_tinylora,0.9113991132804325,0.9269757952008929,0.3692724406719208,,,,
panda_0794_tinylora,0.7624727806874684,0.8648550851004464,0.3031596839427948,,,,
panda_0795_tinylora,0.960414028593472,0.9630650111607143,0.5052889585494995,,,,
panda_0796_tinylora,0.8498440986233098,0.8491952078683036,0.296781986951828,,,,
panda_0797_tinylora,0.8007993413401502,0.8245413643973214,0.3460807204246521,,,,
panda_0798_tinylora,0.8422625357551234,0.8579014369419643,0.42532533407211304,,,,
panda_0799_tinylora,0.9976336881518364,0.9914463588169643,0.47752904891967773,,,,
panda_0800_tinylora,0.8042353386325496,0.9106183733258929,0.3556031286716461,,,,
panda_0801_tinylora,0.7313553959663425,0.8809378487723214,0.3506532311439514,,,,
panda_0802_tinylora,0.9946385664599282,0.9878016880580357,0.4394676685333252,,,,
panda_0803_tinylora,0.8256391558263984,0.9261213030133929,0.35309386253356934,,,,
panda_0804_tinylora,0.9794841515166419,0.9885951450892857,0.39579954743385315,,,,
panda_0805_tinylora,0.9897139593958855,0.9798845563616071,0.4572600722312927,,,,
panda_0806_tinylora,0.9748138380902154,0.9670061383928571,0.4329659640789032,,,,
panda_0807_tinylora,0.8766181288020951,0.8625924246651786,0.41135117411613464,,,,
panda_0808_tinylora,0.9354839303663799,0.9198695591517857,0.2750547528266907,,,,
panda_0809_tinylora,0.9716978701097625,0.9648786272321429,0.4307284355163574,,,,
panda_0810_tinylora,0.8480612550462995,0.8964930943080357,0.4031967520713806,,,,
panda_0811_tinylora,0.9851129172103745,0.9744524274553571,0.2695399820804596,,,,
panda_0812_tinylora,0.9822911439197404,0.9464372907366071,0.3836281895637512,,,,
panda_0813_tinylora,0.9907519796064922,0.9743913922991071,0.46727225184440613,,,,
panda_0814_tinylora,0.8441344084484237,0.8342110770089286,0.34110942482948303,,,,
panda_0815_tinylora,0.852190979889461,0.9330618722098214,0.40086621046066284,,,,
panda_0816_tinylora,0.8990020214446953,0.9081508091517857,0.5430905818939209,,,,
panda_0817_tinylora,0.8278463690408638,0.8224400111607143,0.4045014977455139,,,,
panda_0818_tinylora,0.9431021117738315,0.93585205078125,0.3783220946788788,,,,
panda_0819_tinylora,0.987328055713858,0.9907749720982143,0.43143853545188904,,,,
panda_0820_tinylora,0.9260957751955304,0.9538051060267857,0.5123199224472046,,,,
panda_0821_tinylora,0.9821621913995061,0.9776872907366071,0.37821486592292786,,,,
panda_0822_tinylora,0.9318718665412494,0.8962315150669643,0.13168607652187347,,,,
panda_0823_tinylora,0.8972385142530713,0.9369419642857143,0.33812373876571655,,,,
panda_0824_tinylora,0.9842154436877796,0.9849330357142857,0.7450461387634277,,,,
panda_0825_tinylora,0.9453633257320949,0.9697614397321429,0.45835080742836,,,,
panda_0826_tinylora,0.9958040203366961,0.9874441964285714,0.4395172894001007,,,,
panda_0827_tinylora,0.9958533123135567,0.9874180385044643,0.22178131341934204,,,,
panda_0828_tinylora,0.8681189428482737,0.9211077008928571,0.3574827015399933,,,,
panda_0829_tinylora,0.9899794565779823,0.9748796735491071,0.5993978381156921,,,,
panda_0830_tinylora,0.8557948789426258,0.8258143833705357,0.20877192914485931,,,,
panda_0831_tinylora,0.758025217003056,0.8521990094866071,0.34316563606262207,,,,
panda_0832_tinylora,0.9784914361579078,0.9652361188616071,0.4470340311527252,,,,
panda_0833_tinylora,0.8925129281623023,0.9503609793526786,0.4602396488189697,,,,
panda_0834_tinylora,0.8169538219060216,0.9355730329241071,0.4361262321472168,,,,
panda_0835_tinylora,0.9127864731209618,0.9276994977678571,0.3859003186225891,,,,
panda_0836_tinylora,0.9497771933674812,0.9519914899553571,0.13245122134685516,,,,
panda_0837_tinylora,0.9552374907902309,0.9284580775669643,0.31082600355148315,,,,
panda_0838_tinylora,0.9319040860448565,0.9590279715401786,0.29970523715019226,,,,
panda_0839_tinylora,0.9432919738548142,0.9612165178571429,0.4821537733078003,,,,
panda_0840_tinylora,0.9457715930683273,0.9224679129464286,0.37803903222084045,,,,
panda_0841_tinylora,0.9223830529621669,0.9476667131696429,0.4955579936504364,,,,
panda_0842_tinylora,0.7427067471934217,0.81756591796875,0.424688458442688,,,,
panda_0843_tinylora,0.7758967131376266,0.8905814034598214,0.4039246737957001,,,,
panda_0844_tinylora,0.6879479520555053,0.8864571707589286,0.29239678382873535,,,,
panda_0845_tinylora,0.6299517979579312,0.8301653180803571,0.38929983973503113,,,,
panda_0846_tinylora,0.9915265696389335,0.9925885881696429,0.5755603313446045,,,,
panda_0847_tinylora,0.9552008051957402,0.9061279296875,0.4442550837993622,,,,
panda_0848_tinylora,0.9817894963281495,0.9577549525669643,0.379938006401062,,,,
panda_0849_tinylora,0.7764448784291744,0.8769880022321429,0.43402668833732605,,,,
panda_0850_tinylora,0.9829233661293983,0.9707554408482143,0.5417927503585815,,,,
panda_0851_tinylora,0.8840692043304443,0.9025617327008929,0.35543757677078247,,,,
panda_0852_tinylora,0.9636341418538775,0.9336809430803571,0.3395078480243683,,,,
panda_0853_tinylora,0.752214218888964,0.8226667131696429,0.3358716070652008,,,,
panda_0854_tinylora,0.9777920458997998,0.9764578683035714,0.4293953478336334,,,,
panda_0855_tinylora,0.9763777330517769,0.9501168387276786,0.4298478066921234,,,,
panda_0856_tinylora,0.9920927658677101,0.9777919224330357,0.3274146616458893,,,,
panda_0857_tinylora,0.9873635577304023,0.9830147879464286,0.3511563837528229,,,,
panda_0858_tinylora,0.9791605674794742,0.96783447265625,0.29616332054138184,,,,
panda_0859_tinylora,0.9797836723072189,0.98956298828125,0.3717178404331207,,,,
panda_0860_tinylora,0.8895616837378059,0.918426513671875,0.5278178453445435,,,,
panda_0861_tinylora,0.9163928436381477,0.9428187779017857,0.4573257565498352,,,,
panda_0862_tinylora,0.9850351799811635,0.9731881277901786,0.6167320609092712,,,,
panda_0863_tinylora,0.993574715086392,0.99041748046875,0.32741647958755493,,,,
panda_0864_tinylora,0.9458000117114612,0.9515729631696429,0.45740658044815063,,,,
panda_0865_tinylora,0.9268100687435695,0.9343348911830357,0.5186150074005127,,,,
panda_0866_tinylora,0.9740333610347339,0.9732230050223214,0.539203405380249,,,,
panda_0867_tinylora,0.8868063507335526,0.9126412527901786,0.4090120494365692,,,,
panda_0868_tinylora,0.819534602441958,0.87994384765625,0.37389591336250305,,,,
panda_0869_tinylora,0.7551697630967412,0.8565412248883929,0.23642319440841675,,,,
panda_0870_tinylora,0.7111913870487895,0.8060564313616071,0.37560564279556274,,,,
panda_0871_tinylora,0.8919688590935299,0.9159633091517857,0.34704092144966125,,,,
panda_0872_tinylora,0.8768460718648774,0.8965192522321429,0.2223690152168274,,,,
panda_0873_tinylora,0.9128686200295176,0.9391217912946429,0.5087270140647888,,,,
panda_0874_tinylora,0.9348923723612513,0.9386683872767857,0.42591384053230286,,,,
panda_0875_tinylora,0.8897017304386411,0.9369942801339286,0.3183704912662506,,,,
panda_0876_tinylora,0.8334871887096337,0.9324166434151786,0.4035087525844574,,,,
panda_0877_tinylora,0.9219210552317756,0.9068777901785714,0.3972588777542114,,,,
panda_0878_tinylora,0.8020680136978626,0.9321550641741071,0.33798304200172424,,,,
panda_0879_tinylora,0.8089818110955613,0.8676103864397321,0.3525247871875763,,,,
panda_0880_tinylora,0.9531786409871918,0.96014404296875,0.382621169090271,,,,
panda_0881_tinylora,0.9746551428522382,0.9754987444196429,0.5374330878257751,,,,
panda_0882_tinylora,0.8983815197965929,0.9404732840401786,0.5407024621963501,,,,
panda_0883_tinylora,0.8610590148184981,0.9127022879464286,0.46420565247535706,,,,
panda_0884_tinylora,0.9320081280810493,0.9272548130580357,0.38213783502578735,,,,
panda_0885_tinylora,0.9663363684500966,0.9432373046875,0.22495828568935394,,,,
panda_0886_tinylora,0.985263147524425,0.9900774274553571,0.6734910011291504,,,,
panda_0887_tinylora,0.8777170489941325,0.8718218122209821,0.33635857701301575,,,,
panda_0888_tinylora,0.9551776040877614,0.9270455496651786,0.3048911392688751,,,,
panda_0889_tinylora,0.8116514062775033,0.8894914899553571,0.48086753487586975,,,,
panda_0890_tinylora,0.9449486530252865,0.9461844308035714,0.4651744067668915,,,,
panda_0891_tinylora,0.9512458986469677,0.9313005719866071,0.317865252494812,,,,
panda_0892_tinylora,0.8718762791582516,0.9096941266741071,0.3328401744365692,,,,
panda_0893_tinylora,0.9602404513529369,0.89093017578125,0.3595750033855438,,,,
panda_0894_tinylora,0.8503872102924755,0.9161551339285714,0.35969480872154236,,,,
panda_0895_tinylora,0.7260897792875767,0.8417271205357143,0.42563334107398987,,,,
panda_0896_tinylora,0.701264105205025,0.789154052734375,0.19487705826759338,,,,
panda_0897_tinylora,0.8077057504228183,0.9213169642857143,0.26345664262771606,,,,
panda_0898_tinylora,0.8134243964616742,0.9144374302455357,0.3414786756038666,,,,
panda_0899_tinylora,0.9259289641465459,0.9292340959821429,0.38161906599998474,,,,
panda_0900_tinylora,0.9951855380620275,0.9859183175223214,0.269527405500412,,,,
panda_0901_tinylora,0.9953023812600544,0.9876621791294643,0.39597955346107483,,,,
panda_0902_tinylora,0.9572477393916675,0.9683489118303571,0.3804296851158142,,,,
panda_0903_tinylora,0.9985924043825695,0.9894060407366071,0.5077048540115356,,,,
panda_0904_tinylora,0.6212604729724782,0.7845546177455357,0.30586951971054077,,,,
panda_0905_tinylora,0.9625277242490223,0.9474138532366071,0.4074361026287079,,,,
panda_0906_tinylora,0.8311421014368534,0.9276210239955357,0.28394654393196106,,,,
panda_0907_tinylora,0.9956544893128532,0.9778006417410714,0.21857212483882904,,,,
panda_0908_tinylora,0.7371157737714904,0.8466360909598214,0.49997660517692566,,,,
panda_0909_tinylora,0.9673520262752261,0.9739990234375,0.4442649781703949,,,,
panda_0910_tinylora,0.9893554214920316,0.9830758231026786,0.47105130553245544,,,,
panda_0911_tinylora,0.9057634142892701,0.9020734514508929,0.203481063246727,,,,
panda_0912_tinylora,0.9716384974973542,0.9762486049107143,0.42843252420425415,,,,
panda_0913_tinylora,0.8775664599878448,0.9174543108258929,0.4049449861049652,,,,
panda_0914_tinylora,0.9454424168382373,0.9621320452008929,0.36360785365104675,,,,
panda_0915_tinylora,0.9750576519540378,0.9775739397321429,0.25183016061782837,,,,
panda_0916_tinylora,0.9975236675568989,0.9933122907366071,0.288148432970047,,,,
panda_0917_tinylora,0.8349998843457017,0.9307861328125,0.33069202303886414,,,,
panda_0918_tinylora,0.863112349063158,0.8957606724330357,0.38634878396987915,,,,
panda_0919_tinylora,0.8980648576148919,0.91790771484375,0.5093845725059509,,,,
panda_0920_tinylora,0.9928718475358826,0.9894321986607143,0.42781972885131836,,,,
panda_0921_tinylora,0.8802933661001069,0.8882402692522321,0.38038212060928345,,,,
panda_0922_tinylora,0.6510836971657616,0.8261369977678571,0.5394302010536194,,,,
panda_0923_tinylora,0.9032498534236636,0.8218558175223214,0.4106270372867584,,,,
panda_0924_tinylora,0.8850354701280594,0.8705618722098214,0.3320638835430145,,,,
panda_0925_tinylora,0.9903837804283414,0.9881678989955357,0.4196188151836395,,,,
panda_0926_tinylora,0.9757154264620372,0.95330810546875,0.24961218237876892,,,,
panda_0927_tinylora,0.7960525373263019,0.7801949637276786,0.16740915179252625,,,,
panda_0928_tinylora,0.976587383874825,0.9735804966517857,0.1998240202665329,,,,
panda_0929_tinylora,0.8846451650772776,0.9557146344866071,0.44569697976112366,,,,
panda_0930_tinylora,0.9573132651192802,0.9575108119419643,0.39368686079978943,,,,
panda_0931_tinylora,0.9878303568278041,0.9750540597098214,0.6724451780319214,,,,
panda_0932_tinylora,0.908041428242411,0.9626639229910714,0.3404861390590668,,,,
panda_0933_tinylora,0.8276832518833024,0.9632132393973214,0.2549326717853546,,,,
panda_0934_tinylora,0.9208888709545135,0.9443708147321429,0.48273488879203796,,,,
panda_0935_tinylora,0.9915633212242808,0.9770246233258929,0.4855339825153351,,,,
panda_0936_tinylora,0.9882823558790343,0.9853341238839286,0.18441177904605865,,,,
panda_0937_tinylora,0.9907141625881195,0.9891706194196429,0.6877172589302063,,,,
panda_0938_tinylora,0.9839355647563934,0.9598650251116071,0.37734824419021606,,,,
panda_0939_tinylora,0.9574121439031192,0.9673374720982143,0.45532503724098206,,,,
panda_0940_tinylora,0.9942375996283123,0.9816458565848214,0.3721338212490082,,,,
panda_0941_tinylora,0.8565705897552627,0.9220493861607143,0.30268457531929016,,,,
panda_0942_tinylora,0.8051747533359698,0.8761771065848214,0.4144420921802521,,,,
panda_0943_tinylora,0.9938888528517315,0.9885166713169643,0.4841039776802063,,,,
panda_0944_tinylora,0.9701646992138454,0.9811750139508929,0.49183034896850586,,,,
panda_0945_tinylora,0.9407200909086636,0.9580339704241071,0.3551269471645355,,,,
panda_0946_tinylora,0.9558476720537458,0.95404052734375,0.5088475942611694,,,,
panda_0947_tinylora,0.9970259442925453,0.9898332868303571,0.5470197200775146,,,,
panda_0948_tinylora,0.8426391940031733,0.8128836495535714,0.2952027916908264,,,,
panda_0949_tinylora,0.8621763363480568,0.8992745535714286,0.478943407535553,,,,
panda_0950_tinylora,0.8333660012909344,0.9245343889508929,0.22660404443740845,,,,
panda_0951_tinylora,0.9726518711873463,0.9500470842633929,0.42008066177368164,,,,
panda_0952_tinylora,0.9910215735435486,0.9868425641741071,0.42311570048332214,,,,
panda_0953_tinylora,0.7062102710562093,0.82513427734375,0.26848435401916504,,,,
panda_0954_tinylora,0.9686280648623194,0.9750540597098214,0.35681334137916565,,,,
panda_0955_tinylora,0.9387506821325847,0.9704851422991071,0.4795837998390198,,,,
panda_0956_tinylora,0.7624080250305789,0.9065290178571429,0.27980858087539673,,,,
panda_0957_tinylora,0.8889097475579807,0.9603707449776786,0.53495192527771,,,,
panda_0958_tinylora,0.9123468995094299,0.9485648018973214,0.3800513446331024,,,,
panda_0959_tinylora,0.7608812760029521,0.9112636021205357,0.3746139109134674,,,,
panda_0960_tinylora,0.9613834768533707,0.9433419363839286,0.5972199440002441,,,,
panda_0961_tinylora,0.9870299973658153,0.9829363141741071,0.5103722810745239,,,,
panda_0962_tinylora,0.7459310319806848,0.7903791155133929,0.3919490873813629,,,,
panda_0963_tinylora,0.8592132212860244,0.8982020786830357,0.3915887773036957,,,,
panda_0964_tinylora,0.9469751715660095,0.945068359375,0.5583382844924927,,,,
panda_0965_tinylora,0.9157116764358112,0.9411185128348214,0.32155680656433105,,,,
panda_0966_tinylora,0.8940366325633866,0.8783394949776786,0.4222063422203064,,,,
panda_0967_tinylora,0.9922471876655307,0.9893798828125,0.49573254585266113,,,,
panda_0968_tinylora,0.9887813319052968,0.9797537667410714,0.3754251301288605,,,,
panda_0969_tinylora,0.9167244806885719,0.9305943080357143,0.3652121126651764,,,,
panda_0970_tinylora,0.9945833246622767,0.9812534877232143,0.5564229488372803,,,,
panda_0971_tinylora,0.9906849807926587,0.9913504464285714,0.39668962359428406,,,,
panda_0972_tinylora,0.6773626990616322,0.7693917410714286,0.5524888038635254,,,,
panda_0973_tinylora,0.9803960163678441,0.9791957310267857,0.39794665575027466,,,,
panda_0974_tinylora,0.8111865999443191,0.8596409388950893,0.4966728985309601,,,,
panda_0975_tinylora,0.9118906653353146,0.8714338030133929,0.2007802128791809,,,,
panda_0976_tinylora,0.9946362088833537,0.9590105329241071,0.3102293908596039,,,,
panda_0977_tinylora,0.9905001765915326,0.9817940848214286,0.33011022210121155,,,,
panda_0978_tinylora,0.9829429047448295,0.9945242745535714,0.24996237456798553,,,,
panda_0979_tinylora,0.9968064469950539,0.9783935546875,0.32446810603141785,,,,
panda_0980_tinylora,0.981291376054287,0.9856916155133929,0.49170899391174316,,,,
panda_0981_tinylora,0.991807650242533,0.9912196568080357,0.44829893112182617,,,,
panda_0982_tinylora,0.9978641665407589,0.9908534458705357,0.36197417974472046,,,,
panda_0983_tinylora,0.9879796355962753,0.97601318359375,0.5039544105529785,,,,
panda_0984_tinylora,0.8968223961336272,0.9487130301339286,0.3192547857761383,,,,
panda_0985_tinylora,0.7884254466210093,0.8414568219866071,0.3539162874221802,,,,
panda_0986_tinylora,0.7956014073320797,0.9223807198660714,0.3151988983154297,,,,
panda_0987_tinylora,0.894205874630383,0.9166521344866071,0.43115144968032837,,,,
panda_0988_tinylora,0.9916284478136471,0.9765799386160714,0.3818100690841675,,,,
panda_0989_tinylora,0.7689543286604541,0.8737618582589286,0.4789755642414093,,,,
panda_0990_tinylora,0.9796780645847321,0.9625505719866071,0.4173521101474762,,,,
panda_0991_tinylora,0.9539158173969814,0.9577723911830357,0.3718665838241577,,,,
panda_0992_tinylora,0.7452693336776325,0.8378383091517857,0.39566731452941895,,,,
panda_0993_tinylora,0.8555057969476495,0.8994402204241071,0.48148050904273987,,,,
panda_0994_tinylora,0.9863246668662343,0.9711478097098214,0.35483336448669434,,,,
panda_0995_tinylora,0.7773012290043491,0.760498046875,0.2775819003582001,,,,
panda_0996_tinylora,0.9439306929707527,0.9723423549107143,0.36531442403793335,,,,
panda_0997_tinylora,0.9476723053625652,0.9430890764508929,0.47271233797073364,,,,
panda_0998_tinylora,0.7530804170029504,0.807952880859375,0.4315294027328491,,,,
panda_0999_tinylora,0.9621885046362877,0.9172799246651786,0.4455800950527191,,,,
