video_id,subject_consistency,background_consistency,aesthetic_quality,motion_smoothness,dynamic_degree,imaging_quality,temporal_flickering
0_a-close-up-of-a-truck-with-its-hood-open_FVD-471.8_PSNR-15.055_SSIM-0.428_LPIPS-0.280_FID-78.2_tinylora,,,,0.9910683496488873,0.0,60.08900622663827,0.9677297479966107
100_a-group-of-people-in-a-video-game-are-walking-down-a-dirt-path_FVD-613.2_PSNR-20.336_SSIM-0.584_LPIPS-0.597_FID-72.4_tinylora,,,,0.9947379605220827,1.0,37.322913531599376,0.9911746558021096
101_a-person-is-frying-food-in-a-restaurant-kitchen-using-a-frying-pan-and-a-frying_FVD-608.5_PSNR-12.902_SSIM-0.713_LPIPS-0.409_FID-84.7_tinylora,,,,0.9892572450654942,1.0,61.66338348388672,0.9830247430240406
102_the-word-yum-is-written-in-pink-on-a-black-background_FVD-437.8_PSNR-8.145_SSIM-0.561_LPIPS-0.658_FID-74.1_tinylora,,,,0.9909463002615576,1.0,63.52207328533304,0.9865298121583228
103_a-basketball-game-is-being-played-in-a-crowded-stadium-and-a-basketball-player-i_FVD-530.7_PSNR-20.811_SSIM-0.728_LPIPS-0.645_FID-82.0_tinylora,,,,0.9950988009386447,0.0,69.42317673255657,0.9881534146327599
104_a-man-wearing-headphones-is-standing-in-front-of-a-black-background_FVD-613.2_PSNR-21.233_SSIM-0.502_LPIPS-0.474_FID-72.4_tinylora,,,,0.9830432199923238,0.0,44.85249979742642,0.9787907170314415
105_there-is-a-man-wearing-a-green-shirt-and-glasses-standing-in-front-of-a-wall-wit_FVD-437.8_PSNR-18.219_SSIM-0.738_LPIPS-0.216_FID-74.1_tinylora,,,,0.9915803128142282,1.0,74.88969631852775,0.9860837272569245
106_a-man-with-a-beard-and-hat-is-smiling-for-the-camera-in-front-of-a-vehicle_FVD-437.8_PSNR-10.121_SSIM-0.415_LPIPS-0.672_FID-74.1_tinylora,,,,0.9809225124344609,0.0,59.142169294686155,0.9793221417595358
107_there-is-a-bathroom-with-a-sink-toilet-and-mirror_FVD-633.0_PSNR-14.906_SSIM-0.663_LPIPS-0.475_FID-76.3_tinylora,,,,0.9868981271060775,1.0,42.005725597513134,0.9766163638993806
108_two-men-standing-next-to-a-robot-on-a-construction-site_FVD-471.8_PSNR-17.602_SSIM-0.761_LPIPS-0.183_FID-78.2_tinylora,,,,0.9905938011556119,1.0,67.86552468661604,0.9615567076439951
109_a-video-game-of-a-street-with-cars-and-buildings-in-the-background_FVD-608.5_PSNR-11.672_SSIM-0.231_LPIPS-0.856_FID-84.7_tinylora,,,,0.9833571655825792,1.0,49.45455880000674,0.9679419835408528
10_the-person-is-preparing-food-on-a-wooden-table-near-a-body-of-water_FVD-633.0_PSNR-5.413_SSIM-0.232_LPIPS-0.859_FID-76.3_tinylora,,,,0.9832386853980375,0.0,60.05099539921201,0.9721711888032801
110_a-blurry-picture-of-a-hallway-with-an-elevator_FVD-497.2_PSNR-8.018_SSIM-0.418_LPIPS-0.638_FID-80.6_tinylora,,,,0.9418994162836074,1.0,77.05612787707099,0.9168601989746094
111_products-are-sitting-on-a-counter-in-a-refrigerator_FVD-530.7_PSNR-11.824_SSIM-0.499_LPIPS-0.832_FID-82.0_tinylora,,,,0.9870481760078497,0.0,69.04318197842302,0.9876056998383765
112_a-blue-background-with-the-words-22-news-new-at-11_FVD-587.3_PSNR-19.862_SSIM-0.816_LPIPS-0.217_FID-85.0_tinylora,,,,0.9927893651784967,1.0,66.17730015721814,0.9802602580949372
113_a-beekeeper-is-wearing-a-beekeeping-suit-and-holding-a-piece-of-honeycomb-in-his_FVD-613.2_PSNR-21.571_SSIM-0.698_LPIPS-0.124_FID-72.4_tinylora,,,,0.9909287441605915,0.0,71.88327315758015,0.9862377017152075
114_it-is-a-pond-filter-made-from-a-plastic-terracotta-pot-with-a-18-inch-hole-drill_FVD-613.2_PSNR-18.104_SSIM-0.682_LPIPS-0.334_FID-72.4_tinylora,,,,0.990786887872136,1.0,73.1843490600586,0.9783402686025582
115_a-field-of-grass-with-trees-and-a-house-in-the-distance_FVD-530.7_PSNR-10.134_SSIM-0.300_LPIPS-0.642_FID-82.0_tinylora,,,,0.9800513190385663,0.0,62.643989957612135,0.9792990385317335
116_a-screen-shot-of-a-computer-screen-showing-a-list-of-buttons_FVD-556.2_PSNR-18.356_SSIM-0.774_LPIPS-0.413_FID-84.2_tinylora,,,,0.9902638757492848,0.0,67.32614227821087,0.9894259209726372
117_a-person-is-holding-a-smartphone-in-their-hand-and-appears-to-be-scrolling-throu_FVD-556.2_PSNR-22.195_SSIM-0.819_LPIPS-0.265_FID-84.2_tinylora,,,,0.9907377010967314,0.0,76.78261987094221,0.9885111285190956
118_the-player-is-in-a-post-apocalyptic-world-shooting-at-zombies-with-a-gun_FVD-608.5_PSNR-17.535_SSIM-0.582_LPIPS-0.421_FID-84.7_tinylora,,,,0.9855547580610771,1.0,40.94631662039921,0.9773924977171655
119_a-piece-of-paper-with-information-about-a-robbery_FVD-530.7_PSNR-8.448_SSIM-0.277_LPIPS-0.669_FID-82.0_tinylora,,,,0.9636814302042933,1.0,70.59527601044753,0.9466207653868433
11_there-is-a-white-bowl-filled-with-oatmeal-and-almonds-on-a-table_FVD-613.2_PSNR-16.716_SSIM-0.613_LPIPS-0.427_FID-72.4_tinylora,,,,0.9896610307116971,1.0,60.41166516008048,0.9804231924169203
120_a-blender-with-a-brown-liquid-inside-of-it_FVD-497.2_PSNR-37.400_SSIM-0.979_LPIPS-0.010_FID-80.6_tinylora,,,,0.9963439448963346,0.0,77.95672528497104,0.9976144094093173
121_a-picture-of-a-plate-with-skewers-on-it_FVD-437.8_PSNR-16.452_SSIM-0.754_LPIPS-0.198_FID-74.1_tinylora,,,,0.980563311896607,0.0,66.98554269198713,0.970067003661511
122_a-man-in-an-office-is-talking-to-another-man-who-is-wearing-a-suit-and-tie_FVD-587.3_PSNR-14.214_SSIM-0.427_LPIPS-0.362_FID-85.0_tinylora,,,,0.9845042644795632,1.0,75.41350608036436,0.950207478392358
123_it-is-a-chandelier-made-of-naturally-shed-antlers-no-animals-are-harmed-in-the-m_FVD-587.3_PSNR-37.984_SSIM-0.962_LPIPS-0.010_FID-85.0_tinylora,,,,0.9970274084192972,0.0,77.73269969019397,0.9976891709308998
124_a-person-is-frying-butter-in-a-pan-on-a-stove_FVD-556.2_PSNR-8.345_SSIM-0.478_LPIPS-0.626_FID-84.2_tinylora,,,,0.9761841147049097,1.0,60.926045253359035,0.9420131982541552
125_a-man-in-blue-shirt-is-cooking-food-in-a-kitchen_FVD-471.8_PSNR-25.825_SSIM-0.890_LPIPS-0.073_FID-78.2_tinylora,,,,0.9946297007050684,1.0,75.54138920224946,0.9918704229242662
126_the-air-conditioning-vents-are-made-of-metal-and-are-arranged-in-a-grid-pattern_FVD-556.2_PSNR-18.303_SSIM-0.712_LPIPS-0.426_FID-84.2_tinylora,,,,0.9936892632320022,1.0,44.90500022625101,0.984323039709353
127_a-white-suv-driving-through-a-rocky-desert-area_FVD-530.7_PSNR-9.151_SSIM-0.811_LPIPS-0.276_FID-82.0_tinylora,,,,0.9907132859821279,0.0,60.27244265326138,0.9902105350120395
128_a-billboard-with-a-picture-of-a-man-with-a-smile-on-it_FVD-682.2_PSNR-14.333_SSIM-0.671_LPIPS-0.332_FID-79.0_tinylora,,,,0.9913461942936898,0.0,77.00466761095771,0.9900559827393176
129_a-close-up-view-of-a-door-in-a-kitchen_FVD-587.3_PSNR-23.292_SSIM-0.740_LPIPS-0.348_FID-85.0_tinylora,,,,0.9938333806078521,0.0,67.61858499461206,0.9919437352348777
12_a-cartoon-girl-with-a-smile-on-her-face_FVD-613.2_PSNR-15.004_SSIM-0.894_LPIPS-0.175_FID-72.4_tinylora,,,,0.993170731433599,1.0,67.33587449172447,0.993897222070133
130_a-screen-shot-of-a-website-for-sonoma-shops_FVD-437.8_PSNR-37.430_SSIM-0.980_LPIPS-0.021_FID-74.1_tinylora,,,,0.9964451179777466,0.0,68.15271495950633,0.9974438683659422
131_there-is-a-black-background-with-white-text-on-it_FVD-471.8_PSNR-19.612_SSIM-0.888_LPIPS-0.069_FID-78.2_tinylora,,,,0.9948745829461592,1.0,76.05782028724407,0.988609089570887
132_it-is-a-black-background-with-white-text-that-reads-learn-photography-with-antho_FVD-471.8_PSNR-29.042_SSIM-0.953_LPIPS-0.011_FID-78.2_tinylora,,,,0.9987678439097327,0.0,38.47996534150222,0.9979030620818045
133_there-is-a-black-iron-fireplace-tool-set-on-a-white-background_FVD-471.8_PSNR-17.486_SSIM-0.711_LPIPS-0.357_FID-78.2_tinylora,,,,0.9906282933178613,1.0,51.475257215828734,0.9826678425657983
134_a-man-in-a-suit-standing-in-front-of-a-news-station_FVD-682.2_PSNR-26.821_SSIM-0.892_LPIPS-0.037_FID-79.0_tinylora,,,,0.9831206543448042,1.0,71.4408785063645,0.9779889873429841
135_the-word-making-music-is-spelled-out-with-toy-instruments-on-a-black-background_FVD-471.8_PSNR-5.100_SSIM-0.324_LPIPS-0.734_FID-78.2_tinylora,,,,0.9424498132586367,1.0,66.51434918107658,0.9270067925546683
136_a-musician-is-playing-an-electric-guitar-and-sitting-on-a-chair-in-a-studio_FVD-497.2_PSNR-9.643_SSIM-0.575_LPIPS-0.513_FID-80.6_tinylora,,,,0.9883540999866827,0.0,74.10307101545662,0.9879933918223661
137_there-is-a-hallway-in-an-old-building-with-a-door-open-revealing-a-dark-room_FVD-497.2_PSNR-4.007_SSIM-0.204_LPIPS-0.907_FID-80.6_tinylora,,,,0.9797049992873752,0.0,56.346173648176524,0.9817563075645297
138_a-man-is-sitting-at-a-desk-in-an-office-with-multiple-computer-monitors-he-is-we_FVD-682.2_PSNR-25.782_SSIM-0.939_LPIPS-0.028_FID-79.0_tinylora,,,,0.9948272060226334,0.0,78.14378593707907,0.9947623949424893
139_the-person-is-rolling-out-dough-on-a-piece-of-parchment-paper_FVD-497.2_PSNR-21.915_SSIM-0.764_LPIPS-0.096_FID-80.6_tinylora,,,,0.9944082280014035,0.0,75.6550934890221,0.9842178288628073
13_there-is-a-small-spot-on-the-ceiling-of-a-bathroom-caused-by-an-accumulation-of_FVD-437.8_PSNR-41.217_SSIM-0.936_LPIPS-0.085_FID-74.1_tinylora,,,,0.9969778618244841,0.0,69.09579757164265,0.9979470087032692
140_a-red-and-white-background-with-the-words-the-holidays-are-coming_FVD-471.8_PSNR-20.765_SSIM-0.667_LPIPS-0.133_FID-78.2_tinylora,,,,0.9951578426509492,0.0,73.49511297817888,0.9886917132957309
141_a-close-up-of-a-red-cup-on-a-table_FVD-608.5_PSNR-15.320_SSIM-0.801_LPIPS-0.246_FID-84.7_tinylora,,,,0.9929771696338793,1.0,55.96561076723296,0.9840309498356837
142_a-sign-hanging-on-the-side-of-a-building_FVD-556.2_PSNR-12.103_SSIM-0.678_LPIPS-0.552_FID-84.2_tinylora,,,,0.9761126654187315,1.0,77.21030794340989,0.9488020392025218
143_a-young-man-is-standing-in-front-of-a-green-wall-wearing-a-black-tank-top-and-sh_FVD-587.3_PSNR-14.628_SSIM-0.709_LPIPS-0.311_FID-85.0_tinylora,,,,0.9885897688402284,1.0,70.8821379562904,0.981861774594176
144_it-is-a-black-background-with-text-on-it_FVD-471.8_PSNR-34.379_SSIM-0.965_LPIPS-0.005_FID-78.2_tinylora,,,,0.9986217055598948,0.0,43.960588126346984,0.9970563208355623
145_there-are-two-men-shopping-in-a-toy-store_FVD-471.8_PSNR-20.472_SSIM-0.639_LPIPS-0.383_FID-78.2_tinylora,,,,0.9942962004847345,1.0,37.78268149803425,0.9818692581326354
146_a-man-in-a-brown-suit-holding-a-metal-tool_FVD-587.3_PSNR-10.827_SSIM-0.402_LPIPS-0.525_FID-85.0_tinylora,,,,0.9772544617139056,1.0,70.30867819950498,0.9749296543644924
147_a-set-of-copper-plumbing-fittings-on-a-wooden-surface_FVD-587.3_PSNR-17.330_SSIM-0.817_LPIPS-0.293_FID-85.0_tinylora,,,,0.993168227193388,1.0,69.26326856942012,0.986375254275752
148_a-person-is-washing-dishes-with-a-dish-washing-liquid_FVD-471.8_PSNR-11.680_SSIM-0.784_LPIPS-0.290_FID-78.2_tinylora,,,,0.9806976365265658,1.0,75.24977769522832,0.9712204559176576
149_a-close-up-of-a-white-flower-with-the-words-clematis-x-carminii-sweet-heart_FVD-556.2_PSNR-29.102_SSIM-0.876_LPIPS-0.028_FID-84.2_tinylora,,,,0.9955926609091821,0.0,79.22234265557651,0.9950990686229632
14_it-is-a-news-broadcast-with-two-people-sitting-at-a-desk-one-of-them-is-wearing_FVD-682.2_PSNR-13.179_SSIM-0.626_LPIPS-0.293_FID-79.0_tinylora,,,,0.9910712389589917,0.0,68.59367633688039,0.9804679833206476
150_a-bald-man-wearing-a-black-shirt-with-the-words-2013-on-it_FVD-530.7_PSNR-6.101_SSIM-0.220_LPIPS-0.809_FID-82.0_tinylora,,,,0.9887903472353151,0.0,60.77348511794518,0.9791883823918361
151_a-woman-pouring-liquid-into-a-pot-on-a-stove_FVD-530.7_PSNR-21.278_SSIM-0.750_LPIPS-0.157_FID-82.0_tinylora,,,,0.9758583633440021,1.0,75.94135310732085,0.9706684243445303
152_a-bunch-of-toy-horses-and-a-purple-horse-house_FVD-530.7_PSNR-8.571_SSIM-0.506_LPIPS-0.724_FID-82.0_tinylora,,,,0.9693226435873495,0.0,68.98346394505994,0.9723222508149989
153_a-person-holding-an-iphone-in-their-hand_FVD-556.2_PSNR-30.197_SSIM-0.875_LPIPS-0.253_FID-84.2_tinylora,,,,0.9953259234382856,0.0,43.11269365507981,0.9954322024887683
154_a-man-sitting-in-the-drivers-seat-of-a-suv_FVD-556.2_PSNR-15.032_SSIM-0.360_LPIPS-0.373_FID-84.2_tinylora,,,,0.9774986519046721,1.0,73.81443207839439,0.9355140162449257
155_a-man-giving-a-speech-on-a-stage-with-mountains-in-the-background_FVD-608.5_PSNR-26.977_SSIM-0.906_LPIPS-0.062_FID-84.7_tinylora,,,,0.995138471788288,0.0,70.3573568936052,0.9930499591079412
156_a-piece-of-meat-on-a-white-plate-next-to-a-red-spatula_FVD-682.2_PSNR-27.778_SSIM-0.860_LPIPS-0.059_FID-79.0_tinylora,,,,0.9913439233866623,1.0,75.76136148386988,0.9602189868104224
157_a-colorful-group-of-bacteria-and-viruses-on-a-black-background_FVD-530.7_PSNR-6.293_SSIM-0.349_LPIPS-0.751_FID-82.0_tinylora,,,,0.9686729149458929,0.0,67.26003475846916,0.9661301781149472
158_a-computer-screen-displaying-a-website_FVD-633.0_PSNR-23.377_SSIM-0.839_LPIPS-0.100_FID-76.3_tinylora,,,,0.9948602439439985,0.0,72.92354899439319,0.9941818770240335
159_an-advertisement-for-the-nexus-5x_FVD-682.2_PSNR-19.437_SSIM-0.913_LPIPS-0.209_FID-79.0_tinylora,,,,0.9907838038059775,1.0,59.970522255733094,0.9880302560095694
15_a-black-and-white-photo-of-a-pile-of-dirt-on-the-moon_FVD-556.2_PSNR-22.804_SSIM-0.876_LPIPS-0.084_FID-84.2_tinylora,,,,0.9919081464049295,0.0,44.24989489851327,0.99231610251408
160_a-pixelated-image-of-a-bridge-in-a-video-game_FVD-437.8_PSNR-10.287_SSIM-0.568_LPIPS-0.559_FID-74.1_tinylora,,,,0.9811218131082561,1.0,78.20890913338496,0.979255979201373
161_a-close-up-of-a-computer-screen-with-a-lot-of-information-on-it_FVD-437.8_PSNR-31.447_SSIM-0.947_LPIPS-0.021_FID-74.1_tinylora,,,,0.9938641782500929,0.0,59.372027430041086,0.9929290074928134
162_a-man-wearing-a-purple-cap-stands-in-a-living-room-while-looking-at-the-camera_FVD-530.7_PSNR-20.165_SSIM-0.743_LPIPS-0.180_FID-82.0_tinylora,,,,0.9920830144290622,1.0,70.76504043052937,0.9790662241917031
163_a-spoon-is-drizzling-a-sauce-over-a-plate-of-food_FVD-613.2_PSNR-18.644_SSIM-0.820_LPIPS-0.228_FID-72.4_tinylora,,,,0.9850867613672071,1.0,62.71147431998417,0.9782338759478401
164_there-is-a-man-sitting-at-a-table-with-a-can-of-sour-patch-kids-cereal-in-front_FVD-471.8_PSNR-12.044_SSIM-0.644_LPIPS-0.641_FID-78.2_tinylora,,,,0.9568154703454566,1.0,47.15863096302953,0.9392603481517119
165_two-men-standing-next-to-each-other-in-a-stadium_FVD-608.5_PSNR-20.225_SSIM-0.583_LPIPS-0.246_FID-84.7_tinylora,,,,0.9898269443995548,0.0,77.37585159827923,0.9885440471125584
166_a-dark-scene-with-lanterns-and-trees-in-the-background_FVD-437.8_PSNR-17.003_SSIM-0.517_LPIPS-0.209_FID-74.1_tinylora,,,,0.9921629640103905,1.0,56.72659841077081,0.9849727733462464
167_a-man-standing-in-front-of-a-building-in-a-minecraft-game_FVD-613.2_PSNR-9.038_SSIM-0.431_LPIPS-0.651_FID-72.4_tinylora,,,,0.9090894207576193,1.0,76.99624712713833,0.9120727015476601
168_two-men-playing-a-video-game-with-a-hot-air-balloon-in-the-background_FVD-633.0_PSNR-14.315_SSIM-0.565_LPIPS-0.478_FID-76.3_tinylora,,,,0.9801969196465979,1.0,71.86493761786099,0.9798780459983676
169_the-user-is-logged-into-the-wordpress-administration-area-and-is-on-the-plugins_FVD-471.8_PSNR-21.966_SSIM-0.785_LPIPS-0.212_FID-78.2_tinylora,,,,0.9831852338625087,1.0,62.82397947640255,0.9835072087306602
16_there-is-a-sign-with-information-about-the-asia-black-bear-restoration-health-pr_FVD-530.7_PSNR-12.165_SSIM-0.552_LPIPS-0.387_FID-82.0_tinylora,,,,0.9908992144200095,0.0,64.9625534846865,0.9884188436994366
170_a-blue-background-with-the-words-5-things-to-never-say-at-the-dive-site_FVD-682.2_PSNR-21.159_SSIM-0.625_LPIPS-0.228_FID-79.0_tinylora,,,,0.9900316886570334,1.0,72.65334504226158,0.9837677562938018
171_a-close-up-of-a-door-with-the-words-rigid-overhead-door-on-it_FVD-530.7_PSNR-13.805_SSIM-0.639_LPIPS-0.453_FID-82.0_tinylora,,,,0.9809742686804956,1.0,66.50915645730906,0.9513148251701804
172_a-man-is-standing-in-front-of-a-white-wall-and-holding-a-metal-rod_FVD-471.8_PSNR-7.658_SSIM-0.277_LPIPS-0.800_FID-78.2_tinylora,,,,0.9901117679977974,0.0,60.290981424265894,0.9786226927065382
173_a-television-with-a-colorful-flickering-screen-is-on_FVD-471.8_PSNR-17.267_SSIM-0.766_LPIPS-0.176_FID-78.2_tinylora,,,,0.9871442162268219,0.0,53.314984025626345,0.984443634631587
174_a-living-room-with-couch-chair-table-lamp-and-vase-in-front-of-a-window_FVD-633.0_PSNR-29.178_SSIM-0.869_LPIPS-0.036_FID-76.3_tinylora,,,,0.9943273528027664,0.0,75.82998315219221,0.9861241667878394
175_a-view-from-the-front-of-a-boat-on-a-large-body-of-water_FVD-556.2_PSNR-5.665_SSIM-0.107_LPIPS-0.868_FID-84.2_tinylora,,,,0.9917863532632604,0.0,60.297809469288794,0.9778631004632689
176_a-man-standing-next-to-a-black-chevy-truck_FVD-613.2_PSNR-11.347_SSIM-0.351_LPIPS-0.592_FID-72.4_tinylora,,,,0.9924836652743362,1.0,74.96277881490774,0.9833800839442833
177_a-person-holding-a-piece-of-paper-over-a-piece-of-food_FVD-613.2_PSNR-12.924_SSIM-0.426_LPIPS-0.694_FID-72.4_tinylora,,,,0.9595732022777059,1.0,52.50403371350519,0.9694544642579321
178_a-man-in-a-suit-standing-next-to-a-car-in-a-showroom_FVD-613.2_PSNR-12.115_SSIM-0.441_LPIPS-0.616_FID-72.4_tinylora,,,,0.9833238057175328,0.0,62.674267999057115,0.9845549359041101
179_the-user-provides-a-black-background-with-white-text-on-it_FVD-556.2_PSNR-36.131_SSIM-0.954_LPIPS-0.004_FID-84.2_tinylora,,,,0.9989007552139446,0.0,40.40680997125034,0.9985154774843478
17_there-is-a-black-object-on-the-ground-and-it-appears-to-be-an-electronic-device_FVD-556.2_PSNR-22.817_SSIM-0.762_LPIPS-0.109_FID-84.2_tinylora,,,,0.9937202088701399,0.0,57.352398839490164,0.9903119124618232
180_a-picture-of-a-man-with-a-beard-on-a-tv-screen_FVD-530.7_PSNR-22.193_SSIM-0.845_LPIPS-0.108_FID-82.0_tinylora,,,,0.9941697156627074,1.0,74.18978618753367,0.9900256568310307
181_the-cars-engine-and-other-mechanical-components-are-visible-underneath-the-hood_FVD-471.8_PSNR-9.700_SSIM-0.317_LPIPS-0.651_FID-78.2_tinylora,,,,0.9947062424061505,0.0,67.5777078825852,0.9847251527449664
182_a-soccer-game-is-being-played-in-a-stadium-with-a-large-crowd-of-people-watching_FVD-613.2_PSNR-19.160_SSIM-0.445_LPIPS-0.227_FID-72.4_tinylora,,,,0.967465794711314,1.0,63.820235811430834,0.9405037075865502
183_a-cave-with-text-that-reads-rukuriri-cave-tour_FVD-587.3_PSNR-12.853_SSIM-0.410_LPIPS-0.525_FID-85.0_tinylora,,,,0.982895387521996,1.0,58.08986624355974,0.9633464027853573
184_a-picture-of-a-jar-of-liquid-with-the-words-do-it-yourself-lactobacillus-serum-o_FVD-497.2_PSNR-38.104_SSIM-0.979_LPIPS-0.006_FID-80.6_tinylora,,,,0.9960078373296434,0.0,67.16053456273572,0.9976909642126046
185_a-person-holding-a-piece-of-cloth-in-their-hand_FVD-471.8_PSNR-16.894_SSIM-0.765_LPIPS-0.213_FID-78.2_tinylora,,,,0.9879306682942942,0.0,70.59876882618872,0.9879609855951047
186_a-wooden-deck-with-potted-plants-on-it_FVD-587.3_PSNR-17.687_SSIM-0.528_LPIPS-0.657_FID-85.0_tinylora,,,,0.9855463101373028,0.0,61.21689276859678,0.9843547213311289
187_a-stack-of-saltfish-fritters-on-a-white-plate_FVD-682.2_PSNR-17.612_SSIM-0.701_LPIPS-0.214_FID-79.0_tinylora,,,,0.9806680918227334,1.0,71.02872887973128,0.9797813116335401
188_a-person-washing-a-chicken-in-a-kitchen-sink_FVD-556.2_PSNR-11.322_SSIM-0.256_LPIPS-0.706_FID-84.2_tinylora,,,,0.9909737935973001,1.0,66.16542750391467,0.9769082293790929
189_there-is-a-black-and-white-logo-of-a-fork-and-knife-on-a-black-background_FVD-437.8_PSNR-42.798_SSIM-0.972_LPIPS-0.001_FID-74.1_tinylora,,,,0.9988467806660593,0.0,54.00520298398774,0.9990699333887474
18_a-man-is-sitting-in-a-car-and-ordering-food-from-a-drive-through-window_FVD-613.2_PSNR-20.965_SSIM-0.849_LPIPS-0.056_FID-72.4_tinylora,,,,0.9948892960295764,0.0,73.54471140894397,0.9930255702897615
190_there-is-a-protest-in-the-city-and-police-officers-are-trying-to-control-the-cro_FVD-530.7_PSNR-15.123_SSIM-0.595_LPIPS-0.267_FID-82.0_tinylora,,,,0.9866861357256578,1.0,50.56006227690598,0.9556842504763136
191_a-news-anchor-with-a-fire-in-the-background_FVD-437.8_PSNR-17.155_SSIM-0.652_LPIPS-0.286_FID-74.1_tinylora,,,,0.9904944510189225,0.0,75.94079431994209,0.98962794565687
192_a-blue-bowl-of-food-with-pasta-tomatoes-and-other-vegetables-on-a-table_FVD-608.5_PSNR-28.301_SSIM-0.911_LPIPS-0.062_FID-84.7_tinylora,,,,0.9951139813898315,0.0,75.02994774127829,0.9927336622686947
193_two-women-standing-next-to-each-other-in-front-of-a-blue-background_FVD-471.8_PSNR-20.155_SSIM-0.839_LPIPS-0.162_FID-78.2_tinylora,,,,0.9942139647993278,0.0,75.30589005042766,0.9906674871257707
194_an-empty-street-with-buildings-on-both-sides_FVD-530.7_PSNR-21.025_SSIM-0.710_LPIPS-0.044_FID-82.0_tinylora,,,,0.992967408684895,0.0,74.79103693468818,0.9863689740498861
195_a-black-and-white-dog-running-through-a-warehouse_FVD-556.2_PSNR-21.602_SSIM-0.736_LPIPS-0.229_FID-84.2_tinylora,,,,0.9922201371868192,0.0,53.40804619624697,0.9852771385043275
196_the-person-is-holding-a-steelbook-edition-of-batman-arkham-city-and-they-are-unb_FVD-608.5_PSNR-15.077_SSIM-0.753_LPIPS-0.301_FID-84.7_tinylora,,,,0.9842011363840407,1.0,74.8289373989763,0.9735707619610955
197_a-man-is-sitting-at-a-table-with-a-fish-tank-in-front-of-him-and-he-is-looking-a_FVD-587.3_PSNR-7.085_SSIM-0.394_LPIPS-0.595_FID-85.0_tinylora,,,,0.9770245775593891,1.0,72.64587954817146,0.9635474709903493
198_there-is-a-computer-with-a-blue-screen-displaying-various-windows-and-icons_FVD-633.0_PSNR-17.239_SSIM-0.685_LPIPS-0.289_FID-76.3_tinylora,,,,0.9831864603814282,0.0,76.13319686363484,0.9800709144741881
199_a-close-up-of-a-plastic-model-of-some-sort_FVD-633.0_PSNR-22.736_SSIM-0.863_LPIPS-0.183_FID-76.3_tinylora,,,,0.9912060164610715,1.0,77.25769437592605,0.982366589938893
19_a-car-with-a-colorful-paint-job-parked-in-a-parking-lot_FVD-556.2_PSNR-25.183_SSIM-0.891_LPIPS-0.080_FID-84.2_tinylora,,,,0.9954244358667612,1.0,59.593273689006935,0.9928589755413579
1_a-young-woman-is-standing-in-front-of-a-kitchen-counter-she-has-tattoos-on-her-a_FVD-437.8_PSNR-19.561_SSIM-0.676_LPIPS-0.258_FID-74.1_tinylora,,,,0.9947584459130874,0.0,71.06204933955752,0.9905946338877959
200_a-city-street-with-a-lot-of-cars-and-a-hole-in-the-ground_FVD-682.2_PSNR-6.027_SSIM-0.368_LPIPS-0.662_FID-79.0_tinylora,,,,0.9823396961281842,0.0,73.30236342857624,0.9718890919404871
201_there-is-a-man-standing-at-a-podium-in-front-of-a-large-crowd-holding-a-micropho_FVD-437.8_PSNR-16.616_SSIM-0.509_LPIPS-0.239_FID-74.1_tinylora,,,,0.9764390274672903,1.0,65.36121407870588,0.9678036072674919
202_a-man-in-a-black-t-shirt-and-cap-is-standing-in-front-of-a-white-desk-and-pointi_FVD-587.3_PSNR-10.428_SSIM-0.417_LPIPS-0.680_FID-85.0_tinylora,,,,0.9602327942728908,1.0,63.81590955010776,0.9102568832098269
203_a-koala-is-sitting-in-a-tree-with-a-blue-sky-in-the-background_FVD-556.2_PSNR-22.287_SSIM-0.855_LPIPS-0.320_FID-84.2_tinylora,,,,0.9877732577071962,1.0,54.888467065219224,0.9778929859984155
204_an-elephant-peeking-out-from-behind-some-bushes_FVD-608.5_PSNR-10.548_SSIM-0.465_LPIPS-0.842_FID-84.7_tinylora,,,,0.9473747636741663,1.0,47.58717938127189,0.9230249816296148
205_a-purple-background-with-a-lot-of-spheres-and-bubbles_FVD-437.8_PSNR-22.779_SSIM-0.876_LPIPS-0.227_FID-74.1_tinylora,,,,0.9954489243948114,1.0,72.15772326239224,0.9916039962394565
206_a-red-sports-car-is-driving-on-a-dirt-road-and-the-wheels-are-spinning_FVD-682.2_PSNR-12.904_SSIM-0.493_LPIPS-0.350_FID-79.0_tinylora,,,,0.988412092401063,1.0,68.49885059225149,0.929089609781901
207_there-is-a-barbie-doll-sitting-at-a-vanity-table-with-various-cosmetics-and-make_FVD-530.7_PSNR-14.155_SSIM-0.691_LPIPS-0.308_FID-82.0_tinylora,,,,0.9859972678975436,1.0,77.56302616514009,0.9831086308348412
208_a-document-on-a-white-sheet-of-paper_FVD-633.0_PSNR-21.359_SSIM-0.730_LPIPS-0.081_FID-76.3_tinylora,,,,0.9945988757081358,0.0,74.13736409154431,0.9906449738670798
209_a-piece-of-dough-in-a-frying-pan-on-a-stove_FVD-633.0_PSNR-13.369_SSIM-0.410_LPIPS-0.628_FID-76.3_tinylora,,,,0.9870991929758014,0.0,67.50958304569639,0.9796740419724408
20_a-close-up-of-a-flashlight-in-a-box_FVD-437.8_PSNR-9.985_SSIM-0.720_LPIPS-0.564_FID-74.1_tinylora,,,,0.9817690428869198,1.0,36.749538618942786,0.9784081589941885
210_an-aerial-view-of-a-snowy-mountain-range-with-snow-on-the-ground_FVD-497.2_PSNR-17.319_SSIM-0.693_LPIPS-0.310_FID-80.6_tinylora,,,,0.9896776202802168,1.0,69.34873146846377,0.9650463590434953
211_there-is-a-man-wearing-a-blue-shirt-and-a-beard-and-he-is-standing-in-front-of-a_FVD-608.5_PSNR-13.328_SSIM-0.423_LPIPS-0.492_FID-84.7_tinylora,,,,0.9888840295733679,1.0,68.70375429350754,0.9611815807866115
212_a-room-with-white-walls-a-fireplace-and-a-flat-screen-tv-is-a-staircase_FVD-471.8_PSNR-9.141_SSIM-0.383_LPIPS-0.774_FID-78.2_tinylora,,,,0.9816106515055274,0.0,69.6733214279701,0.9788945646846996
213_there-is-a-man-playing-a-video-game-on-a-computer-screen-and-he-is-wearing-a-hat_FVD-497.2_PSNR-18.959_SSIM-0.733_LPIPS-0.338_FID-80.6_tinylora,,,,0.988921462014293,1.0,61.270450592041016,0.9868017430398979
214_two-cars-parked-next-to-each-other-in-a-parking-lot_FVD-437.8_PSNR-13.134_SSIM-0.476_LPIPS-0.728_FID-74.1_tinylora,,,,0.9930120094578964,1.0,50.19477258879563,0.9814678453931621
215_a-close-up-of-a-space-station-with-the-words-16-modules-written-on-it_FVD-497.2_PSNR-22.819_SSIM-0.918_LPIPS-0.169_FID-80.6_tinylora,,,,0.9980412894992399,0.0,39.177815930596715,0.9977696037759968
216_a-blurry-picture-of-a-white-bird-with-a-green-background_FVD-682.2_PSNR-46.481_SSIM-0.992_LPIPS-0.008_FID-79.0_tinylora,,,,0.9963768532920647,0.0,38.21662284587992,0.9980062601613063
217_a-green-sphere-with-some-clouds-in-it_FVD-682.2_PSNR-26.621_SSIM-0.539_LPIPS-0.100_FID-79.0_tinylora,,,,0.9959739963025809,0.0,47.27149016281654,0.9834781889821969
218_a-drawing-of-two-kangaroos-standing-next-to-each-other_FVD-497.2_PSNR-27.779_SSIM-0.900_LPIPS-0.026_FID-80.6_tinylora,,,,0.9947759386540407,0.0,71.04077016896215,0.9933523580139758
219_a-group-of-people-are-gathered-in-a-room-and-one-man-is-speaking-into-a-micropho_FVD-587.3_PSNR-23.430_SSIM-0.782_LPIPS-0.109_FID-85.0_tinylora,,,,0.9946581271397449,1.0,69.76150144379714,0.9920348793852563
21_a-comic-book-cover-featuring-a-group-of-superheroes_FVD-437.8_PSNR-10.166_SSIM-0.472_LPIPS-0.507_FID-74.1_tinylora,,,,0.9825908334754843,1.0,76.69220496868265,0.9792150291742063
220_a-person-is-standing-on-a-wooden-staircase-with-their-feet-covered-in-blood_FVD-471.8_PSNR-32.030_SSIM-0.952_LPIPS-0.014_FID-78.2_tinylora,,,,0.9963960408549103,0.0,55.67595672607422,0.9964251992749232
221_a-long-hallway-with-lots-of-tables-and-chairs_FVD-497.2_PSNR-8.813_SSIM-0.414_LPIPS-0.752_FID-80.6_tinylora,,,,0.9649156098403571,1.0,77.86231626313308,0.9465393963982077
222_there-is-a-soccer-game-happening-in-a-stadium-and-the-fans-are-cheering-for-thei_FVD-556.2_PSNR-21.748_SSIM-0.762_LPIPS-0.138_FID-84.2_tinylora,,,,0.9828017374484516,1.0,67.80111852185479,0.9721861240910549
223_a-close-up-of-two-hands-holding-a-small-object_FVD-613.2_PSNR-24.364_SSIM-0.930_LPIPS-0.063_FID-72.4_tinylora,,,,0.9957993171894827,1.0,75.08379706021013,0.9945160987330418
224_a-woman-is-unpacking-a-box-of-household-appliances-including-a-vacuum-cleaner-an_FVD-587.3_PSNR-8.393_SSIM-0.436_LPIPS-0.543_FID-85.0_tinylora,,,,0.9631295287212106,1.0,60.47272083677095,0.951351842693254
225_a-stick-figure-in-a-blue-hoodie-and-glasses-is-waving-its-arms-up-and-down-on-a_FVD-530.7_PSNR-13.271_SSIM-0.829_LPIPS-0.216_FID-82.0_tinylora,,,,0.9815972652415667,1.0,73.56483064848801,0.9748785430309819
226_a-cartoon-of-a-boy-standing-next-to-a-red-chair_FVD-530.7_PSNR-9.693_SSIM-0.673_LPIPS-0.385_FID-82.0_tinylora,,,,0.988548157911669,1.0,72.68648318586678,0.9804959558973125
227_there-are-two-men-sitting-at-a-table-with-a-bag-of-food-in-front-of-them_FVD-608.5_PSNR-25.006_SSIM-0.896_LPIPS-0.036_FID-84.7_tinylora,,,,0.9955409619443396,0.0,73.20811041470232,0.9948381021911022
228_a-chef-is-standing-in-front-of-a-stainless-steel-kitchen-counter-he-is-wearing-a_FVD-471.8_PSNR-8.259_SSIM-0.183_LPIPS-0.732_FID-78.2_tinylora,,,,0.9901781402999233,0.0,64.14651804956897,0.976269069372439
229_a-man-and-a-woman-are-standing-in-the-woods-with-the-man-wearing-an-orange-life_FVD-530.7_PSNR-14.597_SSIM-0.535_LPIPS-0.486_FID-82.0_tinylora,,,,0.9755657887821261,1.0,62.455708339296535,0.9609947054993873
22_a-man-is-standing-on-a-bridge-on-a-tv_FVD-556.2_PSNR-8.044_SSIM-0.295_LPIPS-0.739_FID-84.2_tinylora,,,,0.9705249650608107,1.0,62.38319883675411,0.9609455557430492
230_there-is-a-large-rock-floating-in-space-surrounded-by-smaller-rocks-and-debris_FVD-682.2_PSNR-10.357_SSIM-0.526_LPIPS-0.596_FID-79.0_tinylora,,,,0.9604451230278437,1.0,36.49183332509008,0.9308717989454083
231_a-pink-background-with-the-words-comparing-color-in-princess-cuts_FVD-608.5_PSNR-19.691_SSIM-0.826_LPIPS-0.212_FID-84.7_tinylora,,,,0.9871275649348948,1.0,73.5481028063544,0.9781940628500546
232_it-is-a-busy-street-in-a-city-with-many-cars-motorcycles-and-pedestrians_FVD-587.3_PSNR-26.318_SSIM-0.785_LPIPS-0.097_FID-85.0_tinylora,,,,0.9913205224998654,0.0,73.16440792741447,0.9844731789009243
233_a-person-is-performing-an-inverse-pass-card-trick-on-a-green-table-with-a-deck-o_FVD-587.3_PSNR-6.279_SSIM-0.318_LPIPS-0.875_FID-85.0_tinylora,,,,0.9373664632786876,1.0,60.83680133161874,0.9196859845928117
234_the-product-is-a-packet-of-quinoa-flakes_FVD-471.8_PSNR-15.773_SSIM-0.609_LPIPS-0.342_FID-78.2_tinylora,,,,0.9876907342130229,1.0,74.20335572341392,0.957893809150247
235_an-orange-background-with-the-words-cambella-faciale-e-voce_FVD-497.2_PSNR-15.028_SSIM-0.670_LPIPS-0.405_FID-80.6_tinylora,,,,0.9771940015322368,1.0,44.026801010658,0.9366066502589806
236_a-poster-with-the-words-using-minor-pentatonic-over-major-7th-chords_FVD-556.2_PSNR-9.490_SSIM-0.508_LPIPS-0.591_FID-84.2_tinylora,,,,0.978254112275252,0.0,74.97514790502088,0.9731597021514294
237_a-close-up-of-a-metal-grate-with-holes-in-it_FVD-497.2_PSNR-9.264_SSIM-0.436_LPIPS-0.713_FID-80.6_tinylora,,,,0.9628470875529699,1.0,47.14337651482944,0.9385768030204025
238_a-white-plate-topped-with-fried-green-beans_FVD-471.8_PSNR-9.697_SSIM-0.231_LPIPS-0.583_FID-78.2_tinylora,,,,0.9414300665845932,1.0,50.91263159390154,0.8561793907015931
239_a-man-in-a-suit-and-glasses-is-talking-to-another-man-in-a-business-suit_FVD-608.5_PSNR-10.173_SSIM-0.245_LPIPS-0.783_FID-84.7_tinylora,,,,0.9928544709817688,1.0,49.91711886175747,0.9777413162530637
23_there-is-a-group-of-people-playing-musical-instruments-in-front-of-a-purple-curt_FVD-633.0_PSNR-8.953_SSIM-0.276_LPIPS-0.756_FID-76.3_tinylora,,,,0.9874797636068317,0.0,53.78911038102775,0.9852322746725644
240_a-man-is-fishing-from-a-tunnel-under-a-bridge-over-a-river_FVD-682.2_PSNR-21.003_SSIM-0.781_LPIPS-0.097_FID-79.0_tinylora,,,,0.9913139891707217,0.0,74.91897977631668,0.9836901402940937
241_a-soccer-stadium-with-a-person-on-a-screen_FVD-437.8_PSNR-18.567_SSIM-0.826_LPIPS-0.160_FID-74.1_tinylora,,,,0.9941054370466135,1.0,71.25915080103381,0.988109042597752
242_a-group-of-people-are-standing-in-front-of-a-waterfall_FVD-682.2_PSNR-17.585_SSIM-0.539_LPIPS-0.679_FID-79.0_tinylora,,,,0.9931519904302533,0.0,48.40205804232893,0.9858259668537215
243_a-news-anchor-and-reporter-are-sitting-at-a-desk-in-front-of-a-cityscape-backdro_FVD-437.8_PSNR-24.203_SSIM-0.867_LPIPS-0.058_FID-74.1_tinylora,,,,0.9954322057682582,0.0,75.31139452704068,0.9932394780364691
244_a-piece-of-butter-sitting-on-top-of-a-cloth_FVD-608.5_PSNR-12.808_SSIM-0.386_LPIPS-0.711_FID-84.7_tinylora,,,,0.9805649115615798,1.0,53.394714223927465,0.9688209888981838
245_there-is-a-computer-screen-displaying-a-programing-system-with-a-button-labeled_FVD-556.2_PSNR-12.664_SSIM-0.715_LPIPS-0.418_FID-84.2_tinylora,,,,0.9897033404708038,0.0,40.97302995879075,0.9864548327876073
246_a-computer-screen-showing-an-image-of-a-tank_FVD-587.3_PSNR-23.418_SSIM-0.829_LPIPS-0.153_FID-85.0_tinylora,,,,0.9940024197446072,0.0,74.87071464801657,0.993329660097758
247_a-close-up-of-a-camera-with-a-lens-attached_FVD-497.2_PSNR-18.844_SSIM-0.764_LPIPS-0.283_FID-80.6_tinylora,,,,0.992059235953997,0.0,66.31351826108735,0.9878154586343204
248_a-man-is-standing-in-the-rain-and-shouting_FVD-613.2_PSNR-19.868_SSIM-0.702_LPIPS-0.111_FID-72.4_tinylora,,,,0.991907366211709,1.0,71.48780691212622,0.9504884233661727
249_a-red-car-is-driving-on-a-dirt-road-with-dust-flying-around-it_FVD-633.0_PSNR-11.749_SSIM-0.325_LPIPS-0.727_FID-76.3_tinylora,,,,0.9892275301546901,1.0,43.377364191515696,0.9744879872191186
24_a-sheet-of-paper-with-a-list-of-words-on-it_FVD-471.8_PSNR-19.165_SSIM-0.860_LPIPS-0.130_FID-78.2_tinylora,,,,0.9852763169904715,1.0,55.12311632879849,0.9713693020390529
250_mannequins-with-t-shirts-on-display-with-the-words-are-you-repping-the-shit_FVD-608.5_PSNR-15.143_SSIM-0.736_LPIPS-0.407_FID-84.7_tinylora,,,,0.9798071823881797,1.0,68.81678877205684,0.9800246556599935
251_there-is-a-bright-light-shining-in-a-dark-background-and-the-light-is-moving-in_FVD-682.2_PSNR-18.223_SSIM-0.647_LPIPS-0.437_FID-79.0_tinylora,,,,0.9836964717778137,0.0,29.64427165327401,0.9704782822552849
252_person-is-being-melted-in-a-frying-pan-on-a-stove_FVD-437.8_PSNR-10.209_SSIM-0.437_LPIPS-0.699_FID-74.1_tinylora,,,,0.9732880737097189,0.0,58.362048576618065,0.974330410302854
253_an-advertisement-for-the-us-spacewalk-on-iss_FVD-530.7_PSNR-25.499_SSIM-0.897_LPIPS-0.079_FID-82.0_tinylora,,,,0.9950822480768482,0.0,76.89908810319572,0.9940750725129072
254_a-screen-shot-of-a-menu-in-a-video-game_FVD-608.5_PSNR-7.766_SSIM-0.297_LPIPS-0.807_FID-84.7_tinylora,,,,0.9876458236539809,0.0,58.67718255930934,0.9751561426648907
255_the-text-haywards-fitness-bodybuilding-is-written-on-a-black-background_FVD-530.7_PSNR-29.035_SSIM-0.899_LPIPS-0.016_FID-82.0_tinylora,,,,0.9926757099407605,0.0,64.71447701289736,0.9863865973902683
256_a-man-and-a-little-boy-sitting-in-a-chair_FVD-608.5_PSNR-18.126_SSIM-0.667_LPIPS-0.176_FID-84.7_tinylora,,,,0.9914252951781675,0.0,74.54545830036032,0.9749012965782016
257_there-is-a-wooden-ladder-leaning-against-the-side-of-a-house_FVD-556.2_PSNR-10.995_SSIM-0.303_LPIPS-0.659_FID-84.2_tinylora,,,,0.9888472354085865,0.0,63.097896049762596,0.9828910921134201
258_a-wooden-box-with-a-window-is-on-the-steps-of-a-house_FVD-587.3_PSNR-14.724_SSIM-0.535_LPIPS-0.327_FID-85.0_tinylora,,,,0.9865811771757315,1.0,76.57763671875,0.9671921299953087
259_a-young-girl-is-playing-with-stuffed-animals-in-her-bedroom_FVD-497.2_PSNR-16.461_SSIM-0.612_LPIPS-0.497_FID-80.6_tinylora,,,,0.9844531855544034,1.0,45.45336151123047,0.9669980591418696
25_a-computer-screen-showing-various-items-in-a-minecraft-game_FVD-497.2_PSNR-15.827_SSIM-0.261_LPIPS-0.805_FID-80.6_tinylora,,,,0.9758585358889816,1.0,49.29110500730317,0.9808602856654747
260_a-man-wearing-a-black-jacket-and-black-pants-is-standing-on-a-black-box-on-a-roa_FVD-633.0_PSNR-12.505_SSIM-0.723_LPIPS-0.549_FID-76.3_tinylora,,,,0.963194358873357,1.0,72.36002849710398,0.941621810314702
261_a-close-up-of-the-engine-of-a-car_FVD-497.2_PSNR-18.668_SSIM-0.543_LPIPS-0.132_FID-80.6_tinylora,,,,0.991382572526874,0.0,72.7993269295528,0.9857827551224653
262_a-man-is-standing-in-front-of-a-kitchen-counter-holding-a-mug-of-coffee-and-talk_FVD-530.7_PSNR-10.966_SSIM-0.378_LPIPS-0.810_FID-82.0_tinylora,,,,0.9953591399834507,0.0,48.53660590073158,0.9885170291451847
263_a-close-up-view-of-a-cars-suspension_FVD-556.2_PSNR-17.908_SSIM-0.718_LPIPS-0.347_FID-84.2_tinylora,,,,0.9931109476376021,1.0,64.51307770301555,0.9863741575502882
264_a-couple-of-people-in-a-restaurant-looking-at-each-other_FVD-613.2_PSNR-28.935_SSIM-0.948_LPIPS-0.037_FID-72.4_tinylora,,,,0.9951785136797775,0.0,73.43536298028354,0.9955927044737573
265_a-man-is-cooking-food-in-a-pan-on-a-gas-stove_FVD-608.5_PSNR-16.296_SSIM-0.455_LPIPS-0.337_FID-84.7_tinylora,,,,0.9874193015547565,1.0,76.82758041908001,0.9669822318881166
266_the-chef-is-preparing-a-dish-with-scallops-on-a-cooking-show_FVD-633.0_PSNR-13.738_SSIM-0.722_LPIPS-0.558_FID-76.3_tinylora,,,,0.993051008130282,1.0,58.60564212141366,0.9741462838416006
267_a-close-up-of-a-dish-with-vegetables-in-it_FVD-587.3_PSNR-24.316_SSIM-0.641_LPIPS-0.110_FID-85.0_tinylora,,,,0.9945422772140373,0.0,56.94998852959995,0.9913804101008995
268_there-is-a-man-sitting-on-a-bench-by-the-lake-and-fishing_FVD-556.2_PSNR-14.690_SSIM-0.617_LPIPS-0.682_FID-84.2_tinylora,,,,0.9930111025446503,0.0,76.55643673600822,0.983645497116388
269_a-man-is-sitting-on-a-stool-and-playing-a-musical-instrument_FVD-437.8_PSNR-7.853_SSIM-0.667_LPIPS-0.356_FID-74.1_tinylora,,,,0.9441742408769064,1.0,63.81526512935244,0.9393076616175035
26_a-female-soccer-player-kicks-the-ball-during-a-game_FVD-530.7_PSNR-9.370_SSIM-0.374_LPIPS-0.625_FID-82.0_tinylora,,,,0.9697500896392212,1.0,63.04845467929182,0.9657477696736654
270_the-sun-is-setting-over-a-body-of-water-and-there-are-buildings-in-the-distance_FVD-437.8_PSNR-21.514_SSIM-0.803_LPIPS-0.334_FID-74.1_tinylora,,,,0.9868074437306974,1.0,63.16167660417228,0.97519552006441
271_a-city-skyline-with-skyscrapers-and-buildings-against-a-hazy-sky_FVD-556.2_PSNR-11.764_SSIM-0.196_LPIPS-0.642_FID-84.2_tinylora,,,,0.9873292571569225,0.0,57.200071532150794,0.9773365862229291
272_a-man-and-two-women-are-sitting-at-a-desk-in-an-office_FVD-613.2_PSNR-15.229_SSIM-0.419_LPIPS-0.545_FID-72.4_tinylora,,,,0.9813560101858585,1.0,72.18943839237608,0.9785058975219727
273_person-logo-with-mountains-in-the-background_FVD-437.8_PSNR-30.106_SSIM-0.884_LPIPS-0.051_FID-74.1_tinylora,,,,0.9948222506149896,0.0,66.39789186674973,0.9828713080462288
274_a-plate-of-nachos-with-cheese-and-sour-cream_FVD-471.8_PSNR-26.241_SSIM-0.806_LPIPS-0.125_FID-78.2_tinylora,,,,0.992024851106308,0.0,76.28076776964912,0.9879287850623037
275_there-are-various-ingredients-on-a-wooden-cutting-board-including-meat-herbs-and_FVD-608.5_PSNR-29.398_SSIM-0.841_LPIPS-0.138_FID-84.7_tinylora,,,,0.9949088700651201,0.0,66.62795283876616,0.9952260662527646
276_an-older-man-with-a-beard-and-sweater-stands-in-a-room-with-machines_FVD-437.8_PSNR-19.629_SSIM-0.701_LPIPS-0.192_FID-74.1_tinylora,,,,0.9922693630069549,1.0,50.008467707140696,0.9851667740765739
277_a-close-up-of-a-metal-railing-in-a-building_FVD-497.2_PSNR-9.717_SSIM-0.652_LPIPS-0.580_FID-80.6_tinylora,,,,0.9867667771235097,0.0,66.3279475508065,0.9844238860934389
278_there-is-a-basketball-game-being-played-in-a-stadium-and-the-players-are-wearing_FVD-613.2_PSNR-17.949_SSIM-0.592_LPIPS-0.496_FID-72.4_tinylora,,,,0.9894020907307901,0.0,65.4613950005893,0.9828493323980593
279_an-image-of-a-tiger-with-the-words-tigerfitness-com_FVD-587.3_PSNR-8.037_SSIM-0.284_LPIPS-0.587_FID-85.0_tinylora,,,,0.9762860298700142,1.0,74.1925803875101,0.9621897641350241
27_two-men-are-standing-in-a-field-one-of-them-is-holding-a-pineapple-and-the-other_FVD-682.2_PSNR-13.882_SSIM-0.535_LPIPS-0.361_FID-79.0_tinylora,,,,0.9853830292800881,1.0,70.77142320830247,0.9528959685680913
280_a-breaking-news-banner-is-being-displayed-on-a-tv-screen_FVD-497.2_PSNR-16.475_SSIM-0.667_LPIPS-0.336_FID-80.6_tinylora,,,,0.9724781613700502,1.0,61.607018174796266,0.9714687440909592
281_a-person-holding-a-gun-in-a-video-game_FVD-497.2_PSNR-21.990_SSIM-0.820_LPIPS-0.192_FID-80.6_tinylora,,,,0.9912399799997456,1.0,60.4553091114965,0.9876924271677054
282_a-view-of-an-office-building-through-a-glass-door_FVD-587.3_PSNR-25.885_SSIM-0.879_LPIPS-0.116_FID-85.0_tinylora,,,,0.9955640006737203,0.0,74.798937041184,0.993793324395722
283_a-person-holding-an-iphone-in-their-hand_FVD-530.7_PSNR-23.359_SSIM-0.810_LPIPS-0.327_FID-82.0_tinylora,,,,0.993625198309826,0.0,54.586299370075096,0.990641430312512
284_a-colorful-background-with-text-on-a-geometric-background_FVD-556.2_PSNR-32.276_SSIM-0.967_LPIPS-0.093_FID-84.2_tinylora,,,,0.9950441380812475,0.0,49.60949075633082,0.9925661250656727
285_a-close-up-of-two-packages-of-food-on-a-table_FVD-613.2_PSNR-16.451_SSIM-0.627_LPIPS-0.354_FID-72.4_tinylora,,,,0.9905224446883454,1.0,62.75857425558156,0.9723933649998086
286_a-person-in-a-blue-glove-is-working-on-a-pipe_FVD-608.5_PSNR-19.102_SSIM-0.701_LPIPS-0.232_FID-84.7_tinylora,,,,0.9937070239086554,1.0,59.69361956366177,0.9893348338557225
287_an-essay-with-the-words-thesis-statement_FVD-556.2_PSNR-8.318_SSIM-0.309_LPIPS-0.596_FID-84.2_tinylora,,,,0.9716058352093508,1.0,69.43167890351394,0.9676414153155158
288_a-pink-and-white-house-with-a-porch-and-stairs_FVD-682.2_PSNR-14.201_SSIM-0.661_LPIPS-0.345_FID-79.0_tinylora,,,,0.9936803325096064,1.0,72.58402988828462,0.9849710903915705
289_there-is-a-man-wearing-a-black-shirt-and-a-baseball-cap-in-a-garage_FVD-608.5_PSNR-11.156_SSIM-0.495_LPIPS-0.628_FID-84.7_tinylora,,,,0.9894781582838797,0.0,73.73523238609577,0.9895180318869796
28_a-pink-sculpture-of-a-cat-on-a-television-screen_FVD-471.8_PSNR-8.654_SSIM-0.351_LPIPS-0.676_FID-78.2_tinylora,,,,0.9727686228404289,1.0,72.27360034811086,0.9731256989871755
290_a-shelf-filled-with-chainsaws-and-other-tools_FVD-497.2_PSNR-22.295_SSIM-0.614_LPIPS-0.183_FID-80.6_tinylora,,,,0.9885475116862985,0.0,52.789449231377965,0.9837533240224801
291_a-person-is-fixing-something-in-a-metal-tray_FVD-471.8_PSNR-18.231_SSIM-0.585_LPIPS-0.254_FID-78.2_tinylora,,,,0.9906661370143677,0.0,78.37071385876885,0.9864925169477275
292_a-hunter-is-aiming-and-shooting-at-a-target-from-a-tree-stand_FVD-497.2_PSNR-22.363_SSIM-0.565_LPIPS-0.152_FID-80.6_tinylora,,,,0.9911508189012784,1.0,71.93056803736194,0.9851891555038153
293_three-men-standing-next-to-each-other-on-a-track_FVD-587.3_PSNR-14.343_SSIM-0.432_LPIPS-0.340_FID-85.0_tinylora,,,,0.9899525978259893,0.0,77.23656910863416,0.9776000845666025
294_a-bottle-of-olive-oil-with-other-ingredients-in-the-background_FVD-497.2_PSNR-10.914_SSIM-0.434_LPIPS-0.486_FID-80.6_tinylora,,,,0.9770666761963867,1.0,79.09634662496633,0.967629638372683
295_a-close-up-of-a-piece-of-paper-with-numbers-on-it_FVD-682.2_PSNR-8.165_SSIM-0.538_LPIPS-0.486_FID-79.0_tinylora,,,,0.9651237741357227,1.0,61.8339220244309,0.9417090023265166
296_a-person-is-putting-a-light-on-a-lamp-on-a-table_FVD-497.2_PSNR-18.299_SSIM-0.769_LPIPS-0.261_FID-80.6_tinylora,,,,0.9871261011081783,1.0,28.266909566418878,0.9171355004404106
297_there-is-a-red-antique-car-with-headlights-on-display_FVD-530.7_PSNR-12.611_SSIM-0.382_LPIPS-0.549_FID-82.0_tinylora,,,,0.9938346838134292,1.0,72.17436797043374,0.979249335270302
298_a-person-in-white-gloves-is-working-on-a-plant_FVD-497.2_PSNR-17.051_SSIM-0.716_LPIPS-0.281_FID-80.6_tinylora,,,,0.9830364902705205,1.0,72.09709641029094,0.9651536604937385
299_a-computer-screen-with-a-video-game-on-it_FVD-497.2_PSNR-23.461_SSIM-0.838_LPIPS-0.099_FID-80.6_tinylora,,,,0.9928170160959683,0.0,62.16414629179856,0.9914616575428084
29_a-person-is-cooking-food-in-a-pot-of-water_FVD-497.2_PSNR-23.644_SSIM-0.906_LPIPS-0.063_FID-80.6_tinylora,,,,0.9951065507332741,0.0,78.07598850644868,0.9931165924259261
2_the-room-has-a-white-wall-and-a-bookshelf_FVD-608.5_PSNR-12.091_SSIM-0.193_LPIPS-0.748_FID-84.7_tinylora,,,,0.9867405465458085,0.0,49.881711894068225,0.9790909318362966
300_a-person-holding-a-makeup-palette-with-a-heart-on-it_FVD-471.8_PSNR-10.543_SSIM-0.279_LPIPS-0.702_FID-78.2_tinylora,,,,0.9732104817755094,1.0,71.99454945531384,0.9650209688672833
301_a-cartoon-drawing-of-a-baby-in-a-blue-shirt_FVD-530.7_PSNR-21.306_SSIM-0.825_LPIPS-0.132_FID-82.0_tinylora,,,,0.9866068889494901,1.0,71.76176899877088,0.9858781038546095
302_the-screen-of-a-smartphone-in-hindi_FVD-471.8_PSNR-33.550_SSIM-0.967_LPIPS-0.058_FID-78.2_tinylora,,,,0.9957625623032333,0.0,75.06931331239898,0.9979800955921996
303_the-person-is-playing-a-video-game-in-which-they-use-a-gun-to-shoot-at-people-in_FVD-530.7_PSNR-10.100_SSIM-0.394_LPIPS-0.706_FID-82.0_tinylora,,,,0.9886081399707318,1.0,72.1884607775458,0.9800356416141286
304_there-is-a-black-jeep-parked-in-a-white-room-with-a-door_FVD-556.2_PSNR-7.987_SSIM-0.196_LPIPS-0.866_FID-84.2_tinylora,,,,0.9883448510614181,0.0,54.542467511933424,0.9767228369619332
305_an-advertisement-for-a-watch-repair-shop-with-pictures-of-different-types-of-wat_FVD-608.5_PSNR-22.926_SSIM-0.868_LPIPS-0.130_FID-84.7_tinylora,,,,0.9933204719521356,0.0,65.927761604046,0.9870097945718205
306_penguins-are-standing-on-the-beach-and-some-of-them-are-preening-their-feathers_FVD-497.2_PSNR-23.876_SSIM-0.863_LPIPS-0.107_FID-80.6_tinylora,,,,0.9919566729269165,1.0,68.46964540152715,0.9899115450241986
307_an-orangutan-holding-a-pink-object-in-its-mouth_FVD-497.2_PSNR-9.050_SSIM-0.241_LPIPS-0.651_FID-80.6_tinylora,,,,0.9745770606920653,0.0,69.43029627306709,0.9686155730602788
308_a-man-is-walking-in-a-garden-and-examining-a-lemon-tree_FVD-437.8_PSNR-21.310_SSIM-0.550_LPIPS-0.178_FID-74.1_tinylora,,,,0.9931567094653032,0.0,65.46483362132105,0.9840053446152631
309_person-tremblay-is-sitting-at-a-desk-with-his-hands-covering-his-face-he-is-wear_FVD-633.0_PSNR-22.358_SSIM-0.723_LPIPS-0.125_FID-76.3_tinylora,,,,0.9921248837074893,1.0,69.69570133603852,0.9759040103239172
30_a-close-up-of-the-dashboard-of-a-car_FVD-633.0_PSNR-19.003_SSIM-0.754_LPIPS-0.146_FID-76.3_tinylora,,,,0.9926393090289001,1.0,67.82672184911267,0.9831592354119992
310_the-us-pipe-logo-on-a-white-background_FVD-608.5_PSNR-22.383_SSIM-0.953_LPIPS-0.037_FID-84.7_tinylora,,,,0.9943170992355276,1.0,65.91063335024077,0.9923513286253985
311_a-computer-screen-showing-a-list-of-items_FVD-471.8_PSNR-6.596_SSIM-0.294_LPIPS-0.821_FID-78.2_tinylora,,,,0.9770922568079048,1.0,69.75171464065025,0.9708416807885264
312_a-man-is-standing-next-to-an-armored-vehicle-in-a-workshop_FVD-497.2_PSNR-12.657_SSIM-0.548_LPIPS-0.387_FID-80.6_tinylora,,,,0.9787754101707457,1.0,76.06432868694436,0.9726754861719468
313_a-man-is-sitting-in-a-car-holding-a-plate-of-food-for-lunch_FVD-437.8_PSNR-16.476_SSIM-0.631_LPIPS-0.366_FID-74.1_tinylora,,,,0.9868368196303628,1.0,78.52087823275862,0.975465342577766
314_a-green-ford-mustang-parked-in-front-of-a-building_FVD-608.5_PSNR-22.922_SSIM-0.857_LPIPS-0.047_FID-84.7_tinylora,,,,0.9888907564895616,0.0,75.50362054232893,0.9872092733196184
315_a-man-in-a-red-hat-and-a-blue-shirt-working-on-a-bale-of-hay_FVD-437.8_PSNR-14.268_SSIM-0.519_LPIPS-0.318_FID-74.1_tinylora,,,,0.9823762094982224,1.0,50.50104996253704,0.9259488722857308
316_a-man-with-dreadlocks-is-sitting-on-a-couch-and-talking-to-the-camera_FVD-471.8_PSNR-28.618_SSIM-0.913_LPIPS-0.041_FID-78.2_tinylora,,,,0.9952328573991028,0.0,70.10827294711409,0.9952656914206112
317_there-is-a-branch-of-a-tree-with-no-leaves-in-the-foreground-and-the-background_FVD-587.3_PSNR-15.868_SSIM-0.363_LPIPS-0.317_FID-85.0_tinylora,,,,0.977622126307788,1.0,75.95740114409348,0.9501248340980679
318_a-piece-of-food-sitting-on-a-table-next-to-a-container_FVD-633.0_PSNR-13.778_SSIM-0.766_LPIPS-0.227_FID-76.3_tinylora,,,,0.9852472450318268,1.0,75.04925484492861,0.9841358297011431
319_an-illustration-of-a-purple-octopus-sitting-in-a-chair_FVD-497.2_PSNR-30.920_SSIM-0.943_LPIPS-0.025_FID-80.6_tinylora,,,,0.9965269898691314,0.0,72.20199164028826,0.9970222216026455
31_a-view-of-a-train-track-next-to-a-fence_FVD-608.5_PSNR-16.989_SSIM-0.543_LPIPS-0.386_FID-84.7_tinylora,,,,0.9875437628309871,1.0,59.424889268546266,0.9721435640372482
320_the-person-is-wearing-camouflage-gear-and-holding-a-rifle-with-trees-and-bushes_FVD-556.2_PSNR-13.231_SSIM-0.435_LPIPS-0.444_FID-84.2_tinylora,,,,0.9744537382594598,1.0,59.002250539845434,0.9484376533358705
321_a-picture-of-a-spoon-of-dark-chocolate-with-the-words-benefits-of-dark-chocolate_FVD-497.2_PSNR-7.831_SSIM-0.638_LPIPS-0.474_FID-80.6_tinylora,,,,0.9924236490803586,1.0,73.5612222079573,0.985032683727788
322_a-view-of-an-airplane-cockpit-at-night_FVD-530.7_PSNR-10.406_SSIM-0.292_LPIPS-0.711_FID-82.0_tinylora,,,,0.9866577649355682,0.0,61.88571732619713,0.9769007813696767
323_there-is-a-measuring-cup-filled-with-brown-liquid-on-a-white-countertop_FVD-608.5_PSNR-37.783_SSIM-0.969_LPIPS-0.007_FID-84.7_tinylora,,,,0.9968403806501233,0.0,68.13624283363079,0.9980718858101789
324_a-man-is-standing-in-front-of-a-blue-car-with-the-word-honda-on-the-license-plat_FVD-556.2_PSNR-13.005_SSIM-0.581_LPIPS-0.265_FID-84.2_tinylora,,,,0.984549882987383,1.0,57.91298096755455,0.9776576864953135
325_an-aerial-view-of-a-lake-surrounded-by-mountains_FVD-587.3_PSNR-23.642_SSIM-0.927_LPIPS-0.046_FID-85.0_tinylora,,,,0.9950722587044968,1.0,77.23808867355874,0.9867762649760526
326_there-is-a-bowl-of-red-berries-on-a-kitchen-counter-and-a-person-is-pouring-wate_FVD-471.8_PSNR-17.823_SSIM-0.822_LPIPS-0.263_FID-78.2_tinylora,,,,0.9904327210651889,1.0,71.55021983179553,0.9857857002931483
327_a-person-holding-a-hose-with-water-coming-out-of-it_FVD-633.0_PSNR-9.819_SSIM-0.401_LPIPS-0.614_FID-76.3_tinylora,,,,0.9527313355897915,1.0,56.194030367094896,0.9302548352409812
328_there-is-a-person-standing-in-front-of-a-counter-with-various-fruits-and-vegetab_FVD-497.2_PSNR-19.120_SSIM-0.703_LPIPS-0.338_FID-80.6_tinylora,,,,0.986893953060658,1.0,54.146863476983434,0.950896281822055
329_a-small-white-car-driving-down-a-curvy-road_FVD-613.2_PSNR-20.453_SSIM-0.893_LPIPS-0.166_FID-72.4_tinylora,,,,0.9939908935996942,1.0,55.09479285930765,0.9825300310172287
32_a-close-up-of-a-black-device-on-a-table_FVD-682.2_PSNR-20.690_SSIM-0.829_LPIPS-0.131_FID-79.0_tinylora,,,,0.9916575580218733,1.0,75.08947648673222,0.9858771174561743
330_a-man-is-sitting-in-a-hangar-next-to-an-old-airplane_FVD-437.8_PSNR-21.586_SSIM-0.828_LPIPS-0.066_FID-74.1_tinylora,,,,0.9925878571914878,0.0,71.04332654229526,0.9795034221574372
331_a-person-stirs-onions-in-a-wok-on-a-stove_FVD-497.2_PSNR-6.745_SSIM-0.491_LPIPS-0.687_FID-80.6_tinylora,,,,0.9201879374880294,1.0,73.51756010384395,0.9134249593697342
332_a-little-girl-is-playing-with-toys-in-her-room_FVD-608.5_PSNR-20.236_SSIM-0.768_LPIPS-0.218_FID-84.7_tinylora,,,,0.99269667906559,1.0,74.65392908556709,0.9826957048154344
333_a-person-is-using-a-smartphone-to-interact-with-an-interactive-display_FVD-471.8_PSNR-13.106_SSIM-0.446_LPIPS-0.345_FID-78.2_tinylora,,,,0.9838010840687771,1.0,72.67383733288995,0.9578022751153684
334_the-menu-screen-of-a-video-game_FVD-471.8_PSNR-6.702_SSIM-0.172_LPIPS-0.942_FID-78.2_tinylora,,,,0.9787041058410544,0.0,57.21076925869646,0.9832710453108245
335_a-pink-background-with-streaks-of-light_FVD-556.2_PSNR-34.372_SSIM-0.923_LPIPS-0.314_FID-84.2_tinylora,,,,0.9964506709801977,0.0,37.86637983650997,0.9965872762249965
336_the-inside-of-a-recreational-vehicle-is-spacious-and-well-lit-with-comfortable-s_FVD-613.2_PSNR-16.140_SSIM-0.505_LPIPS-0.287_FID-72.4_tinylora,,,,0.99101209390674,0.0,75.1254048840753,0.9813797464557722
337_the-motorcycle-is-placed-on-a-black-background-and-rotates-slowly-to-reveal-its_FVD-682.2_PSNR-14.326_SSIM-0.642_LPIPS-0.339_FID-79.0_tinylora,,,,0.9856210620933736,1.0,55.69897355704472,0.9574746150596469
338_a-dragon-ball-z-character-with-blond-hair_FVD-613.2_PSNR-24.333_SSIM-0.689_LPIPS-0.260_FID-72.4_tinylora,,,,0.9889475560523354,0.0,76.85154724121094,0.9886724453346402
339_a-cemetery-with-graves-and-a-church-in-the-background_FVD-437.8_PSNR-9.118_SSIM-0.440_LPIPS-0.668_FID-74.1_tinylora,,,,0.9757646405584136,1.0,76.80259546740302,0.9774887982536765
33_a-herd-of-elephants-is-standing-next-to-a-baby-elephant-at-a-watering-hole_FVD-608.5_PSNR-11.868_SSIM-0.359_LPIPS-0.763_FID-84.7_tinylora,,,,0.9627842339526623,1.0,64.21336443670864,0.9654512592390472
340_a-computer-screen-showing-a-video-of-a-man-in-a-blue-shirt_FVD-556.2_PSNR-9.506_SSIM-0.473_LPIPS-0.550_FID-84.2_tinylora,,,,0.9827014390157773,1.0,74.82554073991447,0.9780153872920018
341_a-man-is-putting-food-in-a-pan-on-a-stove_FVD-556.2_PSNR-12.543_SSIM-0.394_LPIPS-0.632_FID-84.2_tinylora,,,,0.9835899846383531,1.0,55.30033203651165,0.9775561519697601
342_a-3d-rendering-of-three-people-standing-in-front-of-a-building_FVD-471.8_PSNR-18.641_SSIM-0.731_LPIPS-0.374_FID-78.2_tinylora,,,,0.9870122059908365,1.0,41.073282439133216,0.9747896624546425
343_a-woman-is-using-a-shower-gel-in-the-bathroom_FVD-437.8_PSNR-16.602_SSIM-0.820_LPIPS-0.190_FID-74.1_tinylora,,,,0.9892650579863356,1.0,77.4435903614965,0.9769842129127652
344_a-man-in-a-chefs-uniform-standing-in-a-kitchen_FVD-633.0_PSNR-22.397_SSIM-0.889_LPIPS-0.098_FID-76.3_tinylora,,,,0.995074820459701,1.0,66.74252542956123,0.9915515843559713
345_two-men-standing-next-to-each-other-in-a-garage_FVD-437.8_PSNR-17.163_SSIM-0.723_LPIPS-0.342_FID-74.1_tinylora,,,,0.9904692045087266,1.0,67.39144884306809,0.96863940930834
346_a-person-is-preparing-food-in-a-pot-on-a-stove_FVD-497.2_PSNR-17.454_SSIM-0.758_LPIPS-0.231_FID-80.6_tinylora,,,,0.9880090932607017,1.0,63.99877903379243,0.9840755500045477
347_a-soldier-is-standing-guard-in-front-of-a-pile-of-garbage-in-a-city-street_FVD-587.3_PSNR-21.352_SSIM-0.806_LPIPS-0.153_FID-85.0_tinylora,,,,0.9927065337686891,0.0,63.06815219747609,0.9848437870250029
348_a-red-car-is-driving-on-a-road-surrounded-by-trees-and-bushes_FVD-587.3_PSNR-19.925_SSIM-0.582_LPIPS-0.437_FID-85.0_tinylora,,,,0.9857322675664817,1.0,46.11012807385675,0.9700860285291485
349_a-page-with-a-description-of-a-video-in-spanish_FVD-556.2_PSNR-7.588_SSIM-0.307_LPIPS-0.735_FID-84.2_tinylora,,,,0.9804019227215459,0.0,76.31545625883957,0.9798508101818608
34_a-poster-that-says-u-s-high-school-stats_FVD-437.8_PSNR-38.603_SSIM-0.970_LPIPS-0.002_FID-74.1_tinylora,,,,0.9988723666549953,0.0,47.33131211379479,0.9990318953406577
350_a-black-audi-sedan-parked-in-a-parking-lot_FVD-471.8_PSNR-18.917_SSIM-0.782_LPIPS-0.182_FID-78.2_tinylora,,,,0.9920515317505207,1.0,56.90420663767848,0.9855386023427926
351_a-black-and-white-photo-of-men-standing-in-a-room-next-to-a-medical-instrument-w_FVD-497.2_PSNR-10.512_SSIM-0.642_LPIPS-0.362_FID-80.6_tinylora,,,,0.9762231769711089,1.0,76.27706909179688,0.951131727181229
352_a-news-anchor-and-reporter-are-sitting-at-a-news-desk-in-a-television-studio_FVD-633.0_PSNR-23.946_SSIM-0.890_LPIPS-0.048_FID-76.3_tinylora,,,,0.9945709559197611,0.0,75.84281789845434,0.9931140090904984
353_a-man-and-woman-are-sitting-at-a-table-in-a-restaurant-eating-a-meal-with-spoons_FVD-556.2_PSNR-13.263_SSIM-0.522_LPIPS-0.456_FID-84.2_tinylora,,,,0.9867992955395299,1.0,43.26150644236598,0.9561039718927121
354_the-host-is-sitting-on-a-news-desk-in-front-of-a-green-screen-with-a-soccer-stad_FVD-613.2_PSNR-28.148_SSIM-0.929_LPIPS-0.023_FID-72.4_tinylora,,,,0.9947851473655702,0.0,75.96339679586477,0.9916847874136532
355_a-group-of-musicians-are-performing-on-stage-and-playing-their-instruments_FVD-608.5_PSNR-13.940_SSIM-0.642_LPIPS-0.496_FID-84.7_tinylora,,,,0.9885061822538844,1.0,59.76849049535291,0.9802236519607843
356_two-women-are-entering-a-house-and-one-of-them-is-pointing-at-the-door_FVD-556.2_PSNR-6.815_SSIM-0.409_LPIPS-0.770_FID-84.2_tinylora,,,,0.9652325579002968,1.0,72.654677160855,0.9570280224669213
357_a-silhouette-of-two-people-standing-under-a-starry-sky_FVD-608.5_PSNR-29.967_SSIM-0.960_LPIPS-0.032_FID-84.7_tinylora,,,,0.9954476553241489,0.0,71.97494348986396,0.9959775036456538
358_a-computer-displays-a-view-of-a-planet-in-space_FVD-587.3_PSNR-18.864_SSIM-0.857_LPIPS-0.272_FID-85.0_tinylora,,,,0.9932781317989268,1.0,50.94113659036571,0.9875421467949362
359_a-person-is-opening-the-door-of-a-black-car-and-getting-into-the-car-at-night_FVD-497.2_PSNR-20.055_SSIM-0.679_LPIPS-0.272_FID-80.6_tinylora,,,,0.9936083740053179,0.0,63.78564400508486,0.9876309544432397
35_two-cars-on-a-road-with-the-words-this-vs-that_FVD-682.2_PSNR-11.505_SSIM-0.354_LPIPS-0.696_FID-79.0_tinylora,,,,0.9543501317794746,1.0,55.33470324812264,0.9555114858290729
360_the-water-in-the-bathtub-is-cloudy-and-there-is-a-white-cloud-floating-in-it_FVD-613.2_PSNR-15.570_SSIM-0.666_LPIPS-0.398_FID-72.4_tinylora,,,,0.9850400708827868,1.0,46.856007543103445,0.9571426279404585
361_a-person-putting-something-on-a-piece-of-cloth_FVD-608.5_PSNR-11.793_SSIM-0.362_LPIPS-0.612_FID-84.7_tinylora,,,,0.9711187145464488,1.0,62.83696575822501,0.9709866822934619
362_a-plate-with-a-green-plant-and-peppers-on-it_FVD-608.5_PSNR-18.597_SSIM-0.465_LPIPS-0.236_FID-84.7_tinylora,,,,0.987825834827788,0.0,80.14992233802532,0.9712836564755907
363_a-computer-screen-showing-the-settings-for-windows-7_FVD-497.2_PSNR-20.295_SSIM-0.894_LPIPS-0.179_FID-80.6_tinylora,,,,0.9938707450127486,0.0,63.1762344097269,0.9942245254329607
364_a-red-and-white-christmas-card-with-different-logos-on-it_FVD-530.7_PSNR-26.632_SSIM-0.908_LPIPS-0.029_FID-82.0_tinylora,,,,0.9937305980418342,0.0,71.1784799510035,0.9909719850502762
365_a-bmw-car-driving-down-a-road-with-a-grassy-field-in-the-background_FVD-633.0_PSNR-23.814_SSIM-0.846_LPIPS-0.264_FID-76.3_tinylora,,,,0.9939014629289216,0.0,56.72491547157024,0.9913884957631429
366_a-football-player-talks-to-the-media-during-a-press-conference_FVD-437.8_PSNR-21.859_SSIM-0.830_LPIPS-0.168_FID-74.1_tinylora,,,,0.9932768790943193,0.0,75.35305996598869,0.9907845749574549
367_a-man-is-riding-a-surfboard-on-a-water-slide_FVD-613.2_PSNR-9.962_SSIM-0.311_LPIPS-0.688_FID-72.4_tinylora,,,,0.9728566177405791,1.0,73.81553807751885,0.9324576433967141
368_there-are-several-semi-trucks-parked-on-a-snowy-road-at-night_FVD-613.2_PSNR-17.692_SSIM-0.733_LPIPS-0.379_FID-72.4_tinylora,,,,0.9892859188614015,1.0,37.714176177978516,0.9646213568893134
369_a-computer-screen-with-a-blue-background-and-a-daisy_FVD-556.2_PSNR-4.057_SSIM-0.213_LPIPS-0.663_FID-84.2_tinylora,,,,0.9836497282206152,1.0,68.54182841860015,0.9726709945529115
36_a-sign-made-of-wood-with-a-map-on-it_FVD-530.7_PSNR-21.388_SSIM-0.833_LPIPS-0.078_FID-82.0_tinylora,,,,0.9935088548306609,1.0,75.79227999983162,0.9885943403431013
370_two-baked-potatoes-with-the-words-colorful-cooking-techniques_FVD-471.8_PSNR-27.280_SSIM-0.942_LPIPS-0.039_FID-78.2_tinylora,,,,0.9984650510845364,0.0,59.622102671656116,0.9985523898227542
371_a-woman-is-cutting-garlic-on-a-wooden-cutting-board-with-a-knife_FVD-633.0_PSNR-15.805_SSIM-0.574_LPIPS-0.596_FID-76.3_tinylora,,,,0.9714135616519578,1.0,32.9226456346183,0.951656696843166
372_a-comic-book-cover-with-a-man-pointing-a-gun-at-another-man_FVD-437.8_PSNR-5.835_SSIM-0.529_LPIPS-0.571_FID-74.1_tinylora,,,,0.978538826688528,0.0,61.03954565113988,0.9825070343765558
373_there-is-a-man-in-a-brown-robe-standing-in-front-of-a-white-wall-with-his-head-t_FVD-587.3_PSNR-25.619_SSIM-0.838_LPIPS-0.135_FID-85.0_tinylora,,,,0.9947345119605,1.0,61.237919116842335,0.981498841678395
374_a-man-is-playing-golf-on-a-green-grass-field-with-an-ocean-in-the-background_FVD-530.7_PSNR-26.648_SSIM-0.864_LPIPS-0.068_FID-82.0_tinylora,,,,0.9946250085571088,0.0,59.944776074639684,0.9934401685116337
375_a-cartoon-spongebob-squarepants-character-with-a-hat_FVD-613.2_PSNR-12.435_SSIM-0.682_LPIPS-0.371_FID-72.4_tinylora,,,,0.9697876057808272,1.0,77.82748755093279,0.9749988238016765
376_two-men-are-working-on-a-tire-in-a-workshop_FVD-587.3_PSNR-6.590_SSIM-0.525_LPIPS-0.556_FID-85.0_tinylora,,,,0.9871776841078311,1.0,70.49807528791756,0.9803982304591758
377_a-logo-for-a-restaurant-with-a-fork-and-spoon_FVD-633.0_PSNR-27.763_SSIM-0.934_LPIPS-0.019_FID-76.3_tinylora,,,,0.9949733165501778,0.0,77.67059273555361,0.9893034448810653
378_a-planet-with-flames-coming-out-of-it_FVD-682.2_PSNR-12.965_SSIM-0.740_LPIPS-0.274_FID-79.0_tinylora,,,,0.9679454335152865,1.0,67.44608056956324,0.9687918999615838
379_the-player-is-holding-a-gun-and-looking-down-a-street-with-buildings-on-either-s_FVD-682.2_PSNR-18.612_SSIM-0.587_LPIPS-0.242_FID-79.0_tinylora,,,,0.987015397839157,1.0,66.50758388124663,0.9557738958620557
37_a-tv-news-report-with-a-picture-of-a-deer_FVD-530.7_PSNR-13.690_SSIM-0.569_LPIPS-0.338_FID-82.0_tinylora,,,,0.9768931233016711,1.0,75.22403033026333,0.9638160555970435
380_a-news-report-about-a-pool-health-and-safety-violations_FVD-633.0_PSNR-26.190_SSIM-0.820_LPIPS-0.048_FID-76.3_tinylora,,,,0.9950166244048366,0.0,69.88700445767107,0.9933561507393333
381_the-logo-for-gold-solace_FVD-608.5_PSNR-18.862_SSIM-0.915_LPIPS-0.095_FID-84.7_tinylora,,,,0.9899481897459839,1.0,64.38115849988213,0.982674316331452
382_it-is-a-small-metal-screw-with-a-spring-on-the-end-sitting-on-top-of-a-wooden-su_FVD-633.0_PSNR-39.714_SSIM-0.968_LPIPS-0.018_FID-76.3_tinylora,,,,0.996388439056178,0.0,74.13157075026939,0.9975832132732168
383_there-is-a-grill-on-a-balcony-with-mountains-in-the-background_FVD-556.2_PSNR-20.704_SSIM-0.812_LPIPS-0.174_FID-84.2_tinylora,,,,0.9935505672287612,1.0,68.33090249423323,0.9839713227515127
384_a-person-is-riding-a-green-motorcycle-in-a-parking-lot_FVD-587.3_PSNR-12.214_SSIM-0.602_LPIPS-0.568_FID-85.0_tinylora,,,,0.96787478265879,1.0,56.55054039790713,0.956778668422325
385_a-close-up-of-a-plate-of-food-with-the-word-pot-roast-on-it_FVD-437.8_PSNR-15.735_SSIM-0.583_LPIPS-0.459_FID-74.1_tinylora,,,,0.9872013847272348,1.0,77.91431216535896,0.9611269445980296
386_the-person-is-wearing-a-black-hat-with-a-white-logo-on-it-and-they-are-standing_FVD-587.3_PSNR-23.638_SSIM-0.745_LPIPS-0.061_FID-85.0_tinylora,,,,0.9913125045357352,0.0,73.42184606091729,0.9895377355463365
387_a-large-red-truck-is-driving-down-a-dirt-road_FVD-437.8_PSNR-23.132_SSIM-0.775_LPIPS-0.129_FID-74.1_tinylora,,,,0.9854017719200394,1.0,42.306164971713365,0.9588626263188381
388_a-video-game-character-with-a-mask-on_FVD-608.5_PSNR-20.984_SSIM-0.875_LPIPS-0.090_FID-84.7_tinylora,,,,0.995367186938878,0.0,38.33295046049973,0.9928494523553287
389_there-is-a-blue-and-white-logo-with-the-words-switch-traps-on-a-white-background_FVD-437.8_PSNR-40.747_SSIM-0.992_LPIPS-0.004_FID-74.1_tinylora,,,,0.9962044778181037,0.0,67.8880641542632,0.9984694131449157
38_a-maroon-dodge-ram-truck-driving-down-the-road_FVD-556.2_PSNR-17.484_SSIM-0.695_LPIPS-0.338_FID-84.2_tinylora,,,,0.9939457485384645,0.0,56.532250766096446,0.9916937893512202
390_a-white-cat-sniffing-leaves-on-the-floor-next-to-a-pair-of-scissors_FVD-613.2_PSNR-26.514_SSIM-0.821_LPIPS-0.202_FID-72.4_tinylora,,,,0.9938842367208636,0.0,60.65074407643285,0.9890780972499473
391_a-view-of-a-garden-with-mulch-and-plants_FVD-682.2_PSNR-16.812_SSIM-0.736_LPIPS-0.189_FID-79.0_tinylora,,,,0.9916775344285684,1.0,71.36543221309267,0.9839212361504049
392_a-wooden-table-with-a-variety-of-ingredients-on-it_FVD-682.2_PSNR-17.774_SSIM-0.492_LPIPS-0.172_FID-79.0_tinylora,,,,0.9716066104927548,1.0,67.64784240722656,0.9648238649555281
393_a-man-is-holding-a-fish-in-his-hand-and-showing-it-to-the-camera_FVD-613.2_PSNR-20.725_SSIM-0.722_LPIPS-0.243_FID-72.4_tinylora,,,,0.9916021645370221,1.0,74.39197277200633,0.9797873852299709
394_a-chef-is-standing-in-front-of-a-kitchen-counter-and-talking-to-the-camera_FVD-471.8_PSNR-12.212_SSIM-0.535_LPIPS-0.663_FID-78.2_tinylora,,,,0.9843048050550349,1.0,56.712288560538454,0.977996405433206
395_a-video-game-screen-showing-a-girl-with-red-hair_FVD-556.2_PSNR-14.414_SSIM-0.679_LPIPS-0.233_FID-84.2_tinylora,,,,0.9858576406657749,1.0,73.9735625694538,0.9736258226282456
396_a-wooden-spoon-sitting-on-top-of-a-black-lid_FVD-613.2_PSNR-13.133_SSIM-0.576_LPIPS-0.447_FID-72.4_tinylora,,,,0.9835896521736366,1.0,74.69258670149178,0.9834291757321825
397_a-poster-of-a-football-player-in-uniform-with-a-football-in-front-of-him_FVD-682.2_PSNR-31.183_SSIM-0.923_LPIPS-0.027_FID-79.0_tinylora,,,,0.9955816776496923,0.0,71.3369069592706,0.9948843605378095
398_there-is-a-green-fruit-on-a-white-background_FVD-497.2_PSNR-30.436_SSIM-0.913_LPIPS-0.061_FID-80.6_tinylora,,,,0.9952439056552108,0.0,73.81522790316878,0.9955191116706997
399_a-collage-of-pictures-of-a-woman-with-long-hair_FVD-556.2_PSNR-20.114_SSIM-0.736_LPIPS-0.143_FID-84.2_tinylora,,,,0.9936324134020595,1.0,68.17815004546067,0.9888583716224222
39_a-man-is-sitting-in-front-of-a-microphone-and-talking-to-the-interviewer_FVD-633.0_PSNR-5.487_SSIM-0.234_LPIPS-0.817_FID-76.3_tinylora,,,,0.9706998022232397,1.0,67.94389474803003,0.9677151324702244
3_a-police-officer-in-a-video-game_FVD-608.5_PSNR-16.475_SSIM-0.423_LPIPS-0.701_FID-84.7_tinylora,,,,0.9785311231864541,0.0,51.61811815459153,0.9811064533158844
400_a-person-is-using-a-hairdryer-to-dry-a-stuffed-animal-on-a-table_FVD-587.3_PSNR-20.472_SSIM-0.783_LPIPS-0.212_FID-85.0_tinylora,,,,0.9705613708824876,1.0,41.709979879445044,0.9569267235550226
401_a-purple-sticker-on-the-side-of-a-laptop_FVD-437.8_PSNR-15.760_SSIM-0.512_LPIPS-0.451_FID-74.1_tinylora,,,,0.9820419442817191,1.0,68.53976795591157,0.9628769107893401
402_a-man-is-talking-to-another-man-in-front-of-a-blue-screen_FVD-587.3_PSNR-7.173_SSIM-0.234_LPIPS-0.675_FID-85.0_tinylora,,,,0.9821038250369593,1.0,61.83410131520238,0.9799330730064243
403_there-is-a-tree-with-roots-growing-out-of-the-ground_FVD-530.7_PSNR-15.982_SSIM-0.642_LPIPS-0.250_FID-82.0_tinylora,,,,0.9747244227552131,1.0,76.91841546420393,0.9694283223619649
404_a-black-ford-explorer-parked-in-a-parking-lot_FVD-608.5_PSNR-17.139_SSIM-0.508_LPIPS-0.462_FID-84.7_tinylora,,,,0.9827802490520781,0.0,56.78415180074757,0.9768306002897374
405_two-men-standing-next-to-two-cars-on-a-grassy-field_FVD-471.8_PSNR-25.257_SSIM-0.853_LPIPS-0.029_FID-78.2_tinylora,,,,0.9929162476956594,0.0,78.45985307364629,0.9916651735118791
406_a-man-is-standing-in-a-bathroom-and-talking-to-the-camera_FVD-682.2_PSNR-18.664_SSIM-0.655_LPIPS-0.394_FID-79.0_tinylora,,,,0.9792206512679859,0.0,71.12435202762998,0.9790244738260905
407_two-simpsons-characters-standing-next-to-each-other_FVD-556.2_PSNR-14.044_SSIM-0.735_LPIPS-0.461_FID-84.2_tinylora,,,,0.9619511005190003,1.0,68.14771336522595,0.9471692814546473
408_there-is-a-body-of-water-in-the-foreground-with-some-small-islands-in-the-backgr_FVD-471.8_PSNR-15.758_SSIM-0.480_LPIPS-0.250_FID-78.2_tinylora,,,,0.9808969708676739,1.0,72.88007039037244,0.9725262249217314
409_a-close-up-of-a-wheel-bearing-on-a-vehicle_FVD-613.2_PSNR-12.949_SSIM-0.486_LPIPS-0.477_FID-72.4_tinylora,,,,0.9824383277950604,1.0,58.73872599108466,0.9356482935886757
40_a-person-is-holding-a-stainless-steel-dough-hook-and-talking-about-its-quality_FVD-682.2_PSNR-8.549_SSIM-0.659_LPIPS-0.647_FID-79.0_tinylora,,,,0.9630667812664596,1.0,65.3110298945986,0.958204086154115
410_there-is-a-young-boy-standing-in-a-room-with-a-dresser-and-a-bed-in-the-backgrou_FVD-587.3_PSNR-23.314_SSIM-0.818_LPIPS-0.081_FID-85.0_tinylora,,,,0.9948453557437933,0.0,72.48042271055024,0.9917609392427931
411_a-person-is-mixing-coconut-milk-in-a-metal-bowl-on-a-wooden-cutting-board_FVD-497.2_PSNR-11.905_SSIM-0.553_LPIPS-0.464_FID-80.6_tinylora,,,,0.9775688456806333,1.0,71.59018667813005,0.9668534297569126
412_a-close-up-of-a-pair-of-hands-holding-a-thread_FVD-613.2_PSNR-8.164_SSIM-0.684_LPIPS-0.448_FID-72.4_tinylora,,,,0.9804687193720971,1.0,67.95572372962688,0.9602660497029623
413_there-is-a-jungle-with-tropical-plants-and-trees-and-the-text-raritan-jungle-app_FVD-437.8_PSNR-14.972_SSIM-0.423_LPIPS-0.291_FID-74.1_tinylora,,,,0.9905930218975945,1.0,63.640979503763134,0.9803310786976533
414_a-man-is-standing-next-to-a-black-truck-in-a-parking-lot-pointing-out-the-featur_FVD-530.7_PSNR-15.623_SSIM-0.504_LPIPS-0.250_FID-82.0_tinylora,,,,0.9839028306635154,1.0,78.1592130989864,0.9550194908590878
415_a-close-up-of-a-blue-car-parked-in-a-showroom_FVD-587.3_PSNR-35.923_SSIM-0.966_LPIPS-0.011_FID-85.0_tinylora,,,,0.9962458507374637,0.0,69.82622817466999,0.9969609426517113
416_a-person-is-driving-a-car-and-using-the-cars-navigation-system_FVD-613.2_PSNR-25.024_SSIM-0.813_LPIPS-0.045_FID-72.4_tinylora,,,,0.9925916370487832,0.0,74.7205168625404,0.9844450043696983
417_there-is-a-picture-of-a-man-on-a-video-game_FVD-613.2_PSNR-13.501_SSIM-0.580_LPIPS-0.362_FID-72.4_tinylora,,,,0.9912258745645695,1.0,49.45692983166925,0.9773508015800925
418_a-screen-shot-of-a-video-game-menu_FVD-682.2_PSNR-14.580_SSIM-0.567_LPIPS-0.644_FID-79.0_tinylora,,,,0.9903365312137141,0.0,45.154317724293676,0.9861281694150439
419_a-man-is-standing-outside-at-night-and-waving-a-flashlight-around_FVD-530.7_PSNR-14.728_SSIM-0.665_LPIPS-0.452_FID-82.0_tinylora,,,,0.9677065015041807,1.0,43.28604218055462,0.9524940752515606
41_there-is-an-offshore-oil-platform-in-the-middle-of-a-large-body-of-water-the-sky_FVD-471.8_PSNR-10.877_SSIM-0.710_LPIPS-0.385_FID-78.2_tinylora,,,,0.9898715977777328,1.0,74.95551589439656,0.9828980801152248
420_a-football-game-is-taking-place-on-a-large-field-with-a-crowd-of-people-watching_FVD-608.5_PSNR-17.167_SSIM-0.633_LPIPS-0.151_FID-84.7_tinylora,,,,0.9884130371900363,1.0,69.6367161191743,0.97592051449944
421_two-men-in-white-lab-coats-standing-in-front-of-a-table-with-red-cups_FVD-530.7_PSNR-24.404_SSIM-0.887_LPIPS-0.054_FID-82.0_tinylora,,,,0.9951212329549876,0.0,75.06804656982422,0.9938403695237403
422_an-amazon-product-page-on-a-computer-screen_FVD-471.8_PSNR-10.899_SSIM-0.585_LPIPS-0.533_FID-78.2_tinylora,,,,0.9873108909362356,0.0,72.95891571044922,0.9819166482663622
423_a-blue-background-with-the-words-season-1-vlog-13_FVD-497.2_PSNR-17.504_SSIM-0.884_LPIPS-0.206_FID-80.6_tinylora,,,,0.9916626382791365,1.0,63.63537479269093,0.9777624448140462
424_two-trays-of-green-beans-on-the-ground-next-to-each-other_FVD-497.2_PSNR-22.380_SSIM-0.617_LPIPS-0.154_FID-80.6_tinylora,,,,0.9795336319624003,0.0,78.38345836770945,0.9769941180360083
425_a-group-of-soldiers-are-patrolling-an-area-with-riot-gear-and-weapons_FVD-633.0_PSNR-17.802_SSIM-0.420_LPIPS-0.324_FID-76.3_tinylora,,,,0.9923383615933019,0.0,56.10228887097589,0.9849412899391324
426_the-player-is-in-a-dungeon-with-zombies-coming-out-of-the-ground_FVD-613.2_PSNR-23.550_SSIM-0.918_LPIPS-0.116_FID-72.4_tinylora,,,,0.9943973794111662,1.0,62.343477446457435,0.9922561430463603
427_there-is-a-car-on-fire-in-the-middle-of-a-city-street-with-smoke-billowing-out-o_FVD-437.8_PSNR-15.810_SSIM-0.590_LPIPS-0.670_FID-74.1_tinylora,,,,0.9815725992587206,0.0,68.08730605552937,0.9811294443467085
428_a-race-car-is-driving-on-a-track-in-a-racing-video-game_FVD-608.5_PSNR-15.314_SSIM-0.650_LPIPS-0.387_FID-84.7_tinylora,,,,0.9742701022382778,1.0,70.18057869220603,0.9516537498025334
429_a-man-in-a-suit-and-tie-sitting-at-a-desk_FVD-608.5_PSNR-27.045_SSIM-0.894_LPIPS-0.030_FID-84.7_tinylora,,,,0.9957664361484444,0.0,69.73587483373181,0.9950505532470404
42_a-man-in-a-white-shirt-and-glasses-stands-in-front-of-a-city-and-a-river_FVD-613.2_PSNR-23.350_SSIM-0.792_LPIPS-0.052_FID-72.4_tinylora,,,,0.9937145794148322,0.0,77.10806484880119,0.9874341244791068
430_a-young-man-in-glasses-is-sitting-at-a-desk-with-a-computer-and-books-on-a-shelf_FVD-608.5_PSNR-15.353_SSIM-0.698_LPIPS-0.260_FID-84.7_tinylora,,,,0.985199837714199,1.0,74.40059425090921,0.9698112543891458
431_a-black-background-with-red-text-on-it_FVD-556.2_PSNR-34.021_SSIM-0.983_LPIPS-0.045_FID-84.2_tinylora,,,,0.9946742285322249,0.0,57.488151155669115,0.9975743214289348
432_a-man-is-playing-a-video-game-on-his-computer-with-a-view-of-the-city-in-the-bac_FVD-497.2_PSNR-26.443_SSIM-0.883_LPIPS-0.047_FID-80.6_tinylora,,,,0.9950822740287354,0.0,72.90387804754849,0.9938504550971237
433_a-couple-of-people-in-a-video-game-looking-at-each-other_FVD-633.0_PSNR-23.295_SSIM-0.765_LPIPS-0.230_FID-76.3_tinylora,,,,0.9916209342978645,1.0,59.75183000235722,0.9868123578090294
434_a-soccer-game-is-being-played-on-a-tv-screen_FVD-556.2_PSNR-25.448_SSIM-0.911_LPIPS-0.046_FID-84.2_tinylora,,,,0.9950828274351942,0.0,74.65282361260776,0.9927325688156428
435_a-bunch-of-lemons-and-a-picture-of-the-fruit_FVD-437.8_PSNR-21.754_SSIM-0.751_LPIPS-0.159_FID-74.1_tinylora,,,,0.9921473678614073,1.0,44.009619351091054,0.9802656678592457
436_a-painting-of-a-man-kicking-a-soccer-ball_FVD-633.0_PSNR-19.941_SSIM-0.829_LPIPS-0.135_FID-76.3_tinylora,,,,0.9920968016613697,1.0,66.59389693161538,0.9854098404155058
437_a-black-and-white-photo-of-a-man-and-woman-playing-a-musical-instrument_FVD-530.7_PSNR-29.904_SSIM-0.936_LPIPS-0.022_FID-82.0_tinylora,,,,0.9883230114962652,0.0,69.09260966860015,0.984149757086062
438_a-person-holding-an-iphone-in-front-of-a-speaker_FVD-587.3_PSNR-18.983_SSIM-0.850_LPIPS-0.093_FID-85.0_tinylora,,,,0.989532431395368,1.0,75.5350289180361,0.985327127868054
439_a-toy-frog-and-a-toy-snake-on-a-table_FVD-471.8_PSNR-19.068_SSIM-0.693_LPIPS-0.293_FID-78.2_tinylora,,,,0.9762582342298565,1.0,73.79021217083108,0.9807826790155149
43_a-video-game-with-a-green-robot-in-the-middle-of-a-city_FVD-613.2_PSNR-13.134_SSIM-0.387_LPIPS-0.665_FID-72.4_tinylora,,,,0.9810486257470402,0.0,77.43229201744343,0.9771049032024309
440_a-person-is-preparing-a-dish-by-cutting-meat-into-small-pieces-and-mixing-it-wit_FVD-471.8_PSNR-14.671_SSIM-0.479_LPIPS-0.477_FID-78.2_tinylora,,,,0.9807920331260175,1.0,65.65996406818259,0.9476767708273495
441_a-man-is-talking-to-the-camera-in-a-garage_FVD-587.3_PSNR-12.309_SSIM-0.538_LPIPS-0.436_FID-85.0_tinylora,,,,0.981426583654295,1.0,50.04681238634833,0.9549349579156614
442_two-chicken-breasts-are-being-fried-in-a-pan-with-garlic-and-lemon-juice_FVD-497.2_PSNR-17.711_SSIM-0.839_LPIPS-0.386_FID-80.6_tinylora,,,,0.9913141748085452,1.0,73.22764561094087,0.9675737343582452
443_a-glass-jar-with-candy-inside-and-text_FVD-556.2_PSNR-7.317_SSIM-0.334_LPIPS-0.749_FID-84.2_tinylora,,,,0.9750149461828,1.0,53.08316539895946,0.9543230655146581
444_a-chef-is-standing-in-front-of-a-kitchen-counter-and-talking-to-the-camera_FVD-613.2_PSNR-6.470_SSIM-0.510_LPIPS-0.744_FID-72.4_tinylora,,,,0.9884361280569921,1.0,61.69259104235419,0.9804322990716673
445_a-basketball-game-is-being-played-in-an-arena-with-a-large-crowd-of-people-watch_FVD-613.2_PSNR-19.663_SSIM-0.740_LPIPS-0.157_FID-72.4_tinylora,,,,0.9665933867203399,1.0,73.25470128552666,0.9662737790276023
446_a-braun-smart-control-electric-shaver-on-a-white-background_FVD-556.2_PSNR-29.553_SSIM-0.867_LPIPS-0.050_FID-84.2_tinylora,,,,0.9965437031182666,0.0,65.32897580903152,0.9905965309517056
447_a-collage-of-pictures-of-men-wearing-watches_FVD-608.5_PSNR-20.766_SSIM-0.813_LPIPS-0.136_FID-84.7_tinylora,,,,0.9933236376147682,1.0,65.89448810445852,0.9879622758603563
448_a-chef-is-preparing-food-in-a-kitchen_FVD-633.0_PSNR-10.039_SSIM-0.465_LPIPS-0.848_FID-76.3_tinylora,,,,0.9859564535282596,0.0,55.7818383841679,0.9847928711012298
449_a-young-girl-is-preparing-food-on-a-cutting-board-in-a-kitchen_FVD-633.0_PSNR-19.117_SSIM-0.773_LPIPS-0.259_FID-76.3_tinylora,,,,0.9911848598280124,0.0,75.80542860359981,0.9898796259188185
44_an-aerial-view-of-a-grassy-field-with-a-river-running-through-it_FVD-497.2_PSNR-24.263_SSIM-0.729_LPIPS-0.091_FID-80.6_tinylora,,,,0.9939321490481877,1.0,76.0725597513133,0.9832921514324113
450_a-woman-is-sitting-on-a-couch-and-talking-to-the-camera-with-a-serious-expressio_FVD-608.5_PSNR-24.441_SSIM-0.920_LPIPS-0.046_FID-84.7_tinylora,,,,0.9955515627057446,0.0,68.97025772620891,0.9956885660395903
451_a-black-background-with-the-words-no-known-anything-about-him_FVD-471.8_PSNR-22.454_SSIM-0.783_LPIPS-0.259_FID-78.2_tinylora,,,,0.9989044340693007,0.0,49.84618285606648,0.9985124453610065
452_the-computer-screen-is-displaying-a-white-screen-with-a-black-border-and-there-a_FVD-530.7_PSNR-18.000_SSIM-0.715_LPIPS-0.377_FID-82.0_tinylora,,,,0.9945117105669725,0.0,72.14280121901939,0.9869646624022839
453_a-mobile-phone-with-the-word-subscribe-written-in-hindi-on-a-yellow-and-blue-bac_FVD-633.0_PSNR-27.322_SSIM-0.921_LPIPS-0.261_FID-76.3_tinylora,,,,0.9945844457574697,0.0,71.89085467108364,0.9943395278033088
454_it-is-a-black-background-with-white-text-that-reads-2009-volkswagen-jetta-tdi-mk_FVD-437.8_PSNR-32.546_SSIM-0.950_LPIPS-0.008_FID-74.1_tinylora,,,,0.998533679798041,0.0,55.8591967615588,0.997695622958389
455_a-man-holding-a-microphone-in-front-of-a-red-car_FVD-682.2_PSNR-14.497_SSIM-0.609_LPIPS-0.535_FID-79.0_tinylora,,,,0.9571029202279202,1.0,37.07658701929553,0.9341102899289598
456_a-man-is-driving-a-car-with-an-autonomous-system_FVD-497.2_PSNR-11.418_SSIM-0.474_LPIPS-0.451_FID-80.6_tinylora,,,,0.942062404422239,1.0,66.32390410324624,0.9122704225427964
457_an-orange-phone-is-placed-on-a-stand-with-a-black-background_FVD-613.2_PSNR-7.445_SSIM-0.386_LPIPS-0.818_FID-72.4_tinylora,,,,0.9636822428958228,1.0,54.212581634521484,0.9520298452938304
458_person-is-pouring-a-liquid-into-small-cups-on-a-baking-tray_FVD-437.8_PSNR-18.414_SSIM-0.773_LPIPS-0.278_FID-74.1_tinylora,,,,0.9892581648377834,1.0,56.56509438876448,0.9808428633446787
459_a-man-is-holding-up-a-large-cardboard-sign-that-says-solo_FVD-437.8_PSNR-23.666_SSIM-0.891_LPIPS-0.042_FID-74.1_tinylora,,,,0.9933055238989292,1.0,74.27142597066945,0.988913044275022
45_it-is-a-screenshot-of-a-computer-screen-displaying-an-excel-spreadsheet-with-sev_FVD-530.7_PSNR-11.031_SSIM-0.463_LPIPS-0.504_FID-82.0_tinylora,,,,0.9858480702644306,0.0,70.20260146568562,0.9879374616286334
460_a-car-is-driving-down-a-road-with-trees-on-both-sides_FVD-682.2_PSNR-16.535_SSIM-0.590_LPIPS-0.263_FID-79.0_tinylora,,,,0.9908534638147459,0.0,75.92800745470771,0.9813123347712498
461_an-iphone-a-cup-of-coffee-a-yellow-sticky-note-and-a-computer-are-on-a-desk_FVD-682.2_PSNR-12.810_SSIM-0.647_LPIPS-0.422_FID-79.0_tinylora,,,,0.9818893588752274,0.0,76.75696300638133,0.9788612664914599
462_a-cell-phone-with-the-text-detailed-appointment-history-access-multiple-schedule_FVD-608.5_PSNR-9.100_SSIM-0.598_LPIPS-0.564_FID-84.7_tinylora,,,,0.9889579662661004,0.0,62.14819822640255,0.9878083163616704
463_the-computer-program-is-searching-for-and-highlighting-different-components-of-a_FVD-587.3_PSNR-13.646_SSIM-0.692_LPIPS-0.403_FID-85.0_tinylora,,,,0.9862383298338032,1.0,66.83404041158742,0.977134947683297
464_a-man-wearing-headphones-is-sitting-in-front-of-a-laptop-computer-and-talking-in_FVD-497.2_PSNR-21.492_SSIM-0.857_LPIPS-0.112_FID-80.6_tinylora,,,,0.9947603946426328,0.0,76.3449530765928,0.9935183342765359
465_it-is-a-close-up-shot-of-a-succulent-plant-with-small-insects-crawling-on-it_FVD-608.5_PSNR-32.061_SSIM-0.968_LPIPS-0.012_FID-84.7_tinylora,,,,0.9943918261749144,0.0,76.54114427237675,0.987504690768672
466_a-person-is-cutting-a-red-pepper-on-a-cutting-board-with-a-knife_FVD-437.8_PSNR-7.139_SSIM-0.530_LPIPS-0.717_FID-74.1_tinylora,,,,0.9788865751963178,1.0,74.40564543625405,0.9690175654841404
467_a-person-is-mixing-ingredients-in-a-bowl-on-a-wooden-table_FVD-471.8_PSNR-13.055_SSIM-0.519_LPIPS-0.551_FID-78.2_tinylora,,,,0.9836761439685383,1.0,68.18791382888267,0.9525307187847063
468_there-is-a-staircase-leading-to-the-second-floor-of-an-open-concept-loft-with-a_FVD-633.0_PSNR-7.267_SSIM-0.217_LPIPS-0.780_FID-76.3_tinylora,,,,0.9825011549758793,0.0,57.0870150862069,0.9810988052218568
469_people-are-exercising-on-outdoor-fitness-equipment-in-a-park_FVD-530.7_PSNR-13.573_SSIM-0.587_LPIPS-0.419_FID-82.0_tinylora,,,,0.9864469472350906,1.0,77.81955824227168,0.9729818942500096
46_a-close-up-of-a-blue-and-white-emblem-on-a-car_FVD-556.2_PSNR-17.785_SSIM-0.688_LPIPS-0.359_FID-84.2_tinylora,,,,0.9947940074801288,0.0,74.96154101141568,0.9899005113863477
470_a-person-is-playing-with-a-toy-made-of-lego-bricks_FVD-556.2_PSNR-22.333_SSIM-0.877_LPIPS-0.181_FID-84.2_tinylora,,,,0.9913791700240459,0.0,67.68968213837722,0.9895760246351654
471_a-chef-is-mixing-ingredients-in-a-pot-on-a-stove_FVD-682.2_PSNR-10.753_SSIM-0.290_LPIPS-0.718_FID-79.0_tinylora,,,,0.9595502355589671,1.0,47.04145681446996,0.9486826354382085
472_there-is-a-wooden-ramp-with-green-artificial-grass-on-it_FVD-587.3_PSNR-15.409_SSIM-0.352_LPIPS-0.268_FID-85.0_tinylora,,,,0.9837791081977664,0.0,77.39323188518655,0.933847786398495
474_the-news-reporter-is-reporting-live-from-a-snowy-city-street-at-night_FVD-556.2_PSNR-17.664_SSIM-0.836_LPIPS-0.146_FID-84.2_tinylora,,,,0.9940363306781046,1.0,71.89284699538658,0.9893158875259699
475_a-comedian-is-performing-stand-up-comedy-on-stage-in-front-of-an-audience_FVD-437.8_PSNR-13.544_SSIM-0.483_LPIPS-0.649_FID-74.1_tinylora,,,,0.9901625282524869,1.0,55.24470506865403,0.9863928879008573
476_a-young-man-is-standing-in-front-of-a-black-background-with-a-dartboard-and-a-si_FVD-437.8_PSNR-5.488_SSIM-0.493_LPIPS-0.543_FID-74.1_tinylora,,,,0.9803406486793436,1.0,53.62157598035089,0.9333212833778531
477_there-are-people-kayaking-in-the-ocean-with-a-rocky-cliff-in-the-background_FVD-437.8_PSNR-18.766_SSIM-0.728_LPIPS-0.156_FID-74.1_tinylora,,,,0.9943321726059549,1.0,65.30732450814082,0.9885276541990392
478_a-team-of-football-players-are-warming-up-on-the-field-before-a-game-of-soccer_FVD-608.5_PSNR-8.872_SSIM-0.336_LPIPS-0.713_FID-84.7_tinylora,,,,0.9449215745659909,1.0,66.54893401573445,0.9457564971026252
479_there-is-a-red-sports-car-parked-in-a-parking-garage_FVD-608.5_PSNR-9.022_SSIM-0.407_LPIPS-0.625_FID-84.7_tinylora,,,,0.9857223214472755,0.0,64.13088555171572,0.9832100625131645
47_a-cartoon-drawing-of-two-trees-with-faces-on-them_FVD-682.2_PSNR-10.526_SSIM-0.726_LPIPS-0.526_FID-79.0_tinylora,,,,0.9790572142318467,1.0,62.7842016548946,0.972367415708654
480_a-young-woman-is-sitting-on-the-floor-with-her-phone-in-front-of-her-she-appears_FVD-608.5_PSNR-15.804_SSIM-0.608_LPIPS-0.244_FID-84.7_tinylora,,,,0.9817124528096496,1.0,74.64633810109106,0.9698346511990417
481_the-word-warfare-is-written-on-a-black-background-with-white-letters_FVD-530.7_PSNR-8.355_SSIM-0.222_LPIPS-0.779_FID-82.0_tinylora,,,,0.9495285538093443,0.0,44.61994763078361,0.942197182599236
482_a-black-man-is-standing-in-front-of-a-dark-background-wearing-a-plaid-shirt-and_FVD-613.2_PSNR-14.567_SSIM-0.452_LPIPS-0.548_FID-72.4_tinylora,,,,0.9762715933729261,1.0,68.41668898483803,0.9560716741225299
483_there-are-several-balls-made-of-different-fabrics-such-as-red-blue-and-white-and_FVD-608.5_PSNR-11.558_SSIM-0.708_LPIPS-0.399_FID-84.7_tinylora,,,,0.9773070474851264,1.0,74.254232998552,0.9779195280636058
484_a-close-up-of-a-pile-of-items-on-a-table_FVD-471.8_PSNR-23.231_SSIM-0.935_LPIPS-0.207_FID-78.2_tinylora,,,,0.9949110011592778,1.0,57.68016118016736,0.9902008907467711
485_a-black-book-with-a-picture-of-a-yellow-bus_FVD-437.8_PSNR-22.986_SSIM-0.736_LPIPS-0.096_FID-74.1_tinylora,,,,0.9930907423399381,0.0,72.62529570480874,0.9778517143399108
486_a-computer-screen-with-a-picture-of-a-tiger-in-flames_FVD-633.0_PSNR-6.488_SSIM-0.409_LPIPS-0.664_FID-76.3_tinylora,,,,0.9526565394453722,1.0,55.71897506713867,0.9517020356421377
487_a-man-in-a-red-jacket-standing-in-a-flooded-area_FVD-471.8_PSNR-26.589_SSIM-0.890_LPIPS-0.063_FID-78.2_tinylora,,,,0.9950537185360254,0.0,69.52399444580078,0.994190354908214
488_a-bookmark-with-a-safety-pin-attached-to-it_FVD-556.2_PSNR-19.011_SSIM-0.746_LPIPS-0.177_FID-84.2_tinylora,,,,0.9877480205490315,1.0,62.301509594095165,0.984638235615749
489_a-person-is-opening-a-can-of-matcha-tea_FVD-587.3_PSNR-16.123_SSIM-0.736_LPIPS-0.219_FID-85.0_tinylora,,,,0.9916670110552234,1.0,66.40979043368635,0.9812524982527191
48_a-busy-street-in-a-city-with-people-on-motorcycles-cars-and-signs-on-the-buildin_FVD-530.7_PSNR-17.241_SSIM-0.597_LPIPS-0.279_FID-82.0_tinylora,,,,0.9875698150186891,1.0,75.2611839031351,0.9671025968065449
490_a-person-is-using-a-wooden-spoon-to-mix-red-peppers-in-a-frying-pan_FVD-682.2_PSNR-6.770_SSIM-0.332_LPIPS-0.885_FID-79.0_tinylora,,,,0.9591061421897819,1.0,56.37324458155139,0.9550351348577761
491_a-man-in-a-red-shirt-preparing-food-in-a-kitchen_FVD-613.2_PSNR-17.727_SSIM-0.783_LPIPS-0.195_FID-72.4_tinylora,,,,0.9903741387714273,1.0,72.22676231121194,0.9672931783339557
492_the-settings-page-on-the-xbox-one_FVD-437.8_PSNR-10.026_SSIM-0.694_LPIPS-0.327_FID-74.1_tinylora,,,,0.9921948911442249,0.0,68.57338556750068,0.9878055572509765
493_the-logo-for-day-drops-super-official-food-reviews_FVD-682.2_PSNR-40.681_SSIM-0.968_LPIPS-0.001_FID-79.0_tinylora,,,,0.9987849628032303,0.0,48.49926297418003,0.9988618941868053
494_there-is-a-tank-on-display-in-a-dark-room-and-it-appears-to-be-a-3d-image_FVD-608.5_PSNR-6.768_SSIM-0.560_LPIPS-0.604_FID-84.7_tinylora,,,,0.9889259023588067,0.0,71.69643033784011,0.9868699784372367
495_a-skeleton-of-a-large-animal-in-a-museum_FVD-613.2_PSNR-22.137_SSIM-0.773_LPIPS-0.053_FID-72.4_tinylora,,,,0.9881076540859399,0.0,75.12721962764346,0.9640198090497185
496_a-screen-shot-of-the-fifa-store-website_FVD-613.2_PSNR-25.156_SSIM-0.930_LPIPS-0.039_FID-72.4_tinylora,,,,0.9944045126731248,0.0,76.93814007989292,0.9932399642233755
497_a-pair-of-gloves-holding-a-pencil-to-a-piece-of-metal_FVD-587.3_PSNR-14.508_SSIM-0.734_LPIPS-0.300_FID-85.0_tinylora,,,,0.9905657824695049,1.0,59.835340960272426,0.9783730562995462
498_the-front-grille-of-a-blue-audi-suv_FVD-608.5_PSNR-25.793_SSIM-0.835_LPIPS-0.048_FID-84.7_tinylora,,,,0.9916128253852289,0.0,74.09443112077385,0.9893332556182263
499_a-car-driving-on-a-road-with-large-tires_FVD-682.2_PSNR-10.246_SSIM-0.494_LPIPS-0.663_FID-79.0_tinylora,,,,0.9926325814113038,0.0,73.29201691726158,0.9801228672850366
49_a-close-up-of-a-table-with-tools-on-it_FVD-608.5_PSNR-15.605_SSIM-0.469_LPIPS-0.271_FID-84.7_tinylora,,,,0.9856859065073679,0.0,69.75505539466594,0.9791947663999071
4_a-black-book-with-the-words-photo-critique-on-it_FVD-682.2_PSNR-33.091_SSIM-0.942_LPIPS-0.028_FID-79.0_tinylora,,,,0.9959057694926261,0.0,50.6553305264177,0.9919241718217439
500_a-pair-of-blue-clamps-holding-a-piece-of-wood_FVD-608.5_PSNR-19.922_SSIM-0.844_LPIPS-0.161_FID-84.7_tinylora,,,,0.9935729609017753,1.0,69.3809656603583,0.9862395688599231
501_two-dogs-in-life-jackets-standing-next-to-a-raft_FVD-613.2_PSNR-16.936_SSIM-0.647_LPIPS-0.374_FID-72.4_tinylora,,,,0.9905643088231554,1.0,43.12326141883587,0.9600975298414043
502_there-are-glasses-filled-with-strawberries-and-bananas-on-a-table_FVD-613.2_PSNR-10.088_SSIM-0.356_LPIPS-0.651_FID-72.4_tinylora,,,,0.968369311533374,1.0,58.75284471182987,0.9368857739018459
503_a-red-white-and-blue-crochet-flower-on-a-white-surface_FVD-682.2_PSNR-18.869_SSIM-0.786_LPIPS-0.117_FID-79.0_tinylora,,,,0.9933605087000078,0.0,73.07530607026199,0.9929278462540869
504_a-picture-of-a-blender-with-the-caption-when-found-that-the-vitamin-container-ma_FVD-530.7_PSNR-9.812_SSIM-0.792_LPIPS-0.396_FID-82.0_tinylora,,,,0.9891463234265395,0.0,64.70180767980115,0.990503724416097
505_a-man-is-cutting-a-piece-of-wood-with-an-electric-saw_FVD-437.8_PSNR-15.706_SSIM-0.678_LPIPS-0.199_FID-74.1_tinylora,,,,0.9827514288968793,1.0,76.98562753611597,0.9747078428081438
506_an-overhead-view-of-a-race-car-on-a-race-track_FVD-587.3_PSNR-13.677_SSIM-0.475_LPIPS-0.351_FID-85.0_tinylora,,,,0.9713538790917008,1.0,48.062548407192885,0.9284880694221048
507_the-europe-1-logo-on-a-blue-background_FVD-471.8_PSNR-20.983_SSIM-0.836_LPIPS-0.146_FID-78.2_tinylora,,,,0.9899774466410496,0.0,63.013787762872106,0.9862879650265562
508_there-are-two-young-boys-in-pajamas-sitting-on-a-bed-with-a-green-blanket_FVD-633.0_PSNR-14.322_SSIM-0.503_LPIPS-0.481_FID-76.3_tinylora,,,,0.9956485112407677,0.0,75.42930076862204,0.9946741524864645
509_a-close-up-of-a-toy-pony-with-colorful-hair_FVD-437.8_PSNR-21.160_SSIM-0.803_LPIPS-0.242_FID-74.1_tinylora,,,,0.9881877958515136,1.0,67.78823378990437,0.9691265498890597
50_a-television-news-screen-showing-bottles-of-soda-in-a-store_FVD-556.2_PSNR-11.149_SSIM-0.402_LPIPS-0.671_FID-84.2_tinylora,,,,0.9459156001142444,1.0,65.80985457321694,0.9240083507463044
510_a-spray-foam-insulation-installation-in-a-room_FVD-587.3_PSNR-18.001_SSIM-0.693_LPIPS-0.238_FID-85.0_tinylora,,,,0.9951642997610368,0.0,47.11237124739022,0.9957653489767336
511_the-player-is-in-a-minecraft-game-and-they-are-in-a-crafting-table-room_FVD-437.8_PSNR-19.981_SSIM-0.634_LPIPS-0.169_FID-74.1_tinylora,,,,0.9907719162050505,1.0,76.43517198233769,0.9812700589497884
512_an-image-of-a-red-and-orange-object-in-a-dark-space_FVD-530.7_PSNR-26.234_SSIM-0.846_LPIPS-0.244_FID-82.0_tinylora,,,,0.9977956918277461,0.0,30.443051436851764,0.9957961727591121
513_a-soccer-player-takes-the-ball-into-the-net-at-night-in-a-stadium-during-a-game_FVD-556.2_PSNR-13.552_SSIM-0.288_LPIPS-0.411_FID-84.2_tinylora,,,,0.9714488330722246,1.0,72.89965346763874,0.9161827984978171
514_there-is-a-bridge-over-a-river-in-a-city-the-bridge-is-made-of-stone-and-has-a-w_FVD-633.0_PSNR-23.271_SSIM-0.839_LPIPS-0.105_FID-76.3_tinylora,,,,0.9945032717614289,0.0,69.0604950477337,0.9926220173929252
515_there-is-a-messy-kitchen-filled-with-piles-of-clutter-and-debris_FVD-633.0_PSNR-34.667_SSIM-0.957_LPIPS-0.011_FID-76.3_tinylora,,,,0.9972496528993542,0.0,74.18564500479863,0.9976968599300758
516_a-pair-of-white-sticks-in-a-grassy-field_FVD-530.7_PSNR-19.041_SSIM-0.752_LPIPS-0.112_FID-82.0_tinylora,,,,0.9859590929053245,1.0,76.37659506962217,0.9810902857312969
517_a-man-and-a-little-girl-preparing-food-in-a-kitchen_FVD-633.0_PSNR-19.377_SSIM-0.800_LPIPS-0.236_FID-76.3_tinylora,,,,0.9905171402161291,1.0,54.062906725653285,0.9688822297488942
518_a-man-holding-up-a-camera-with-a-red-light-on-it_FVD-530.7_PSNR-20.587_SSIM-0.784_LPIPS-0.184_FID-82.0_tinylora,,,,0.9871961211701561,1.0,72.94317626953125,0.9762560208638509
519_a-fence-covered-in-snow-in-front-of-a-house_FVD-608.5_PSNR-6.717_SSIM-0.220_LPIPS-0.836_FID-84.7_tinylora,,,,0.9868749689044956,0.0,58.319435645794044,0.9754660064098881
51_there-are-different-tools-for-car-detailing-on-a-table_FVD-613.2_PSNR-16.445_SSIM-0.647_LPIPS-0.109_FID-72.4_tinylora,,,,0.9927626295910993,0.0,77.96650511642983,0.9768205624000699
520_an-electronic-device-with-a-red-button-on-it_FVD-613.2_PSNR-36.522_SSIM-0.956_LPIPS-0.019_FID-72.4_tinylora,,,,0.9956993523905289,0.0,75.60906719339305,0.9964545027882445
521_the-player-is-in-a-first-person-perspective-flying-over-a-mountainous-terrain-an_FVD-682.2_PSNR-13.903_SSIM-0.507_LPIPS-0.497_FID-79.0_tinylora,,,,0.9851973601272774,1.0,49.841188496556775,0.9808051408505907
522_the-person-is-holding-markers-on-a-black-cardboard_FVD-633.0_PSNR-21.572_SSIM-0.861_LPIPS-0.074_FID-76.3_tinylora,,,,0.991456678725176,1.0,76.83548973346579,0.9869162522110284
523_there-is-a-small-white-dog-wearing-a-yellow-hat-sitting-on-a-table-surrounded-by_FVD-633.0_PSNR-8.160_SSIM-0.346_LPIPS-0.758_FID-76.3_tinylora,,,,0.9753805972843197,1.0,73.79787313527075,0.971307980780508
524_there-is-a-group-of-people-in-uniforms-celebrating-on-a-field_FVD-613.2_PSNR-25.604_SSIM-0.813_LPIPS-0.067_FID-72.4_tinylora,,,,0.9952646444862667,0.0,71.85938078781655,0.9944962623072605
525_an-icon-showing-the-concept-of-internet-of-things_FVD-682.2_PSNR-28.878_SSIM-0.929_LPIPS-0.021_FID-79.0_tinylora,,,,0.996037255547251,0.0,75.57820076778017,0.995824055110707
526_a-person-pointing-at-a-body-of-water-with-clouds-in-the-sky_FVD-497.2_PSNR-18.460_SSIM-0.610_LPIPS-0.115_FID-80.6_tinylora,,,,0.9899211899636992,0.0,79.28998881372912,0.979281042136398
527_there-is-a-pond-surrounded-by-green-plants-and-trees-with-the-wind-blowing-gentl_FVD-633.0_PSNR-29.960_SSIM-0.962_LPIPS-0.090_FID-76.3_tinylora,,,,0.9939715781478189,0.0,69.04289219297212,0.9919939031787947
528_a-person-pointing-at-a-tray-of-cauliflower-and-carrots_FVD-608.5_PSNR-19.970_SSIM-0.800_LPIPS-0.192_FID-84.7_tinylora,,,,0.9841458658784026,1.0,74.58056009226831,0.9779530226015577
529_there-is-a-christmas-decoration-on-the-doorstep-of-a-house_FVD-497.2_PSNR-12.310_SSIM-0.327_LPIPS-0.641_FID-80.6_tinylora,,,,0.9373940592529747,1.0,43.3850488991573,0.9146594253240847
52_the-person-is-holding-a-smartphone-with-a-game-on-the-screen-the-game-appears-to_FVD-682.2_PSNR-19.269_SSIM-0.728_LPIPS-0.484_FID-79.0_tinylora,,,,0.9806739871095339,1.0,56.424511745058254,0.9666976442524031
530_an-apple-slicer-is-being-used-to-slice-apples-on-a-kitchen-countertop_FVD-471.8_PSNR-31.786_SSIM-0.942_LPIPS-0.093_FID-78.2_tinylora,,,,0.9952701897732918,0.0,65.56132217933391,0.9953920901990404
531_a-man-in-a-black-and-orange-uniform-is-dunking-a-basketball_FVD-613.2_PSNR-15.515_SSIM-0.375_LPIPS-0.275_FID-72.4_tinylora,,,,0.9902968528824457,1.0,76.22285224651468,0.9711982371760349
532_a-man-is-sitting-at-a-desk-and-looking-at-a-computer-screen_FVD-471.8_PSNR-10.832_SSIM-0.535_LPIPS-0.599_FID-78.2_tinylora,,,,0.9897941147946892,0.0,73.03562137998384,0.978685661390716
533_a-skateboarder-is-riding-down-the-stairs-in-the-city-at-night_FVD-613.2_PSNR-18.409_SSIM-0.653_LPIPS-0.154_FID-72.4_tinylora,,,,0.9945308289247857,0.0,71.98555808231748,0.9903129502838733
534_a-game-screen-showing-a-green-field_FVD-497.2_PSNR-17.015_SSIM-0.520_LPIPS-0.346_FID-80.6_tinylora,,,,0.9596446524990873,1.0,62.22052067723767,0.9423014696906594
535_a-bush-with-lots-of-green-leaves-in-front-of-a-fence_FVD-497.2_PSNR-20.898_SSIM-0.665_LPIPS-0.302_FID-80.6_tinylora,,,,0.9925717882973167,0.0,76.02846132475754,0.9673772550096699
536_a-black-and-white-photo-of-tony-williams-playing-a-trumpet_FVD-608.5_PSNR-10.037_SSIM-0.628_LPIPS-0.440_FID-84.7_tinylora,,,,0.9816593851750102,0.0,72.2745290295831,0.9864599405550489
537_the-player-is-in-a-first-person-shooter-game-and-is-fighting-against-enemies-in_FVD-613.2_PSNR-13.227_SSIM-0.428_LPIPS-0.750_FID-72.4_tinylora,,,,0.9868854943820478,1.0,68.81889487957132,0.9722365248437022
538_a-pair-of-brake-calipers-sitting-on-a-table_FVD-556.2_PSNR-10.354_SSIM-0.484_LPIPS-0.682_FID-84.2_tinylora,,,,0.9117464399622028,1.0,50.277424647890285,0.9031456966026157
539_two-cartoon-characters-sitting-on-the-floor-next-to-each-other_FVD-471.8_PSNR-9.110_SSIM-0.184_LPIPS-0.650_FID-78.2_tinylora,,,,0.9446828822006901,1.0,48.68930185252223,0.918501678167605
53_a-man-sitting-on-a-yellow-box-under-a-white-truck_FVD-530.7_PSNR-26.669_SSIM-0.799_LPIPS-0.210_FID-82.0_tinylora,,,,0.9925252240653206,0.0,61.971472115352235,0.9884280513314639
540_an-asian-man-in-a-suit-and-tie-on-a-tv-screen_FVD-633.0_PSNR-17.867_SSIM-0.832_LPIPS-0.106_FID-76.3_tinylora,,,,0.9936163697583734,1.0,67.30031822467673,0.9915691927367566
541_two-cartoon-characters-jumping-off-of-a-shark_FVD-682.2_PSNR-6.727_SSIM-0.353_LPIPS-0.829_FID-79.0_tinylora,,,,0.7976057006336189,1.0,49.478397632467335,0.7725124733120787
542_a-video-game-screen-with-a-man-wearing-headphones_FVD-633.0_PSNR-15.521_SSIM-0.400_LPIPS-0.393_FID-76.3_tinylora,,,,0.9807380384712645,0.0,70.4372092937601,0.9757775736790077
543_a-person-is-talking-to-the-camera-while-sitting-in-front-of-a-laptop_FVD-633.0_PSNR-25.698_SSIM-0.909_LPIPS-0.122_FID-76.3_tinylora,,,,0.9953377689550713,1.0,36.14160629798626,0.9929546720841351
544_a-man-is-standing-in-front-of-his-rv-holding-various-products-such-as-holding-ta_FVD-608.5_PSNR-8.019_SSIM-0.559_LPIPS-0.693_FID-84.7_tinylora,,,,0.9803261095437107,0.0,64.24081999680092,0.9758026422238817
545_a-funny-cat-wearing-a-hat-and-standing-in-a-dark-room_FVD-613.2_PSNR-15.860_SSIM-0.597_LPIPS-0.501_FID-72.4_tinylora,,,,0.9843644946293154,1.0,52.776063655984814,0.9846558009876925
546_a-car-is-driving-on-a-snowy-road-in-the-middle-of-a-forest-the-video-also-shows_FVD-633.0_PSNR-8.392_SSIM-0.390_LPIPS-0.677_FID-76.3_tinylora,,,,0.9754825433111279,1.0,73.52645268933526,0.9753816081028358
547_the-floor-is-being-cleaned-with-a-machine_FVD-682.2_PSNR-9.772_SSIM-0.354_LPIPS-0.860_FID-79.0_tinylora,,,,0.9894210889149998,0.0,77.8153155096646,0.9824785849627327
548_a-christmas-tree-with-the-words-make-it-and-take-it-challenge-lab_FVD-471.8_PSNR-17.309_SSIM-0.685_LPIPS-0.198_FID-78.2_tinylora,,,,0.9863709273773612,1.0,58.84459844128839,0.9610776714250153
549_a-man-in-a-suit-and-tie-is-standing-on-a-stage-in-front-of-a-large-screen-displa_FVD-497.2_PSNR-9.598_SSIM-0.259_LPIPS-0.788_FID-80.6_tinylora,,,,0.9781213396149059,1.0,62.66120700178475,0.9760293306088915
54_a-person-is-putting-blue-flowers-into-a-basket_FVD-633.0_PSNR-17.921_SSIM-0.725_LPIPS-0.249_FID-76.3_tinylora,,,,0.9862470101555579,1.0,46.442810453217604,0.9793339860205557
550_a-virtual-dj-software-screen_FVD-471.8_PSNR-32.108_SSIM-0.943_LPIPS-0.014_FID-78.2_tinylora,,,,0.9957919370338947,0.0,66.53222893024314,0.9960096055386113
551_there-is-a-luxurious-bathroom-with-a-bathtub-and-a-chandelier_FVD-587.3_PSNR-16.794_SSIM-0.745_LPIPS-0.318_FID-85.0_tinylora,,,,0.9814605958235324,1.0,62.05935774178341,0.9721066044826133
552_a-woman-is-sitting-in-front-of-a-christmas-tree-looking-at-her-phone_FVD-608.5_PSNR-27.895_SSIM-0.915_LPIPS-0.077_FID-84.7_tinylora,,,,0.9953989934315072,0.0,62.033725606984106,0.9939294193305221
553_a-metal-bowl-with-ingredients-written-on-it_FVD-556.2_PSNR-15.643_SSIM-0.415_LPIPS-0.264_FID-84.2_tinylora,,,,0.9775211234333477,0.0,76.52281715129983,0.9744291399039474
554_it-is-a-man-wearing-a-red-shirt-and-headphones-standing-in-front-of-a-white-wall_FVD-682.2_PSNR-24.195_SSIM-0.907_LPIPS-0.057_FID-79.0_tinylora,,,,0.9951233769081885,0.0,69.22234554948479,0.9936829506182203
555_a-cartoon-girl-looking-at-her-phone-with-a-speech-bubble-that-says-good-morning_FVD-497.2_PSNR-10.964_SSIM-0.282_LPIPS-0.687_FID-80.6_tinylora,,,,0.9699828811065023,0.0,51.23197766008048,0.9706894781075271
556_two-wicker-chairs-with-the-text-how-to-coat-outdoor-wicker-furniture_FVD-437.8_PSNR-20.224_SSIM-0.625_LPIPS-0.067_FID-74.1_tinylora,,,,0.9814799924042801,0.0,78.34421407765356,0.969769453534893
557_a-soccer-player-scores-a-goal_FVD-587.3_PSNR-25.841_SSIM-0.888_LPIPS-0.121_FID-85.0_tinylora,,,,0.9972113345872538,0.0,65.95625042093211,0.9968823042570376
558_two-young-women-are-shopping-in-a-clothing-store_FVD-556.2_PSNR-14.112_SSIM-0.517_LPIPS-0.504_FID-84.2_tinylora,,,,0.9937665411717572,1.0,71.56873032142376,0.9914781785478779
559_an-aerial-view-of-a-city-with-a-river-in-the-background_FVD-633.0_PSNR-13.569_SSIM-0.771_LPIPS-0.440_FID-76.3_tinylora,,,,0.9883845574487807,1.0,76.63448780980603,0.9719257392135321
55_a-video-showing-how-to-draw-a-sonic-character_FVD-497.2_PSNR-13.009_SSIM-0.705_LPIPS-0.365_FID-80.6_tinylora,,,,0.9752193114492057,1.0,59.98893408939756,0.9481041440776751
560_a-man-is-mixing-ingredients-for-cookies-in-a-glass-bowl-on-a-wooden-table_FVD-613.2_PSNR-6.252_SSIM-0.444_LPIPS-0.758_FID-72.4_tinylora,,,,0.968089791939746,1.0,57.94846107219828,0.9618844948562921
561_there-are-graves-of-soldiers-in-a-cemetery-with-american-flags_FVD-437.8_PSNR-19.905_SSIM-0.685_LPIPS-0.082_FID-74.1_tinylora,,,,0.9907466093742519,0.0,64.84779726225754,0.9708297523797728
562_a-person-holding-a-cell-phone-with-a-music-app-on-it_FVD-437.8_PSNR-21.384_SSIM-0.764_LPIPS-0.083_FID-74.1_tinylora,,,,0.9929603163380737,0.0,72.10519435487944,0.9903363966474346
563_a-camera-and-a-box-next-to-each-other_FVD-437.8_PSNR-12.356_SSIM-0.608_LPIPS-0.331_FID-74.1_tinylora,,,,0.9863123815565222,1.0,58.50028728616649,0.9607439153334674
564_a-black-background-with-text-that-reads-from-canada-quality-street-chocolates-an_FVD-682.2_PSNR-14.168_SSIM-0.780_LPIPS-0.559_FID-79.0_tinylora,,,,0.9931064373866534,1.0,55.564815258157665,0.9888906637827556
565_an-advertisement-for-the-tps-test_FVD-437.8_PSNR-27.098_SSIM-0.931_LPIPS-0.026_FID-74.1_tinylora,,,,0.9956507178525791,0.0,76.30474248425713,0.9963976411258473
566_a-dog-is-sleeping-on-a-couch-with-a-red-background_FVD-437.8_PSNR-20.893_SSIM-0.667_LPIPS-0.189_FID-74.1_tinylora,,,,0.9859975554725096,1.0,59.73246949294518,0.9761432703803568
567_the-woman-is-sitting-in-front-of-a-laptop-with-headphones-on-looking-at-the-scre_FVD-437.8_PSNR-20.734_SSIM-0.786_LPIPS-0.137_FID-74.1_tinylora,,,,0.9909504693971605,1.0,69.12785207814184,0.9846156615836947
568_a-computer-screen-showing-a-message-that-says-stationary-case_FVD-613.2_PSNR-17.002_SSIM-0.766_LPIPS-0.228_FID-72.4_tinylora,,,,0.9918749920507733,0.0,73.4615549547919,0.9850780515109792
569_there-is-a-dog-sitting-on-a-bed-with-a-pillow-the-dog-is-a-husky-and-is-black-an_FVD-613.2_PSNR-11.734_SSIM-0.511_LPIPS-0.619_FID-72.4_tinylora,,,,0.9650380737564791,1.0,57.49325693064723,0.9321434619379979
56_a-close-up-of-three-fluorescent-lights-in-a-dark-room_FVD-471.8_PSNR-15.387_SSIM-0.679_LPIPS-0.324_FID-78.2_tinylora,,,,0.9902600991652003,1.0,48.86556112355199,0.9794587434506884
570_a-close-up-of-a-red-and-blue-device_FVD-556.2_PSNR-22.542_SSIM-0.702_LPIPS-0.086_FID-84.2_tinylora,,,,0.9924659148849176,0.0,71.03336018529431,0.9878300713557823
571_there-is-an-old-blue-pickup-truck-parked-in-a-dirt-lot-surrounded-by-trees-and-r_FVD-633.0_PSNR-29.298_SSIM-0.930_LPIPS-0.136_FID-76.3_tinylora,,,,0.9954291481215883,1.0,40.71878301686254,0.995269598680384
572_a-tray-filled-with-squares-of-food-on-a-table_FVD-530.7_PSNR-22.582_SSIM-0.916_LPIPS-0.025_FID-82.0_tinylora,,,,0.9971661345828395,0.0,47.24926902507914,0.9743053342781814
573_a-bathroom-with-green-cabinets-and-a-sink_FVD-608.5_PSNR-10.965_SSIM-0.482_LPIPS-0.691_FID-84.7_tinylora,,,,0.9854734248467015,0.0,63.1266203255489,0.9816000209135167
574_a-man-is-sitting-at-a-desk-and-talking-to-the-camera-while-gesturing-with-his-ha_FVD-682.2_PSNR-17.976_SSIM-0.789_LPIPS-0.153_FID-79.0_tinylora,,,,0.9911384772592263,1.0,77.35693017367659,0.9843329036937041
575_there-are-three-young-women-dressed-in-cosplay-costumes-standing-in-front-of-a-b_FVD-682.2_PSNR-19.710_SSIM-0.743_LPIPS-0.091_FID-79.0_tinylora,,,,0.9932546275721827,1.0,58.7495406578327,0.9894908035502714
576_the-text-zero-hero-appears-on-a-red-background-with-light-flashes_FVD-471.8_PSNR-30.630_SSIM-0.935_LPIPS-0.021_FID-78.2_tinylora,,,,0.9949891630998019,0.0,68.15731127508755,0.9893628316767076
577_a-person-is-working-on-some-beads-on-a-table_FVD-633.0_PSNR-15.919_SSIM-0.587_LPIPS-0.213_FID-76.3_tinylora,,,,0.9911553646899465,1.0,78.0895838244208,0.978210610034419
578_a-car-driving-down-a-street-next-to-a-verizon-store_FVD-682.2_PSNR-25.481_SSIM-0.845_LPIPS-0.051_FID-79.0_tinylora,,,,0.993274013631895,0.0,74.4351806640625,0.9842559496561686
579_a-view-of-the-inside-of-a-tractor-in-a-video-game_FVD-633.0_PSNR-6.708_SSIM-0.190_LPIPS-0.800_FID-76.3_tinylora,,,,0.9723209352517715,1.0,56.792147143133754,0.9564102285048541
57_a-man-is-playing-a-game-on-a-computer-screen_FVD-556.2_PSNR-16.333_SSIM-0.730_LPIPS-0.306_FID-84.2_tinylora,,,,0.9901257247356742,1.0,66.84701656473094,0.9830577551149855
580_a-newspaper-headline-with-a-picture-of-a-document_FVD-530.7_PSNR-10.913_SSIM-0.588_LPIPS-0.482_FID-82.0_tinylora,,,,0.9837553435169474,1.0,61.116626213336815,0.9673558440862917
581_a-person-is-jumping-on-a-trampoline-in-the-dark_FVD-471.8_PSNR-15.402_SSIM-0.611_LPIPS-0.490_FID-78.2_tinylora,,,,0.9860641791104797,1.0,33.764969858629954,0.9644808563531614
582_a-hand-pointing-to-a-paper-that-has-been-taped-to-the-windshield-of-a-car_FVD-613.2_PSNR-14.473_SSIM-0.599_LPIPS-0.342_FID-72.4_tinylora,,,,0.9904879728667643,1.0,73.18303496262124,0.9686685319040336
583_there-is-a-green-sports-car-driving-down-a-city-street_FVD-613.2_PSNR-21.859_SSIM-0.773_LPIPS-0.104_FID-72.4_tinylora,,,,0.9946106454734672,0.0,74.59094974912446,0.9870145563985787
584_there-is-a-man-standing-in-front-of-a-booth-displaying-bicycles-and-he-is-talkin_FVD-471.8_PSNR-9.147_SSIM-0.610_LPIPS-0.469_FID-78.2_tinylora,,,,0.987921998259774,1.0,65.40771760611699,0.9844330161225562
585_a-man-in-a-hat-and-sunglasses-is-standing-on-a-boat-with-a-green-sea-turtle-on-h_FVD-613.2_PSNR-22.959_SSIM-0.793_LPIPS-0.138_FID-72.4_tinylora,,,,0.994201616377053,0.0,68.69504875972353,0.9899944305419922
586_a-young-man-with-glasses-is-standing-in-front-of-a-window-and-looking-at-the-cam_FVD-556.2_PSNR-27.695_SSIM-0.913_LPIPS-0.040_FID-84.2_tinylora,,,,0.9944512017547403,0.0,66.30437416865908,0.9950495280471503
587_a-bunch-of-black-parts-sitting-on-top-of-a-wooden-floor_FVD-530.7_PSNR-7.802_SSIM-0.419_LPIPS-0.800_FID-82.0_tinylora,,,,0.9801548666007535,1.0,67.7934983352135,0.9654302597045898
588_a-red-jeep-is-parked-in-a-parking-lot-at-night-with-the-headlights-on-and-a-tire_FVD-471.8_PSNR-10.901_SSIM-0.174_LPIPS-0.585_FID-78.2_tinylora,,,,0.9487732545275055,1.0,58.92613627992827,0.9052465027453853
589_there-are-still-classified-and-unreleased-confidential-files-regarding-events-in_FVD-497.2_PSNR-18.565_SSIM-0.432_LPIPS-0.724_FID-80.6_tinylora,,,,0.9902338433370144,0.0,47.333476822951745,0.986961778939939
58_a-close-up-of-a-persons-hand-holding-a-skateboard_FVD-437.8_PSNR-32.080_SSIM-0.928_LPIPS-0.045_FID-74.1_tinylora,,,,0.9963836760665805,0.0,47.079859634925576,0.9935744318307614
590_a-dark-room-with-a-reflection-of-a-building-in-the-glass_FVD-608.5_PSNR-12.322_SSIM-0.570_LPIPS-0.407_FID-84.7_tinylora,,,,0.9744973210638421,1.0,69.24280469170932,0.899987927605124
591_a-green-tent-set-up-on-a-grassy-field_FVD-556.2_PSNR-21.315_SSIM-0.815_LPIPS-0.180_FID-84.2_tinylora,,,,0.9940364312124422,0.0,74.90680484114021,0.9924674740024642
592_a-woman-is-giving-an-interview-on-tv_FVD-497.2_PSNR-19.676_SSIM-0.766_LPIPS-0.196_FID-80.6_tinylora,,,,0.9949800740942745,1.0,60.86688745432887,0.9924462159474691
593_two-young-women-are-cooking-food-in-a-kitchen_FVD-682.2_PSNR-12.651_SSIM-0.632_LPIPS-0.317_FID-79.0_tinylora,,,,0.9844681731199425,1.0,63.5776156721444,0.9630449556836895
594_a-ferret-is-playing-with-a-red-heart-shaped-toy_FVD-497.2_PSNR-21.130_SSIM-0.785_LPIPS-0.132_FID-80.6_tinylora,,,,0.994569890021981,1.0,61.21132909840551,0.9883624002045276
595_the-dashboard-of-a-mercedes-benz_FVD-497.2_PSNR-30.928_SSIM-0.927_LPIPS-0.027_FID-80.6_tinylora,,,,0.9939360292060201,0.0,69.40698268495757,0.9936947359758265
596_a-small-room-with-a-tv-a-stool-and-a-vending-machine_FVD-633.0_PSNR-21.122_SSIM-0.831_LPIPS-0.148_FID-76.3_tinylora,,,,0.9892982738300983,1.0,65.5562815172919,0.9795000562480852
597_it-is-a-white-mercedes-280-se-cabriolet-driving-on-a-winding-road_FVD-613.2_PSNR-7.388_SSIM-0.310_LPIPS-0.737_FID-72.4_tinylora,,,,0.966294338916122,1.0,54.360903772814524,0.9541058297250785
598_a-man-and-a-woman-are-sitting-in-front-of-a-computer-screen-with-a-blue-backgrou_FVD-633.0_PSNR-17.293_SSIM-0.876_LPIPS-0.193_FID-76.3_tinylora,,,,0.9933474499909473,0.0,72.56445891281655,0.9921013916240019
599_three-jars-filled-with-different-colored-pills-on-a-shelf_FVD-471.8_PSNR-13.012_SSIM-0.596_LPIPS-0.522_FID-78.2_tinylora,,,,0.9920212292983432,1.0,63.23863496451542,0.9769107725106033
59_a-child-is-cracking-eggs-into-a-bowl-on-a-kitchen-counter_FVD-633.0_PSNR-21.682_SSIM-0.757_LPIPS-0.266_FID-76.3_tinylora,,,,0.9942929235329281,0.0,67.31229255939353,0.9905360997891893
5_the-person-is-holding-a-plastic-bowl-filled-with-cherry-tomatoes-on-a-kitchen-co_FVD-608.5_PSNR-18.662_SSIM-0.856_LPIPS-0.170_FID-84.7_tinylora,,,,0.9944094323092485,1.0,69.14496901939656,0.9897971218707515
600_two-people-wearing-protective-gear-in-a-hospital-room_FVD-497.2_PSNR-24.063_SSIM-0.881_LPIPS-0.041_FID-80.6_tinylora,,,,0.9959918381081064,0.0,69.96555591451711,0.9948037025975246
601_the-man-is-wearing-a-brown-shirt-and-glasses-and-he-is-talking-to-the-camera_FVD-437.8_PSNR-8.361_SSIM-0.345_LPIPS-0.585_FID-74.1_tinylora,,,,0.9839824054621849,1.0,59.57927032996868,0.9795593392615225
602_a-robot-on-a-computer-screen_FVD-556.2_PSNR-12.134_SSIM-0.591_LPIPS-0.593_FID-84.2_tinylora,,,,0.979493213184045,1.0,53.043790028013035,0.9710872855840945
603_a-view-of-the-inside-of-a-vehicle-from-the-outside_FVD-608.5_PSNR-16.831_SSIM-0.720_LPIPS-0.437_FID-84.7_tinylora,,,,0.9924789609687358,0.0,54.08073563411318,0.9885562073950674
604_a-black-background-with-the-words-try-your-answer-in-the-comments_FVD-633.0_PSNR-13.650_SSIM-0.576_LPIPS-0.410_FID-76.3_tinylora,,,,0.9814212773116726,0.0,76.75471286115975,0.9755700204886643
605_the-word-film-guide-on-a-blue-background_FVD-613.2_PSNR-19.026_SSIM-0.829_LPIPS-0.119_FID-72.4_tinylora,,,,0.9911876387841461,1.0,74.30621890364021,0.9913765365002202
606_the-character-select-screen-for-marvel-vs-capcom-3_FVD-471.8_PSNR-15.457_SSIM-0.657_LPIPS-0.248_FID-78.2_tinylora,,,,0.9889548763549223,0.0,74.31263627677129,0.9871751691780838
607_a-news-anchor-and-reporter-are-sitting-at-a-news-desk-in-a-television-studio_FVD-530.7_PSNR-28.801_SSIM-0.931_LPIPS-0.021_FID-82.0_tinylora,,,,0.9943570078605695,0.0,73.15429529650459,0.9902464324352788
608_a-person-is-holding-a-sunflower-plush-toy_FVD-587.3_PSNR-18.244_SSIM-0.686_LPIPS-0.444_FID-85.0_tinylora,,,,0.990823793326091,1.0,53.75717044698781,0.9811169399934656
609_a-close-up-of-a-white-samsung-cell-phone_FVD-587.3_PSNR-22.804_SSIM-0.903_LPIPS-0.103_FID-85.0_tinylora,,,,0.9913307103690835,0.0,64.06295644825903,0.9890507520413866
60_a-turtle-is-sitting-on-a-light-colored-background-and-looking-around_FVD-497.2_PSNR-17.723_SSIM-0.533_LPIPS-0.154_FID-80.6_tinylora,,,,0.9879886614100768,1.0,67.64334527377424,0.9805563066519943
610_a-pile-of-bags-of-fertilizer-sitting-in-front-of-a-garage_FVD-587.3_PSNR-20.155_SSIM-0.558_LPIPS-0.180_FID-85.0_tinylora,,,,0.9898143109741225,0.0,72.47183569546404,0.9808953696606206
611_it-is-a-blue-bmw-m240i-driving-on-a-winding-road-surrounded-by-trees_FVD-530.7_PSNR-4.564_SSIM-0.348_LPIPS-0.762_FID-82.0_tinylora,,,,0.9686500029365378,1.0,65.80021496476799,0.9657023523368088
612_a-white-plate-topped-with-food-and-a-spoon_FVD-556.2_PSNR-19.023_SSIM-0.680_LPIPS-0.148_FID-84.2_tinylora,,,,0.9925579788539347,0.0,77.58016809923896,0.980044542574415
613_an-ea-sports-logo-on-a-black-background_FVD-682.2_PSNR-33.780_SSIM-0.969_LPIPS-0.004_FID-79.0_tinylora,,,,0.9980241324962144,0.0,64.55925579728752,0.9982134681121976
614_there-is-a-machine-in-a-factory-with-a-water-pump-and-a-black-box_FVD-556.2_PSNR-20.480_SSIM-0.713_LPIPS-0.151_FID-84.2_tinylora,,,,0.9934490719698671,0.0,49.46384469394026,0.9856862152324003
615_a-man-is-talking-to-the-camera-while-holding-a-razor_FVD-437.8_PSNR-23.107_SSIM-0.859_LPIPS-0.087_FID-74.1_tinylora,,,,0.994768156361102,1.0,71.82146059233567,0.9904496192932128
616_a-man-is-cooking-food-on-a-grill-in-the-backyard-of-his-house_FVD-530.7_PSNR-14.875_SSIM-0.555_LPIPS-0.541_FID-82.0_tinylora,,,,0.9809126116726071,1.0,57.136521569613755,0.9584626366110409
617_a-red-car-parked-on-a-grassy-hill-next-to-a-lake_FVD-613.2_PSNR-24.994_SSIM-0.885_LPIPS-0.107_FID-72.4_tinylora,,,,0.9952487579567083,1.0,58.85744502626616,0.9925178873772714
618_two-sports-cars-parked-in-front-of-a-garage_FVD-613.2_PSNR-25.046_SSIM-0.874_LPIPS-0.059_FID-72.4_tinylora,,,,0.993873594109118,1.0,72.31804578057651,0.9923588285259172
619_a-stick-insect-is-crawling-on-a-branch-in-an-aquarium_FVD-608.5_PSNR-17.097_SSIM-0.883_LPIPS-0.243_FID-84.7_tinylora,,,,0.9911326967686113,1.0,69.65891476335197,0.9808879010817584
61_a-screen-shot-of-a-video-game-with-a-man-in-a-headset_FVD-613.2_PSNR-15.559_SSIM-0.821_LPIPS-0.250_FID-72.4_tinylora,,,,0.9791521469364989,1.0,71.43581127298289,0.962139211916456
620_the-iphone-12-is-placed-on-a-wooden-table-and-rotates-slowly_FVD-587.3_PSNR-14.284_SSIM-0.198_LPIPS-0.694_FID-85.0_tinylora,,,,0.9943395560347537,1.0,48.930798366152004,0.9880019421670951
621_a-close-up-of-a-man-running-on-a-track_FVD-633.0_PSNR-27.227_SSIM-0.938_LPIPS-0.051_FID-76.3_tinylora,,,,0.9960095155516802,0.0,48.14764864691372,0.9948547054739559
622_a-futuristic-looking-vehicle-with-a-door-and-a-directional-arrow_FVD-556.2_PSNR-18.522_SSIM-0.735_LPIPS-0.321_FID-84.2_tinylora,,,,0.9882131314398088,1.0,52.64333988058156,0.9652204289155848
623_a-person-is-holding-a-toy-dinosaur-that-appears-to-be-a-tyrannosaurus-rex-the-co_FVD-633.0_PSNR-19.423_SSIM-0.803_LPIPS-0.260_FID-76.3_tinylora,,,,0.9895939572410161,1.0,77.24705110747239,0.9799397524665384
624_there-is-a-bird-in-a-cage-with-food-scattered-around-it_FVD-530.7_PSNR-20.159_SSIM-0.798_LPIPS-0.387_FID-82.0_tinylora,,,,0.977979436800094,1.0,34.93447231424266,0.9606402752446194
625_a-small-frog-sitting-on-top-of-a-green-plant_FVD-587.3_PSNR-18.602_SSIM-0.697_LPIPS-0.345_FID-85.0_tinylora,,,,0.9731279580475353,0.0,75.74739022090517,0.9710856512481091
626_a-news-anchor-and-reporter-are-sitting-at-a-desk-in-front-of-a-cityscape-backgro_FVD-633.0_PSNR-24.683_SSIM-0.895_LPIPS-0.061_FID-76.3_tinylora,,,,0.9950732719971002,0.0,75.48490590062634,0.9942102511723836
627_a-bunch-of-toy-figures-on-a-shelf-with-the-words-grims-toy-show-action-inside_FVD-613.2_PSNR-18.060_SSIM-0.591_LPIPS-0.121_FID-72.4_tinylora,,,,0.9813272917340014,0.0,65.1850762202822,0.9283437766280829
628_a-person-with-a-backpack-standing-in-a-subway-station_FVD-587.3_PSNR-10.253_SSIM-0.419_LPIPS-0.651_FID-85.0_tinylora,,,,0.9760712396603941,1.0,41.99530614655593,0.9026127235562194
629_a-street-is-flooded-with-water-from-a-water-main-break_FVD-613.2_PSNR-18.382_SSIM-0.714_LPIPS-0.138_FID-72.4_tinylora,,,,0.9923907102905265,1.0,75.40149031014278,0.9828777070138969
62_a-tv-show-with-a-bunch-of-food-on-a-counter_FVD-682.2_PSNR-7.609_SSIM-0.344_LPIPS-0.794_FID-79.0_tinylora,,,,0.9479695573141116,1.0,63.66274971797549,0.9257757448682598
630_a-table-with-a-bunch-of-wine-glasses-and-a-bunch-of-purple-flowers_FVD-556.2_PSNR-17.892_SSIM-0.678_LPIPS-0.156_FID-84.2_tinylora,,,,0.9895389352656127,1.0,78.43430722992996,0.9786442345263912
631_there-is-a-person-standing-on-top-of-a-tall-tower-in-the-middle-of-a-mountainous_FVD-471.8_PSNR-22.147_SSIM-0.653_LPIPS-0.375_FID-78.2_tinylora,,,,0.9922279627329029,0.0,60.967252270928746,0.98435811809465
632_police-officers-are-responding-to-a-crime-scene-at-night_FVD-613.2_PSNR-25.907_SSIM-0.891_LPIPS-0.061_FID-72.4_tinylora,,,,0.9953127349697892,0.0,71.76304100299704,0.9939223088470159
633_a-group-of-baseball-players-high-fiving-each-other_FVD-587.3_PSNR-18.165_SSIM-0.713_LPIPS-0.326_FID-85.0_tinylora,,,,0.9935961534720726,1.0,43.27441301016972,0.9658016990212833
634_it-is-a-dark-background-with-a-bright-light-shining-in-the-center_FVD-613.2_PSNR-36.526_SSIM-0.951_LPIPS-0.061_FID-72.4_tinylora,,,,0.9960882215466316,0.0,37.09866898635338,0.9961777591237835
635_the-earth-from-space-with-a-black-background_FVD-633.0_PSNR-26.992_SSIM-0.836_LPIPS-0.124_FID-76.3_tinylora,,,,0.9954195823962598,1.0,71.42945098876953,0.9905995481154498
636_there-are-two-young-women-standing-in-a-kitchen-smiling-and-laughing_FVD-633.0_PSNR-22.508_SSIM-0.829_LPIPS-0.066_FID-76.3_tinylora,,,,0.9946649108695294,0.0,77.08683487464641,0.9917461217618456
637_a-man-is-standing-in-a-gym-and-talking-to-the-camera_FVD-471.8_PSNR-10.334_SSIM-0.279_LPIPS-0.685_FID-78.2_tinylora,,,,0.9721543496204572,1.0,43.48704390690244,0.9491542629167146
638_two-young-women-are-preparing-food-in-a-kitchen_FVD-587.3_PSNR-14.911_SSIM-0.514_LPIPS-0.535_FID-85.0_tinylora,,,,0.9955348973857705,0.0,65.51471276118838,0.9931600561328963
639_there-is-a-metal-shower-head-hanging-from-the-ceiling-in-a-bathroom-with-white-t_FVD-471.8_PSNR-28.208_SSIM-0.920_LPIPS-0.047_FID-78.2_tinylora,,,,0.9951700157226352,1.0,60.913326000345165,0.9915444411483465
63_there-is-a-bag-of-teddy-grahams-honey-on-a-table_FVD-633.0_PSNR-14.112_SSIM-0.498_LPIPS-0.488_FID-76.3_tinylora,,,,0.9862283266672053,1.0,36.509599356815734,0.9545254913030886
640_a-gray-suv-kia-sportage-is-parked-on-the-side-of-the-road_FVD-587.3_PSNR-24.545_SSIM-0.793_LPIPS-0.050_FID-85.0_tinylora,,,,0.9959633031898656,0.0,74.19402970938847,0.9958790938059489
641_a-video-game-screen-with-text-on-it_FVD-587.3_PSNR-38.990_SSIM-0.997_LPIPS-0.003_FID-85.0_tinylora,,,,0.9963022893118251,0.0,44.99219486631196,0.9973581580554738
642_a-man-is-standing-in-front-of-a-green-parrot-and-holding-a-gun_FVD-587.3_PSNR-15.213_SSIM-0.725_LPIPS-0.541_FID-85.0_tinylora,,,,0.9802162196676213,1.0,63.030269622802734,0.9622398152070887
643_a-boy-and-a-girl-are-drawing-on-paper_FVD-682.2_PSNR-10.011_SSIM-0.317_LPIPS-0.655_FID-79.0_tinylora,,,,0.9906815713732074,0.0,65.04020269985857,0.9336843303605622
644_a-man-with-glasses-sitting-in-front-of-a-light_FVD-608.5_PSNR-19.231_SSIM-0.709_LPIPS-0.317_FID-84.7_tinylora,,,,0.9944592466059607,1.0,59.3420322023589,0.9845552463157504
645_a-chef-is-preparing-food-in-a-kitchen-with-paper-cloth-and-dough_FVD-497.2_PSNR-21.971_SSIM-0.746_LPIPS-0.369_FID-80.6_tinylora,,,,0.9954907328850343,0.0,60.40711356853617,0.980951041801303
646_there-is-a-bowl-of-black-soy-sauce-on-a-white-table_FVD-587.3_PSNR-4.836_SSIM-0.360_LPIPS-0.645_FID-85.0_tinylora,,,,0.9616967818444151,1.0,54.90939199513402,0.9338919920079848
647_it-is-raining-on-a-street-and-there-are-puddles-of-water-on-the-ground_FVD-437.8_PSNR-6.027_SSIM-0.426_LPIPS-0.660_FID-74.1_tinylora,,,,0.97307298914491,0.0,73.74616320379849,0.9648071326461493
648_an-aerial-view-of-a-white-building-with-a-man-standing-in-front-of-it_FVD-682.2_PSNR-11.213_SSIM-0.487_LPIPS-0.638_FID-79.0_tinylora,,,,0.9698125198263067,1.0,69.35160064697266,0.9458664763207529
649_a-close-up-of-a-green-bowl-with-two-bottles-in-it_FVD-587.3_PSNR-27.859_SSIM-0.918_LPIPS-0.027_FID-85.0_tinylora,,,,0.9964403489093286,0.0,71.67196760506465,0.9960726644478592
64_the-user-is-browsing-a-wireless-charging-pad-on-a-computer-screen_FVD-682.2_PSNR-17.079_SSIM-0.725_LPIPS-0.232_FID-79.0_tinylora,,,,0.9905750914815712,1.0,76.6465485671471,0.980199333265716
650_a-small-green-train-is-on-a-toy-track_FVD-633.0_PSNR-28.909_SSIM-0.938_LPIPS-0.133_FID-76.3_tinylora,,,,0.9944977234349937,0.0,51.16046195194639,0.9949517558602726
651_person-is-cooking-a-dish-in-a-slow-cooker_FVD-633.0_PSNR-22.834_SSIM-0.778_LPIPS-0.128_FID-76.3_tinylora,,,,0.9908549851564558,1.0,56.12850031359442,0.9833506453271006
652_person-is-being-poured-into-a-pot-on-the-kitchen-sink_FVD-530.7_PSNR-17.570_SSIM-0.707_LPIPS-0.173_FID-82.0_tinylora,,,,0.9910823451976944,1.0,71.35728033657732,0.981199187858432
653_a-close-up-of-some-food-on-a-plate_FVD-608.5_PSNR-13.785_SSIM-0.407_LPIPS-0.661_FID-84.7_tinylora,,,,0.9791149716764377,0.0,65.39466713214743,0.9753444952123306
654_the-logo-for-chemical-business-simulator-and-the-logo-for-the-college-of-enginee_FVD-530.7_PSNR-9.352_SSIM-0.752_LPIPS-0.505_FID-82.0_tinylora,,,,0.9916328894672185,0.0,52.60690689086914,0.992431640625
655_a-screen-shot-of-a-video-editor-with-a-man-sitting-at-a-bar_FVD-682.2_PSNR-19.530_SSIM-0.551_LPIPS-0.735_FID-79.0_tinylora,,,,0.9855445131444672,0.0,44.56075431560648,0.9905962607439827
656_a-man-is-screaming-in-front-of-a-fire_FVD-471.8_PSNR-21.590_SSIM-0.798_LPIPS-0.192_FID-78.2_tinylora,,,,0.9927428523826731,1.0,66.50937797283304,0.9880788821800083
657_a-video-game-lobby-with-a-checkered-floor_FVD-530.7_PSNR-16.254_SSIM-0.732_LPIPS-0.429_FID-82.0_tinylora,,,,0.9952458840774558,1.0,70.90661726326778,0.9957411434136185
658_there-is-a-construction-site-with-several-houses-in-the-background_FVD-613.2_PSNR-16.489_SSIM-0.586_LPIPS-0.340_FID-72.4_tinylora,,,,0.9578897959424154,1.0,56.97336242938864,0.9225828133377374
659_a-person-in-a-kitchen-holding-a-tray-of-muffin-tins_FVD-530.7_PSNR-16.521_SSIM-0.479_LPIPS-0.453_FID-82.0_tinylora,,,,0.9818814138569424,1.0,71.84455332262763,0.9568332859114105
65_a-pregnant-woman-with-a-basket-of-fruits-and-vegetables-in-front-of-her_FVD-608.5_PSNR-18.469_SSIM-0.559_LPIPS-0.359_FID-84.7_tinylora,,,,0.9948732771687735,0.0,55.65922375383048,0.9851002291137096
660_a-news-anchor-in-a-suit-and-tie-on-a-tv-screen_FVD-587.3_PSNR-25.696_SSIM-0.899_LPIPS-0.040_FID-85.0_tinylora,,,,0.9941608592889614,0.0,75.49988687449488,0.992793685314702
661_a-person-is-cutting-a-quesadilla-with-a-knife_FVD-530.7_PSNR-11.728_SSIM-0.784_LPIPS-0.347_FID-82.0_tinylora,,,,0.9857220165710515,1.0,43.971896927932214,0.9799437522888184
662_a-man-is-sitting-at-a-table-in-a-kitchen-holding-a-plastic-container-and-looking_FVD-437.8_PSNR-20.592_SSIM-0.815_LPIPS-0.096_FID-74.1_tinylora,,,,0.9937635461836978,1.0,71.27478395659348,0.9850178615719665
663_a-young-black-woman-in-a-blue-dress-sits-in-a-chair-and-smiles-at-the-camera_FVD-633.0_PSNR-7.872_SSIM-0.149_LPIPS-0.959_FID-76.3_tinylora,,,,0.9926263990171389,0.0,50.168311415047484,0.9865863304512174
664_the-words-growing-and-pruning-part-2-by-byron-martin_FVD-437.8_PSNR-35.317_SSIM-0.958_LPIPS-0.019_FID-74.1_tinylora,,,,0.995811597575729,0.0,76.13125031569908,0.9964738841150321
665_a-white-tailed-deer-is-standing-in-a-field-and-then-runs-away_FVD-613.2_PSNR-24.044_SSIM-0.924_LPIPS-0.131_FID-72.4_tinylora,,,,0.991879053638015,0.0,67.8750851072114,0.989503682828417
666_a-pile-of-money-next-to-a-pile-of-oil-barrels_FVD-556.2_PSNR-19.417_SSIM-0.816_LPIPS-0.202_FID-84.2_tinylora,,,,0.9826568482962096,1.0,70.44946183829472,0.9767710667030484
667_two-young-men-are-standing-in-front-of-a-red-background-and-they-are-both-wearin_FVD-556.2_PSNR-14.750_SSIM-0.747_LPIPS-0.278_FID-84.2_tinylora,,,,0.9905676407181463,1.0,75.01674047009698,0.9719674914490943
668_there-is-a-book-open-on-a-table-with-a-red-and-blue-lace-bookmark-on-it_FVD-471.8_PSNR-26.861_SSIM-0.931_LPIPS-0.034_FID-78.2_tinylora,,,,0.9946143002473425,0.0,72.0081471410291,0.9944349536708758
669_a-baby-laying-on-a-wooden-floor-next-to-a-laptop_FVD-613.2_PSNR-18.120_SSIM-0.733_LPIPS-0.384_FID-72.4_tinylora,,,,0.9565731963859262,1.0,41.858779709914636,0.9438469381893382
66_two-women-sitting-at-a-table-looking-at-something_FVD-633.0_PSNR-24.050_SSIM-0.917_LPIPS-0.039_FID-76.3_tinylora,,,,0.9955650062508978,0.0,70.4716620609678,0.9952648391910628
670_sonic-the-hedgehog-standing-on-top-of-a-city_FVD-556.2_PSNR-10.551_SSIM-0.438_LPIPS-0.681_FID-84.2_tinylora,,,,0.9914992066204152,1.0,51.71796654010641,0.9667059430889055
671_two-men-standing-in-front-of-a-tv-showing-a-chargers-workout_FVD-471.8_PSNR-14.201_SSIM-0.645_LPIPS-0.302_FID-78.2_tinylora,,,,0.9881951098414793,1.0,74.01729952055832,0.9832775826547661
672_a-woman-in-a-green-jacket-sitting-at-a-desk-in-front-of-a-television-screen_FVD-587.3_PSNR-21.767_SSIM-0.851_LPIPS-0.103_FID-85.0_tinylora,,,,0.9949351817716937,0.0,77.80727254933325,0.993355798253826
673_a-blue-background-with-the-words-orchestration-moving-around-the-kit_FVD-530.7_PSNR-9.967_SSIM-0.397_LPIPS-0.663_FID-82.0_tinylora,,,,0.9653154101183742,1.0,66.09382918785359,0.9570033952301624
674_the-space-shuttle-is-launching-into-the-sky-with-smoke-billowing-out-of-its-engi_FVD-556.2_PSNR-17.015_SSIM-0.629_LPIPS-0.350_FID-84.2_tinylora,,,,0.9938679097106257,1.0,48.12064216876852,0.9908714490778306
675_there-are-people-skating-on-an-outdoor-ice-rink-in-front-of-a-large-building-wit_FVD-682.2_PSNR-14.399_SSIM-0.726_LPIPS-0.381_FID-79.0_tinylora,,,,0.9776663974216823,1.0,77.49601324673357,0.9735511891982135
676_a-close-up-of-a-video-game-screen_FVD-556.2_PSNR-21.876_SSIM-0.765_LPIPS-0.373_FID-84.2_tinylora,,,,0.9910395881776857,1.0,39.184960332410085,0.9859430733849021
677_a-yellow-school-bus-is-driving-down-a-street-next-to-trees_FVD-587.3_PSNR-15.003_SSIM-0.654_LPIPS-0.281_FID-85.0_tinylora,,,,0.9863771373600189,1.0,68.81951693830818,0.9841853665370567
678_a-man-in-a-red-shirt-walks-away-from-a-blue-truck-on-a-dirt-road-in-the-woods_FVD-633.0_PSNR-8.195_SSIM-0.440_LPIPS-0.582_FID-76.3_tinylora,,,,0.982368112275626,1.0,54.48530815387594,0.9690320650736491
679_a-television-screen-showing-a-list-of-countries_FVD-633.0_PSNR-19.606_SSIM-0.733_LPIPS-0.252_FID-76.3_tinylora,,,,0.9908351179347273,0.0,70.05235527301657,0.986948132982441
67_a-man-wearing-a-suit-and-tie-is-talking-into-a-microphone_FVD-633.0_PSNR-22.242_SSIM-0.874_LPIPS-0.091_FID-76.3_tinylora,,,,0.9954583245891839,0.0,66.20473217142039,0.9939548814997954
680_there-is-a-cafe-with-a-view-of-the-road-and-cars-passing-by_FVD-497.2_PSNR-17.669_SSIM-0.830_LPIPS-0.183_FID-80.6_tinylora,,,,0.991215033689758,1.0,70.67140829152075,0.9862196286519368
681_an-illustration-of-a-blood-vessel-with-red-and-blue-branches_FVD-530.7_PSNR-9.199_SSIM-0.417_LPIPS-0.831_FID-82.0_tinylora,,,,0.9599905432258373,1.0,70.45843137543777,0.956993907105689
682_the-plants-are-growing-in-a-greenhouse-with-wooden-beams-supporting-the-structur_FVD-437.8_PSNR-13.895_SSIM-0.131_LPIPS-0.410_FID-74.1_tinylora,,,,0.9765639682689314,1.0,79.23445997567012,0.9369852627024932
683_a-kitchen-table-with-a-blender-cups-bottles-glasses-and-a-glass-on-it-sits-in-fr_FVD-471.8_PSNR-9.323_SSIM-0.273_LPIPS-0.659_FID-78.2_tinylora,,,,0.9879962461413518,0.0,56.99590419900829,0.9794703969768449
684_a-woman-is-preparing-a-meal-in-her-kitchen-she-is-wearing-a-green-shirt-and-is-s_FVD-682.2_PSNR-26.856_SSIM-0.888_LPIPS-0.035_FID-79.0_tinylora,,,,0.9949170825515035,0.0,76.81661198056977,0.9921914680331361
685_there-is-a-red-curtain-in-front-of-a-red-background_FVD-530.7_PSNR-17.792_SSIM-0.892_LPIPS-0.119_FID-82.0_tinylora,,,,0.9969205829701004,1.0,62.19290595219053,0.9853028250675575
686_a-computer-screen-displaying-a-web-page_FVD-530.7_PSNR-14.210_SSIM-0.491_LPIPS-0.525_FID-82.0_tinylora,,,,0.9760458140587966,1.0,72.49201044543037,0.9412396973254634
687_there-is-a-white-dog-sitting-on-a-pillow-in-a-room-with-tiled-floors-and-white-w_FVD-437.8_PSNR-34.512_SSIM-0.964_LPIPS-0.023_FID-74.1_tinylora,,,,0.9959493424773757,0.0,73.36365509033203,0.9970448440196468
688_a-baseball-player-in-a-red-jersey-is-walking-off-the-field_FVD-530.7_PSNR-29.142_SSIM-0.897_LPIPS-0.073_FID-82.0_tinylora,,,,0.9958310523728722,0.0,64.46097288460567,0.9956990400950114
689_a-man-in-a-cowboy-hat-is-laying-in-a-hole-in-the-dirt-next-to-a-street_FVD-497.2_PSNR-15.406_SSIM-0.351_LPIPS-0.261_FID-80.6_tinylora,,,,0.9818138489370107,1.0,65.10157604875236,0.9516817092895508
68_a-person-is-holding-a-plastic-cup-in-their-hand-with-a-red-fish-in-it_FVD-556.2_PSNR-10.434_SSIM-0.586_LPIPS-0.637_FID-84.2_tinylora,,,,0.9467096598254686,1.0,43.20155295010271,0.9243153740377987
690_the-sun-is-setting-over-a-backyard-with-a-fence-and-a-tree_FVD-497.2_PSNR-23.288_SSIM-0.869_LPIPS-0.122_FID-80.6_tinylora,,,,0.9951096139911627,1.0,61.25850611719592,0.9902507136849796
691_a-group-of-men-sitting-around-a-table-looking-at-computer-screens_FVD-682.2_PSNR-11.215_SSIM-0.427_LPIPS-0.657_FID-79.0_tinylora,,,,0.94288578088153,1.0,48.00092322250892,0.939019453759287
692_a-man-in-a-red-shirt-is-standing-next-to-a-car-with-the-trunk-open_FVD-587.3_PSNR-11.578_SSIM-0.353_LPIPS-0.657_FID-85.0_tinylora,,,,0.9783209257594597,0.0,52.401720770474135,0.9766130690481148
693_a-close-up-of-a-persons-eye_FVD-556.2_PSNR-9.522_SSIM-0.355_LPIPS-0.777_FID-84.2_tinylora,,,,0.9734375832330796,1.0,52.50268830924198,0.9580513860665115
694_a-bowl-of-food-on-a-table-with-two-forks_FVD-613.2_PSNR-16.418_SSIM-0.513_LPIPS-0.321_FID-72.4_tinylora,,,,0.9831062017154618,1.0,67.42164795974205,0.9695866846570782
695_a-police-officer-on-a-newscast-with-a-building-in-the-background_FVD-633.0_PSNR-10.005_SSIM-0.577_LPIPS-0.650_FID-76.3_tinylora,,,,0.9877216003588936,1.0,60.391270736168174,0.9635088153913909
696_a-moose-is-standing-in-a-field-with-tall-grass-and-trees-in-the-background_FVD-613.2_PSNR-20.179_SSIM-0.594_LPIPS-0.182_FID-72.4_tinylora,,,,0.9904578546496056,1.0,65.54297295932112,0.9848048995522892
697_there-is-a-gauge-on-the-dashboard-of-a-car-that-displays-the-battery-percentage_FVD-497.2_PSNR-17.976_SSIM-0.838_LPIPS-0.275_FID-80.6_tinylora,,,,0.9937871214858808,0.0,75.7214539626549,0.9821319149989708
698_the-camera-is-moving-along-a-city-street-passing-by-buildings-and-cars_FVD-471.8_PSNR-17.158_SSIM-0.702_LPIPS-0.351_FID-78.2_tinylora,,,,0.990319655706834,1.0,61.38980378775761,0.97875815559836
699_a-white-letter-a-on-a-black-background_FVD-682.2_PSNR-12.533_SSIM-0.419_LPIPS-0.499_FID-79.0_tinylora,,,,0.9882262546778862,1.0,50.922320004167226,0.9827305756363214
69_a-person-is-standing-in-front-of-a-counter-in-a-coffee-shop_FVD-471.8_PSNR-20.222_SSIM-0.762_LPIPS-0.261_FID-78.2_tinylora,,,,0.9939978220521649,1.0,50.101727847395274,0.9884733826506371
6_a-small-boat-is-sailing-in-the-ocean-with-mountains-in-the-background_FVD-471.8_PSNR-22.572_SSIM-0.809_LPIPS-0.248_FID-78.2_tinylora,,,,0.9926639605160975,1.0,57.039561567635374,0.9878491663465313
700_a-green-bowl-of-soup-with-a-spoon-in-it-and-a-picture-of-a-bowl-of-soup_FVD-437.8_PSNR-12.807_SSIM-0.523_LPIPS-0.548_FID-74.1_tinylora,,,,0.9808803721809237,0.0,75.54532820602944,0.9795848304150151
701_two-men-sitting-at-a-table-in-front-of-a-microphone_FVD-437.8_PSNR-23.525_SSIM-0.850_LPIPS-0.080_FID-74.1_tinylora,,,,0.9939975010436867,0.0,72.86615832098599,0.991684507856182
702_a-wooden-wine-rack-on-a-white-background_FVD-682.2_PSNR-19.531_SSIM-0.813_LPIPS-0.106_FID-79.0_tinylora,,,,0.9885887342717536,1.0,69.93161142283472,0.9690380825715906
703_the-user-is-using-a-computer-to-control-a-graph-on-a-screen_FVD-437.8_PSNR-17.484_SSIM-0.787_LPIPS-0.364_FID-74.1_tinylora,,,,0.9950366845122129,0.0,73.18651238803206,0.9929509078755098
704_a-young-man-is-standing-in-front-of-a-parking-lot-with-trees-in-the-background_FVD-530.7_PSNR-24.646_SSIM-0.879_LPIPS-0.084_FID-82.0_tinylora,,,,0.995005146890487,0.0,71.05861690126616,0.9929897995556102
705_a-close-up-of-a-pair-of-pliers-laying-on-the-floor_FVD-608.5_PSNR-10.806_SSIM-0.397_LPIPS-0.649_FID-84.7_tinylora,,,,0.9910350239187555,0.0,57.29858187971444,0.9838318469477635
706_the-logo-for-a-movie-network-exclusive_FVD-471.8_PSNR-14.272_SSIM-0.695_LPIPS-0.291_FID-78.2_tinylora,,,,0.9856001932690811,1.0,67.44149780273438,0.9746979545144474
707_three-speech-bubbles-with-question-marks-on-a-white-background_FVD-471.8_PSNR-41.833_SSIM-0.987_LPIPS-0.005_FID-78.2_tinylora,,,,0.9962332388217039,0.0,65.283366499276,0.9980759198759116
708_a-young-man-is-fishing-in-a-beautiful-lake-with-tall-grass-and-trees-surrounding_FVD-633.0_PSNR-19.458_SSIM-0.666_LPIPS-0.134_FID-76.3_tinylora,,,,0.9868047045206971,0.0,74.09095316919787,0.9826061099183325
709_the-inside-of-a-limousine-looking-out-the-window_FVD-530.7_PSNR-6.700_SSIM-0.498_LPIPS-0.570_FID-82.0_tinylora,,,,0.9800105177621262,1.0,76.93754525020205,0.9673122593000824
70_a-man-is-cooking-corn-on-the-cob-in-a-kitchen_FVD-633.0_PSNR-18.075_SSIM-0.879_LPIPS-0.085_FID-76.3_tinylora,,,,0.9907958199973366,1.0,72.60394655424973,0.9559925677729588
710_a-video-game-character-running-on-a-rainbow-colored-floor_FVD-587.3_PSNR-17.501_SSIM-0.804_LPIPS-0.383_FID-85.0_tinylora,,,,0.9921370881084806,1.0,43.68106480302482,0.9857740018882003
711_the-women-are-working-out-in-a-room-with-a-chair-and-a-large-window_FVD-633.0_PSNR-12.082_SSIM-0.672_LPIPS-0.596_FID-76.3_tinylora,,,,0.9623728441697191,1.0,53.10224276575549,0.9446475272085152
712_it-is-a-black-background-with-white-text-on-it_FVD-530.7_PSNR-25.626_SSIM-0.924_LPIPS-0.021_FID-82.0_tinylora,,,,0.9981662826722569,0.0,49.85645162648168,0.9938786212135764
713_it-is-a-black-mercedes-c-class-car-driving-on-a-snowy-mountain-road_FVD-608.5_PSNR-15.500_SSIM-0.626_LPIPS-0.355_FID-84.7_tinylora,,,,0.9953871885960581,1.0,65.94014134900323,0.9811860682917576
714_a-couple-of-twitters-are-displayed-on-a-black-screen_FVD-471.8_PSNR-13.360_SSIM-0.538_LPIPS-0.356_FID-78.2_tinylora,,,,0.9876040665999306,1.0,77.24266157479121,0.9731948347652659
715_a-motorcycle-rider-is-riding-on-a-dirt-road-and-jumping-over-obstacles_FVD-613.2_PSNR-12.866_SSIM-0.561_LPIPS-0.361_FID-72.4_tinylora,,,,0.961829499327776,1.0,75.50504250362002,0.9443447150436102
716_there-is-a-man-sitting-in-a-taxi-and-the-taxi-is-driving-through-the-city_FVD-633.0_PSNR-20.290_SSIM-0.711_LPIPS-0.165_FID-76.3_tinylora,,,,0.9941718977254363,1.0,50.30152879912278,0.9847656792285395
717_a-frying-pan-full-of-sausages-on-a-stove_FVD-608.5_PSNR-12.887_SSIM-0.408_LPIPS-0.692_FID-84.7_tinylora,,,,0.9922655490147448,1.0,46.74220821775239,0.9888323381835339
718_a-baseball-player-running-on-a-baseball-field_FVD-530.7_PSNR-20.366_SSIM-0.539_LPIPS-0.171_FID-82.0_tinylora,,,,0.9934979267481565,0.0,67.888427734375,0.9870946313820633
719_there-are-several-pieces-of-cooked-chicken-on-a-metal-rack-on-top-of-a-counter_FVD-530.7_PSNR-15.929_SSIM-0.711_LPIPS-0.224_FID-82.0_tinylora,,,,0.9788951334740627,1.0,67.8193183109678,0.9714103137745577
71_a-fish-is-placed-in-a-plastic-bag-with-water_FVD-437.8_PSNR-22.982_SSIM-0.643_LPIPS-0.192_FID-74.1_tinylora,,,,0.9916650529736467,0.0,60.15810894143993,0.987953784419041
720_a-person-is-holding-a-smartphone-with-a-picture-of-a-game-on-the-screen_FVD-682.2_PSNR-34.969_SSIM-0.970_LPIPS-0.060_FID-79.0_tinylora,,,,0.9959815920224928,1.0,49.62923339317585,0.993281159213945
721_a-person-holding-a-bag-of-green-liquid-on-a-counter_FVD-633.0_PSNR-21.669_SSIM-0.839_LPIPS-0.067_FID-76.3_tinylora,,,,0.9940854924368252,0.0,69.9289314006937,0.9892396693136177
722_a-white-porsche-driving-down-a-curvy-road_FVD-471.8_PSNR-13.245_SSIM-0.323_LPIPS-0.800_FID-78.2_tinylora,,,,0.9883227047496349,1.0,51.104365776325096,0.9796653111775716
723_a-street-with-police-officers-a-car-and-other-vehicles_FVD-530.7_PSNR-20.128_SSIM-0.528_LPIPS-0.366_FID-82.0_tinylora,,,,0.9891220969891696,1.0,52.04927720694706,0.9899411089280072
724_three-men-are-drawing-a-car-on-a-wall_FVD-497.2_PSNR-8.027_SSIM-0.237_LPIPS-0.792_FID-80.6_tinylora,,,,0.9803378257686621,1.0,46.85079245731748,0.9816925591113521
725_a-young-woman-in-a-green-shirt-is-standing-on-the-floor-of-a-living-room_FVD-682.2_PSNR-24.875_SSIM-0.854_LPIPS-0.060_FID-79.0_tinylora,,,,0.995312125451142,0.0,69.5392513932853,0.9927966398351332
726_a-close-up-of-a-persons-hand-on-top-of-a-pile-of-green-leaves_FVD-682.2_PSNR-17.034_SSIM-0.478_LPIPS-0.150_FID-79.0_tinylora,,,,0.9808041996512815,1.0,69.15368994351091,0.9656077441047219
727_a-cat-is-eating-food-from-a-small-white-bowl-on-a-carpet_FVD-682.2_PSNR-18.083_SSIM-0.329_LPIPS-0.123_FID-79.0_tinylora,,,,0.9918319238419192,0.0,73.18016578411233,0.9788921879787071
728_a-picture-of-a-statue-of-a-dragon-on-a-tv-screen_FVD-682.2_PSNR-20.868_SSIM-0.859_LPIPS-0.085_FID-79.0_tinylora,,,,0.9906127888187861,0.0,69.71993176690464,0.9874111680423512
729_there-are-two-men-sitting-on-red-chairs-in-a-room-with-shelves-filled-with-bottl_FVD-471.8_PSNR-23.199_SSIM-0.868_LPIPS-0.104_FID-78.2_tinylora,,,,0.9933017812159586,1.0,64.35082665805159,0.9906592509325813
72_a-close-up-of-a-bmw-car-on-a-brick-road_FVD-497.2_PSNR-15.244_SSIM-0.402_LPIPS-0.335_FID-80.6_tinylora,,,,0.9903626212771434,1.0,68.92318646661167,0.9738446104760263
730_a-group-of-people-including-a-man-a-woman-and-a-baby-are-in-a-kitchen-they-are-l_FVD-437.8_PSNR-8.759_SSIM-0.284_LPIPS-0.717_FID-74.1_tinylora,,,,0.9939742191614894,0.0,76.8442277579472,0.9879953655542112
731_a-person-is-knitting-with-green-yarn-on-a-white-background_FVD-471.8_PSNR-6.670_SSIM-0.410_LPIPS-0.727_FID-78.2_tinylora,,,,0.9626570180355796,1.0,72.39305351520407,0.9484912086935604
732_the-mugshots-of-five-men-who-have-been-arrested_FVD-613.2_PSNR-23.802_SSIM-0.864_LPIPS-0.111_FID-72.4_tinylora,,,,0.9939134826272924,0.0,60.26723019830112,0.9919036135954016
733_a-person-holding-an-iphone-in-front-of-a-laptop_FVD-471.8_PSNR-10.650_SSIM-0.214_LPIPS-0.609_FID-78.2_tinylora,,,,0.9915187967882131,1.0,56.19741439819336,0.9795571252411487
734_there-are-various-types-of-reptiles-including-snakes-lizards-and-turtles-all-hou_FVD-682.2_PSNR-15.900_SSIM-0.337_LPIPS-0.579_FID-79.0_tinylora,,,,0.9941939346184522,0.0,55.97242210651266,0.9826659277373669
735_a-person-is-driving-a-black-car-down-a-road-with-a-green-grassy-field-in-the-bac_FVD-556.2_PSNR-8.548_SSIM-0.217_LPIPS-0.830_FID-84.2_tinylora,,,,0.9845286690731314,1.0,65.54385823216931,0.9663126403210209
736_the-person-is-sitting-in-front-of-a-desk-with-books-and-other-items-on-it-wearin_FVD-587.3_PSNR-6.004_SSIM-0.341_LPIPS-0.933_FID-85.0_tinylora,,,,0.9774354279639206,0.0,65.36467519299737,0.9769555578044816
737_a-man-is-standing-in-a-kitchen-and-talking-to-the-camera_FVD-633.0_PSNR-12.074_SSIM-0.188_LPIPS-0.691_FID-76.3_tinylora,,,,0.993934251151048,0.0,54.190792412593446,0.9835595224417892
738_the-front-entrance-of-a-building-with-glass-doors_FVD-633.0_PSNR-15.317_SSIM-0.514_LPIPS-0.475_FID-76.3_tinylora,,,,0.983483112896601,0.0,76.20094509782463,0.98842474713045
739_a-man-is-cutting-red-peppers-on-a-wooden-cutting-board-in-a-modern-kitchen_FVD-682.2_PSNR-18.724_SSIM-0.777_LPIPS-0.176_FID-79.0_tinylora,,,,0.9904874486854036,1.0,74.94014555832436,0.9834939900566549
73_a-drone-is-taking-off-and-flying-over-a-river_FVD-471.8_PSNR-14.607_SSIM-0.509_LPIPS-0.408_FID-78.2_tinylora,,,,0.969562910600939,1.0,69.71518523117592,0.9507346321554745
740_a-pair-of-scissors-laying-on-the-floor-next-to-some-plastic-bags_FVD-497.2_PSNR-19.988_SSIM-0.464_LPIPS-0.345_FID-80.6_tinylora,,,,0.9899937383473689,1.0,60.968526116732896,0.9736879423552869
741_a-mother-and-her-two-children-are-sitting-at-a-table-and-making-crafts-together_FVD-633.0_PSNR-20.132_SSIM-0.475_LPIPS-0.104_FID-76.3_tinylora,,,,0.9862580827269476,0.0,71.55628862052129,0.9671585270002776
742_three-men-standing-on-a-street-in-front-of-a-building_FVD-556.2_PSNR-22.481_SSIM-0.891_LPIPS-0.089_FID-84.2_tinylora,,,,0.9928181374045344,0.0,62.60789068813982,0.9909662031659893
743_an-older-man-and-woman-stand-on-a-beach-with-the-ocean-in-the-background_FVD-682.2_PSNR-9.242_SSIM-0.400_LPIPS-0.630_FID-79.0_tinylora,,,,0.9408322181035876,1.0,75.87165464203933,0.931871877932081
744_there-are-two-people-standing-on-a-sidewalk-one-of-them-is-holding-a-plate-with_FVD-530.7_PSNR-12.271_SSIM-0.430_LPIPS-0.439_FID-82.0_tinylora,,,,0.9890883639780699,1.0,71.00360817744814,0.9621163461722579
745_the-word-numeros-complexos-on-a-blue-background_FVD-587.3_PSNR-36.790_SSIM-0.992_LPIPS-0.001_FID-85.0_tinylora,,,,0.9958755671071848,0.0,71.75107258763806,0.9970508862944211
746_a-computer-screen-showing-various-items-in-minecraft_FVD-530.7_PSNR-24.079_SSIM-0.867_LPIPS-0.189_FID-82.0_tinylora,,,,0.992841365746352,0.0,71.87253175932786,0.9912240177977318
747_a-soccer-player-is-being-interviewed-on-a-green-field-with-microphones-in-front_FVD-608.5_PSNR-20.989_SSIM-0.783_LPIPS-0.139_FID-84.7_tinylora,,,,0.993444580656782,0.0,72.57156845618938,0.9912499614790374
748_the-operating-room-is-equipped-with-modern-medical-equipment_FVD-437.8_PSNR-12.623_SSIM-0.497_LPIPS-0.695_FID-74.1_tinylora,,,,0.9751211894680415,0.0,68.92176937234812,0.9834550483554018
749_a-close-up-of-a-guitar-with-stickers-on-it_FVD-682.2_PSNR-8.949_SSIM-0.339_LPIPS-0.676_FID-79.0_tinylora,,,,0.970869985581038,1.0,63.11243188792262,0.9553170783846986
74_a-diagram-showing-the-structure-of-a-neuron_FVD-613.2_PSNR-35.028_SSIM-0.990_LPIPS-0.016_FID-72.4_tinylora,,,,0.9877232523952424,0.0,57.707959010683254,0.9876808082356172
750_two-men-shaking-hands-in-a-formal-setting_FVD-530.7_PSNR-29.463_SSIM-0.910_LPIPS-0.033_FID-82.0_tinylora,,,,0.9952016106255536,0.0,74.57231903076172,0.9925098741755766
751_there-is-a-baseball-game-being-played-on-a-field-with-a-dirt-infield-and-grass-o_FVD-608.5_PSNR-15.696_SSIM-0.805_LPIPS-0.132_FID-84.7_tinylora,,,,0.9668422671886597,1.0,67.8316808240167,0.9544104968800264
752_a-man-is-sitting-in-the-drivers-seat-of-an-old-red-convertible-car-and-talking-t_FVD-587.3_PSNR-10.480_SSIM-0.386_LPIPS-0.765_FID-85.0_tinylora,,,,0.9847954995967404,0.0,71.96588082149111,0.9826555906557569
753_there-are-two-small-black-screws-on-a-red-mat_FVD-471.8_PSNR-24.540_SSIM-0.806_LPIPS-0.057_FID-78.2_tinylora,,,,0.9955302019646,0.0,77.29016586829876,0.9943590112760955
754_a-man-is-walking-down-a-street-in-an-urban-area-he-is-wearing-a-brown-jacket-and_FVD-556.2_PSNR-14.584_SSIM-0.483_LPIPS-0.539_FID-84.2_tinylora,,,,0.9792764366029532,0.0,66.5070678447855,0.969396525738286
755_there-is-a-waffle-with-the-shape-of-mickey-mouses-head_FVD-530.7_PSNR-22.764_SSIM-0.758_LPIPS-0.066_FID-82.0_tinylora,,,,0.9926149783163799,0.0,71.70453301791487,0.9705431956870884
756_a-tv-news-report-about-common-supplements-that-dont-help-arthritis_FVD-613.2_PSNR-12.002_SSIM-0.516_LPIPS-0.516_FID-72.4_tinylora,,,,0.9826326321460742,1.0,77.02368453453327,0.9660701751708984
757_an-insect-is-crawling-on-a-black-cable_FVD-613.2_PSNR-21.521_SSIM-0.630_LPIPS-0.320_FID-72.4_tinylora,,,,0.9894418349938799,1.0,67.58004089881634,0.9731483552970138
758_a-person-placing-seeds-in-a-plastic-container_FVD-556.2_PSNR-15.217_SSIM-0.721_LPIPS-0.271_FID-84.2_tinylora,,,,0.9786485126903326,1.0,62.01111681707974,0.9734842936197917
759_a-soccer-player-is-trying-on-new-cleats-in-the-locker-room_FVD-530.7_PSNR-17.984_SSIM-0.763_LPIPS-0.284_FID-82.0_tinylora,,,,0.9920565007186101,1.0,54.526491494014344,0.9853656619202857
75_a-woman-in-a-business-suit-holding-a-folder_FVD-556.2_PSNR-16.849_SSIM-0.749_LPIPS-0.350_FID-84.2_tinylora,,,,0.991602304116091,0.0,75.21674978321997,0.9862103265874526
760_a-man-in-a-red-shirt-is-standing-in-a-hallway-next-to-a-door-with-a-picture-on-i_FVD-587.3_PSNR-31.536_SSIM-0.946_LPIPS-0.025_FID-85.0_tinylora,,,,0.9958272126625757,0.0,72.19239544046336,0.9961038458581064
761_a-close-up-of-a-chevrolet-camaro-parked-on-a-driveway_FVD-497.2_PSNR-10.342_SSIM-0.323_LPIPS-0.579_FID-80.6_tinylora,,,,0.9677881858873357,1.0,63.11868825452081,0.9567882537841796
762_a-person-holding-a-key-to-a-purple-sports-car_FVD-530.7_PSNR-19.145_SSIM-0.770_LPIPS-0.165_FID-82.0_tinylora,,,,0.9888434854777916,0.0,67.42066232089338,0.9839036960227817
763_the-car-is-parked-in-a-parking-lot-and-the-camera-is-facing-the-rear-of-the-car_FVD-613.2_PSNR-17.931_SSIM-0.533_LPIPS-0.248_FID-72.4_tinylora,,,,0.9827021937247121,1.0,74.22637492212756,0.9685796962064855
764_a-blue-toyota-tacoma-truck-is-parked-in-a-parking-lot-surrounded-by-trees_FVD-682.2_PSNR-20.132_SSIM-0.734_LPIPS-0.102_FID-79.0_tinylora,,,,0.9908366413806441,0.0,77.36124157083445,0.9869670166688806
765_a-building-under-a-starry-sky-with-a-milky-way-in-the-background_FVD-587.3_PSNR-19.614_SSIM-0.766_LPIPS-0.320_FID-85.0_tinylora,,,,0.9955082027135107,0.0,58.504197350863755,0.9916374122395235
766_a-man-is-holding-a-tablet-in-his-hands-while-standing-in-front-of-a-blackboard_FVD-497.2_PSNR-8.121_SSIM-0.065_LPIPS-0.722_FID-80.6_tinylora,,,,0.9796187282004148,1.0,58.87334757837756,0.9810076451769062
767_a-man-is-sitting-near-a-tent-in-the-forest-and-eating-food-from-a-bag_FVD-682.2_PSNR-19.306_SSIM-0.763_LPIPS-0.181_FID-79.0_tinylora,,,,0.9932857296230457,0.0,79.20099403118265,0.9915010601866479
768_a-black-background-with-the-words-more-mushrooms-and-bugs_FVD-587.3_PSNR-31.610_SSIM-0.950_LPIPS-0.008_FID-85.0_tinylora,,,,0.9988482255549122,0.0,40.51354585844895,0.998597658031127
769_a-person-holding-a-box-with-a-cookie-monster-on-it_FVD-682.2_PSNR-14.162_SSIM-0.622_LPIPS-0.465_FID-79.0_tinylora,,,,0.9906822377054454,1.0,47.6222468409045,0.9753888036690507
76_a-close-up-of-wires-attached-to-a-metal-box_FVD-633.0_PSNR-16.151_SSIM-0.605_LPIPS-0.246_FID-76.3_tinylora,,,,0.9863305595675771,1.0,74.97688530231345,0.95715711257037
770_a-bowl-of-orange-sauce-with-a-spoon-in-it_FVD-437.8_PSNR-19.067_SSIM-0.583_LPIPS-0.122_FID-74.1_tinylora,,,,0.9930523389243517,0.0,75.70009323646282,0.9856087273242427
771_two-men-are-working-together-in-a-hardware-store_FVD-471.8_PSNR-17.679_SSIM-0.630_LPIPS-0.246_FID-78.2_tinylora,,,,0.9777668431488514,1.0,70.89396930563039,0.963915267645144
772_a-couple-of-cars-driving-down-a-road-with-a-mountain-in-the-background_FVD-437.8_PSNR-21.584_SSIM-0.827_LPIPS-0.167_FID-74.1_tinylora,,,,0.9954317164232146,0.0,54.22957861012426,0.9935505184472776
773_a-black-wireless-charging-pad-is-placed-on-a-wooden-table-and-the-camera-pans-ar_FVD-682.2_PSNR-19.925_SSIM-0.871_LPIPS-0.168_FID-79.0_tinylora,,,,0.9949598816556537,1.0,71.06453875837654,0.9925058107750089
774_a-blue-background-with-the-words-miniature-float-challenge-from-my-scrap-room_FVD-497.2_PSNR-12.939_SSIM-0.728_LPIPS-0.250_FID-80.6_tinylora,,,,0.9876261815824087,1.0,72.11032656965584,0.9806957338370529
775_a-close-up-of-a-stack-of-books-and-papers-with-text_FVD-497.2_PSNR-22.731_SSIM-0.825_LPIPS-0.073_FID-80.6_tinylora,,,,0.9945884407114876,0.0,48.113972499452785,0.991121120078891
776_a-woman-is-standing-in-her-living-room-and-talking-to-the-camera_FVD-437.8_PSNR-28.331_SSIM-0.894_LPIPS-0.034_FID-74.1_tinylora,,,,0.9962048981919156,0.0,77.98412428231075,0.9958855661691404
777_a-baseball-player-is-running-on-the-field-during-a-game-and-catching-the-ball_FVD-437.8_PSNR-20.434_SSIM-0.695_LPIPS-0.069_FID-74.1_tinylora,,,,0.992428670419824,0.0,77.57581776586072,0.9854309156829235
778_two-simpsons-characters-standing-next-to-each-other_FVD-471.8_PSNR-11.387_SSIM-0.748_LPIPS-0.505_FID-78.2_tinylora,,,,0.9672937077475221,1.0,64.18185161722117,0.9645207498587814
779_a-solar-system-with-the-sun-jupiter-and-saturn_FVD-608.5_PSNR-13.265_SSIM-0.509_LPIPS-0.441_FID-84.7_tinylora,,,,0.9879987485111567,1.0,60.68587954290982,0.9825108920826632
77_an-orange-off-road-vehicle-is-driving-on-a-rocky-terrain-and-jumping-over-obstac_FVD-608.5_PSNR-6.672_SSIM-0.201_LPIPS-0.969_FID-84.7_tinylora,,,,0.9814662855994428,1.0,61.48742557394093,0.9761266166088628
780_the-tire-of-a-car-is-on-a-runway-at-night-with-the-sun-shining-in-the-background_FVD-682.2_PSNR-8.921_SSIM-0.290_LPIPS-0.689_FID-79.0_tinylora,,,,0.9692595954647885,1.0,61.91628594234072,0.9593511132632985
781_a-pan-of-cake-sitting-on-a-table-next-to-a-bowl-of-whipped-cream_FVD-497.2_PSNR-18.948_SSIM-0.542_LPIPS-0.205_FID-80.6_tinylora,,,,0.9845231770926853,1.0,70.76610039020407,0.9590166204115924
782_a-blue-screen-with-a-lot-of-numbers-on-it_FVD-530.7_PSNR-12.395_SSIM-0.606_LPIPS-0.571_FID-82.0_tinylora,,,,0.9907733250885824,0.0,67.30293168692754,0.98895063680761
783_a-cowboy-is-riding-a-bull-in-a-rodeo-arena_FVD-437.8_PSNR-16.552_SSIM-0.257_LPIPS-0.670_FID-74.1_tinylora,,,,0.9856522314788629,1.0,49.329180026876514,0.984701400644639
784_a-man-with-his-hands-up-in-front-of-a-computer-screen-looks-at-the-camera_FVD-587.3_PSNR-17.474_SSIM-0.733_LPIPS-0.308_FID-85.0_tinylora,,,,0.9932208779612272,1.0,77.04218239619814,0.9882525116789574
785_a-computer-generated-image-of-a-building-with-a-red-light-on-it_FVD-587.3_PSNR-10.409_SSIM-0.424_LPIPS-0.637_FID-85.0_tinylora,,,,0.9645535125107736,1.0,71.7672716338059,0.9697407404581706
786_a-woman-in-an-apron-is-cooking-food-on-a-stove-in-a-kitchen_FVD-556.2_PSNR-14.686_SSIM-0.450_LPIPS-0.566_FID-84.2_tinylora,,,,0.975595736792313,1.0,75.49055217874461,0.9730696547265146
787_a-close-up-of-a-red-and-black-computer_FVD-497.2_PSNR-17.508_SSIM-0.741_LPIPS-0.362_FID-80.6_tinylora,,,,0.9863143527309428,1.0,60.63087818540376,0.970150556751326
788_a-video-game-screen-showing-different-weapons_FVD-530.7_PSNR-25.691_SSIM-0.629_LPIPS-0.505_FID-82.0_tinylora,,,,0.994924913942607,0.0,38.721471852269666,0.993124197511112
789_a-video-game-screen-showing-a-man-with-a-headset-on_FVD-633.0_PSNR-10.556_SSIM-0.663_LPIPS-0.468_FID-76.3_tinylora,,,,0.9350585406772218,1.0,44.05561407681169,0.8899055032169118
78_a-person-is-cooking-some-food-in-a-frying-pan-with-a-wooden-spoon_FVD-497.2_PSNR-25.156_SSIM-0.872_LPIPS-0.118_FID-80.6_tinylora,,,,0.9936981598194833,1.0,75.02635797961005,0.9872498680563534
790_a-man-is-standing-in-a-colorful-fantastical-landscape_FVD-556.2_PSNR-23.530_SSIM-0.843_LPIPS-0.145_FID-84.2_tinylora,,,,0.993948132605072,1.0,72.33339875319908,0.9912904739379883
791_a-man-with-long-hair-and-beard-is-sitting-on-a-sofa-and-talking-to-the-camera_FVD-587.3_PSNR-19.037_SSIM-0.720_LPIPS-0.139_FID-85.0_tinylora,,,,0.9885952203731385,1.0,69.49903553929822,0.9761007178063487
792_a-tv-news-broadcast-with-a-pink-pig-sign_FVD-682.2_PSNR-12.898_SSIM-0.478_LPIPS-0.605_FID-79.0_tinylora,,,,0.9769315774520279,1.0,69.4335708618164,0.959134292602539
793_there-are-two-women-smiling-and-taking-a-selfie-together-in-a-shopping-mall_FVD-556.2_PSNR-13.150_SSIM-0.396_LPIPS-0.505_FID-84.2_tinylora,,,,0.9781291770848297,1.0,65.36501904191643,0.9405812843173158
794_a-man-holding-a-microphone-in-front-of-a-can-of-strong-zero_FVD-633.0_PSNR-8.358_SSIM-0.533_LPIPS-0.662_FID-76.3_tinylora,,,,0.9741690240799846,1.0,55.10477789517107,0.9683716904883292
795_there-is-a-man-standing-in-front-of-a-blue-background-he-is-wearing-a-black-shir_FVD-682.2_PSNR-21.332_SSIM-0.805_LPIPS-0.165_FID-79.0_tinylora,,,,0.9892884326874446,0.0,77.96658272578799,0.9864522531920789
796_the-title-tricks-of-the-tane-how-to-make-a-two-color-twist_FVD-682.2_PSNR-12.266_SSIM-0.498_LPIPS-0.627_FID-79.0_tinylora,,,,0.983404272466198,0.0,66.19960574446053,0.9723366176380831
797_there-is-a-table-with-various-items-on-it-including-coffee-cups-books-and-papers_FVD-608.5_PSNR-12.436_SSIM-0.406_LPIPS-0.631_FID-84.7_tinylora,,,,0.9775611407757547,0.0,62.780515605005725,0.9813792303496716
798_a-man-is-sitting-in-the-drivers-seat-of-a-car-in-a-garage_FVD-633.0_PSNR-14.818_SSIM-0.356_LPIPS-0.656_FID-76.3_tinylora,,,,0.9891752656257482,1.0,63.14891512640591,0.971262269861558
799_it-is-a-room-with-a-pool-table-and-other-sports-memorabilia-on-the-walls_FVD-497.2_PSNR-32.677_SSIM-0.955_LPIPS-0.014_FID-80.6_tinylora,,,,0.9956488780741998,0.0,78.12414524472993,0.9962050685695574
79_two-men-are-sitting-at-a-table-in-an-outdoor-cafe-and-smiling-at-the-camera_FVD-471.8_PSNR-15.633_SSIM-0.636_LPIPS-0.218_FID-78.2_tinylora,,,,0.9885811953654325,1.0,77.48481119090113,0.9710242944605211
7_the-new-ford-cars-are-on-display-at-a-car-show_FVD-608.5_PSNR-19.602_SSIM-0.779_LPIPS-0.080_FID-84.7_tinylora,,,,0.9791353527922921,0.0,73.94104740537446,0.9213100433349609
800_a-person-is-cooking-food-in-a-frying-pan-on-a-stove_FVD-497.2_PSNR-8.773_SSIM-0.551_LPIPS-0.498_FID-80.6_tinylora,,,,0.9849733560625105,1.0,61.1769238176017,0.960865634095435
801_a-man-with-a-beard-makes-a-gesture-with-his-hands_FVD-613.2_PSNR-5.093_SSIM-0.561_LPIPS-0.609_FID-72.4_tinylora,,,,0.9816895076005829,1.0,55.59359083504513,0.9736512819925944
802_two-women-on-a-television-set-talking-to-each-other_FVD-608.5_PSNR-29.414_SSIM-0.890_LPIPS-0.031_FID-84.7_tinylora,,,,0.9956431946109107,0.0,62.26542939810917,0.9951056410284603
803_there-are-cars-driving-on-a-bridge-over-a-river-in-an-autumn-park-with-trees-and_FVD-587.3_PSNR-6.027_SSIM-0.472_LPIPS-0.716_FID-85.0_tinylora,,,,0.9580886841916254,1.0,69.76511356748384,0.941172046287387
804_a-collage-of-fruits-and-vegetables-with-the-words-karen-roth-nutrition_FVD-556.2_PSNR-30.279_SSIM-0.943_LPIPS-0.018_FID-84.2_tinylora,,,,0.9939017918866264,0.0,74.1350597513133,0.9898902621923709
805_a-white-car-is-driving-down-a-street-in-the-rain_FVD-682.2_PSNR-17.731_SSIM-0.514_LPIPS-0.147_FID-79.0_tinylora,,,,0.974531230360734,1.0,65.20358670991043,0.9663509181901521
806_two-men-shoveling-gravel-in-front-of-a-brick-building_FVD-437.8_PSNR-22.558_SSIM-0.728_LPIPS-0.150_FID-74.1_tinylora,,,,0.9932903446167463,1.0,78.4455742671572,0.9863665216109332
807_two-men-standing-next-to-each-other-in-a-store_FVD-530.7_PSNR-21.741_SSIM-0.754_LPIPS-0.163_FID-82.0_tinylora,,,,0.9867148878448282,1.0,58.54756861719592,0.9744560241699218
808_a-man-in-an-orange-vest-standing-next-to-a-tank_FVD-556.2_PSNR-11.666_SSIM-0.414_LPIPS-0.613_FID-84.2_tinylora,,,,0.989791877554975,1.0,69.77713880867793,0.9729589929767684
809_a-man-is-cooking-or-preparing-food-in-a-kitchen_FVD-556.2_PSNR-16.176_SSIM-0.725_LPIPS-0.326_FID-84.2_tinylora,,,,0.9924354831409059,1.0,57.32535224125303,0.9808378182205499
80_a-man-is-sitting-at-a-desk-and-talking-into-a-microphone-he-is-wearing-a-blue-sh_FVD-437.8_PSNR-26.537_SSIM-0.912_LPIPS-0.051_FID-74.1_tinylora,,,,0.9955945638137733,0.0,74.284506436052,0.9952681920107673
810_an-aerial-view-of-a-large-number-of-airplanes-in-a-field_FVD-608.5_PSNR-15.634_SSIM-0.739_LPIPS-0.508_FID-84.7_tinylora,,,,0.9796653712232756,1.0,57.18917530980603,0.9412953358070523
811_a-man-and-a-woman-sitting-in-a-chair-talking_FVD-633.0_PSNR-24.649_SSIM-0.829_LPIPS-0.111_FID-76.3_tinylora,,,,0.9951680249089486,1.0,68.80223767510776,0.9921164260191075
812_a-man-with-a-beard-holding-up-a-bunch-of-money_FVD-608.5_PSNR-22.108_SSIM-0.687_LPIPS-0.061_FID-84.7_tinylora,,,,0.9920560548605126,0.0,76.1925777566844,0.9688282630022834
813_a-person-spooning-food-into-two-bowls-on-a-table_FVD-682.2_PSNR-24.000_SSIM-0.871_LPIPS-0.072_FID-79.0_tinylora,,,,0.9952503370472121,0.0,72.6486869022764,0.993424940109253
814_a-video-game-screen-showing-a-brick-wall-and-a-window_FVD-587.3_PSNR-5.684_SSIM-0.345_LPIPS-0.745_FID-85.0_tinylora,,,,0.9688574842998097,1.0,66.64949522347285,0.964695769665288
815_a-view-of-the-acropolis-from-the-top-of-a-hill_FVD-497.2_PSNR-7.490_SSIM-0.345_LPIPS-0.801_FID-80.6_tinylora,,,,0.9938694359621519,1.0,58.590043692753234,0.9829445876327215
816_a-man-with-sunglasses-is-sitting-in-the-drivers-seat-of-a-car_FVD-682.2_PSNR-16.407_SSIM-0.547_LPIPS-0.513_FID-79.0_tinylora,,,,0.9807552099699388,1.0,75.89799249583277,0.9615899590884938
817_there-is-a-man-wearing-a-blue-and-black-soccer-jersey-standing-in-front-of-a-she_FVD-556.2_PSNR-7.034_SSIM-0.330_LPIPS-0.737_FID-84.2_tinylora,,,,0.9862724701258708,0.0,57.71524455629546,0.9800653438942105
818_a-news-reporter-is-standing-in-front-of-an-air-force-base-and-discussing-recent_FVD-556.2_PSNR-15.004_SSIM-0.603_LPIPS-0.210_FID-84.2_tinylora,,,,0.9842011370854432,1.0,76.59232330322266,0.9583514456655465
819_a-person-is-mixing-ingredients-in-a-glass-bowl-with-their-hands_FVD-437.8_PSNR-27.042_SSIM-0.928_LPIPS-0.042_FID-74.1_tinylora,,,,0.9955273841975358,0.0,74.36352512754243,0.995122020852332
81_an-elderly-man-is-mixing-ingredients-in-a-blender_FVD-608.5_PSNR-22.977_SSIM-0.825_LPIPS-0.050_FID-84.7_tinylora,,,,0.9955380064686131,0.0,74.28571819436961,0.9941386143366496
820_a-young-man-is-juggling-three-balls-on-a-blue-background_FVD-497.2_PSNR-21.927_SSIM-0.834_LPIPS-0.262_FID-80.6_tinylora,,,,0.9922624202926362,1.0,71.72187884100552,0.9869801596099255
821_a-girl-is-having-her-hair-combed-by-another-girl-in-the-bathroom_FVD-556.2_PSNR-17.396_SSIM-0.552_LPIPS-0.194_FID-84.2_tinylora,,,,0.9902599212428026,1.0,78.3810253801017,0.9777971024606742
822_a-picture-of-a-box-of-posca-markers-on-a-piece-of-paper_FVD-437.8_PSNR-14.731_SSIM-0.624_LPIPS-0.285_FID-74.1_tinylora,,,,0.9873524027332621,1.0,69.71903728616648,0.9449423397288603
823_the-player-is-in-a-futuristic-sci-fi-video-game-environment-with-neon-lighting-a_FVD-613.2_PSNR-19.522_SSIM-0.717_LPIPS-0.326_FID-72.4_tinylora,,,,0.9902326988821705,1.0,54.17286103347252,0.9519603878844018
824_a-man-in-a-cowboy-hat-and-apron-is-standing-in-front-of-a-table-with-a-pot-on-it_FVD-633.0_PSNR-19.473_SSIM-0.583_LPIPS-0.092_FID-76.3_tinylora,,,,0.9885101669206678,0.0,77.42236643824084,0.9827002076541677
825_there-is-a-fire-in-a-house-surrounded-by-a-fence_FVD-633.0_PSNR-15.167_SSIM-0.422_LPIPS-0.296_FID-76.3_tinylora,,,,0.9879105707787922,1.0,67.10777243252458,0.9498693540984509
826_a-close-up-of-a-blue-bag-sitting-on-the-floor_FVD-633.0_PSNR-29.385_SSIM-0.876_LPIPS-0.041_FID-76.3_tinylora,,,,0.9947177292725317,0.0,72.24499643260035,0.9934470994799744
827_a-black-background-with-the-text_FVD-608.5_PSNR-39.792_SSIM-0.958_LPIPS-0.001_FID-84.7_tinylora,,,,0.9989302886953392,0.0,55.90701254482927,0.9990937013836468
828_a-baseball-player-walks-off-the-field-after-a-game-in-front-of-a-crowd-of-fans_FVD-556.2_PSNR-17.305_SSIM-0.483_LPIPS-0.466_FID-84.2_tinylora,,,,0.9741884968797881,1.0,64.33339151842841,0.9526129928289675
829_a-person-is-cooking-rice-and-beef-in-a-pan-with-a-wooden-spoon_FVD-556.2_PSNR-25.666_SSIM-0.891_LPIPS-0.051_FID-84.2_tinylora,,,,0.9946221423932821,0.0,72.77454297295932,0.9926613606658636
82_a-smartphone-is-placed-on-a-window-sill-next-to-a-window_FVD-608.5_PSNR-10.244_SSIM-0.601_LPIPS-0.639_FID-84.7_tinylora,,,,0.9769840054077187,1.0,72.87630252180428,0.9604909597658644
830_a-picture-of-a-plane-flying-over-water-with-the-caption-evolution-of-the-hawker_FVD-530.7_PSNR-15.914_SSIM-0.716_LPIPS-0.221_FID-82.0_tinylora,,,,0.9885676124750113,1.0,71.40404602576946,0.95918249242446
831_a-group-of-men-are-standing-on-a-soccer-field-and-talking-to-each-other_FVD-608.5_PSNR-12.483_SSIM-0.348_LPIPS-0.873_FID-84.7_tinylora,,,,0.9941078458961042,0.0,55.95375784512224,0.9867849789413752
832_a-busy-city-street-with-cars-people-and-tall-buildings_FVD-437.8_PSNR-16.101_SSIM-0.395_LPIPS-0.265_FID-74.1_tinylora,,,,0.9914797672541239,1.0,65.95493816507273,0.9594900991402421
833_a-hand-is-pointing-at-a-red-container_FVD-556.2_PSNR-11.578_SSIM-0.531_LPIPS-0.417_FID-84.2_tinylora,,,,0.9831591421624739,1.0,47.277600781670934,0.9598169438979205
834_a-person-is-shopping-for-car-audio-equipment-at-an-electronics-store_FVD-556.2_PSNR-15.605_SSIM-0.472_LPIPS-0.644_FID-84.2_tinylora,,,,0.9794077620364384,1.0,71.74262013928643,0.9451842925127815
835_a-bear-is-standing-on-a-red-background-with-the-words-very-bear-gaming-written-a_FVD-497.2_PSNR-21.844_SSIM-0.882_LPIPS-0.237_FID-80.6_tinylora,,,,0.9933726583916153,1.0,64.98557189415241,0.981344711079317
836_a-picture-of-a-roof-with-a-caption-that-says-what-are-these-black-streaks-on-my_FVD-497.2_PSNR-14.191_SSIM-0.387_LPIPS-0.325_FID-80.6_tinylora,,,,0.9899053434140751,1.0,68.34245760687466,0.9775405883789062
837_an-aerial-view-of-a-wrecked-car-on-the-side-of-the-road_FVD-497.2_PSNR-15.780_SSIM-0.539_LPIPS-0.418_FID-80.6_tinylora,,,,0.9692127410860177,1.0,67.7728570083092,0.9458294849769742
838_a-person-holding-a-metal-object-in-their-hand_FVD-587.3_PSNR-23.182_SSIM-0.855_LPIPS-0.122_FID-85.0_tinylora,,,,0.9929375591048385,0.0,62.545223236083984,0.9904709451338825
839_a-close-up-of-a-steering-wheel-in-a-car_FVD-682.2_PSNR-11.888_SSIM-0.478_LPIPS-0.463_FID-79.0_tinylora,,,,0.981580953194579,1.0,42.84582361681708,0.9773696506724638
83_a-soccer-game-being-played-on-a-computer-screen_FVD-613.2_PSNR-27.255_SSIM-0.938_LPIPS-0.044_FID-72.4_tinylora,,,,0.9949989492992709,0.0,78.78240914180361,0.9945704506892784
840_there-is-a-purple-and-pink-box-of-crayons-on-a-colorful-carpet_FVD-682.2_PSNR-15.604_SSIM-0.689_LPIPS-0.413_FID-79.0_tinylora,,,,0.9893203722127205,1.0,39.27393248985554,0.9613020766015147
841_there-are-several-eggs-in-a-glass-bowl-on-a-kitchen-counter_FVD-437.8_PSNR-19.416_SSIM-0.675_LPIPS-0.326_FID-74.1_tinylora,,,,0.9924617731040065,0.0,70.58153270852976,0.9863754805396585
842_a-plate-of-sliced-turkey-on-a-table-next-to-a-tomato_FVD-587.3_PSNR-8.248_SSIM-0.406_LPIPS-0.741_FID-85.0_tinylora,,,,0.978065074754528,1.0,66.61581828676421,0.9719622425004548
843_a-white-van-with-its-doors-open-in-a-parking-lot_FVD-530.7_PSNR-7.362_SSIM-0.610_LPIPS-0.543_FID-82.0_tinylora,,,,0.9806276213744044,1.0,52.449520439937196,0.963695140913421
844_a-car-driving-down-a-street-with-cones-in-the-road_FVD-633.0_PSNR-12.716_SSIM-0.592_LPIPS-0.621_FID-76.3_tinylora,,,,0.955210235770323,1.0,32.73950596513419,0.9609133776496438
845_a-car-is-driving-along-a-dirt-road-in-a-canyon-with-red-rock-formations-on-eithe_FVD-471.8_PSNR-5.901_SSIM-0.176_LPIPS-0.805_FID-78.2_tinylora,,,,0.9204766211372369,0.0,50.933102574841726,0.9043074065563725
846_people-are-riding-snowmobiles-in-the-snowy-forest-with-trees-covered-in-snow_FVD-587.3_PSNR-17.722_SSIM-0.581_LPIPS-0.165_FID-85.0_tinylora,,,,0.9902107559770703,1.0,74.98912416655442,0.9768459413565841
847_a-middle-aged-man-in-glasses-and-a-sweater-is-talking-to-the-camera-while-gestur_FVD-682.2_PSNR-18.580_SSIM-0.846_LPIPS-0.145_FID-79.0_tinylora,,,,0.9904726144931797,0.0,75.61404997726967,0.9883060969558417
848_a-group-of-people-standing-next-to-each-other-on-a-soccer-field_FVD-682.2_PSNR-18.776_SSIM-0.554_LPIPS-0.117_FID-79.0_tinylora,,,,0.9710599690597393,0.0,62.24387767397124,0.9686362453535491
849_a-man-with-glasses-is-holding-his-head-up-in-front-of-a-blue-screen_FVD-497.2_PSNR-12.045_SSIM-0.667_LPIPS-0.585_FID-80.6_tinylora,,,,0.9834636071308865,1.0,63.57497261310446,0.9714397561316397
84_a-woman-in-a-white-tank-top-standing-in-front-of-a-green-background_FVD-608.5_PSNR-11.297_SSIM-0.370_LPIPS-0.579_FID-84.7_tinylora,,,,0.84910189893933,1.0,64.9041484964305,0.8361035964068244
850_a-man-is-cooking-a-turkey-on-a-wooden-cutting-board_FVD-530.7_PSNR-16.432_SSIM-0.484_LPIPS-0.227_FID-82.0_tinylora,,,,0.9904984889922849,1.0,70.45679000328327,0.9701288204567106
851_a-video-game-with-two-characters-fighting-each-other_FVD-530.7_PSNR-13.994_SSIM-0.521_LPIPS-0.570_FID-82.0_tinylora,,,,0.9847580440095376,1.0,59.96328169724037,0.9508721931307924
852_a-close-up-of-a-bearing-ring-on-a-metal-surface_FVD-530.7_PSNR-19.919_SSIM-0.895_LPIPS-0.159_FID-82.0_tinylora,,,,0.9908773079878319,1.0,72.56990445893386,0.9864131927490234
853_a-newscast-with-a-picture-of-a-tall-building-with-the-words-delhi-possession-of_FVD-587.3_PSNR-8.527_SSIM-0.362_LPIPS-0.709_FID-85.0_tinylora,,,,0.9618387400700131,1.0,66.70376797380119,0.9551867204553941
854_the-engine-of-a-motorcycle-is-shown-from-under-the-hood_FVD-530.7_PSNR-11.518_SSIM-0.264_LPIPS-0.362_FID-82.0_tinylora,,,,0.9774640037972989,1.0,75.5867683147562,0.9140039556166705
855_the-person-is-opening-a-booster-pack-of-a-trading-card-game-called-yugioh_FVD-587.3_PSNR-18.694_SSIM-0.712_LPIPS-0.185_FID-85.0_tinylora,,,,0.9884278875145144,1.0,73.4082373257341,0.9799651837816425
856_a-postcard-with-a-special-message-on-a-polka-dot-background_FVD-608.5_PSNR-33.815_SSIM-0.972_LPIPS-0.030_FID-84.7_tinylora,,,,0.9959472284506752,0.0,51.15018436826509,0.9977677602393954
857_a-young-girl-laughing-in-a-living-room_FVD-437.8_PSNR-24.157_SSIM-0.738_LPIPS-0.057_FID-74.1_tinylora,,,,0.9945880231432851,0.0,76.64054133974273,0.9917273736467549
858_a-fenced-in-area-with-hay-in-it_FVD-556.2_PSNR-15.202_SSIM-0.251_LPIPS-0.237_FID-84.2_tinylora,,,,0.9860715934009823,0.0,76.47980814966662,0.965401159548292
859_an-image-of-the-earth-from-space-with-stars-in-the-background_FVD-608.5_PSNR-38.672_SSIM-0.925_LPIPS-0.073_FID-84.7_tinylora,,,,0.9971714086609538,0.0,40.16516810450061,0.997397079187281
85_a-person-holding-up-a-cell-phone-with-a-game-loading-screen-on-it_FVD-682.2_PSNR-10.464_SSIM-0.461_LPIPS-0.626_FID-79.0_tinylora,,,,0.9655963919021134,1.0,50.416822301930395,0.9444665235631606
860_a-poster-for-the-movie-the-order-1886_FVD-471.8_PSNR-18.690_SSIM-0.664_LPIPS-0.365_FID-78.2_tinylora,,,,0.980890638373405,0.0,74.49812106428475,0.9802588406731101
861_a-person-is-cutting-a-piece-of-meat-on-a-wooden-cutting-board-with-a-knife_FVD-437.8_PSNR-16.755_SSIM-0.676_LPIPS-0.327_FID-74.1_tinylora,,,,0.9803334735670444,1.0,68.3446510578024,0.9715340315126906
862_a-group-of-cartoon-people-with-their-arms-up-in-the-air_FVD-471.8_PSNR-17.810_SSIM-0.634_LPIPS-0.098_FID-78.2_tinylora,,,,0.9712920530458444,1.0,76.27807143638874,0.9164532006955615
863_a-black-background-with-a-yellow-text-on-it_FVD-437.8_PSNR-37.942_SSIM-0.992_LPIPS-0.005_FID-74.1_tinylora,,,,0.996403565966985,0.0,68.66206333555024,0.9969274228694393
864_a-man-sitting-in-a-car-holding-a-piece-of-wire_FVD-530.7_PSNR-17.442_SSIM-0.722_LPIPS-0.377_FID-82.0_tinylora,,,,0.9926551660995595,1.0,72.51721428180564,0.9849729126574946
865_a-person-holding-a-small-bowl-of-something-on-a-plate_FVD-613.2_PSNR-9.136_SSIM-0.367_LPIPS-0.687_FID-72.4_tinylora,,,,0.983965267397023,1.0,71.89256773323848,0.9702522726619944
866_a-video-game-showing-a-person-walking-on-a-beach_FVD-471.8_PSNR-31.124_SSIM-0.894_LPIPS-0.227_FID-78.2_tinylora,,,,0.9933885603520255,0.0,67.22273517477102,0.9932759013830447
867_a-man-is-holding-a-fishing-lure-and-explaining-how-to-use-it_FVD-633.0_PSNR-13.665_SSIM-0.594_LPIPS-0.539_FID-76.3_tinylora,,,,0.9823708241309344,0.0,63.24535212023505,0.9808902609582041
868_a-person-is-playing-a-video-game-on-a-computer-screen-with-a-yellow-and-black-ba_FVD-608.5_PSNR-9.321_SSIM-0.417_LPIPS-0.704_FID-84.7_tinylora,,,,0.973625898543178,1.0,68.62061559742895,0.9564599205465878
869_there-is-a-red-truck-driving-on-a-road-with-mountains-in-the-background_FVD-587.3_PSNR-10.250_SSIM-0.416_LPIPS-0.566_FID-85.0_tinylora,,,,0.9452622786561206,1.0,55.45326167139514,0.9267396365894991
86_a-video-game-showing-a-girl-in-a-pink-dress_FVD-497.2_PSNR-18.468_SSIM-0.687_LPIPS-0.357_FID-80.6_tinylora,,,,0.9911113011911495,0.0,78.32888767637056,0.9897050689248478
870_a-street-with-power-lines-and-trees-on-a-sunny-day_FVD-608.5_PSNR-24.221_SSIM-0.858_LPIPS-0.093_FID-84.7_tinylora,,,,0.9613791001176112,1.0,71.21400030728044,0.9534771264768114
871_two-police-officers-standing-on-the-side-of-the-road_FVD-633.0_PSNR-25.821_SSIM-0.857_LPIPS-0.134_FID-76.3_tinylora,,,,0.9924004169977285,0.0,74.62254386112608,0.9878771697773653
872_a-white-bowl-of-mussels-on-a-table-next-to-a-bottle-of-wine_FVD-437.8_PSNR-11.718_SSIM-0.666_LPIPS-0.508_FID-74.1_tinylora,,,,0.9879379458113373,0.0,56.65086956681876,0.9858250833025166
873_two-young-girls-in-blue-dresses-standing-in-a-hallway_FVD-633.0_PSNR-12.054_SSIM-0.586_LPIPS-0.486_FID-76.3_tinylora,,,,0.9746780004402936,1.0,68.62184011525122,0.9532037547990387
874_president-donald-trump-speaking-at-the-state-of-the-union-address_FVD-587.3_PSNR-14.898_SSIM-0.634_LPIPS-0.404_FID-85.0_tinylora,,,,0.9891860676896292,0.0,55.3779595473717,0.9864832036635455
875_there-is-a-dirt-path-that-leads-to-a-residential-area-with-houses-and-trees-in-t_FVD-682.2_PSNR-13.819_SSIM-0.157_LPIPS-0.505_FID-79.0_tinylora,,,,0.9503824253726597,1.0,68.24190363390693,0.9199134602266199
876_the-user-is-playing-a-video-game-and-selecting-options-on-the-screen_FVD-437.8_PSNR-16.232_SSIM-0.774_LPIPS-0.372_FID-74.1_tinylora,,,,0.9868348477545399,1.0,58.063766084868334,0.9825471130071902
877_a-picture-of-a-rubiks-cube-with-the-words-mind-blowing-optical-illusions_FVD-497.2_PSNR-25.032_SSIM-0.922_LPIPS-0.153_FID-80.6_tinylora,,,,0.9945038242326845,0.0,48.1267546292009,0.9896367306802787
878_a-blue-background-with-the-words-spice-cabinet-and-french-style-spice-jars_FVD-682.2_PSNR-10.944_SSIM-0.669_LPIPS-0.490_FID-79.0_tinylora,,,,0.9833480985543256,1.0,61.94200713058998,0.9742291263505525
879_a-pair-of-scissors-and-a-comb-next-to-a-purple-bow_FVD-682.2_PSNR-12.140_SSIM-0.321_LPIPS-0.692_FID-79.0_tinylora,,,,0.9731085280332752,0.0,67.03572345602102,0.981566982643277
87_a-baseball-game-is-being-played-and-the-pitcher-is-throwing-the-ball-towards-the_FVD-437.8_PSNR-9.901_SSIM-0.374_LPIPS-0.712_FID-74.1_tinylora,,,,0.9778494819068119,1.0,40.36418151855469,0.9788869988684561
880_a-car-is-driving-on-the-road-in-a-tunnel-and-there-are-several-other-cars-passin_FVD-682.2_PSNR-23.824_SSIM-0.879_LPIPS-0.185_FID-79.0_tinylora,,,,0.9907033835836685,1.0,35.13319272008435,0.9872767345578063
881_a-man-in-a-red-sweater-holding-a-cell-phone_FVD-633.0_PSNR-25.218_SSIM-0.934_LPIPS-0.037_FID-76.3_tinylora,,,,0.995514221213325,0.0,72.2006370281351,0.9940773837706622
882_a-man-in-a-kitchen-holding-a-piece-of-dough_FVD-613.2_PSNR-10.380_SSIM-0.535_LPIPS-0.456_FID-72.4_tinylora,,,,0.9764760729679158,1.0,71.11796938139817,0.9738278463775036
883_a-photo-of-a-website-for-a-photography-business_FVD-633.0_PSNR-9.814_SSIM-0.485_LPIPS-0.525_FID-76.3_tinylora,,,,0.9805030424963789,1.0,74.09497175545528,0.9443872825772155
884_a-person-is-riding-a-motorcycle-and-performing-a-stunt-on-the-street_FVD-613.2_PSNR-16.452_SSIM-0.612_LPIPS-0.318_FID-72.4_tinylora,,,,0.9756842257135226,1.0,60.757287913355334,0.9675679786532533
885_people-are-walking-down-a-path-in-a-forest-with-lots-of-green-trees_FVD-613.2_PSNR-17.665_SSIM-0.673_LPIPS-0.217_FID-72.4_tinylora,,,,0.989680316938474,1.0,52.47235107421875,0.9764559427897136
886_a-machine-is-being-used-to-make-a-large-metal-object_FVD-471.8_PSNR-23.227_SSIM-0.900_LPIPS-0.051_FID-78.2_tinylora,,,,0.9870114524509056,0.0,63.396775738946324,0.9604873732024548
887_a-black-and-white-photo-of-two-women-with-hair-dryers-on-their-heads_FVD-587.3_PSNR-10.287_SSIM-0.548_LPIPS-0.692_FID-85.0_tinylora,,,,0.9813160908059806,0.0,56.02263943902378,0.9784149805704753
888_a-man-with-a-rope-climbing-into-an-ice-cave_FVD-633.0_PSNR-25.137_SSIM-0.902_LPIPS-0.108_FID-76.3_tinylora,,,,0.9937529657629611,1.0,60.16992884668811,0.9909088957543467
889_a-screenshot-of-a-video-game-with-a-man-holding-a-purple-object_FVD-587.3_PSNR-14.349_SSIM-0.469_LPIPS-0.593_FID-85.0_tinylora,,,,0.9871697168784714,1.0,62.14562291112439,0.9780453681945801
88_there-is-an-aerial-view-of-a-city-with-mountains-in-the-background-during-sunset_FVD-633.0_PSNR-23.403_SSIM-0.923_LPIPS-0.051_FID-76.3_tinylora,,,,0.9944431094419606,1.0,74.38477404364224,0.9914380812177471
890_a-man-is-cooking-food-in-a-frying-pan-on-a-stove-in-a-kitchen_FVD-682.2_PSNR-20.194_SSIM-0.858_LPIPS-0.208_FID-79.0_tinylora,,,,0.9864349932347405,1.0,71.77074603376717,0.9793550940120921
891_a-computer-screen-with-a-silver-background_FVD-587.3_PSNR-19.900_SSIM-0.869_LPIPS-0.219_FID-85.0_tinylora,,,,0.9931581487429373,0.0,59.98282781140558,0.9934715673035266
892_a-construction-worker-is-repairing-the-roof-of-a-house_FVD-530.7_PSNR-14.124_SSIM-0.510_LPIPS-0.485_FID-82.0_tinylora,,,,0.962697061096073,1.0,43.62227854235419,0.9304273493149702
893_the-news-anchor-is-sitting-at-a-desk-in-a-television-studio_FVD-497.2_PSNR-18.655_SSIM-0.804_LPIPS-0.163_FID-80.6_tinylora,,,,0.9927909594660513,0.0,74.7574647048424,0.9865484359217626
894_a-red-dodge-challenger-is-driving-down-the-road_FVD-530.7_PSNR-12.369_SSIM-0.540_LPIPS-0.463_FID-82.0_tinylora,,,,0.9709442937832184,1.0,71.06981593164905,0.9628815482644474
895_a-person-is-using-a-fork-to-eat-food-on-a-red-plate_FVD-471.8_PSNR-5.599_SSIM-0.554_LPIPS-0.711_FID-78.2_tinylora,,,,0.952910781199499,1.0,66.72358124831626,0.9311524035883885
896_a-large-snake-and-a-smaller-snake-on-a-table_FVD-633.0_PSNR-8.544_SSIM-0.332_LPIPS-0.750_FID-76.3_tinylora,,,,0.9741803835249377,0.0,66.13100170267039,0.9749341216741824
897_a-woman-in-a-black-suit-is-talking-into-a-microphone_FVD-682.2_PSNR-12.157_SSIM-0.655_LPIPS-0.584_FID-79.0_tinylora,,,,0.9756916654883108,0.0,61.03997039794922,0.9805012478547938
898_the-man-is-holding-a-rifle-and-standing-in-front-of-a-field-with-trees-in-the-ba_FVD-437.8_PSNR-17.113_SSIM-0.514_LPIPS-0.550_FID-74.1_tinylora,,,,0.9776655868343598,1.0,44.64495310290106,0.9658720091277477
899_a-3d-rendering-of-a-bunch-of-black-cubes-on-a-white-surface_FVD-633.0_PSNR-19.571_SSIM-0.852_LPIPS-0.147_FID-76.3_tinylora,,,,0.9908414457529807,1.0,68.85241607139851,0.9848982773575128
89_an-intel-logo-on-a-blue-background_FVD-613.2_PSNR-25.896_SSIM-0.785_LPIPS-0.174_FID-72.4_tinylora,,,,0.9934117017199509,1.0,66.4923403509732,0.9916530740027334
8_a-sign-that-says-no-more-stolen-sisters_FVD-530.7_PSNR-25.705_SSIM-0.795_LPIPS-0.056_FID-82.0_tinylora,,,,0.9961414900161454,0.0,75.53285585600754,0.996520624441259
900_an-old-man-wearing-glasses-is-on-the-news-talking-about-matthew-roman_FVD-497.2_PSNR-27.597_SSIM-0.916_LPIPS-0.025_FID-80.6_tinylora,,,,0.9957102797716308,0.0,68.82207962562298,0.9945218937069762
901_a-british-flag-with-the-words-terror-en-manchester_FVD-556.2_PSNR-27.245_SSIM-0.913_LPIPS-0.034_FID-84.2_tinylora,,,,0.9956526773369604,0.0,70.62641985663052,0.9957177391239241
902_a-woman-in-a-red-dress-is-standing-in-front-of-a-television-with-people-on-it_FVD-633.0_PSNR-20.241_SSIM-0.779_LPIPS-0.178_FID-76.3_tinylora,,,,0.9931724776916643,1.0,71.2340913969895,0.9814114589317172
903_a-pan-filled-with-spices-and-nuts-on-a-stove_FVD-471.8_PSNR-39.777_SSIM-0.979_LPIPS-0.006_FID-78.2_tinylora,,,,0.9964533133966728,0.0,75.7595372693292,0.997685763648912
904_a-man-is-performing-a-ritual-with-a-book-and-a-burning-fire_FVD-608.5_PSNR-9.091_SSIM-0.587_LPIPS-0.719_FID-84.7_tinylora,,,,0.9398564301855892,1.0,38.00006504716544,0.9192120196772556
905_a-crib-with-a-baby-in-it-on-a-wooden-floor_FVD-587.3_PSNR-18.761_SSIM-0.571_LPIPS-0.276_FID-85.0_tinylora,,,,0.9913160966510001,1.0,71.07018819348565,0.9773873908846986
906_people-are-waiting-in-line-at-an-airport-security-checkpoint_FVD-587.3_PSNR-11.357_SSIM-0.551_LPIPS-0.800_FID-85.0_tinylora,,,,0.9712399014426818,1.0,45.537065769064014,0.945940133637073
907_it-is-a-black-and-white-text-with-the-word-jennings-written-in-white-on-a-black_FVD-497.2_PSNR-41.180_SSIM-0.966_LPIPS-0.001_FID-80.6_tinylora,,,,0.9984186904930241,0.0,61.83744759395205,0.9984461392842087
908_a-close-up-of-a-dirty-pan-on-a-stove_FVD-556.2_PSNR-16.597_SSIM-0.662_LPIPS-0.360_FID-84.2_tinylora,,,,0.9783427498937609,1.0,63.379292323671535,0.976532262914321
909_a-young-man-is-sitting-at-a-desk-and-talking-to-the-camera_FVD-530.7_PSNR-15.479_SSIM-0.609_LPIPS-0.185_FID-82.0_tinylora,,,,0.9866214456201818,1.0,61.05595069096006,0.9489378910438687
90_a-building-in-a-minecraft-game_FVD-471.8_PSNR-21.253_SSIM-0.795_LPIPS-0.394_FID-78.2_tinylora,,,,0.9951186080735713,0.0,73.66224828259698,0.9950288178873997
910_a-picture-of-a-starbucks-drink-on-a-red-background_FVD-608.5_PSNR-21.892_SSIM-0.833_LPIPS-0.081_FID-84.7_tinylora,,,,0.9945345035717278,0.0,71.06303353145205,0.9881480291777966
911_an-orange-and-white-sign-that-says-continuing-coverage_FVD-497.2_PSNR-8.570_SSIM-0.429_LPIPS-0.719_FID-80.6_tinylora,,,,0.9651138708020602,1.0,62.86389291697535,0.9447270000682157
912_a-large-engine-on-display-in-a-glass-case_FVD-556.2_PSNR-20.954_SSIM-0.680_LPIPS-0.148_FID-84.2_tinylora,,,,0.9939302393633735,0.0,64.82639062815699,0.9835890171574612
913_a-computer-screen-showing-a-list-of-games_FVD-587.3_PSNR-9.097_SSIM-0.510_LPIPS-0.577_FID-85.0_tinylora,,,,0.9834514240057669,1.0,72.74380729938376,0.981898047877293
914_there-is-a-wrestling-competition-happening-in-a-gym-with-people-participating-an_FVD-633.0_PSNR-15.323_SSIM-0.605_LPIPS-0.320_FID-76.3_tinylora,,,,0.9888772734320759,1.0,69.87125672965215,0.9714631473316866
915_a-minecraft-video-game-with-a-person-in-it_FVD-587.3_PSNR-26.922_SSIM-0.887_LPIPS-0.156_FID-85.0_tinylora,,,,0.9909413670649884,1.0,56.64550334009631,0.9858218697940602
916_the-quintus-timber-lining-logo-on-a-black-background_FVD-497.2_PSNR-42.499_SSIM-0.970_LPIPS-0.001_FID-80.6_tinylora,,,,0.9988495332027042,0.0,51.38924210647057,0.9990747537098679
917_a-close-up-of-a-muffin-pan-with-muffins-in-it_FVD-608.5_PSNR-14.416_SSIM-0.369_LPIPS-0.704_FID-84.7_tinylora,,,,0.9750985278593275,0.0,64.63987403080381,0.9845795098473044
918_a-white-car-driving-down-a-road-next-to-a-tree_FVD-471.8_PSNR-6.858_SSIM-0.383_LPIPS-0.674_FID-78.2_tinylora,,,,0.9832957507923041,0.0,73.07400223304485,0.978935645608341
919_the-little-girl-is-wearing-a-red-shirt-and-a-black-hat-and-she-is-sitting-in-fro_FVD-587.3_PSNR-21.201_SSIM-0.778_LPIPS-0.380_FID-85.0_tinylora,,,,0.9872411430183718,0.0,77.87064782504378,0.9884210680045333
91_a-view-from-the-windshield-of-a-car-on-a-rainy-day_FVD-437.8_PSNR-16.117_SSIM-0.823_LPIPS-0.217_FID-74.1_tinylora,,,,0.9820756305326618,1.0,61.72854351175243,0.9753777391770306
920_a-man-sitting-in-front-of-three-computer-screens_FVD-613.2_PSNR-23.442_SSIM-0.868_LPIPS-0.060_FID-72.4_tinylora,,,,0.9956767817303203,0.0,73.23581984947468,0.9951546697055592
921_a-man-in-glasses-and-a-suit-is-speaking-to-the-camera-in-front-of-a-city-buildin_FVD-613.2_PSNR-17.405_SSIM-0.548_LPIPS-0.499_FID-72.4_tinylora,,,,0.9636109614786086,0.0,76.45393450506802,0.9685873929192038
922_the-family-is-sitting-in-front-of-a-christmas-tree-and-smiling-at-the-camera_FVD-587.3_PSNR-8.025_SSIM-0.437_LPIPS-0.730_FID-85.0_tinylora,,,,0.9789763993538121,0.0,58.98553736456509,0.9732337147581811
923_there-is-a-man-walking-down-a-street-in-a-small-town-with-mountains-in-the-backg_FVD-497.2_PSNR-11.237_SSIM-0.331_LPIPS-0.612_FID-80.6_tinylora,,,,0.9669645791342713,1.0,56.22054935323781,0.9227207183837891
924_a-man-sitting-in-a-chair-next-to-a-picture-of-a-vest_FVD-497.2_PSNR-15.134_SSIM-0.545_LPIPS-0.451_FID-80.6_tinylora,,,,0.9760719859525007,0.0,74.41324273471174,0.9821210861206054
925_a-computer-screen-showing-a-facebook-page_FVD-613.2_PSNR-22.826_SSIM-0.782_LPIPS-0.118_FID-72.4_tinylora,,,,0.9944831478264382,0.0,77.0045965786638,0.9914653422785741
926_the-text-is-written-in-white-letters-on-a-black-background_FVD-613.2_PSNR-31.293_SSIM-0.953_LPIPS-0.020_FID-72.4_tinylora,,,,0.9978533171748935,0.0,50.13548673432449,0.9978645815568812
927_a-yellow-volkswagen-beetle-in-photoshop_FVD-556.2_PSNR-11.444_SSIM-0.268_LPIPS-0.767_FID-84.2_tinylora,,,,0.9565866013539498,1.0,52.748049834678916,0.9296961391673368
928_it-is-a-black-background-with-the-words-headliner-install-part-1-written-in-gree_FVD-587.3_PSNR-41.865_SSIM-0.958_LPIPS-0.003_FID-85.0_tinylora,,,,0.9988718899351942,0.0,33.86609064299485,0.9991677285409442
929_a-close-up-of-a-green-and-white-bag-with-a-tag-on-it_FVD-587.3_PSNR-6.661_SSIM-0.080_LPIPS-0.982_FID-85.0_tinylora,,,,0.9812487393461659,1.0,53.58654995622306,0.9470470278870826
92_a-screenshot-of-a-website-with-an-image-of-a-stadium-in-the-background_FVD-613.2_PSNR-9.946_SSIM-0.354_LPIPS-0.674_FID-72.4_tinylora,,,,0.9823527676962879,1.0,72.5860174771013,0.9775341950210871
930_a-green-globe-is-rotating-on-a-black-background-with-the-words-live-planet-writt_FVD-497.2_PSNR-18.049_SSIM-0.718_LPIPS-0.164_FID-80.6_tinylora,,,,0.9868117307018962,1.0,61.56065526501886,0.9831198243533864
931_the-chef-is-holding-a-package-of-ingredients-for-a-recipe_FVD-587.3_PSNR-21.206_SSIM-0.841_LPIPS-0.114_FID-85.0_tinylora,,,,0.9947785004092449,1.0,76.57294543036099,0.9908010538886575
932_the-video-is-about-a-person-playing-a-game-possibly-league-of-legends_FVD-471.8_PSNR-22.083_SSIM-0.839_LPIPS-0.171_FID-78.2_tinylora,,,,0.9870575598361674,1.0,50.37283430428341,0.9853274158402985
933_a-green-hot-wheels-car-in-a-package_FVD-613.2_PSNR-8.183_SSIM-0.250_LPIPS-0.667_FID-72.4_tinylora,,,,0.9805617426257361,0.0,67.92122492296943,0.9684338401345646
934_a-document-with-red-text-on-a-white-background_FVD-471.8_PSNR-9.715_SSIM-0.635_LPIPS-0.375_FID-78.2_tinylora,,,,0.9905689738502239,1.0,71.20657032933728,0.9791746401319317
935_a-close-up-of-a-computer-screen-with-a-cord-connected-to-it_FVD-608.5_PSNR-25.975_SSIM-0.843_LPIPS-0.089_FID-84.7_tinylora,,,,0.9959143357195976,0.0,69.49896608549973,0.9956233637005675
936_a-television-screen-showing-a-picture-of-the-lincoln-memorial_FVD-633.0_PSNR-34.325_SSIM-0.937_LPIPS-0.027_FID-76.3_tinylora,,,,0.9947885070828545,1.0,70.37075805664062,0.9935135509453568
937_two-men-in-a-kitchen-talking-to-the-camera_FVD-437.8_PSNR-24.578_SSIM-0.776_LPIPS-0.079_FID-74.1_tinylora,,,,0.9954081369126176,0.0,74.54569507467336,0.993878446373285
938_there-is-a-panoramic-view-of-the-city-from-the-top-of-a-hill-with-buildings-and_FVD-633.0_PSNR-26.003_SSIM-0.781_LPIPS-0.112_FID-76.3_tinylora,,,,0.9828802650534039,1.0,61.70966667964541,0.9809227345036525
939_a-man-is-walking-on-the-street-at-night-in-a-city-he-is-wearing-a-hat-and-a-suit_FVD-471.8_PSNR-11.018_SSIM-0.408_LPIPS-0.634_FID-78.2_tinylora,,,,0.9718552340140116,1.0,48.45872326554923,0.9512084250356637
93_a-news-anchor-on-a-tv-announcing-a-promotion-for-chicken-nuggets_FVD-556.2_PSNR-11.441_SSIM-0.514_LPIPS-0.316_FID-84.2_tinylora,,,,0.9863150749415684,1.0,75.69175720214844,0.9693044157589183
940_there-is-a-sign-on-the-side-of-an-interstate-highway-that-displays-traffic-infor_FVD-608.5_PSNR-17.502_SSIM-0.714_LPIPS-0.185_FID-84.7_tinylora,,,,0.9903921005167557,1.0,69.04484295022898,0.9833722301557952
941_a-person-is-signing-a-form-with-a-pen_FVD-497.2_PSNR-15.121_SSIM-0.485_LPIPS-0.374_FID-80.6_tinylora,,,,0.9761567165260869,1.0,66.21462525992558,0.9492474836461684
942_the-notre-dame-cathedral-in-paris-is-on-fire-and-smoke-is-billowing-out-of-the-t_FVD-613.2_PSNR-14.623_SSIM-0.577_LPIPS-0.576_FID-72.4_tinylora,,,,0.987384241022798,0.0,65.2889421397242,0.9787770925783643
943_a-green-drink-in-a-glass-is-next-to-a-bottle-of-alcohol_FVD-587.3_PSNR-34.383_SSIM-0.957_LPIPS-0.040_FID-85.0_tinylora,,,,0.9964295131781344,0.0,72.62593762627964,0.9974495361833011
944_a-person-is-cutting-an-onion-into-half-on-a-wooden-chopping-board_FVD-682.2_PSNR-18.757_SSIM-0.825_LPIPS-0.193_FID-79.0_tinylora,,,,0.986165662211733,1.0,73.59753786284348,0.9793155408373067
945_a-hand-pressing-a-button-on-a-cell-phone_FVD-530.7_PSNR-14.144_SSIM-0.796_LPIPS-0.131_FID-82.0_tinylora,,,,0.9947310870127967,1.0,56.33223553361564,0.9862477685890946
946_an-ornate-building-with-a-balcony-and-couches_FVD-471.8_PSNR-14.058_SSIM-0.412_LPIPS-0.298_FID-78.2_tinylora,,,,0.9876959283312684,1.0,74.31300748627761,0.9612155689912684
947_a-close-up-of-a-plant-that-is-growing-on-a-branch_FVD-608.5_PSNR-24.660_SSIM-0.704_LPIPS-0.291_FID-84.7_tinylora,,,,0.9955012983425208,0.0,60.338980313005116,0.9952967840082505
948_a-computer-screen-with-a-message-that-says-updating-minecraft_FVD-497.2_PSNR-6.377_SSIM-0.386_LPIPS-0.791_FID-80.6_tinylora,,,,0.9445794033759337,1.0,70.56406599899819,0.9516108830769857
949_the-person-is-standing-on-a-rocky-shore-holding-a-large-fish-in-their-hands-and_FVD-471.8_PSNR-16.960_SSIM-0.492_LPIPS-0.525_FID-78.2_tinylora,,,,0.9863246100389942,1.0,55.86698229559536,0.966299030827541
94_the-speaker-is-standing-in-front-of-a-large-parking-lot-filled-with-cars-and-tal_FVD-613.2_PSNR-6.712_SSIM-0.238_LPIPS-0.766_FID-72.4_tinylora,,,,0.9844483320839019,0.0,55.047316057928676,0.9799076024223776
950_there-is-a-beautiful-view-of-a-body-of-water-surrounded-by-lush-green-trees-and_FVD-613.2_PSNR-7.546_SSIM-0.154_LPIPS-0.778_FID-72.4_tinylora,,,,0.9931118807365361,0.0,71.63057366732893,0.9832525515088848
951_a-picture-of-a-knife-with-the-words-upswept-point-form_FVD-530.7_PSNR-31.595_SSIM-0.912_LPIPS-0.042_FID-82.0_tinylora,,,,0.9947248674443069,0.0,77.24944857893318,0.9910097112842634
952_a-close-up-of-the-wheel-of-a-motorcycle_FVD-497.2_PSNR-26.106_SSIM-0.894_LPIPS-0.048_FID-80.6_tinylora,,,,0.9960482037366228,0.0,76.91788035425647,0.9945846702538285
953_a-man-wearing-a-blindfold-playing-in-a-bubble-ball-game_FVD-587.3_PSNR-13.414_SSIM-0.328_LPIPS-0.660_FID-85.0_tinylora,,,,0.9763273665502527,1.0,53.96487466220198,0.9643324646295286
954_a-tv-screen-with-a-news-report-on-it_FVD-633.0_PSNR-20.698_SSIM-0.823_LPIPS-0.161_FID-76.3_tinylora,,,,0.9939775470818669,1.0,66.91037145154229,0.986448569391288
955_a-group-of-kittens-are-playing-together-in-a-basket_FVD-530.7_PSNR-21.958_SSIM-0.815_LPIPS-0.173_FID-82.0_tinylora,,,,0.9935564653211713,1.0,66.66432847647832,0.9795317369348863
956_a-pair-of-scissors-sitting-on-top-of-a-blanket_FVD-437.8_PSNR-17.625_SSIM-0.806_LPIPS-0.175_FID-74.1_tinylora,,,,0.9779353185919132,1.0,50.69502245146653,0.9723973928713331
957_the-player-is-playing-a-first-person-shooter-game-in-an-urban-environment_FVD-682.2_PSNR-18.078_SSIM-0.613_LPIPS-0.310_FID-79.0_tinylora,,,,0.9876668603472373,1.0,58.98129404002223,0.9762611052569221
958_a-truck-that-has-crashed-into-a-tree-at-night_FVD-587.3_PSNR-20.647_SSIM-0.734_LPIPS-0.198_FID-85.0_tinylora,,,,0.9830430023237928,1.0,35.56055897679822,0.9775286506204044
959_a-woman-is-sitting-at-a-desk-with-a-microphone-in-front-of-her_FVD-497.2_PSNR-14.185_SSIM-0.621_LPIPS-0.499_FID-80.6_tinylora,,,,0.9658304739497294,1.0,41.04124476991851,0.9467537562052409
95_the-interior-of-a-futuristic-car-with-a-screen-on-the-dashboard_FVD-682.2_PSNR-4.662_SSIM-0.386_LPIPS-0.791_FID-79.0_tinylora,,,,0.9754569201478669,1.0,56.615088758797484,0.9676075991462258
960_a-kitchen-counter-with-ingredients-and-a-book-on-it_FVD-556.2_PSNR-17.915_SSIM-0.618_LPIPS-0.279_FID-84.2_tinylora,,,,0.9911730112718165,1.0,75.36795991042564,0.9778269169377346
961_the-player-is-playing-an-online-multiplayer-first-person-shooter-game_FVD-608.5_PSNR-21.689_SSIM-0.817_LPIPS-0.097_FID-84.7_tinylora,,,,0.9924511470921168,0.0,73.6020331547178,0.9892313031589284
962_a-man-sitting-on-the-bleachers-at-an-empty-stadium_FVD-682.2_PSNR-18.420_SSIM-0.722_LPIPS-0.191_FID-79.0_tinylora,,,,0.9790286468152967,1.0,76.01296444596916,0.956779083551145
963_a-man-is-fishing-from-a-boat-on-a-river-near-a-bridge_FVD-613.2_PSNR-13.731_SSIM-0.535_LPIPS-0.432_FID-72.4_tinylora,,,,0.9844144281644281,0.0,59.88530823280071,0.9737194753160664
964_a-close-up-of-a-metal-gear-on-a-car_FVD-530.7_PSNR-13.215_SSIM-0.633_LPIPS-0.407_FID-82.0_tinylora,,,,0.98262831080616,1.0,74.34621482059873,0.9759860973732144
965_a-video-game-car-driving-down-a-road_FVD-530.7_PSNR-15.509_SSIM-0.816_LPIPS-0.294_FID-82.0_tinylora,,,,0.9898435674015866,1.0,74.58089604871026,0.9838582842957739
966_a-girl-is-standing-in-front-of-a-horse-stable-and-opening-the-door-with-a-key_FVD-556.2_PSNR-15.580_SSIM-0.386_LPIPS-0.380_FID-84.2_tinylora,,,,0.9748897792957996,1.0,62.08909777937264,0.904144661099303
967_a-man-in-a-suit-and-tie-standing-at-a-podium-next-to-a-man-in-a-suit-and-tie_FVD-530.7_PSNR-21.024_SSIM-0.812_LPIPS-0.119_FID-82.0_tinylora,,,,0.9945442430110398,1.0,69.04213319975754,0.989770861232982
968_the-person-is-in-a-hotel-room-and-there-are-various-items-on-the-table-including_FVD-530.7_PSNR-20.744_SSIM-0.741_LPIPS-0.168_FID-82.0_tinylora,,,,0.9933256504057285,0.0,71.9648516424771,0.9908117387809006
969_the-seattle-sounders-logo-on-a-green-background_FVD-530.7_PSNR-20.154_SSIM-0.806_LPIPS-0.141_FID-82.0_tinylora,,,,0.9858931615514795,0.0,72.18639058080213,0.9798146116967295
96_a-person-holding-a-bunch-of-small-plastic-animals_FVD-633.0_PSNR-18.636_SSIM-0.769_LPIPS-0.559_FID-76.3_tinylora,,,,0.9937292801068077,0.0,53.856281806682716,0.9907565154281317
970_a-painting-of-a-castle-on-top-of-a-hill_FVD-556.2_PSNR-36.476_SSIM-0.932_LPIPS-0.031_FID-84.2_tinylora,,,,0.9956716065499384,0.0,75.83556313350283,0.9961286991250281
971_a-long-table-is-topped-with-white-bags-of-food-items_FVD-530.7_PSNR-28.830_SSIM-0.931_LPIPS-0.033_FID-82.0_tinylora,,,,0.9960018265452549,0.0,76.90750963934536,0.9962245543797811
972_two-women-in-aprons-standing-in-a-kitchen_FVD-587.3_PSNR-22.562_SSIM-0.784_LPIPS-0.093_FID-85.0_tinylora,,,,0.9786118744706751,1.0,76.02259905584927,0.9791504990820791
973_an-office-with-a-desk-computer-and-pictures-of-animals-on-the-wall_FVD-587.3_PSNR-24.161_SSIM-0.821_LPIPS-0.104_FID-85.0_tinylora,,,,0.9954673923188398,0.0,74.5343351692989,0.9917076082790599
974_a-man-holding-two-surfboards-in-a-store_FVD-497.2_PSNR-11.086_SSIM-0.463_LPIPS-0.699_FID-80.6_tinylora,,,,0.977047711913291,1.0,66.11109503384294,0.9677768183689491
975_there-is-an-electrical-setup-in-a-basement-with-wires-batteries-and-solar-panels_FVD-633.0_PSNR-29.545_SSIM-0.933_LPIPS-0.220_FID-76.3_tinylora,,,,0.9949020370033697,0.0,40.33916216883166,0.993377002547769
976_a-man-and-a-woman-in-black-suits-are-standing-in-front-of-a-television_FVD-682.2_PSNR-23.012_SSIM-0.886_LPIPS-0.054_FID-79.0_tinylora,,,,0.9930262687339894,0.0,78.17575994031182,0.9919937386232264
977_person-is-cooking-fish-in-a-skillet-on-an-outdoor-grill_FVD-587.3_PSNR-31.019_SSIM-0.947_LPIPS-0.051_FID-85.0_tinylora,,,,0.9939407540860895,0.0,71.6940031380489,0.9937747109170053
978_a-red-background-with-the-words-chicken-chicken-broth-fish-sauce-soy-sauce-water_FVD-608.5_PSNR-16.689_SSIM-0.787_LPIPS-0.034_FID-84.7_tinylora,,,,0.993374342926273,0.0,73.55951611749057,0.9885298728942871
979_a-computer-screen-showing-a-powerpoint-presentation_FVD-471.8_PSNR-28.901_SSIM-0.929_LPIPS-0.032_FID-78.2_tinylora,,,,0.9956573252965717,0.0,67.3773659015524,0.9965518649886637
97_a-man-wearing-a-white-t-shirt-and-a-baseball-cap-is-standing-on-a-patio-and-hold_FVD-608.5_PSNR-15.349_SSIM-0.479_LPIPS-0.120_FID-84.7_tinylora,,,,0.9802699910426244,0.0,78.1361549640524,0.9632408590877757
980_two-people-a-man-and-a-woman-are-sitting-at-a-bar-counter-with-a-bottle-of-nyqui_FVD-437.8_PSNR-18.402_SSIM-0.852_LPIPS-0.066_FID-74.1_tinylora,,,,0.9933376238115439,1.0,74.12620991673963,0.9886783665301753
981_the-player-is-playing-a-video-game-called-champions-guild-on-a-computer-screen_FVD-587.3_PSNR-27.825_SSIM-0.929_LPIPS-0.042_FID-85.0_tinylora,,,,0.9954207995631479,0.0,71.3256283464103,0.9953787518482582
982_a-close-up-of-a-pile-of-dirt-on-the-ground_FVD-437.8_PSNR-29.580_SSIM-0.905_LPIPS-0.018_FID-74.1_tinylora,,,,0.9941962345167769,0.0,74.07809974407327,0.9947346084258135
983_a-young-man-in-a-red-shirt-is-preparing-food-in-a-green-bowl-in-a-kitchen_FVD-556.2_PSNR-17.906_SSIM-0.595_LPIPS-0.197_FID-84.2_tinylora,,,,0.9911457133935305,0.0,68.09078558560076,0.9804455644944134
984_a-3d-rendering-of-the-letter-f-on-a-black-background_FVD-530.7_PSNR-21.903_SSIM-0.489_LPIPS-0.322_FID-82.0_tinylora,,,,0.9642690700078108,1.0,69.66709978827114,0.944193099526798
985_a-large-truck-is-driving-on-the-highway-with-a-trailer-attached-to-it_FVD-497.2_PSNR-15.642_SSIM-0.591_LPIPS-0.477_FID-80.6_tinylora,,,,0.9892693227464596,0.0,49.339199197703394,0.9859933946646896
986_a-no-bull-sign-in-front-of-a-cloudy-sky_FVD-608.5_PSNR-4.674_SSIM-0.343_LPIPS-0.809_FID-84.7_tinylora,,,,0.9760078847912028,0.0,59.28561927532328,0.964760331546559
987_a-picture-of-two-lego-figures-in-a-dark-room_FVD-587.3_PSNR-11.388_SSIM-0.406_LPIPS-0.629_FID-85.0_tinylora,,,,0.9691895641803729,1.0,66.05440587010877,0.9570692548564836
988_a-colorful-crocheted-rug-sitting-on-top-of-a-wooden-floor_FVD-613.2_PSNR-14.631_SSIM-0.407_LPIPS-0.341_FID-72.4_tinylora,,,,0.9835448589825887,0.0,68.47811705490639,0.9751536668515672
989_it-is-a-video-of-lewis-hamilton-driving-in-an-f1-simulator-at-silverstone-with-t_FVD-608.5_PSNR-8.526_SSIM-0.314_LPIPS-0.736_FID-84.7_tinylora,,,,0.9775957386159592,1.0,69.24923482434502,0.9657737844130572
98_the-words-home-workshop-makeover-tour-are-written-on-a-white-background_FVD-682.2_PSNR-44.514_SSIM-0.999_LPIPS-0.001_FID-79.0_tinylora,,,,0.9949326300699233,0.0,59.20396423339844,0.9976052655893214
990_a-large-room-full-of-people-sitting-at-desks_FVD-471.8_PSNR-14.225_SSIM-0.579_LPIPS-0.221_FID-78.2_tinylora,,,,0.9859135779712526,1.0,49.76920081829203,0.9236232308780445
991_a-man-is-kneeling-on-the-floor-looking-at-a-laptop-with-a-little-boy-sitting-on_FVD-613.2_PSNR-13.638_SSIM-0.528_LPIPS-0.388_FID-72.4_tinylora,,,,0.9825543652289975,1.0,46.379571454278356,0.9560739592009899
992_a-man-in-a-brown-jacket-standing-in-front-of-a-booth_FVD-437.8_PSNR-8.983_SSIM-0.314_LPIPS-0.632_FID-74.1_tinylora,,,,0.9082510815156726,1.0,50.29211702017948,0.8917070949778837
993_a-video-game-screen-showing-a-character_FVD-471.8_PSNR-9.336_SSIM-0.575_LPIPS-0.443_FID-78.2_tinylora,,,,0.9926229373627121,0.0,43.41710583917026,0.9888754199532902
994_there-are-small-green-plants-growing-in-the-ground-and-there-are-also-some-leave_FVD-608.5_PSNR-16.377_SSIM-0.172_LPIPS-0.216_FID-84.7_tinylora,,,,0.980102068070818,1.0,74.3103158885035,0.9511631011962891
995_two-women-standing-next-to-a-pillow-on-a-table_FVD-497.2_PSNR-8.580_SSIM-0.489_LPIPS-0.725_FID-80.6_tinylora,,,,0.9768885550681277,1.0,56.94768129546067,0.9709139655618106
996_a-close-up-of-a-metal-bowl-filled-with-coins_FVD-682.2_PSNR-17.278_SSIM-0.617_LPIPS-0.318_FID-79.0_tinylora,,,,0.9829884191924633,1.0,69.00259004790207,0.9753724621791465
997_it-is-a-screenshot-of-a-website-with-text-and-images_FVD-556.2_PSNR-22.683_SSIM-0.828_LPIPS-0.241_FID-84.2_tinylora,,,,0.9832386982570807,0.0,73.00002814983499,0.9832129497154086
998_two-police-officers-are-wearing-masks-and-standing-outside-the-white-house_FVD-613.2_PSNR-9.244_SSIM-0.388_LPIPS-0.750_FID-72.4_tinylora,,,,0.9720950687299492,1.0,72.8883785379344,0.9752556539049335
999_a-metal-case-with-a-sticker-on-it_FVD-556.2_PSNR-20.810_SSIM-0.820_LPIPS-0.057_FID-84.2_tinylora,,,,0.9884210404247169,1.0,66.05873910311995,0.9378512289009843
99_a-white-suv-with-a-lot-of-smoke-coming-out-of-it_FVD-437.8_PSNR-29.804_SSIM-0.954_LPIPS-0.022_FID-74.1_tinylora,,,,0.9956948938095537,0.0,69.48244949866985,0.995143565009622
9_a-person-holding-a-piece-of-paper-with-squares-on-it_FVD-608.5_PSNR-6.979_SSIM-0.462_LPIPS-0.654_FID-84.7_tinylora,,,,0.9651099431826684,1.0,74.97215139454809,0.949851993485993
panda_0000_tinylora,0.8969479575753212,0.9500994001116071,0.48217320442199707,,,,
panda_0001_tinylora,0.9252288692763874,0.9587315150669643,0.5365055799484253,,,,
panda_0002_tinylora,0.826366483100823,0.8963274274553571,0.425500750541687,,,,
panda_0003_tinylora,0.8480877120579992,0.9229038783482143,0.35717523097991943,,,,
panda_0004_tinylora,0.9902606691632952,0.93121337890625,0.10350999236106873,,,,
panda_0005_tinylora,0.9516413073454585,0.9409877232142857,0.5231664180755615,,,,
panda_0006_tinylora,0.8774940626961845,0.9161202566964286,0.3859274685382843,,,,
panda_0007_tinylora,0.9706718346902302,0.9668927873883929,0.5001602172851562,,,,
panda_0008_tinylora,0.9936537433947835,0.9778616768973214,0.5441088080406189,,,,
panda_0009_tinylora,0.8480512068739959,0.8256051199776786,0.27035799622535706,,,,
panda_0010_tinylora,0.762922256652798,0.8295026506696429,0.4644568860530853,,,,
panda_0011_tinylora,0.8540723475494555,0.9102783203125,0.41144174337387085,,,,
panda_0012_tinylora,0.9670829059822219,0.9653756277901786,0.5493098497390747,,,,
panda_0013_tinylora,0.9787734023162297,0.97332763671875,0.25913840532302856,,,,
panda_0014_tinylora,0.9691344435725894,0.94818115234375,0.39853689074516296,,,,
panda_0015_tinylora,0.9790587946772575,0.9898856026785714,0.5104027390480042,,,,
panda_0016_tinylora,0.9737469096268926,0.9465244838169643,0.40570929646492004,,,,
panda_0017_tinylora,0.9871793846998896,0.9716273716517857,0.33399832248687744,,,,
panda_0018_tinylora,0.9818442538380623,0.9669451032366071,0.3902130126953125,,,,
panda_0019_tinylora,0.9818871404443469,0.9524972098214286,0.5568335652351379,,,,
panda_0020_tinylora,0.8238464327795165,0.9050990513392857,0.43635329604148865,,,,
panda_0021_tinylora,0.8056447128100055,0.8781389508928571,0.5740489959716797,,,,
panda_0022_tinylora,0.7353831154427358,0.8126307896205357,0.40216752886772156,,,,
panda_0023_tinylora,0.7957262617668935,0.8214067731584821,0.2952144145965576,,,,
panda_0024_tinylora,0.8616886106984956,0.7868913922991071,0.3862731456756592,,,,
panda_0025_tinylora,0.8573009196136679,0.9155622209821429,0.3612331449985504,,,,
panda_0026_tinylora,0.828646254326616,0.8641575404575893,0.38464176654815674,,,,
panda_0027_tinylora,0.9310630613139698,0.9588187081473214,0.48837122321128845,,,,
panda_0028_tinylora,0.8584391070263726,0.8724496023995536,0.29598268866539,,,,
panda_0029_tinylora,0.9865501789110047,0.9811314174107143,0.5020363926887512,,,,
panda_0030_tinylora,0.962677745946816,0.9737025669642857,0.4120118319988251,,,,
panda_0031_tinylora,0.8991092294454575,0.9716099330357143,0.17018991708755493,,,,
panda_0032_tinylora,0.9771891608834267,0.9700840541294643,0.6310520172119141,,,,
panda_0033_tinylora,0.5848573955840298,0.7272295270647321,0.3191528916358948,,,,
panda_0034_tinylora,0.9954474887677601,0.9910888671875,0.22267289459705353,,,,
panda_0035_tinylora,0.787040252238512,0.81890869140625,0.40116724371910095,,,,
panda_0036_tinylora,0.9921822622418404,0.9879586356026786,0.4321337342262268,,,,
panda_0037_tinylora,0.7866687588393688,0.8660452706473214,0.3286151885986328,,,,
panda_0038_tinylora,0.9628483642424855,0.9454781668526786,0.511158287525177,,,,
panda_0039_tinylora,0.778303895677839,0.8768136160714286,0.28176677227020264,,,,
panda_0040_tinylora,0.8455289783222335,0.8336704799107143,0.29266053438186646,,,,
panda_0041_tinylora,0.8744978739746979,0.9241420200892857,0.390250563621521,,,,
panda_0042_tinylora,0.9828180138553891,0.9803292410714286,0.3530493676662445,,,,
panda_0043_tinylora,0.7532678326325757,0.8909127371651786,0.4337807893753052,,,,
panda_0044_tinylora,0.9479214591639382,0.9590890066964286,0.4511347711086273,,,,
panda_0045_tinylora,0.9460094209228244,0.9591936383928571,0.4234946668148041,,,,
panda_0046_tinylora,0.9117521856512342,0.9440482003348214,0.5429443717002869,,,,
panda_0047_tinylora,0.8800077033894402,0.9182652064732143,0.4689619839191437,,,,
panda_0048_tinylora,0.9652273750730923,0.9692208426339286,0.6088568568229675,,,,
panda_0049_tinylora,0.9734332699860845,0.97125244140625,0.26573672890663147,,,,
panda_0050_tinylora,0.824966373188155,0.8046744210379464,0.35128316283226013,,,,
panda_0051_tinylora,0.9868436796324593,0.9756556919642857,0.6878870129585266,,,,
panda_0052_tinylora,0.8287664486893586,0.9187447684151786,0.25850966572761536,,,,
panda_0053_tinylora,0.9586765925799098,0.9702497209821429,0.35175007581710815,,,,
panda_0054_tinylora,0.8468455448746681,0.9101911272321429,0.43851855397224426,,,,
panda_0055_tinylora,0.8563468839441027,0.8341849190848214,0.40580254793167114,,,,
panda_0056_tinylora,0.9785377564174789,0.9635184151785714,0.3366709351539612,,,,
panda_0057_tinylora,0.9465252895440374,0.9595598493303571,0.4312649369239807,,,,
panda_0058_tinylora,0.9669113776513508,0.9649832589285714,0.4004369378089905,,,,
panda_0059_tinylora,0.9310579629881042,0.9468732561383929,0.5201345682144165,,,,
panda_0060_tinylora,0.9778161346912384,0.9866768973214286,0.47732260823249817,,,,
panda_0061_tinylora,0.7961464247533253,0.86407470703125,0.17432792484760284,,,,
panda_0062_tinylora,0.7851188283945832,0.8336922781808036,0.43584126234054565,,,,
panda_0063_tinylora,0.9510497493403298,0.9263480050223214,0.4340505599975586,,,,
panda_0064_tinylora,0.9439366662076542,0.9574672154017857,0.47018563747406006,,,,
panda_0065_tinylora,0.8511234729417733,0.9319545200892857,0.5066269040107727,,,,
panda_0066_tinylora,0.9946695981281144,0.9902692522321429,0.29523178935050964,,,,
panda_0067_tinylora,0.9760137370654515,0.9652448381696429,0.45949211716651917,,,,
panda_0068_tinylora,0.6596730734620776,0.8231288364955357,0.31784433126449585,,,,
panda_0069_tinylora,0.9699456244707108,0.9655587332589286,0.5731731653213501,,,,
panda_0070_tinylora,0.8200013445956367,0.8838239397321429,0.4080874025821686,,,,
panda_0071_tinylora,0.9843881928494999,0.9685145786830357,0.24719537794589996,,,,
panda_0072_tinylora,0.9898076706698963,0.9862496512276786,0.6088175177574158,,,,
panda_0073_tinylora,0.914195390684264,0.8991001674107143,0.3801444470882416,,,,
panda_0074_tinylora,0.6970124782196113,0.6536690848214286,0.43115130066871643,,,,
panda_0075_tinylora,0.9427766161305564,0.9051862444196429,0.6046202778816223,,,,
panda_0076_tinylora,0.9139997107642037,0.9576939174107143,0.3699883818626404,,,,
panda_0077_tinylora,0.6713251431605646,0.7780369349888393,0.33260783553123474,,,,
panda_0078_tinylora,0.9757319688796997,0.9509102957589286,0.46947523951530457,,,,
panda_0079_tinylora,0.9531771242618561,0.9045584542410714,0.45960530638694763,,,,
panda_0080_tinylora,0.9857249813420432,0.9811750139508929,0.4124262034893036,,,,
panda_0081_tinylora,0.9943922013044357,0.9864501953125,0.5134468078613281,,,,
panda_0082_tinylora,0.9088838888066155,0.9689156668526786,0.4001613259315491,,,,
panda_0083_tinylora,0.980868284191404,0.9589320591517857,0.49041593074798584,,,,
panda_0084_tinylora,0.7161910576479775,0.8886544363839286,0.2870955169200897,,,,
panda_0085_tinylora,0.8191347244594779,0.8769618443080357,0.31830254197120667,,,,
panda_0086_tinylora,0.9523878161396299,0.9576154436383929,0.3924615681171417,,,,
panda_0087_tinylora,0.8839247237358775,0.92254638671875,0.2347249686717987,,,,
panda_0088_tinylora,0.9562828146985599,0.9624982561383929,0.47686898708343506,,,,
panda_0089_tinylora,0.9684273079037666,0.9752633231026786,0.28960517048835754,,,,
panda_0090_tinylora,0.9307186816419873,0.9571271623883929,0.4011251628398895,,,,
panda_0091_tinylora,0.888043686747551,0.9402117047991071,0.3697933256626129,,,,
panda_0092_tinylora,0.8804513615156923,0.8620649065290179,0.47764402627944946,,,,
panda_0093_tinylora,0.9184725273932729,0.90576171875,0.29964005947113037,,,,
panda_0094_tinylora,0.8003725515944617,0.8872942243303571,0.3294457495212555,,,,
panda_0095_tinylora,0.8905490902917725,0.9503348214285714,0.30171987414360046,,,,
panda_0096_tinylora,0.7993165946432522,0.9088134765625,0.3621353805065155,,,,
panda_0097_tinylora,0.9739303439855576,0.9732491629464286,0.37900635600090027,,,,
panda_0098_tinylora,0.9822997035724776,0.9771815708705357,0.19657187163829803,,,,
panda_0099_tinylora,0.9883729751620974,0.9781842912946429,0.37122493982315063,,,,
panda_0100_tinylora,0.77517137623259,0.9364798409598214,0.3362513482570648,,,,
panda_0101_tinylora,0.8434550033083984,0.9168439592633929,0.41337692737579346,,,,
panda_0102_tinylora,0.9240557966487748,0.9341081891741071,0.37641698122024536,,,,
panda_0103_tinylora,0.8715931613530431,0.9245692661830357,0.2700458765029907,,,,
panda_0104_tinylora,0.839803264609405,0.9200613839285714,0.4459587633609772,,,,
panda_0105_tinylora,0.9811955903257642,0.9772513253348214,0.4436787962913513,,,,
panda_0106_tinylora,0.8454228075487273,0.8994838169642857,0.2289005070924759,,,,
panda_0107_tinylora,0.9656703748873302,0.9735194614955357,0.39028021693229675,,,,
panda_0108_tinylora,0.8739057396139417,0.8024815150669643,0.24297769367694855,,,,
panda_0109_tinylora,0.7852505796722004,0.8832310267857143,0.4318314790725708,,,,
panda_0110_tinylora,0.8858872556260654,0.8949410574776786,0.39344698190689087,,,,
panda_0111_tinylora,0.8519691761050906,0.8900495256696429,0.4623648524284363,,,,
panda_0112_tinylora,0.9551061381186757,0.9669625418526786,0.25349318981170654,,,,
panda_0113_tinylora,0.9645434703145709,0.9426531110491071,0.5279596447944641,,,,
panda_0114_tinylora,0.9781369577561106,0.97027587890625,0.41696009039878845,,,,
panda_0115_tinylora,0.8560161329805851,0.9203316824776786,0.283767431974411,,,,
panda_0116_tinylora,0.9568783257688794,0.9132341657366071,0.2131110280752182,,,,
panda_0117_tinylora,0.9105286587561879,0.9284842354910714,0.4433355927467346,,,,
panda_0118_tinylora,0.8863646824445043,0.9469517299107143,0.39460259675979614,,,,
panda_0119_tinylora,0.8480538427829742,0.8875906808035714,0.3097585439682007,,,,
panda_0120_tinylora,0.9958808113421712,0.9923793247767857,0.4314626455307007,,,,
panda_0121_tinylora,0.9591901834521975,0.9465855189732143,0.3236817419528961,,,,
panda_0122_tinylora,0.963638669678143,0.9764317103794643,0.47142648696899414,,,,
panda_0123_tinylora,0.9965356151972499,0.9910888671875,0.44222819805145264,,,,
panda_0124_tinylora,0.9319781490734645,0.9541364397321429,0.39211878180503845,,,,
panda_0125_tinylora,0.9807680589812142,0.9753505161830357,0.5871140956878662,,,,
panda_0126_tinylora,0.7756922537727016,0.9056222098214286,0.2457779347896576,,,,
panda_0127_tinylora,0.841625447251967,0.8988821847098214,0.2973903715610504,,,,
panda_0128_tinylora,0.9380896261760167,0.9432285853794643,0.41610440611839294,,,,
panda_0129_tinylora,0.9109292392219815,0.9516775948660714,0.3334089517593384,,,,
panda_0130_tinylora,0.9952437547700745,0.9866768973214286,0.34375718235969543,,,,
panda_0131_tinylora,0.9940249845385551,0.98077392578125,0.30131155252456665,,,,
panda_0132_tinylora,0.9521490229027612,0.8194667271205357,0.047904569655656815,,,,
panda_0133_tinylora,0.9370306272591863,0.8952287946428571,0.21679453551769257,,,,
panda_0134_tinylora,0.8362742673073497,0.7959158761160714,0.3447904884815216,,,,
panda_0135_tinylora,0.835833977907896,0.87469482421875,0.2837829291820526,,,,
panda_0136_tinylora,0.8264483601919242,0.9172624860491071,0.5319158434867859,,,,
panda_0137_tinylora,0.7988835535943508,0.8458033970424107,0.24463005363941193,,,,
panda_0138_tinylora,0.9949361948030335,0.9820295061383929,0.5306969881057739,,,,
panda_0139_tinylora,0.9748478467975344,0.9702061244419643,0.5912092924118042,,,,
panda_0140_tinylora,0.9925764671393803,0.9857700892857143,0.6163251399993896,,,,
panda_0141_tinylora,0.9406198859214783,0.96490478515625,0.43104833364486694,,,,
panda_0142_tinylora,0.8929792419075966,0.863525390625,0.39855852723121643,,,,
panda_0143_tinylora,0.8510734087654522,0.8736223493303571,0.38627806305885315,,,,
panda_0144_tinylora,0.9823875235659736,0.9687325613839286,0.14873142540454865,,,,
panda_0145_tinylora,0.9191382569926125,0.9479631696428571,0.3929908275604248,,,,
panda_0146_tinylora,0.840761374682188,0.8946271623883929,0.12886126339435577,,,,
panda_0147_tinylora,0.9211876094341278,0.9464634486607143,0.2965281009674072,,,,
panda_0148_tinylora,0.855289916907038,0.8935372488839286,0.3781485855579376,,,,
panda_0149_tinylora,0.9938843111906733,0.99151611328125,0.10598808526992798,,,,
panda_0150_tinylora,0.82176452342953,0.8502066476004464,0.34939321875572205,,,,
panda_0151_tinylora,0.9283182950956481,0.9178815569196429,0.40212422609329224,,,,
panda_0152_tinylora,0.8580225706100464,0.90667724609375,0.5204810500144958,,,,
panda_0153_tinylora,0.990804805287293,0.9799979073660714,0.5071054100990295,,,,
panda_0154_tinylora,0.9685567596129009,0.9442836216517857,0.5271720886230469,,,,
panda_0155_tinylora,0.9715912171772548,0.9622977120535714,0.3202322721481323,,,,
panda_0156_tinylora,0.9478936972362655,0.9219185965401786,0.4757255017757416,,,,
panda_0157_tinylora,0.8175924287310669,0.8349260602678571,0.24802768230438232,,,,
panda_0158_tinylora,0.9790640303066799,0.9760219029017857,0.21006368100643158,,,,
panda_0159_tinylora,0.8883492978555816,0.9080461774553571,0.32965001463890076,,,,
panda_0160_tinylora,0.8346661430384431,0.9127546037946429,0.4402218461036682,,,,
panda_0161_tinylora,0.9929480744259698,0.9834245954241071,0.3261024057865143,,,,
panda_0162_tinylora,0.9793354868888855,0.9596470424107143,0.45340782403945923,,,,
panda_0163_tinylora,0.9154209217854908,0.9397059849330357,0.3739190697669983,,,,
panda_0164_tinylora,0.7593688927590847,0.8716343470982143,0.290086567401886,,,,
panda_0165_tinylora,0.9515585633260863,0.9435947963169643,0.35035204887390137,,,,
panda_0166_tinylora,0.9461730346083641,0.8813738141741071,0.27074646949768066,,,,
panda_0167_tinylora,0.7821897507778236,0.9435250418526786,0.4335266649723053,,,,
panda_0168_tinylora,0.905072244150298,0.9155709402901786,0.44443538784980774,,,,
panda_0169_tinylora,0.9900590383580753,0.9616960797991071,0.44063541293144226,,,,
panda_0170_tinylora,0.9664034226111003,0.9469430106026786,0.45730432868003845,,,,
panda_0171_tinylora,0.9528693695153508,0.95513916015625,0.4326993227005005,,,,
panda_0172_tinylora,0.8700284415057727,0.9376220703125,0.39529556035995483,,,,
panda_0173_tinylora,0.9636253491044044,0.9521397181919643,0.40276026725769043,,,,
panda_0174_tinylora,0.983374359352248,0.9838779994419643,0.41912776231765747,,,,
panda_0175_tinylora,0.7595327233097383,0.9016636439732143,0.23796381056308746,,,,
panda_0176_tinylora,0.9852241181901523,0.9749058314732143,0.512517511844635,,,,
panda_0177_tinylora,0.7997587371085372,0.8878696986607143,0.4139639139175415,,,,
panda_0178_tinylora,0.8200831924165998,0.8420148577008929,0.4850514233112335,,,,
panda_0179_tinylora,0.9886412237371717,0.9915422712053571,0.3573731780052185,,,,
panda_0180_tinylora,0.9767983853816986,0.9785069056919643,0.49024081230163574,,,,
panda_0181_tinylora,0.8378153746681554,0.9207327706473214,0.2599518299102783,,,,
panda_0182_tinylora,0.7778969492231097,0.9039306640625,0.3123258054256439,,,,
panda_0183_tinylora,0.924199318247182,0.9258248465401786,0.503610372543335,,,,
panda_0184_tinylora,0.994659287588937,0.98370361328125,0.42730510234832764,,,,
panda_0185_tinylora,0.944427208176681,0.9692208426339286,0.44332876801490784,,,,
panda_0186_tinylora,0.840366813221148,0.9076974051339286,0.38039523363113403,,,,
panda_0187_tinylora,0.9713937916925975,0.9735194614955357,0.4053913950920105,,,,
panda_0188_tinylora,0.804138318236385,0.9154488699776786,0.21692033112049103,,,,
panda_0189_tinylora,0.9966644218989781,0.9913504464285714,0.36218616366386414,,,,
panda_0190_tinylora,0.9547052873032433,0.9723161969866071,0.37134304642677307,,,,
panda_0191_tinylora,0.9576416505234582,0.9171927315848214,0.3253190517425537,,,,
panda_0192_tinylora,0.9853021396057946,0.9690900530133929,0.34593456983566284,,,,
panda_0193_tinylora,0.9824288891894477,0.9745134626116071,0.47709688544273376,,,,
panda_0194_tinylora,0.9917208030819893,0.9861363002232143,0.5289982557296753,,,,
panda_0195_tinylora,0.6762662593807492,0.714447021484375,0.32208380103111267,,,,
panda_0196_tinylora,0.9604116752743721,0.9640851702008929,0.30065205693244934,,,,
panda_0197_tinylora,0.8384646166648183,0.8301348005022321,0.24393653869628906,,,,
panda_0198_tinylora,0.9587861065353666,0.9680698939732143,0.41042953729629517,,,,
panda_0199_tinylora,0.9635775131838662,0.9739467075892857,0.37599605321884155,,,,
panda_0200_tinylora,0.8643758451300008,0.9387381417410714,0.28151899576187134,,,,
panda_0201_tinylora,0.6618377582303115,0.75299072265625,0.24565908312797546,,,,
panda_0202_tinylora,0.7407496028712818,0.7945382254464286,0.5138656497001648,,,,
panda_0203_tinylora,0.9365549481340817,0.9243425641741071,0.5238243341445923,,,,
panda_0204_tinylora,0.6147790492645332,0.8001011439732143,0.352424681186676,,,,
panda_0205_tinylora,0.9529857050095286,0.95916748046875,0.39137589931488037,,,,
panda_0206_tinylora,0.9015987132276807,0.8572126116071429,0.4176618754863739,,,,
panda_0207_tinylora,0.9482730967657906,0.9363054547991071,0.33181503415107727,,,,
panda_0208_tinylora,0.9895357659884861,0.9892839704241071,0.37471047043800354,,,,
panda_0209_tinylora,0.8332713429949113,0.9172712053571429,0.2346763014793396,,,,
panda_0210_tinylora,0.9702169916459492,0.9790736607142857,0.4034293293952942,,,,
panda_0211_tinylora,0.9460604201470103,0.9383283342633929,0.5891347527503967,,,,
panda_0212_tinylora,0.8560933816645827,0.8779384068080357,0.4975564181804657,,,,
panda_0213_tinylora,0.9325647226401738,0.9738943917410714,0.31337758898735046,,,,
panda_0214_tinylora,0.7916908679263932,0.8205915178571429,0.3041413128376007,,,,
panda_0215_tinylora,0.9365779821361814,0.9183349609375,0.25776299834251404,,,,
panda_0216_tinylora,0.9915223536746842,0.983154296875,0.22809314727783203,,,,
panda_0217_tinylora,0.9802852858390126,0.9793613978794643,0.4266544282436371,,,,
panda_0218_tinylora,0.9903945454529354,0.97784423828125,0.2843207120895386,,,,
panda_0219_tinylora,0.9865569631968226,0.9789777483258929,0.42764589190483093,,,,
panda_0220_tinylora,0.9933877491525241,0.9962855747767857,0.20805753767490387,,,,
panda_0221_tinylora,0.8025752965893064,0.8239048549107143,0.4301348030567169,,,,
panda_0222_tinylora,0.966634319296905,0.9635707310267857,0.46453332901000977,,,,
panda_0223_tinylora,0.9900457220418113,0.9829450334821429,0.3905680477619171,,,,
panda_0224_tinylora,0.7619751798255103,0.8630196707589286,0.4560019373893738,,,,
panda_0225_tinylora,0.9471659937075206,0.9763532366071429,0.3217088282108307,,,,
panda_0226_tinylora,0.8181153961590358,0.8309544154575893,0.2703286409378052,,,,
panda_0227_tinylora,0.9949388046349797,0.9881591796875,0.5242462158203125,,,,
panda_0228_tinylora,0.8466784900852612,0.8740670340401786,0.47497525811195374,,,,
panda_0229_tinylora,0.7704449865434851,0.8796125139508929,0.5467905402183533,,,,
panda_0230_tinylora,0.8734201320580074,0.9509626116071429,0.4569771885871887,,,,
panda_0231_tinylora,0.9599642806819507,0.8972865513392857,0.34194016456604004,,,,
panda_0232_tinylora,0.9806984843952316,0.9790300641741071,0.3531876504421234,,,,
panda_0233_tinylora,0.6423549715961728,0.8463657924107143,0.38261350989341736,,,,
panda_0234_tinylora,0.979005980704512,0.9718453543526786,0.4878595173358917,,,,
panda_0235_tinylora,0.9134069532155991,0.9404296875,0.20334048569202423,,,,
panda_0236_tinylora,0.8655080337609563,0.912109375,0.508935272693634,,,,
panda_0237_tinylora,0.7795790630791869,0.9104439871651786,0.3976040780544281,,,,
panda_0238_tinylora,0.942790113389492,0.9281703404017857,0.2961321771144867,,,,
panda_0239_tinylora,0.6739254420889276,0.8291364397321429,0.4192351698875427,,,,
panda_0240_tinylora,0.9707773519413812,0.9692121233258929,0.4536724090576172,,,,
panda_0241_tinylora,0.9840382071478027,0.9814801897321429,0.33715617656707764,,,,
panda_0242_tinylora,0.8129575135452407,0.8895699637276786,0.3592570722103119,,,,
panda_0243_tinylora,0.9918823518923351,0.9882463727678571,0.4333095848560333,,,,
panda_0244_tinylora,0.8095392707203116,0.8670785086495536,0.4232569932937622,,,,
panda_0245_tinylora,0.9374360591173172,0.8822457449776786,0.1633014678955078,,,,
panda_0246_tinylora,0.9873439105493682,0.9744437081473214,0.4287087321281433,,,,
panda_0247_tinylora,0.839395954140595,0.7777491978236607,0.043952178210020065,,,,
panda_0248_tinylora,0.9369176317538533,0.92962646484375,0.5299009680747986,,,,
panda_0249_tinylora,0.7714234102251274,0.8713291713169643,0.40129363536834717,,,,
panda_0250_tinylora,0.8665424074445452,0.877197265625,0.5210111141204834,,,,
panda_0251_tinylora,0.7881829504455838,0.8539515904017857,0.22241173684597015,,,,
panda_0252_tinylora,0.8045650850981474,0.8619035993303571,0.30869409441947937,,,,
panda_0253_tinylora,0.9848722421697208,0.9927804129464286,0.27678319811820984,,,,
panda_0254_tinylora,0.9119209860052381,0.9423740931919643,0.28766632080078125,,,,
panda_0255_tinylora,0.9585686900785991,0.9512154715401786,0.38683220744132996,,,,
panda_0256_tinylora,0.9712913674967629,0.9520176478794643,0.5449535846710205,,,,
panda_0257_tinylora,0.8725149312189647,0.9618617466517857,0.2988065481185913,,,,
panda_0258_tinylora,0.9843519702553749,0.9801199776785714,0.5601590871810913,,,,
panda_0259_tinylora,0.9478603154420853,0.9735804966517857,0.34450650215148926,,,,
panda_0260_tinylora,0.8142239935696125,0.9066336495535714,0.4072827994823456,,,,
panda_0261_tinylora,0.9845839259879929,0.9884294782366071,0.5575048327445984,,,,
panda_0262_tinylora,0.7572872093213456,0.8466273716517857,0.5124884843826294,,,,
panda_0263_tinylora,0.9510908967682293,0.9600306919642857,0.250697523355484,,,,
panda_0264_tinylora,0.97616388968059,0.9538138253348214,0.26601383090019226,,,,
panda_0265_tinylora,0.9809719888227326,0.9656546456473214,0.6334665417671204,,,,
panda_0266_tinylora,0.6470729394682816,0.8415440150669643,0.438076913356781,,,,
panda_0267_tinylora,0.9926995762756893,0.9876011439732143,0.5292900204658508,,,,
panda_0268_tinylora,0.825576718098351,0.9013323102678571,0.4545409679412842,,,,
panda_0269_tinylora,0.9026118176324027,0.9074183872767857,0.329721063375473,,,,
panda_0270_tinylora,0.9167248468313899,0.9396013532366071,0.40660133957862854,,,,
panda_0271_tinylora,0.836129463144711,0.9344656808035714,0.2565031051635742,,,,
panda_0272_tinylora,0.8891961931117943,0.9295654296875,0.4254934787750244,,,,
panda_0273_tinylora,0.9856289124914578,0.9661690848214286,0.3830973505973816,,,,
panda_0274_tinylora,0.971825860440731,0.9547380719866071,0.4332249164581299,,,,
panda_0275_tinylora,0.9785431868263653,0.9717494419642857,0.4360145330429077,,,,
panda_0276_tinylora,0.9885877104742187,0.9666660853794643,0.47720515727996826,,,,
panda_0277_tinylora,0.8479291791362422,0.8721923828125,0.2887270748615265,,,,
panda_0278_tinylora,0.8671477900019714,0.9165387834821429,0.47934192419052124,,,,
panda_0279_tinylora,0.9148672435964856,0.8955775669642857,0.46394872665405273,,,,
panda_0280_tinylora,0.952459559908935,0.9544590541294643,0.31747400760650635,,,,
panda_0281_tinylora,0.8905177946601596,0.9648960658482143,0.3037947416305542,,,,
panda_0282_tinylora,0.9804538083927972,0.9684273856026786,0.3501809239387512,,,,
panda_0283_tinylora,0.9102773049048015,0.9505179268973214,0.3482297658920288,,,,
panda_0284_tinylora,0.9312083646655083,0.9394269670758929,0.34436649084091187,,,,
panda_0285_tinylora,0.9468161889484951,0.8772059849330357,0.46983739733695984,,,,
panda_0286_tinylora,0.972909444144794,0.9669276646205357,0.28645089268684387,,,,
panda_0287_tinylora,0.8981011158653668,0.831512451171875,0.24218474328517914,,,,
panda_0288_tinylora,0.9881295710802078,0.9520786830357143,0.4695655405521393,,,,
panda_0289_tinylora,0.835416991263628,0.8943568638392857,0.4756552577018738,,,,
panda_0290_tinylora,0.9560931356889861,0.9586879185267857,0.42715564370155334,,,,
panda_0291_tinylora,0.9145382030733994,0.9479806082589286,0.4329353868961334,,,,
panda_0292_tinylora,0.9392400937420982,0.9632655552455357,0.339510977268219,,,,
panda_0293_tinylora,0.9274008274078369,0.9365757533482143,0.4545052647590637,,,,
panda_0294_tinylora,0.9579577041523797,0.9050380161830357,0.41386011242866516,,,,
panda_0295_tinylora,0.9083097662244525,0.9322335379464286,0.42277252674102783,,,,
panda_0296_tinylora,0.8701120444706508,0.9232003348214286,0.2487632781267166,,,,
panda_0297_tinylora,0.9861612511532647,0.9748796735491071,0.3606138229370117,,,,
panda_0298_tinylora,0.9298943036368915,0.8906685965401786,0.2801481783390045,,,,
panda_0299_tinylora,0.9807853049465588,0.9850289481026786,0.3760634958744049,,,,
panda_0300_tinylora,0.7820336720240968,0.8111485072544643,0.3932105302810669,,,,
panda_0301_tinylora,0.9283263800399644,0.8767787388392857,0.5642176866531372,,,,
panda_0302_tinylora,0.9803840635078294,0.9799455915178571,0.5156456828117371,,,,
panda_0303_tinylora,0.8169023043342999,0.9149693080357143,0.39627280831336975,,,,
panda_0304_tinylora,0.7111993823200464,0.8649815150669643,0.4033319652080536,,,,
panda_0305_tinylora,0.7845428144293172,0.8393293108258929,0.5344477295875549,,,,
panda_0306_tinylora,0.9673135291252818,0.9800763811383929,0.496660053730011,,,,
panda_0307_tinylora,0.7893700426710504,0.8978969029017857,0.26382187008857727,,,,
panda_0308_tinylora,0.8930751606822014,0.8196236746651786,0.4923677444458008,,,,
panda_0309_tinylora,0.9689934881670135,0.9826485770089286,0.4871242642402649,,,,
panda_0310_tinylora,0.8900528709803309,0.7773350306919643,0.23831525444984436,,,,
panda_0311_tinylora,0.8815009631216526,0.8636431012834821,0.20327071845531464,,,,
panda_0312_tinylora,0.9422470448272569,0.9062238420758929,0.42000290751457214,,,,
panda_0313_tinylora,0.8993373172623771,0.9136178152901786,0.5125559568405151,,,,
panda_0314_tinylora,0.9961776829191616,0.9783150809151786,0.44348618388175964,,,,
panda_0315_tinylora,0.921792766877583,0.88104248046875,0.3154907822608948,,,,
panda_0316_tinylora,0.9903635968055043,0.9855869838169643,0.2975505292415619,,,,
panda_0317_tinylora,0.9441551512905529,0.9126674107142857,0.6879599690437317,,,,
panda_0318_tinylora,0.9811750373670033,0.9588535853794643,0.5891886949539185,,,,
panda_0319_tinylora,0.9955299858536039,0.9884207589285714,0.5608753561973572,,,,
panda_0320_tinylora,0.9668937048741749,0.9461321149553571,0.47827842831611633,,,,
panda_0321_tinylora,0.9278535906757627,0.9529680524553571,0.46408700942993164,,,,
panda_0322_tinylora,0.8221923373639584,0.8708975655691964,0.36298805475234985,,,,
panda_0323_tinylora,0.9978711839233126,0.9852120535714286,0.5810182094573975,,,,
panda_0324_tinylora,0.6273655348590442,0.7870265415736607,0.4532758295536041,,,,
panda_0325_tinylora,0.98111228538411,0.9870518275669643,0.38767537474632263,,,,
panda_0326_tinylora,0.9570112239037242,0.9756382533482143,0.48842906951904297,,,,
panda_0327_tinylora,0.7435792881463256,0.8757149832589286,0.2950070798397064,,,,
panda_0328_tinylora,0.8751761072448322,0.92138671875,0.376240611076355,,,,
panda_0329_tinylora,0.9595910459756851,0.9081944056919643,0.5149479508399963,,,,
panda_0330_tinylora,0.9678270465561322,0.9629603794642857,0.4677985608577728,,,,
panda_0331_tinylora,0.7366587732519422,0.8628452845982143,0.4027373194694519,,,,
panda_0332_tinylora,0.9594343964542661,0.9646432059151786,0.4690958261489868,,,,
panda_0333_tinylora,0.9752104207873344,0.9631260463169643,0.5287954807281494,,,,
panda_0334_tinylora,0.7778193221560546,0.8871023995535714,0.37453150749206543,,,,
panda_0335_tinylora,0.8559087323290961,0.9591326032366071,0.3637864589691162,,,,
panda_0336_tinylora,0.987755896789687,0.9688720703125,0.5056865811347961,,,,
panda_0337_tinylora,0.8238383808306285,0.8857334681919643,0.31096529960632324,,,,
panda_0338_tinylora,0.9739704206585884,0.9797799246651786,0.47141680121421814,,,,
panda_0339_tinylora,0.8376566570784364,0.9135044642857143,0.3549843430519104,,,,
panda_0340_tinylora,0.91832335293293,0.8921421595982143,0.4813372492790222,,,,
panda_0341_tinylora,0.8048534385327782,0.9270891462053571,0.32165464758872986,,,,
panda_0342_tinylora,0.932572321168014,0.9370378766741071,0.3807005286216736,,,,
panda_0343_tinylora,0.9759157033903259,0.9664568219866071,0.38108816742897034,,,,
panda_0344_tinylora,0.9761374592781067,0.9712001255580357,0.43883129954338074,,,,
panda_0345_tinylora,0.9066324776836804,0.9482683454241071,0.3994408845901489,,,,
panda_0346_tinylora,0.9639015719294548,0.9813755580357143,0.5264713168144226,,,,
panda_0347_tinylora,0.9836790008204324,0.95892333984375,0.3801489770412445,,,,
panda_0348_tinylora,0.8307153210043907,0.9161289760044643,0.2958628237247467,,,,
panda_0349_tinylora,0.8180720800799983,0.8183157784598214,0.3068651854991913,,,,
panda_0350_tinylora,0.787855497428349,0.8325544084821429,0.3476215898990631,,,,
panda_0351_tinylora,0.9665383653981345,0.9737374441964286,0.4712277948856354,,,,
panda_0352_tinylora,0.9945198968052864,0.9928501674107143,0.3656940460205078,,,,
panda_0353_tinylora,0.8878907657095364,0.9284493582589286,0.36551013588905334,,,,
panda_0354_tinylora,0.9918130710721016,0.9851946149553571,0.38765111565589905,,,,
panda_0355_tinylora,0.7198514246514865,0.8800702776227679,0.23935043811798096,,,,
panda_0356_tinylora,0.7722097140337739,0.8434186662946429,0.3539268672466278,,,,
panda_0357_tinylora,0.9933892445904868,0.9862758091517857,0.484674870967865,,,,
panda_0358_tinylora,0.9469206460884639,0.9353724888392857,0.40630000829696655,,,,
panda_0359_tinylora,0.9843451327511242,0.9721505301339286,0.401345819234848,,,,
panda_0360_tinylora,0.92832493356296,0.9460274832589286,0.3433382213115692,,,,
panda_0361_tinylora,0.8503048228366035,0.9494454520089286,0.281518816947937,,,,
panda_0362_tinylora,0.970846954200949,0.9739903041294643,0.351867139339447,,,,
panda_0363_tinylora,0.9559877514839172,0.9407523018973214,0.33432042598724365,,,,
panda_0364_tinylora,0.9907424162541117,0.9813668387276786,0.2668975591659546,,,,
panda_0365_tinylora,0.8332359200077397,0.8561924525669643,0.326982319355011,,,,
panda_0366_tinylora,0.9669978214161736,0.9242728097098214,0.22683195769786835,,,,
panda_0367_tinylora,0.9304050984127181,0.9365147181919643,0.4524017572402954,,,,
panda_0368_tinylora,0.8638689720204898,0.8428693498883929,0.40861690044403076,,,,
panda_0369_tinylora,0.8934710259948458,0.9439261300223214,0.24487656354904175,,,,
panda_0370_tinylora,0.9969850650855473,0.9929722377232143,0.3523455560207367,,,,
panda_0371_tinylora,0.5955054459295103,0.8414742606026786,0.39637696743011475,,,,
panda_0372_tinylora,0.8042900823056698,0.8742937360491071,0.3980005979537964,,,,
panda_0373_tinylora,0.9563284026724952,0.9693254743303571,0.5801176428794861,,,,
panda_0374_tinylora,0.9862760262829917,0.9757167271205357,0.4269464612007141,,,,
panda_0375_tinylora,0.8327835564102445,0.9420863560267857,0.4120177626609802,,,,
panda_0376_tinylora,0.8200825889195714,0.8945835658482143,0.29049116373062134,,,,
panda_0377_tinylora,0.9943150973745755,0.9791346958705357,0.28632664680480957,,,,
panda_0378_tinylora,0.7136651120547738,0.8169642857142857,0.4123450815677643,,,,
panda_0379_tinylora,0.8939726235611098,0.9625592912946429,0.43604207038879395,,,,
panda_0380_tinylora,0.9943476127726691,0.9902779715401786,0.38725703954696655,,,,
panda_0381_tinylora,0.7209057440715176,0.9045758928571429,0.4569314122200012,,,,
panda_0382_tinylora,0.9967957234808377,0.9926845005580357,0.4279317259788513,,,,
panda_0383_tinylora,0.8943138356719699,0.9370465959821429,0.3792398273944855,,,,
panda_0384_tinylora,0.6890821254679135,0.8437238420758929,0.35317420959472656,,,,
panda_0385_tinylora,0.9533529664788928,0.9709821428571429,0.6202730536460876,,,,
panda_0386_tinylora,0.9918268599680492,0.9827096121651786,0.48380619287490845,,,,
panda_0387_tinylora,0.8846586474350521,0.9587663922991071,0.36039745807647705,,,,
panda_0388_tinylora,0.9359224385448864,0.9673985072544643,0.4583018124103546,,,,
panda_0389_tinylora,0.9962596680436816,0.9921439034598214,0.2944454252719879,,,,
panda_0390_tinylora,0.9808512330055237,0.9596819196428571,0.45741742849349976,,,,
panda_0391_tinylora,0.9832962549158505,0.9839041573660714,0.4306198060512543,,,,
panda_0392_tinylora,0.6263263002038002,0.8429652622767857,0.5020187497138977,,,,
panda_0393_tinylora,0.9747046008706093,0.9752894810267857,0.544021725654602,,,,
panda_0394_tinylora,0.8310662555907454,0.8512616838727679,0.356282114982605,,,,
panda_0395_tinylora,0.921614944934845,0.9512852260044643,0.47859540581703186,,,,
panda_0396_tinylora,0.9123452657035419,0.95538330078125,0.379363477230072,,,,
panda_0397_tinylora,0.993207264159407,0.9863804408482143,0.45020791888237,,,,
panda_0398_tinylora,0.9889927910906928,0.9765363420758929,0.5073733925819397,,,,
panda_0399_tinylora,0.9833625597613198,0.9708251953125,0.4723527729511261,,,,
panda_0400_tinylora,0.557671587115952,0.7490583147321429,0.30838489532470703,,,,
panda_0401_tinylora,0.8795815386942455,0.8654523577008929,0.38403189182281494,,,,
panda_0402_tinylora,0.8495663393821035,0.9100864955357143,0.34491124749183655,,,,
panda_0403_tinylora,0.9753850411091533,0.8737967354910714,0.37131428718566895,,,,
panda_0404_tinylora,0.8464325320507798,0.8994925362723214,0.4558144211769104,,,,
panda_0405_tinylora,0.996450988309724,0.9839215959821429,0.49747902154922485,,,,
panda_0406_tinylora,0.8605372253805399,0.8362906319754464,0.3777879774570465,,,,
panda_0407_tinylora,0.8882092349231243,0.906982421875,0.3909013867378235,,,,
panda_0408_tinylora,0.5875046199985913,0.7462071010044643,0.36184239387512207,,,,
panda_0409_tinylora,0.9604100414684841,0.9733014787946429,0.3928757309913635,,,,
panda_0410_tinylora,0.978686735033989,0.9732840401785714,0.4667297899723053,,,,
panda_0411_tinylora,0.8228110548641,0.9149954659598214,0.41130325198173523,,,,
panda_0412_tinylora,0.9054540608610425,0.9402117047991071,0.467786580324173,,,,
panda_0413_tinylora,0.9777119468365397,0.9623761858258929,0.31046202778816223,,,,
panda_0414_tinylora,0.9765229938285691,0.9788469587053571,0.5849661231040955,,,,
panda_0415_tinylora,0.9983650520443916,0.9892403738839286,0.4631900489330292,,,,
panda_0416_tinylora,0.9881877941744668,0.9591849190848214,0.24739038944244385,,,,
panda_0417_tinylora,0.6591469533741474,0.7761448451450893,0.27311110496520996,,,,
panda_0418_tinylora,0.7942630238831043,0.865478515625,0.31951460242271423,,,,
panda_0419_tinylora,0.9340756684541702,0.9271414620535714,0.4770936667919159,,,,
panda_0420_tinylora,0.98651108784335,0.98779296875,0.5010931491851807,,,,
panda_0421_tinylora,0.9903196309294019,0.9912370954241071,0.600680410861969,,,,
panda_0422_tinylora,0.9176330619624683,0.9046456473214286,0.2968195676803589,,,,
panda_0423_tinylora,0.9245865376932281,0.815093994140625,0.28688934445381165,,,,
panda_0424_tinylora,0.9911265564816338,0.9797624860491071,0.35974517464637756,,,,
panda_0425_tinylora,0.9519166627100536,0.9788818359375,0.400627464056015,,,,
panda_0426_tinylora,0.895376341683524,0.9630301339285714,0.2686861753463745,,,,
panda_0427_tinylora,0.875911971288068,0.9176025390625,0.44048118591308594,,,,
panda_0428_tinylora,0.8601570022957665,0.936767578125,0.4678318500518799,,,,
panda_0429_tinylora,0.9946622348257473,0.9712785993303571,0.5119594931602478,,,,
panda_0430_tinylora,0.8805937618017197,0.9279959542410714,0.4458388686180115,,,,
panda_0431_tinylora,0.9860281720757484,0.985107421875,0.2701784670352936,,,,
panda_0432_tinylora,0.9898293486663273,0.9851597377232143,0.43832555413246155,,,,
panda_0433_tinylora,0.9534292838403157,0.9765189034598214,0.426870733499527,,,,
panda_0434_tinylora,0.9840830479349408,0.9631870814732143,0.3180031180381775,,,,
panda_0435_tinylora,0.969185511980738,0.9640590122767857,0.4407394528388977,,,,
panda_0436_tinylora,0.9604081724371228,0.9541190011160714,0.4508345127105713,,,,
panda_0437_tinylora,0.6788652922425952,0.692230224609375,0.3562411963939667,,,,
panda_0438_tinylora,0.9788551213485854,0.9668666294642857,0.4941367506980896,,,,
panda_0439_tinylora,0.8712612033954689,0.9587053571428571,0.43755459785461426,,,,
panda_0440_tinylora,0.9533333299415452,0.9397670200892857,0.44375845789909363,,,,
panda_0441_tinylora,0.9633624947496823,0.9576154436383929,0.5023102760314941,,,,
panda_0442_tinylora,0.8937597796320915,0.8699602399553571,0.46235141158103943,,,,
panda_0443_tinylora,0.8040404947740691,0.8614894321986607,0.5154128670692444,,,,
panda_0444_tinylora,0.8112124449440411,0.88958740234375,0.3508722484111786,,,,
panda_0445_tinylora,0.976842850446701,0.9812970842633929,0.47059166431427,,,,
panda_0446_tinylora,0.983543764267649,0.9937046595982143,0.30261683464050293,,,,
panda_0447_tinylora,0.9851759938257081,0.9622889927455357,0.5283969044685364,,,,
panda_0448_tinylora,0.8441908072148051,0.8760724748883929,0.45591795444488525,,,,
panda_0449_tinylora,0.9469789064356259,0.9546160016741071,0.4738120436668396,,,,
panda_0450_tinylora,0.9917304292321205,0.9584001813616071,0.4549967050552368,,,,
panda_0451_tinylora,0.9870885866028922,0.9825352260044643,0.19875282049179077,,,,
panda_0452_tinylora,0.9002828363861356,0.9341953822544643,0.5187050104141235,,,,
panda_0453_tinylora,0.9521941500050681,0.9366978236607143,0.31433001160621643,,,,
panda_0454_tinylora,0.9908537822110313,0.9826485770089286,0.2767670452594757,,,,
panda_0455_tinylora,0.8110637212438243,0.8654261997767857,0.26821792125701904,,,,
panda_0456_tinylora,0.7269647940993309,0.8154296875,0.3241475224494934,,,,
panda_0457_tinylora,0.8018836426947799,0.87310791015625,0.3871854543685913,,,,
panda_0458_tinylora,0.8765007619346891,0.9010096958705357,0.5661335587501526,,,,
panda_0459_tinylora,0.9779966484223094,0.9735369001116071,0.3685669004917145,,,,
panda_0460_tinylora,0.9391573997480529,0.9562029157366071,0.3935902714729309,,,,
panda_0461_tinylora,0.920002997985908,0.9237147739955357,0.45097672939300537,,,,
panda_0462_tinylora,0.8726363522665841,0.8110395159040179,0.17887447774410248,,,,
panda_0463_tinylora,0.9444959589413234,0.94549560546875,0.36616483330726624,,,,
panda_0464_tinylora,0.9902921287076814,0.9623936244419643,0.4653443992137909,,,,
panda_0465_tinylora,0.989989915064403,0.9655238560267857,0.24098530411720276,,,,
panda_0466_tinylora,0.8410076344651836,0.8330950055803571,0.2688789367675781,,,,
panda_0467_tinylora,0.944419835294996,0.9430280412946429,0.5158683061599731,,,,
panda_0468_tinylora,0.7897400063063417,0.9089704241071429,0.3731936514377594,,,,
panda_0469_tinylora,0.8138285305883203,0.8544529506138393,0.46045759320259094,,,,
panda_0470_tinylora,0.9041583463549614,0.9499773297991071,0.39806050062179565,,,,
panda_0471_tinylora,0.7348013726462211,0.8639875139508929,0.39052119851112366,,,,
panda_0472_tinylora,0.9170900572623525,0.9560721261160714,0.5428689122200012,,,,
panda_0474_tinylora,0.9930845009429115,0.9886997767857143,0.35522645711898804,,,,
panda_0475_tinylora,0.8229181282222271,0.838134765625,0.32959306240081787,,,,
panda_0476_tinylora,0.8051837762551648,0.85205078125,0.3205896019935608,,,,
panda_0477_tinylora,0.9704164404954229,0.9528547014508929,0.41327914595603943,,,,
panda_0478_tinylora,0.6954239484454904,0.7502223423549107,0.33215218782424927,,,,
panda_0479_tinylora,0.8254312149115971,0.9583217075892857,0.283721387386322,,,,
panda_0480_tinylora,0.9506563491054943,0.95623779296875,0.3661593794822693,,,,
panda_0481_tinylora,0.714540857821703,0.90283203125,0.3458642065525055,,,,
panda_0482_tinylora,0.8582613148859569,0.8726981026785714,0.3629610240459442,,,,
panda_0483_tinylora,0.9008338387523379,0.8261239188058036,0.3163379430770874,,,,
panda_0484_tinylora,0.9591338155525071,0.9442225864955357,0.2940463423728943,,,,
panda_0485_tinylora,0.9714817287666457,0.9483119419642857,0.49397483468055725,,,,
panda_0486_tinylora,0.7739670949855021,0.9088832310267857,0.4012659788131714,,,,
panda_0487_tinylora,0.9938939522419658,0.9817853655133929,0.42492860555648804,,,,
panda_0488_tinylora,0.9413201127733503,0.9486519949776786,0.3735494315624237,,,,
panda_0489_tinylora,0.9886518333639417,0.9352504185267857,0.36381861567497253,,,,
panda_0490_tinylora,0.7381623505747744,0.8874162946428571,0.372688353061676,,,,
panda_0491_tinylora,0.9633563043815749,0.96112060546875,0.6408945918083191,,,,
panda_0492_tinylora,0.9219782788838659,0.8943307059151786,0.1385602504014969,,,,
panda_0493_tinylora,0.9949888501848493,0.9956229073660714,0.15184476971626282,,,,
panda_0494_tinylora,0.9029528019683701,0.925537109375,0.3642027974128723,,,,
panda_0495_tinylora,0.9828398802450725,0.96173095703125,0.46182888746261597,,,,
panda_0496_tinylora,0.9923043006232807,0.9903041294642857,0.40423327684402466,,,,
panda_0497_tinylora,0.9440917660083089,0.9667794363839286,0.3134106397628784,,,,
panda_0498_tinylora,0.996364024068628,0.9859706333705357,0.54615318775177,,,,
panda_0499_tinylora,0.9867662531988961,0.9779314313616071,0.5343480110168457,,,,
panda_0500_tinylora,0.9516147321888379,0.9574933733258929,0.38224074244499207,,,,
panda_0501_tinylora,0.8449392669967243,0.8960048130580357,0.3741172254085541,,,,
panda_0502_tinylora,0.9495281885777201,0.9486432756696429,0.4897664785385132,,,,
panda_0503_tinylora,0.97804658221347,0.9847237723214286,0.3627515733242035,,,,
panda_0504_tinylora,0.647606684161084,0.7521231515066964,0.3375634253025055,,,,
panda_0505_tinylora,0.9658018552831241,0.9689505440848214,0.4173086881637573,,,,
panda_0506_tinylora,0.9264981278351375,0.92279052734375,0.3080558776855469,,,,
panda_0507_tinylora,0.9372378459998539,0.9602312360491071,0.34165987372398376,,,,
panda_0508_tinylora,0.9857989060027259,0.9860491071428571,0.5056776404380798,,,,
panda_0509_tinylora,0.8453640959092549,0.8368704659598214,0.4796810746192932,,,,
panda_0510_tinylora,0.9948040960090501,0.9847063337053571,0.40514513850212097,,,,
panda_0511_tinylora,0.9875888558370727,0.9891444614955357,0.40027955174446106,,,,
panda_0512_tinylora,0.8899363678480897,0.91058349609375,0.2878100275993347,,,,
panda_0513_tinylora,0.9421777703932354,0.9508405412946429,0.47471585869789124,,,,
panda_0514_tinylora,0.9750363826751709,0.9742518833705357,0.48198363184928894,,,,
panda_0515_tinylora,0.9962166239108358,0.9914986746651786,0.3871597945690155,,,,
panda_0516_tinylora,0.9203654250928334,0.9491228376116071,0.33994075655937195,,,,
panda_0517_tinylora,0.9213683711630958,0.93634033203125,0.3668252229690552,,,,
panda_0518_tinylora,0.9435014820524624,0.9531773158482143,0.31014877557754517,,,,
panda_0519_tinylora,0.845855923635619,0.8875383649553571,0.35954993963241577,,,,
panda_0520_tinylora,0.9959421839032855,0.9908272879464286,0.5775294899940491,,,,
panda_0521_tinylora,0.9407996609807014,0.9108625139508929,0.1847136914730072,,,,
panda_0522_tinylora,0.9624477922916412,0.9723423549107143,0.2946719825267792,,,,
panda_0523_tinylora,0.8145727129387004,0.8524998256138393,0.4183937609195709,,,,
panda_0524_tinylora,0.9937200780425753,0.9942452566964286,0.43312764167785645,,,,
panda_0525_tinylora,0.992614916392735,0.9671456473214286,0.46590128540992737,,,,
panda_0526_tinylora,0.986603747521128,0.9810878208705357,0.4184376299381256,,,,
panda_0527_tinylora,0.9643212556838989,0.9704241071428571,0.20474964380264282,,,,
panda_0528_tinylora,0.933994434773922,0.9281005859375,0.4429073929786682,,,,
panda_0529_tinylora,0.8859266117215157,0.9185878208705357,0.28478536009788513,,,,
panda_0530_tinylora,0.9787208874310765,0.9797188895089286,0.5289723873138428,,,,
panda_0531_tinylora,0.9627227559685707,0.93133544921875,0.554528534412384,,,,
panda_0532_tinylora,0.8727404113326754,0.91693115234375,0.3219496011734009,,,,
panda_0533_tinylora,0.9842972350972039,0.9612688337053571,0.3785240352153778,,,,
panda_0534_tinylora,0.9358473515936306,0.8914010184151786,0.27825427055358887,,,,
panda_0535_tinylora,0.9442657721894128,0.9542236328125,0.4820743799209595,,,,
panda_0536_tinylora,0.9002704455384186,0.9355381556919643,0.599601686000824,,,,
panda_0537_tinylora,0.7849758725081172,0.9135480608258929,0.4719356298446655,,,,
panda_0538_tinylora,0.8054803758859634,0.8430001395089286,0.24443741142749786,,,,
panda_0539_tinylora,0.8721855144415583,0.9224417550223214,0.3837692439556122,,,,
panda_0540_tinylora,0.9787245935627392,0.966796875,0.46867626905441284,,,,
panda_0541_tinylora,0.7379314926053796,0.8091256277901786,0.22964268922805786,,,,
panda_0542_tinylora,0.971758497612817,0.9744175502232143,0.33784353733062744,,,,
panda_0543_tinylora,0.9737864796604428,0.9795357840401786,0.42221784591674805,,,,
panda_0544_tinylora,0.8456411750188896,0.8809073311941964,0.3473523259162903,,,,
panda_0545_tinylora,0.8120036476424762,0.9195818219866071,0.3773881494998932,,,,
panda_0546_tinylora,0.8173325535442147,0.8869367327008929,0.46740537881851196,,,,
panda_0547_tinylora,0.8210637734404632,0.8816179547991071,0.14664314687252045,,,,
panda_0548_tinylora,0.9246853813529015,0.9009660993303571,0.2861124277114868,,,,
panda_0549_tinylora,0.7836105908666339,0.8342503138950893,0.4025515913963318,,,,
panda_0550_tinylora,0.9979852171880859,0.9918910435267857,0.5145829319953918,,,,
panda_0551_tinylora,0.6923024244606495,0.7978254045758929,0.20910711586475372,,,,
panda_0552_tinylora,0.977021761238575,0.9219011579241071,0.45095252990722656,,,,
panda_0553_tinylora,0.9339533618518284,0.9663521902901786,0.7005255818367004,,,,
panda_0554_tinylora,0.9888498612812587,0.9913330078125,0.384168416261673,,,,
panda_0555_tinylora,0.8764346156801496,0.9481985909598214,0.34028559923171997,,,,
panda_0556_tinylora,0.9554803786533219,0.7697317940848214,0.24921643733978271,,,,
panda_0557_tinylora,0.9744670369795391,0.9205496651785714,0.2981264293193817,,,,
panda_0558_tinylora,0.9763794935175351,0.9603271484375,0.4558301568031311,,,,
panda_0559_tinylora,0.9131965924586568,0.9182303292410714,0.40530356764793396,,,,
panda_0560_tinylora,0.7112593429961375,0.8683558872767857,0.3634639382362366,,,,
panda_0561_tinylora,0.9860651344060898,0.9829799107142857,0.482055127620697,,,,
panda_0562_tinylora,0.9940883581127439,0.9883248465401786,0.46424049139022827,,,,
panda_0563_tinylora,0.9260207776512418,0.9453560965401786,0.41797393560409546,,,,
panda_0564_tinylora,0.8939403582896505,0.8579537527901786,0.3094229996204376,,,,
panda_0565_tinylora,0.9880483235631671,0.9806431361607143,0.08883342891931534,,,,
panda_0566_tinylora,0.9610214371766362,0.9475359235491071,0.2213430404663086,,,,
panda_0567_tinylora,0.9446903956787926,0.8753662109375,0.3423836827278137,,,,
panda_0568_tinylora,0.9169856320534434,0.9539969308035714,0.3640292286872864,,,,
panda_0569_tinylora,0.8722477055021695,0.9274204799107143,0.3799991309642792,,,,
panda_0570_tinylora,0.9903789354222161,0.9827619280133929,0.46320000290870667,,,,
panda_0571_tinylora,0.9264021590352058,0.8868582589285714,0.20971812307834625,,,,
panda_0572_tinylora,0.987459414771625,0.9153180803571429,0.1551382839679718,,,,
panda_0573_tinylora,0.8349405819816249,0.88763427734375,0.42083075642585754,,,,
panda_0574_tinylora,0.9803204185196331,0.9573713030133929,0.6232966780662537,,,,
panda_0575_tinylora,0.9813835195132664,0.9668753487723214,0.38201087713241577,,,,
panda_0576_tinylora,0.9943701177835464,0.9850027901785714,0.6201801896095276,,,,
panda_0577_tinylora,0.9603410118392536,0.9687238420758929,0.46729812026023865,,,,
panda_0578_tinylora,0.9842270399842944,0.9838692801339286,0.4179975986480713,,,,
panda_0579_tinylora,0.7068002647055047,0.8298165457589286,0.42793840169906616,,,,
panda_0580_tinylora,0.9021847077778408,0.88763427734375,0.26002830266952515,,,,
panda_0581_tinylora,0.7999469659158162,0.9090488978794643,0.3765915632247925,,,,
panda_0582_tinylora,0.9492563764963832,0.9542149135044643,0.29146087169647217,,,,
panda_0583_tinylora,0.9911350256630352,0.9876796177455357,0.5724001526832581,,,,
panda_0584_tinylora,0.8871066463845116,0.8781563895089286,0.4150186777114868,,,,
panda_0585_tinylora,0.9585165211132595,0.9646432059151786,0.49555879831314087,,,,
panda_0586_tinylora,0.991557066994054,0.9932338169642857,0.42710936069488525,,,,
panda_0587_tinylora,0.8643402723329408,0.9158238002232143,0.4370380938053131,,,,
panda_0588_tinylora,0.7180477556373391,0.8581630161830357,0.29044654965400696,,,,
panda_0589_tinylora,0.8499337855194297,0.8703874860491071,0.2846581041812897,,,,
panda_0590_tinylora,0.7996819365237441,0.9157453264508929,0.40322092175483704,,,,
panda_0591_tinylora,0.9765765592455864,0.96368408203125,0.6030065417289734,,,,
panda_0592_tinylora,0.9810189700552395,0.943603515625,0.3901209235191345,,,,
panda_0593_tinylora,0.9380905074732644,0.8962838309151786,0.29949748516082764,,,,
panda_0594_tinylora,0.9377791934779712,0.9662737165178571,0.2256438434123993,,,,
panda_0595_tinylora,0.994485120688166,0.9840436662946429,0.5055126547813416,,,,
panda_0596_tinylora,0.9459866178887231,0.9015328543526786,0.30368515849113464,,,,
panda_0597_tinylora,0.7416032382420131,0.83038330078125,0.42584362626075745,,,,
panda_0598_tinylora,0.956176577934197,0.9702497209821429,0.35081973671913147,,,,
panda_0599_tinylora,0.860085669372763,0.9157540457589286,0.24571378529071808,,,,
panda_0600_tinylora,0.9937299191951752,0.9609113420758929,0.38013550639152527,,,,
panda_0601_tinylora,0.8429696597158909,0.8597935267857143,0.4019726812839508,,,,
panda_0602_tinylora,0.8118634114840201,0.9046718052455357,0.4315114915370941,,,,
panda_0603_tinylora,0.8380502430456025,0.8395821707589286,0.3253974914550781,,,,
panda_0604_tinylora,0.9184646755456924,0.91845703125,0.35978659987449646,,,,
panda_0605_tinylora,0.9783806524106434,0.9769461495535714,0.5174143314361572,,,,
panda_0606_tinylora,0.9336221675787654,0.9724295479910714,0.42033734917640686,,,,
panda_0607_tinylora,0.9928650919880185,0.98944091796875,0.3413039445877075,,,,
panda_0608_tinylora,0.9061833322048187,0.9337245396205357,0.47742801904678345,,,,
panda_0609_tinylora,0.9283699308122907,0.9179861886160714,0.374274879693985,,,,
panda_0610_tinylora,0.9794191941618919,0.9810965401785714,0.43957051634788513,,,,
panda_0611_tinylora,0.8046256953052112,0.8830653599330357,0.4292372763156891,,,,
panda_0612_tinylora,0.9779367744922638,0.9008701869419643,0.45427775382995605,,,,
panda_0613_tinylora,0.9981027224234172,0.9765886579241071,0.4162471890449524,,,,
panda_0614_tinylora,0.9770422311765807,0.9715401785714286,0.3797054886817932,,,,
panda_0615_tinylora,0.9783698778067317,0.9546072823660714,0.4369622468948364,,,,
panda_0616_tinylora,0.9254208483866283,0.9412318638392857,0.3726763129234314,,,,
panda_0617_tinylora,0.9888781681656837,0.9784371512276786,0.656019926071167,,,,
panda_0618_tinylora,0.9912943935820034,0.9719761439732143,0.47170695662498474,,,,
panda_0619_tinylora,0.8976674399205616,0.9629690987723214,0.275164932012558,,,,
panda_0620_tinylora,0.7865309233644179,0.8754010881696429,0.37170135974884033,,,,
panda_0621_tinylora,0.9717468076518604,0.9661167689732143,0.413117915391922,,,,
panda_0622_tinylora,0.8924197714243617,0.9320329938616071,0.41798102855682373,,,,
panda_0623_tinylora,0.9201368285076958,0.9314488002232143,0.38205474615097046,,,,
panda_0624_tinylora,0.8606968106968063,0.9238106863839286,0.3101259768009186,,,,
panda_0625_tinylora,0.9178338391440255,0.9492361886160714,0.427641898393631,,,,
panda_0626_tinylora,0.9934294830475535,0.9902082170758929,0.3550795912742615,,,,
panda_0627_tinylora,0.9842044476951871,0.9694649832589286,0.4750843644142151,,,,
panda_0628_tinylora,0.795327543680157,0.8784092494419643,0.31173399090766907,,,,
panda_0629_tinylora,0.9849543198943138,0.9617571149553571,0.43399369716644287,,,,
panda_0630_tinylora,0.97867594233581,0.96185302734375,0.5912458896636963,,,,
panda_0631_tinylora,0.8915405358586993,0.9394618443080357,0.49686047434806824,,,,
panda_0632_tinylora,0.9925006745117051,0.9801374162946429,0.3896859586238861,,,,
panda_0633_tinylora,0.9315047753708703,0.9687761579241071,0.45100653171539307,,,,
panda_0634_tinylora,0.9832798466086388,0.9732317243303571,0.3379287123680115,,,,
panda_0635_tinylora,0.964593662747315,0.9932686941964286,0.31468573212623596,,,,
panda_0636_tinylora,0.9912203082016536,0.9735369001116071,0.5210068225860596,,,,
panda_0637_tinylora,0.822058018296957,0.8937203543526786,0.35989058017730713,,,,
panda_0638_tinylora,0.9789814853242466,0.9710954938616071,0.4646206498146057,,,,
panda_0639_tinylora,0.9749209455081395,0.9671456473214286,0.2937937080860138,,,,
panda_0640_tinylora,0.9972672803061349,0.9876534598214286,0.4314717948436737,,,,
panda_0641_tinylora,0.9920870576586042,0.9899727957589286,0.30426833033561707,,,,
panda_0642_tinylora,0.855018422539745,0.8880789620535714,0.45843732357025146,,,,
panda_0643_tinylora,0.9613444645489965,0.9733014787946429,0.33735477924346924,,,,
panda_0644_tinylora,0.9764113064323153,0.9694301060267857,0.3767940104007721,,,,
panda_0645_tinylora,0.9901468349354607,0.9636928013392857,0.3209642767906189,,,,
panda_0646_tinylora,0.8543802180460521,0.9450770786830357,0.292327880859375,,,,
panda_0647_tinylora,0.8670149062361036,0.9143589564732143,0.23931469023227692,,,,
panda_0648_tinylora,0.859464704990387,0.8397652762276786,0.3828836679458618,,,,
panda_0649_tinylora,0.9924058083977018,0.98089599609375,0.2614195644855499,,,,
panda_0650_tinylora,0.9851027663264956,0.99114990234375,0.38852158188819885,,,,
panda_0651_tinylora,0.9490750165922301,0.8650861467633929,0.21783876419067383,,,,
panda_0652_tinylora,0.9663151683551925,0.9617919921875,0.4659631550312042,,,,
panda_0653_tinylora,0.8154556687389102,0.86810302734375,0.347892165184021,,,,
panda_0654_tinylora,0.877485457275595,0.8700823102678571,0.24509301781654358,,,,
panda_0655_tinylora,0.815545995852777,0.8775285993303571,0.4248236417770386,,,,
panda_0656_tinylora,0.9711097116981234,0.9586617606026786,0.47977137565612793,,,,
panda_0657_tinylora,0.9855532039489064,0.9808262416294643,0.37940484285354614,,,,
panda_0658_tinylora,0.7242933469159263,0.8327113560267857,0.2882149815559387,,,,
panda_0659_tinylora,0.9245143713695663,0.8873291015625,0.5485013127326965,,,,
panda_0660_tinylora,0.9811269385474068,0.8900582449776786,0.43520382046699524,,,,
panda_0661_tinylora,0.8323179174746785,0.8853934151785714,0.2812111973762512,,,,
panda_0662_tinylora,0.9737089478543827,0.9748796735491071,0.4871649444103241,,,,
panda_0663_tinylora,0.7523676183606897,0.8205740792410714,0.46319812536239624,,,,
panda_0664_tinylora,0.9941543191671371,0.9927629743303571,0.2588183581829071,,,,
panda_0665_tinylora,0.9340656335864749,0.9599783761160714,0.3266358971595764,,,,
panda_0666_tinylora,0.9372549642409597,0.9458443777901786,0.34817591309547424,,,,
panda_0667_tinylora,0.9366744735411235,0.9538661411830357,0.49608781933784485,,,,
panda_0668_tinylora,0.9970334566065243,0.9723946707589286,0.33304068446159363,,,,
panda_0669_tinylora,0.878837877618415,0.9543282645089286,0.4441239535808563,,,,
panda_0670_tinylora,0.8476577874805246,0.9432721819196429,0.31274834275245667,,,,
panda_0671_tinylora,0.940593564084598,0.9045758928571429,0.40270140767097473,,,,
panda_0672_tinylora,0.9779845124908856,0.9797624860491071,0.46475934982299805,,,,
panda_0673_tinylora,0.8970295334500926,0.9291817801339286,0.2114393413066864,,,,
panda_0674_tinylora,0.7676405853458813,0.8894478934151786,0.3459634482860565,,,,
panda_0675_tinylora,0.8581443737660136,0.8882010323660714,0.42075401544570923,,,,
panda_0676_tinylora,0.8778146058320999,0.9644862583705357,0.41406917572021484,,,,
panda_0677_tinylora,0.9782453051635197,0.9637887137276786,0.4273868501186371,,,,
panda_0678_tinylora,0.6880799498675125,0.7847900390625,0.37863433361053467,,,,
panda_0679_tinylora,0.9730089040739196,0.9549386160714286,0.4473997950553894,,,,
panda_0680_tinylora,0.938749434692519,0.9253278459821429,0.50599604845047,,,,
panda_0681_tinylora,0.6429417213158948,0.8709542410714286,0.5450565814971924,,,,
panda_0682_tinylora,0.9740421080163547,0.9587227957589286,0.38646647334098816,,,,
panda_0683_tinylora,0.841191901160138,0.8912702287946429,0.43649864196777344,,,,
panda_0684_tinylora,0.9956421362502235,0.9853428431919643,0.6449445486068726,,,,
panda_0685_tinylora,0.9853123139057841,0.9517909458705357,0.2901996076107025,,,,
panda_0686_tinylora,0.9290971128003938,0.9321463448660714,0.38636520504951477,,,,
panda_0687_tinylora,0.9945909710867065,0.9843052455357143,0.4546172320842743,,,,
panda_0688_tinylora,0.9957650623151234,0.9910191127232143,0.4807503819465637,,,,
panda_0689_tinylora,0.9171142375894955,0.9398106166294643,0.49137383699417114,,,,
panda_0690_tinylora,0.9416389731424195,0.9639369419642857,0.4597904682159424,,,,
panda_0691_tinylora,0.7784040245626654,0.8704572405133929,0.41976726055145264,,,,
panda_0692_tinylora,0.8394600967211383,0.9132428850446429,0.4050115942955017,,,,
panda_0693_tinylora,0.7566785293498209,0.8973563058035714,0.36192047595977783,,,,
panda_0694_tinylora,0.9745285287499428,0.9248482840401786,0.3529216945171356,,,,
panda_0695_tinylora,0.9249142706394196,0.9135480608258929,0.27200108766555786,,,,
panda_0696_tinylora,0.9320304191538266,0.9719587053571429,0.4460410177707672,,,,
panda_0697_tinylora,0.9280707293323108,0.9142804827008929,0.3547474443912506,,,,
panda_0698_tinylora,0.9699603681053434,0.9661690848214286,0.40545305609703064,,,,
panda_0699_tinylora,0.9439689985343388,0.9599522181919643,0.2733703851699829,,,,
panda_0700_tinylora,0.9115454416189875,0.9124755859375,0.4973018169403076,,,,
panda_0701_tinylora,0.9857593838657651,0.9835292271205357,0.4405973255634308,,,,
panda_0702_tinylora,0.978288257760661,0.9540143694196429,0.3618567883968353,,,,
panda_0703_tinylora,0.9659608080983162,0.9517822265625,0.5038250684738159,,,,
panda_0704_tinylora,0.9496110858661788,0.9583304268973214,0.5378203988075256,,,,
panda_0705_tinylora,0.815458997551884,0.90948486328125,0.16499128937721252,,,,
panda_0706_tinylora,0.8803790232964924,0.8439069475446429,0.37436506152153015,,,,
panda_0707_tinylora,0.9974412471055984,0.9924142020089286,0.41630351543426514,,,,
panda_0708_tinylora,0.9789549889309066,0.9650791713169643,0.5126692056655884,,,,
panda_0709_tinylora,0.9026294233543533,0.9415457589285714,0.410732239484787,,,,
panda_0710_tinylora,0.8916795977524349,0.9362967354910714,0.36686548590660095,,,,
panda_0711_tinylora,0.688781992665359,0.8425118582589286,0.38361766934394836,,,,
panda_0712_tinylora,0.9882105982729367,0.9679827008928571,0.40334776043891907,,,,
panda_0713_tinylora,0.960133854831968,0.9393136160714286,0.2973957657814026,,,,
panda_0714_tinylora,0.965512848326138,0.9111328125,0.3199516832828522,,,,
panda_0715_tinylora,0.8553157765418291,0.9069911411830357,0.40130379796028137,,,,
panda_0716_tinylora,0.9518525355628559,0.9500906808035714,0.49979618191719055,,,,
panda_0717_tinylora,0.7655800479863372,0.8779122488839286,0.4404945969581604,,,,
panda_0718_tinylora,0.9900561485971723,0.9888218470982143,0.4614763855934143,,,,
panda_0719_tinylora,0.7706836137388434,0.88671875,0.5293556451797485,,,,
panda_0720_tinylora,0.9529824789081301,0.9573451450892857,0.24625976383686066,,,,
panda_0721_tinylora,0.9914072730711528,0.9805733816964286,0.6487089991569519,,,,
panda_0722_tinylora,0.7905506411833423,0.8726457868303571,0.46980148553848267,,,,
panda_0723_tinylora,0.6785082673387868,0.81671142578125,0.5238103270530701,,,,
panda_0724_tinylora,0.8252274984759944,0.8712245396205357,0.360439270734787,,,,
panda_0725_tinylora,0.9900818328772273,0.9828316824776786,0.45658236742019653,,,,
panda_0726_tinylora,0.9779250706945147,0.9765973772321429,0.42177894711494446,,,,
panda_0727_tinylora,0.9839928693005017,0.9752197265625,0.3551255166530609,,,,
panda_0728_tinylora,0.9926558030503136,0.9845319475446429,0.2972208559513092,,,,
panda_0729_tinylora,0.9475953280925751,0.9588884626116071,0.4432029724121094,,,,
panda_0730_tinylora,0.9802869760564396,0.9827619280133929,0.41198787093162537,,,,
panda_0731_tinylora,0.8000316529401711,0.8631940569196429,0.34605348110198975,,,,
panda_0732_tinylora,0.9764194935560226,0.9779488699776786,0.4623304307460785,,,,
panda_0733_tinylora,0.8099346533417702,0.9401506696428571,0.3030102252960205,,,,
panda_0734_tinylora,0.8187098648133022,0.8860081263950893,0.31005915999412537,,,,
panda_0735_tinylora,0.7848135491034814,0.8845738002232143,0.5159739851951599,,,,
panda_0736_tinylora,0.7529081885835954,0.8186078752790179,0.4222313463687897,,,,
panda_0737_tinylora,0.8103181176951954,0.9071480887276786,0.3393450677394867,,,,
panda_0738_tinylora,0.8802116167332444,0.9760480608258929,0.34510698914527893,,,,
panda_0739_tinylora,0.9448036296027047,0.9503261021205357,0.5166112780570984,,,,
panda_0740_tinylora,0.8937359941857201,0.9236537388392857,0.2769928574562073,,,,
panda_0741_tinylora,0.9887299931475094,0.9645560128348214,0.38817495107650757,,,,
panda_0742_tinylora,0.9810968786478043,0.9267403738839286,0.443527489900589,,,,
panda_0743_tinylora,0.8451002383870738,0.8989345005580357,0.5050833821296692,,,,
panda_0744_tinylora,0.8916524882827487,0.8952113560267857,0.38121742010116577,,,,
panda_0745_tinylora,0.9947456419467926,0.9908185686383929,0.19575431942939758,,,,
panda_0746_tinylora,0.9510790609887668,0.96795654296875,0.43069079518318176,,,,
panda_0747_tinylora,0.9913904475314277,0.9832589285714286,0.5223653316497803,,,,
panda_0748_tinylora,0.8563389985689095,0.9096766880580357,0.3143964409828186,,,,
panda_0749_tinylora,0.8074564965707915,0.8958740234375,0.47517725825309753,,,,
panda_0750_tinylora,0.9933430669563157,0.9870867047991071,0.6061113476753235,,,,
panda_0751_tinylora,0.8931892003331866,0.9292340959821429,0.451225221157074,,,,
panda_0752_tinylora,0.8386813141405582,0.8676278250558036,0.4496365189552307,,,,
panda_0753_tinylora,0.9945283340556281,0.9863019670758929,0.38997143507003784,,,,
panda_0754_tinylora,0.8482601823551315,0.9023263113839286,0.3593807816505432,,,,
panda_0755_tinylora,0.991123480456216,0.9843488420758929,0.7104620933532715,,,,
panda_0756_tinylora,0.9252671950629779,0.9553309849330357,0.3297209143638611,,,,
panda_0757_tinylora,0.9508394088063922,0.96307373046875,0.3607392907142639,,,,
panda_0758_tinylora,0.932747405554567,0.9528023856026786,0.45538559556007385,,,,
panda_0759_tinylora,0.9612433505909783,0.9523838588169643,0.38782191276550293,,,,
panda_0760_tinylora,0.996337602181094,0.9942626953125,0.4712355434894562,,,,
panda_0761_tinylora,0.7985892104251044,0.9266270228794643,0.23455296456813812,,,,
panda_0762_tinylora,0.9514695682695934,0.9621494838169643,0.539787232875824,,,,
panda_0763_tinylora,0.9761404331241336,0.9500645228794643,0.39803051948547363,,,,
panda_0764_tinylora,0.9916813160691943,0.9900076729910714,0.49993428587913513,,,,
panda_0765_tinylora,0.8983504761542592,0.9390607561383929,0.490471214056015,,,,
panda_0766_tinylora,0.7839709147810936,0.8700474330357143,0.3476606011390686,,,,
panda_0767_tinylora,0.9655691012740135,0.9865984235491071,0.4998762905597687,,,,
panda_0768_tinylora,0.9880342387727329,0.9913068498883929,0.25560811161994934,,,,
panda_0769_tinylora,0.9605151031698499,0.9657418387276786,0.4606124460697174,,,,
panda_0770_tinylora,0.99400430811303,0.9816458565848214,0.4983122944831848,,,,
panda_0771_tinylora,0.7418547001268182,0.7851431710379464,0.33815810084342957,,,,
panda_0772_tinylora,0.9854988870876176,0.9792742047991071,0.11896026134490967,,,,
panda_0773_tinylora,0.9803305289575032,0.9294782366071429,0.42149293422698975,,,,
panda_0774_tinylora,0.9625516342265266,0.9131992885044643,0.14105956256389618,,,,
panda_0775_tinylora,0.9864003966961589,0.9868600027901786,0.3599158227443695,,,,
panda_0776_tinylora,0.9932483051504407,0.9806344168526786,0.5611369013786316,,,,
panda_0777_tinylora,0.9886003370795932,0.9845319475446429,0.4388924241065979,,,,
panda_0778_tinylora,0.8320383514676776,0.8899797712053571,0.39672350883483887,,,,
panda_0779_tinylora,0.9694434585315841,0.9635881696428571,0.4219261705875397,,,,
panda_0780_tinylora,0.6923433781734535,0.8745640345982143,0.4397524893283844,,,,
panda_0781_tinylora,0.9759598065699849,0.9684971400669643,0.6401761174201965,,,,
panda_0782_tinylora,0.8420142871992928,0.9316057477678571,0.27268972992897034,,,,
panda_0783_tinylora,0.5726917568328125,0.8312203543526786,0.39594537019729614,,,,
panda_0784_tinylora,0.9846819798861232,0.9701102120535714,0.5232679843902588,,,,
panda_0785_tinylora,0.8356134683958122,0.9563860212053571,0.357208251953125,,,,
panda_0786_tinylora,0.8281073823039021,0.8986772809709821,0.5139507055282593,,,,
panda_0787_tinylora,0.9682732267039162,0.8958653041294643,0.3866614103317261,,,,
panda_0788_tinylora,0.8383427948823997,0.9405779157366071,0.2992750406265259,,,,
panda_0789_tinylora,0.7871264261858804,0.8756016322544643,0.29726895689964294,,,,
panda_0790_tinylora,0.979398033448628,0.9864589146205357,0.3902225196361542,,,,
panda_0791_tinylora,0.950636588037014,0.9445452008928571,0.6030899286270142,,,,
panda_0792_tinylora,0.8439883089491299,0.9032156808035714,0.38119596242904663,,,,
panda_0793_tinylora,0.9052976433719907,0.9294956752232143,0.3713127374649048,,,,
panda_0794_tinylora,0.7614751663058996,0.8686305454799107,0.30585992336273193,,,,
panda_0795_tinylora,0.9600104508655412,0.9635794503348214,0.5170071721076965,,,,
panda_0796_tinylora,0.8582466564008168,0.8365740094866071,0.3341611623764038,,,,
panda_0797_tinylora,0.8041457549801895,0.8219887869698661,0.35340553522109985,,,,
panda_0798_tinylora,0.8426774692322526,0.8517892020089286,0.4218791425228119,,,,
panda_0799_tinylora,0.9976514577865601,0.9909929547991071,0.4773572087287903,,,,
panda_0800_tinylora,0.8036071485174554,0.9054652622767857,0.3405552804470062,,,,
panda_0801_tinylora,0.7314754109829664,0.8817313058035714,0.3486858606338501,,,,
panda_0802_tinylora,0.994642898440361,0.9874616350446429,0.4374240040779114,,,,
panda_0803_tinylora,0.8315138630568981,0.9314836774553571,0.35258644819259644,,,,
panda_0804_tinylora,0.9811551145144871,0.9894321986607143,0.39857712388038635,,,,
panda_0805_tinylora,0.9897705763578415,0.9800240652901786,0.45241475105285645,,,,
panda_0806_tinylora,0.9705492140991347,0.9678780691964286,0.4208245277404785,,,,
panda_0807_tinylora,0.8769607959049088,0.8624354771205357,0.41285496950149536,,,,
panda_0808_tinylora,0.935829051903316,0.91986083984375,0.2709951400756836,,,,
panda_0809_tinylora,0.971728965640068,0.9670322963169643,0.4290066361427307,,,,
panda_0810_tinylora,0.8352157393736499,0.9018903459821429,0.365072637796402,,,,
panda_0811_tinylora,0.9861004746385983,0.9761962890625,0.26739588379859924,,,,
panda_0812_tinylora,0.9823707288929394,0.9463239397321429,0.38368216156959534,,,,
panda_0813_tinylora,0.9906501631651606,0.9750627790178571,0.46533918380737305,,,,
panda_0814_tinylora,0.841711657920054,0.8437064034598214,0.3212432861328125,,,,
panda_0815_tinylora,0.8524494639464787,0.9259033203125,0.3999343812465668,,,,
panda_0816_tinylora,0.8936151931328433,0.9020298549107143,0.5533831715583801,,,,
panda_0817_tinylora,0.832078119473798,0.8035365513392857,0.362987220287323,,,,
panda_0818_tinylora,0.9552386541451726,0.9308122907366071,0.3747986853122711,,,,
panda_0819_tinylora,0.9873890514884677,0.9901994977678571,0.432431697845459,,,,
panda_0820_tinylora,0.9233995016132083,0.95159912109375,0.4997968375682831,,,,
panda_0821_tinylora,0.9822718533022063,0.9773123604910714,0.38042524456977844,,,,
panda_0822_tinylora,0.932110251060554,0.8990827287946429,0.13635197281837463,,,,
panda_0823_tinylora,0.8970920007143702,0.9340384347098214,0.3399461507797241,,,,
panda_0824_tinylora,0.9824308838163104,0.9846627371651786,0.7474443912506104,,,,
panda_0825_tinylora,0.9451574300016675,0.9694649832589286,0.4571341872215271,,,,
panda_0826_tinylora,0.9957965740135738,0.9866507393973214,0.4398820400238037,,,,
panda_0827_tinylora,0.9958609055195536,0.9874529157366071,0.2217099368572235,,,,
panda_0828_tinylora,0.855548730386155,0.92376708984375,0.35791170597076416,,,,
panda_0829_tinylora,0.9907238632440567,0.9758126395089286,0.600677490234375,,,,
panda_0830_tinylora,0.8596549076693398,0.8257795061383929,0.21185296773910522,,,,
panda_0831_tinylora,0.7553493806294033,0.8467668805803571,0.3788430988788605,,,,
panda_0832_tinylora,0.9781987518072128,0.9667445591517857,0.4499934911727905,,,,
panda_0833_tinylora,0.8947802196655955,0.9517386300223214,0.45111083984375,,,,
panda_0834_tinylora,0.8173427432775497,0.9365931919642857,0.4385796785354614,,,,
panda_0835_tinylora,0.9132833693708692,0.9291294642857143,0.3837931752204895,,,,
panda_0836_tinylora,0.9492628819176129,0.9475184849330357,0.13170906901359558,,,,
panda_0837_tinylora,0.955025566475732,0.9289986746651786,0.3118540644645691,,,,
panda_0838_tinylora,0.9335514083504677,0.95867919921875,0.2971058785915375,,,,
panda_0839_tinylora,0.9437411768095834,0.9615652901785714,0.4816689193248749,,,,
panda_0840_tinylora,0.9427690378257206,0.9232177734375,0.3782751262187958,,,,
panda_0841_tinylora,0.921751258628709,0.9465244838169643,0.49926283955574036,,,,
panda_0842_tinylora,0.7445150358336312,0.8154776436941964,0.42698734998703003,,,,
panda_0843_tinylora,0.7760259423937116,0.8873552594866071,0.4063122868537903,,,,
panda_0844_tinylora,0.6951984483748674,0.8875994001116071,0.30582690238952637,,,,
panda_0845_tinylora,0.6189799182383078,0.8097185407366071,0.42134031653404236,,,,
panda_0846_tinylora,0.9912292446408953,0.9919520786830357,0.5754190683364868,,,,
panda_0847_tinylora,0.9560185223817825,0.9062412806919643,0.437681645154953,,,,
panda_0848_tinylora,0.9821646309324673,0.9598127092633929,0.3759647011756897,,,,
panda_0849_tinylora,0.7821757591196469,0.8758021763392857,0.4126920998096466,,,,
panda_0850_tinylora,0.9830127730965614,0.96954345703125,0.5433574914932251,,,,
panda_0851_tinylora,0.8956761328237397,0.9055960518973214,0.3794552981853485,,,,
panda_0852_tinylora,0.9643017660294261,0.9331577845982143,0.33879831433296204,,,,
panda_0853_tinylora,0.749032777867147,0.8239833286830357,0.357749879360199,,,,
panda_0854_tinylora,0.9776744970253536,0.9766932896205357,0.4268893301486969,,,,
panda_0855_tinylora,0.976427568921021,0.95135498046875,0.43370935320854187,,,,
panda_0856_tinylora,0.9912824960691589,0.9775913783482143,0.3298684358596802,,,,
panda_0857_tinylora,0.9872096670525414,0.9822562081473214,0.3522241413593292,,,,
panda_0858_tinylora,0.9789479640977723,0.9692818777901786,0.29533302783966064,,,,
panda_0859_tinylora,0.979591832629272,0.9897024972098214,0.3714955747127533,,,,
panda_0860_tinylora,0.8914832148168769,0.9147513253348214,0.5283966064453125,,,,
panda_0861_tinylora,0.9130409881472588,0.94384765625,0.461996853351593,,,,
panda_0862_tinylora,0.9899931486163821,0.9781581333705357,0.6309388279914856,,,,
panda_0863_tinylora,0.9935271154556956,0.9901646205357143,0.3281131088733673,,,,
panda_0864_tinylora,0.9409788761820111,0.9562552315848214,0.4494101405143738,,,,
panda_0865_tinylora,0.9221179325665746,0.9395751953125,0.5124067068099976,,,,
panda_0866_tinylora,0.9739956674831254,0.9732142857142857,0.5399281978607178,,,,
panda_0867_tinylora,0.8855300721313272,0.921875,0.4153294265270233,,,,
panda_0868_tinylora,0.8158942806933608,0.8773454938616071,0.3723122179508209,,,,
panda_0869_tinylora,0.7578601906342166,0.8601248604910714,0.23112572729587555,,,,
panda_0870_tinylora,0.7115207724273205,0.805023193359375,0.37567564845085144,,,,
panda_0871_tinylora,0.8938711998718125,0.9162510463169643,0.3494713008403778,,,,
panda_0872_tinylora,0.8773260372025626,0.8940865652901786,0.22421997785568237,,,,
panda_0873_tinylora,0.8966031223535538,0.9409528459821429,0.47056230902671814,,,,
panda_0874_tinylora,0.9362381239022527,0.9375174386160714,0.43189236521720886,,,,
panda_0875_tinylora,0.8888930092964854,0.9369245256696429,0.31371715664863586,,,,
panda_0876_tinylora,0.8432414675397533,0.9322422572544643,0.38310885429382324,,,,
panda_0877_tinylora,0.9237678721547127,0.908935546875,0.3969862759113312,,,,
panda_0878_tinylora,0.8008537271193096,0.9341692243303571,0.33569642901420593,,,,
panda_0879_tinylora,0.8067888431251049,0.8681858607700893,0.3434991240501404,,,,
panda_0880_tinylora,0.9536596291831562,0.9618007114955357,0.38775745034217834,,,,
panda_0881_tinylora,0.9746755521212306,0.9752894810267857,0.5380508899688721,,,,
panda_0882_tinylora,0.8953644263425043,0.9399501255580357,0.5497391223907471,,,,
panda_0883_tinylora,0.8632690954421248,0.9173060825892857,0.46606695652008057,,,,
panda_0884_tinylora,0.9310234817011016,0.9249267578125,0.37629032135009766,,,,
panda_0885_tinylora,0.9659226047141212,0.9432721819196429,0.22548474371433258,,,,
panda_0886_tinylora,0.9852389650685447,0.9909493582589286,0.6746436953544617,,,,
panda_0887_tinylora,0.8800905421376228,0.877197265625,0.3551793396472931,,,,
panda_0888_tinylora,0.952003287417548,0.923828125,0.30237290263175964,,,,
panda_0889_tinylora,0.8198063740772861,0.8833269391741071,0.4358316659927368,,,,
panda_0890_tinylora,0.9444571329014642,0.9497157505580357,0.46414849162101746,,,,
panda_0891_tinylora,0.9495211339422635,0.9330793108258929,0.3206595182418823,,,,
panda_0892_tinylora,0.8734626972249576,0.9103131975446429,0.3302103281021118,,,,
panda_0893_tinylora,0.9595049012984548,0.8931535993303571,0.36839669942855835,,,,
panda_0894_tinylora,0.8521395538534436,0.9142020089285714,0.35630562901496887,,,,
panda_0895_tinylora,0.7243657261133194,0.84625244140625,0.389029324054718,,,,
panda_0896_tinylora,0.7026643364557198,0.788238525390625,0.19771039485931396,,,,
panda_0897_tinylora,0.807621176221541,0.9175938197544643,0.2642754912376404,,,,
panda_0898_tinylora,0.8178574323121991,0.9168701171875,0.33334699273109436,,,,
panda_0899_tinylora,0.9250073858669826,0.9284232003348214,0.3781152367591858,,,,
panda_0900_tinylora,0.9952458451901164,0.9853690011160714,0.26609623432159424,,,,
panda_0901_tinylora,0.9953054189682007,0.9876447405133929,0.39517852663993835,,,,
panda_0902_tinylora,0.9573706686496735,0.9684186662946429,0.38074132800102234,,,,
panda_0903_tinylora,0.9985956336770739,0.9889090401785714,0.5099259614944458,,,,
panda_0904_tinylora,0.6198359714554889,0.7751203264508929,0.30552032589912415,,,,
panda_0905_tinylora,0.9623906303729329,0.94561767578125,0.4078116714954376,,,,
panda_0906_tinylora,0.8298236472266061,0.9268275669642857,0.29682886600494385,,,,
panda_0907_tinylora,0.9956252692001206,0.9773908342633929,0.22207213938236237,,,,
panda_0908_tinylora,0.7367201591176646,0.8468540736607143,0.5007022619247437,,,,
panda_0909_tinylora,0.9673381256205695,0.9735194614955357,0.4449133276939392,,,,
panda_0910_tinylora,0.9893872439861298,0.9832240513392857,0.4684355854988098,,,,
panda_0911_tinylora,0.9057986193469593,0.9028581891741071,0.20341825485229492,,,,
panda_0912_tinylora,0.9714183903166226,0.9761265345982143,0.4306252598762512,,,,
panda_0913_tinylora,0.8768174781330994,0.9213344029017857,0.39818382263183594,,,,
panda_0914_tinylora,0.9455436989665031,0.9644949776785714,0.3636195957660675,,,,
panda_0915_tinylora,0.9766111980591502,0.9794398716517857,0.2523055672645569,,,,
panda_0916_tinylora,0.9975643317614283,0.9933994838169643,0.2888469994068146,,,,
panda_0917_tinylora,0.8230810990290982,0.9232090541294643,0.32803788781166077,,,,
panda_0918_tinylora,0.8676977029868534,0.9014979771205357,0.38141152262687683,,,,
panda_0919_tinylora,0.9013087494032723,0.91839599609375,0.5066291689872742,,,,
panda_0920_tinylora,0.9927988946437836,0.9895891462053571,0.4236656129360199,,,,
panda_0921_tinylora,0.8784372742686953,0.89263916015625,0.38804763555526733,,,,
panda_0922_tinylora,0.6503296038135886,0.833526611328125,0.5197137594223022,,,,
panda_0923_tinylora,0.9040695035031864,0.8239484514508929,0.4092085659503937,,,,
panda_0924_tinylora,0.8795365616679192,0.8695242745535714,0.33119717240333557,,,,
panda_0925_tinylora,0.9902096380080495,0.9866594587053571,0.41263896226882935,,,,
panda_0926_tinylora,0.9751101923840386,0.9524187360491071,0.24914847314357758,,,,
panda_0927_tinylora,0.7934614739247731,0.7822004045758929,0.18802426755428314,,,,
panda_0928_tinylora,0.9851505000676427,0.9855433872767857,0.18012970685958862,,,,
panda_0929_tinylora,0.8843182591455323,0.9543369838169643,0.44363680481910706,,,,
panda_0930_tinylora,0.9573846640331405,0.95697021484375,0.39304402470588684,,,,
panda_0931_tinylora,0.9878478550485202,0.9754289899553571,0.6719024777412415,,,,
panda_0932_tinylora,0.9091690384915897,0.9645036969866071,0.34117546677589417,,,,
panda_0933_tinylora,0.8332917498690742,0.9613560267857143,0.2581770420074463,,,,
panda_0934_tinylora,0.9424220068114144,0.9405866350446429,0.4809670150279999,,,,
panda_0935_tinylora,0.9915656926376479,0.9788556780133929,0.48634201288223267,,,,
panda_0936_tinylora,0.988272664802415,0.98553466796875,0.1835843175649643,,,,
panda_0937_tinylora,0.9907352977565357,0.9893624441964286,0.6856217384338379,,,,
panda_0938_tinylora,0.9839568393571037,0.9614432198660714,0.37783852219581604,,,,
panda_0939_tinylora,0.9579754674008915,0.9668927873883929,0.45716771483421326,,,,
panda_0940_tinylora,0.9948007932731083,0.9815237862723214,0.37539446353912354,,,,
panda_0941_tinylora,0.9392723398549216,0.9422084263392857,0.3010607063770294,,,,
panda_0942_tinylora,0.8065546828189066,0.8747035435267857,0.41056016087532043,,,,
panda_0943_tinylora,0.9940478854945728,0.9888916015625,0.4834458529949188,,,,
panda_0944_tinylora,0.9710091799497604,0.9809919084821429,0.49574288725852966,,,,
panda_0945_tinylora,0.93816370091268,0.9564557756696429,0.35629433393478394,,,,
panda_0946_tinylora,0.9561571340475764,0.9539882114955357,0.5086102485656738,,,,
panda_0947_tinylora,0.9969973510929516,0.9901123046875,0.5440950989723206,,,,
panda_0948_tinylora,0.8452150034052985,0.8090340750558036,0.33528047800064087,,,,
panda_0949_tinylora,0.8619869362030711,0.8982369559151786,0.47696149349212646,,,,
panda_0950_tinylora,0.8284604591982705,0.9358171735491071,0.21640440821647644,,,,
panda_0951_tinylora,0.9725568954433713,0.9506487165178571,0.41921234130859375,,,,
panda_0952_tinylora,0.9910412579774857,0.9866681780133929,0.4219953715801239,,,,
panda_0953_tinylora,0.7046511769294739,0.8215070452008929,0.2763635814189911,,,,
panda_0954_tinylora,0.9688965284398624,0.9739815848214286,0.35569170117378235,,,,
panda_0955_tinylora,0.9384276185716901,0.9692905970982143,0.4817526042461395,,,,
panda_0956_tinylora,0.762924346008471,0.902587890625,0.27803337574005127,,,,
panda_0957_tinylora,0.8923860628690038,0.9600830078125,0.5348547101020813,,,,
panda_0958_tinylora,0.9145354468907628,0.95062255859375,0.3740697503089905,,,,
panda_0959_tinylora,0.7600465033735547,0.9080984933035714,0.37645092606544495,,,,
panda_0960_tinylora,0.9612559261066573,0.9430629185267857,0.5946530103683472,,,,
panda_0961_tinylora,0.9871363831417901,0.9832938058035714,0.5085986256599426,,,,
panda_0962_tinylora,0.7454114902232375,0.7912161690848214,0.3926245868206024,,,,
panda_0963_tinylora,0.8598334645586354,0.9001726422991071,0.4041663706302643,,,,
panda_0964_tinylora,0.9463517602000918,0.9448329380580357,0.5533812642097473,,,,
panda_0965_tinylora,0.9133124351501465,0.939697265625,0.32384660840034485,,,,
panda_0966_tinylora,0.8933618483798844,0.8854544503348214,0.4220552146434784,,,,
panda_0967_tinylora,0.9923105101500239,0.98956298828125,0.4932233989238739,,,,
panda_0968_tinylora,0.9887502576623645,0.9802943638392857,0.3776955306529999,,,,
panda_0969_tinylora,0.9171906784176826,0.9300798688616071,0.36726614832878113,,,,
panda_0970_tinylora,0.9946388197796685,0.9810093470982143,0.5558604598045349,,,,
panda_0971_tinylora,0.9907490164041519,0.9913242885044643,0.3962589502334595,,,,
panda_0972_tinylora,0.6765582327331815,0.7689208984375,0.5563030242919922,,,,
panda_0973_tinylora,0.9804307147860527,0.9793439592633929,0.3991551101207733,,,,
panda_0974_tinylora,0.8114519164498363,0.8684430803571429,0.4876079261302948,,,,
panda_0975_tinylora,0.916184558400086,0.8681553431919643,0.1958332657814026,,,,
panda_0976_tinylora,0.9947579950094223,0.9631696428571429,0.29808446764945984,,,,
panda_0977_tinylora,0.9904574091945376,0.9810093470982143,0.33150723576545715,,,,
panda_0978_tinylora,0.9833395395960126,0.9943586077008929,0.25146424770355225,,,,
panda_0979_tinylora,0.9967278902019773,0.9791346958705357,0.32672256231307983,,,,
panda_0980_tinylora,0.9815147604261126,0.9845668247767857,0.4962984025478363,,,,
panda_0981_tinylora,0.9919323037777629,0.9893711635044643,0.4469481110572815,,,,
panda_0982_tinylora,0.9978982827493122,0.9915684291294643,0.3635520339012146,,,,
panda_0983_tinylora,0.9871966264077595,0.9724993024553571,0.5063686966896057,,,,
panda_0984_tinylora,0.8963803840535027,0.9480067661830357,0.3207891285419464,,,,
panda_0985_tinylora,0.7884358518889972,0.84234619140625,0.35253578424453735,,,,
panda_0986_tinylora,0.7953737436660698,0.9215436662946429,0.3078167736530304,,,,
panda_0987_tinylora,0.8939707194055829,0.9162248883928571,0.4359630346298218,,,,
panda_0988_tinylora,0.9918744532125336,0.97882080078125,0.38115447759628296,,,,
panda_0989_tinylora,0.7631705618862595,0.8726109095982143,0.4663545787334442,,,,
panda_0990_tinylora,0.9798615372606686,0.9629603794642857,0.4165610373020172,,,,
panda_0991_tinylora,0.9534614309668541,0.9563860212053571,0.37378475069999695,,,,
panda_0992_tinylora,0.7448645489556449,0.8389369419642857,0.39065614342689514,,,,
panda_0993_tinylora,0.8538584065224443,0.90032958984375,0.46872448921203613,,,,
panda_0994_tinylora,0.9863666530166354,0.9665265764508929,0.3566059470176697,,,,
panda_0995_tinylora,0.7772716310407434,0.7648141043526786,0.30882322788238525,,,,
panda_0996_tinylora,0.9486226109521729,0.9707815987723214,0.3594374358654022,,,,
panda_0997_tinylora,0.9389956944755146,0.9369681222098214,0.46915552020072937,,,,
panda_0998_tinylora,0.7527925015560218,0.809112548828125,0.41982749104499817,,,,
panda_0999_tinylora,0.9621905397091594,0.9167218889508929,0.4424327313899994,,,,
