video_id,subject_consistency,background_consistency,aesthetic_quality,motion_smoothness,dynamic_degree,imaging_quality,temporal_flickering
0_a-close-up-of-a-truck-with-its-hood-open_FVD-463.0_PSNR-15.061_SSIM-0.428_LPIPS-0.280_FID-78.3_no-TTA,,,,0.9910794016458079,0.0,60.02088559907058,0.9677578795189951
100_a-group-of-people-in-a-video-game-are-walking-down-a-dirt-path_FVD-627.6_PSNR-20.532_SSIM-0.590_LPIPS-0.596_FID-73.9_no-TTA,,,,0.9948142165186052,1.0,37.48357700479442,0.9913663237702612
101_a-person-is-frying-food-in-a-restaurant-kitchen-using-a-frying-pan-and-a-frying_FVD-582.0_PSNR-12.865_SSIM-0.710_LPIPS-0.411_FID-84.1_no-TTA,,,,0.9893398066691954,1.0,61.163500292547816,0.9829974267996994
102_the-word-yum-is-written-in-pink-on-a-black-background_FVD-449.4_PSNR-8.227_SSIM-0.566_LPIPS-0.648_FID-73.9_no-TTA,,,,0.9905082024797098,1.0,63.28231245895912,0.9864329244576249
103_a-basketball-game-is-being-played-in-a-crowded-stadium-and-a-basketball-player-i_FVD-517.2_PSNR-20.889_SSIM-0.730_LPIPS-0.642_FID-81.0_no-TTA,,,,0.9950751821495158,0.0,69.32325284234409,0.9882292336108638
104_a-man-wearing-headphones-is-standing-in-front-of-a-black-background_FVD-627.6_PSNR-20.537_SSIM-0.507_LPIPS-0.480_FID-73.9_no-TTA,,,,0.9836887493378762,0.0,46.6350589620656,0.9794487130408194
105_there-is-a-man-wearing-a-green-shirt-and-glasses-standing-in-front-of-a-wall-wit_FVD-449.4_PSNR-18.205_SSIM-0.738_LPIPS-0.216_FID-73.9_no-TTA,,,,0.9915675711390325,1.0,74.82910129941743,0.9860736687978109
106_a-man-with-a-beard-and-hat-is-smiling-for-the-camera-in-front-of-a-vehicle_FVD-449.4_PSNR-10.093_SSIM-0.416_LPIPS-0.673_FID-73.9_no-TTA,,,,0.9819238320996134,0.0,59.4366261712436,0.9793323647742178
107_there-is-a-bathroom-with-a-sink-toilet-and-mirror_FVD-641.1_PSNR-14.901_SSIM-0.663_LPIPS-0.475_FID-76.1_no-TTA,,,,0.9868786183009528,1.0,41.927105344575025,0.9766174578199199
108_two-men-standing-next-to-a-robot-on-a-construction-site_FVD-463.0_PSNR-17.540_SSIM-0.756_LPIPS-0.184_FID-78.3_no-TTA,,,,0.9906831006641439,1.0,67.97067826369712,0.961477653653014
109_a-video-game-of-a-street-with-cars-and-buildings-in-the-background_FVD-582.0_PSNR-11.788_SSIM-0.233_LPIPS-0.856_FID-84.1_no-TTA,,,,0.982934166889245,1.0,49.821541227143385,0.9679825876273361
10_the-person-is-preparing-food-on-a-wooden-table-near-a-body-of-water_FVD-641.1_PSNR-5.439_SSIM-0.232_LPIPS-0.859_FID-76.1_no-TTA,,,,0.9828213098473898,0.0,60.15480067812163,0.9719580369837144
110_a-blurry-picture-of-a-hallway-with-an-elevator_FVD-498.6_PSNR-8.021_SSIM-0.416_LPIPS-0.639_FID-81.3_no-TTA,,,,0.9429636068503257,1.0,77.1428872470198,0.9166403826545266
111_products-are-sitting-on-a-counter-in-a-refrigerator_FVD-517.2_PSNR-11.816_SSIM-0.499_LPIPS-0.833_FID-81.0_no-TTA,,,,0.9871020268751196,0.0,68.8161692126044,0.9875777768153771
112_a-blue-background-with-the-words-22-news-new-at-11_FVD-601.0_PSNR-19.838_SSIM-0.816_LPIPS-0.215_FID-84.8_no-TTA,,,,0.9928697414462581,1.0,66.16424231693662,0.9803449312845866
113_a-beekeeper-is-wearing-a-beekeeping-suit-and-holding-a-piece-of-honeycomb-in-his_FVD-627.6_PSNR-21.571_SSIM-0.698_LPIPS-0.124_FID-73.9_no-TTA,,,,0.9909387758508852,0.0,71.58075398412244,0.9862189517301672
114_it-is-a-pond-filter-made-from-a-plastic-terracotta-pot-with-a-18-inch-hole-drill_FVD-627.6_PSNR-18.095_SSIM-0.679_LPIPS-0.341_FID-73.9_no-TTA,,,,0.9907243877786157,1.0,73.047444047599,0.9783130514855478
115_a-field-of-grass-with-trees-and-a-house-in-the-distance_FVD-517.2_PSNR-10.205_SSIM-0.300_LPIPS-0.642_FID-81.0_no-TTA,,,,0.9804388384627355,0.0,62.65479607417666,0.9794284708359662
116_a-screen-shot-of-a-computer-screen-showing-a-list-of-buttons_FVD-582.8_PSNR-18.400_SSIM-0.778_LPIPS-0.408_FID-83.4_no-TTA,,,,0.9904810965518686,0.0,67.4100377313022,0.9898786367154588
117_a-person-is-holding-a-smartphone-in-their-hand-and-appears-to-be-scrolling-throu_FVD-582.8_PSNR-21.851_SSIM-0.820_LPIPS-0.261_FID-83.4_no-TTA,,,,0.9906775464926889,0.0,77.32531080574825,0.9883621739406212
118_the-player-is-in-a-post-apocalyptic-world-shooting-at-zombies-with-a-gun_FVD-582.0_PSNR-18.257_SSIM-0.582_LPIPS-0.413_FID-84.1_no-TTA,,,,0.9842246918131569,1.0,40.172896681160765,0.9757440623115091
119_a-piece-of-paper-with-information-about-a-robbery_FVD-517.2_PSNR-8.486_SSIM-0.277_LPIPS-0.667_FID-81.0_no-TTA,,,,0.9633095071629079,1.0,72.60848499166555,0.9466355043299058
11_there-is-a-white-bowl-filled-with-oatmeal-and-almonds-on-a-table_FVD-627.6_PSNR-16.726_SSIM-0.612_LPIPS-0.425_FID-73.9_no-TTA,,,,0.989666127568816,1.0,59.90160948654701,0.9804400163538316
120_a-blender-with-a-brown-liquid-inside-of-it_FVD-498.6_PSNR-37.458_SSIM-0.979_LPIPS-0.010_FID-81.3_no-TTA,,,,0.9963441010752592,0.0,77.9596447122508,0.99760188331791
121_a-picture-of-a-plate-with-skewers-on-it_FVD-449.4_PSNR-16.468_SSIM-0.754_LPIPS-0.198_FID-73.9_no-TTA,,,,0.9807214844404643,0.0,67.17795746901939,0.9700009551702761
122_a-man-in-an-office-is-talking-to-another-man-who-is-wearing-a-suit-and-tie_FVD-601.0_PSNR-14.208_SSIM-0.427_LPIPS-0.362_FID-84.8_no-TTA,,,,0.9844036962407826,1.0,75.53119975122912,0.9500663570329255
123_it-is-a-chandelier-made-of-naturally-shed-antlers-no-animals-are-harmed-in-the-m_FVD-601.0_PSNR-37.957_SSIM-0.962_LPIPS-0.010_FID-84.8_no-TTA,,,,0.9970238883146743,0.0,77.73644098742255,0.997689651741701
124_a-person-is-frying-butter-in-a-pan-on-a-stove_FVD-582.8_PSNR-8.346_SSIM-0.476_LPIPS-0.628_FID-83.4_no-TTA,,,,0.9766812371316048,1.0,59.276420724803,0.9420325447531307
125_a-man-in-blue-shirt-is-cooking-food-in-a-kitchen_FVD-463.0_PSNR-25.840_SSIM-0.891_LPIPS-0.073_FID-78.3_no-TTA,,,,0.994535153537911,1.0,75.48557228877627,0.9918949286142985
126_the-air-conditioning-vents-are-made-of-metal-and-are-arranged-in-a-grid-pattern_FVD-582.8_PSNR-18.501_SSIM-0.712_LPIPS-0.425_FID-83.4_no-TTA,,,,0.993865346318816,1.0,44.76500550631819,0.9844948347877054
127_a-white-suv-driving-through-a-rocky-desert-area_FVD-517.2_PSNR-9.163_SSIM-0.811_LPIPS-0.276_FID-81.0_no-TTA,,,,0.9907677124669312,0.0,60.32530409714271,0.9902185309167002
128_a-billboard-with-a-picture-of-a-man-with-a-smile-on-it_FVD-681.9_PSNR-13.946_SSIM-0.669_LPIPS-0.358_FID-78.8_no-TTA,,,,0.9910983813597555,1.0,75.93836264774717,0.9903311140397015
129_a-close-up-view-of-a-door-in-a-kitchen_FVD-601.0_PSNR-23.403_SSIM-0.738_LPIPS-0.348_FID-84.8_no-TTA,,,,0.9938651889708875,0.0,67.69071894678576,0.9920257998447792
12_a-cartoon-girl-with-a-smile-on-her-face_FVD-627.6_PSNR-14.891_SSIM-0.891_LPIPS-0.177_FID-73.9_no-TTA,,,,0.993288501565156,1.0,67.53751925764412,0.9946564057294061
130_a-screen-shot-of-a-website-for-sonoma-shops_FVD-449.4_PSNR-37.410_SSIM-0.980_LPIPS-0.021_FID-73.9_no-TTA,,,,0.9964459870152655,0.0,68.0200774094154,0.9974454769901201
131_there-is-a-black-background-with-white-text-on-it_FVD-463.0_PSNR-19.597_SSIM-0.888_LPIPS-0.069_FID-78.3_no-TTA,,,,0.9948867854767441,1.0,76.07953222866716,0.988617945652382
132_it-is-a-black-background-with-white-text-that-reads-learn-photography-with-antho_FVD-463.0_PSNR-28.913_SSIM-0.953_LPIPS-0.012_FID-78.3_no-TTA,,,,0.9987663814858208,0.0,38.56138281986631,0.9978968580563863
133_there-is-a-black-iron-fireplace-tool-set-on-a-white-background_FVD-463.0_PSNR-17.867_SSIM-0.714_LPIPS-0.356_FID-78.3_no-TTA,,,,0.990126434788659,1.0,51.19563082990975,0.9819960893369188
134_a-man-in-a-suit-standing-in-front-of-a-news-station_FVD-681.9_PSNR-26.851_SSIM-0.892_LPIPS-0.037_FID-78.8_no-TTA,,,,0.983049330375847,1.0,71.51957044930293,0.9779921625174728
135_the-word-making-music-is-spelled-out-with-toy-instruments-on-a-black-background_FVD-463.0_PSNR-5.096_SSIM-0.325_LPIPS-0.736_FID-78.3_no-TTA,,,,0.9420036402314665,1.0,65.59646211821457,0.9281742993523093
136_a-musician-is-playing-an-electric-guitar-and-sitting-on-a-chair-in-a-studio_FVD-498.6_PSNR-9.699_SSIM-0.587_LPIPS-0.502_FID-81.3_no-TTA,,,,0.9885559217343454,0.0,74.02879833352976,0.9883073872210932
137_there-is-a-hallway-in-an-old-building-with-a-door-open-revealing-a-dark-room_FVD-498.6_PSNR-4.032_SSIM-0.209_LPIPS-0.935_FID-81.3_no-TTA,,,,0.9797284728862165,0.0,56.77414203512257,0.9818616736168955
138_a-man-is-sitting-at-a-desk-in-an-office-with-multiple-computer-monitors-he-is-we_FVD-681.9_PSNR-25.766_SSIM-0.938_LPIPS-0.029_FID-78.8_no-TTA,,,,0.9948324976358064,0.0,78.16422034954202,0.9947540591744816
139_the-person-is-rolling-out-dough-on-a-piece-of-parchment-paper_FVD-498.6_PSNR-21.931_SSIM-0.764_LPIPS-0.096_FID-81.3_no-TTA,,,,0.9944212420545141,0.0,75.65467939705684,0.9842316029118556
13_there-is-a-small-spot-on-the-ceiling-of-a-bathroom-caused-by-an-accumulation-of_FVD-449.4_PSNR-41.010_SSIM-0.935_LPIPS-0.083_FID-73.9_no-TTA,,,,0.996983706610315,0.0,69.08630555251548,0.9978944378740647
140_a-red-and-white-background-with-the-words-the-holidays-are-coming_FVD-463.0_PSNR-20.757_SSIM-0.667_LPIPS-0.133_FID-78.3_no-TTA,,,,0.9951595659965375,0.0,73.43636874494881,0.9887109242233576
141_a-close-up-of-a-red-cup-on-a-table_FVD-582.0_PSNR-15.339_SSIM-0.801_LPIPS-0.245_FID-84.1_no-TTA,,,,0.9928716193341652,1.0,56.519671341468545,0.983965716642492
142_a-sign-hanging-on-the-side-of-a-building_FVD-582.8_PSNR-12.001_SSIM-0.673_LPIPS-0.560_FID-83.4_no-TTA,,,,0.9736601000910514,1.0,77.1376198078024,0.9465957641601562
143_a-young-man-is-standing-in-front-of-a-green-wall-wearing-a-black-tank-top-and-sh_FVD-601.0_PSNR-14.618_SSIM-0.709_LPIPS-0.334_FID-84.8_no-TTA,,,,0.9883516560670742,1.0,70.72304929535964,0.9818990408205519
144_it-is-a-black-background-with-text-on-it_FVD-463.0_PSNR-34.291_SSIM-0.965_LPIPS-0.005_FID-78.3_no-TTA,,,,0.9986214020864757,0.0,43.93956980211981,0.9970623869521945
145_there-are-two-men-shopping-in-a-toy-store_FVD-463.0_PSNR-20.423_SSIM-0.639_LPIPS-0.382_FID-78.3_no-TTA,,,,0.9941362929052496,1.0,39.3903431070262,0.9817727294622683
146_a-man-in-a-brown-suit-holding-a-metal-tool_FVD-601.0_PSNR-10.893_SSIM-0.403_LPIPS-0.526_FID-84.8_no-TTA,,,,0.9777034363758859,1.0,70.3730188567063,0.975506451550652
147_a-set-of-copper-plumbing-fittings-on-a-wooden-surface_FVD-601.0_PSNR-17.290_SSIM-0.817_LPIPS-0.290_FID-84.8_no-TTA,,,,0.9932069808425508,1.0,70.2460524460365,0.9864036494610356
148_a-person-is-washing-dishes-with-a-dish-washing-liquid_FVD-463.0_PSNR-11.550_SSIM-0.777_LPIPS-0.293_FID-78.3_no-TTA,,,,0.9790009778951645,1.0,74.83178263697131,0.9679455102658739
149_a-close-up-of-a-white-flower-with-the-words-clematis-x-carminii-sweet-heart_FVD-582.8_PSNR-29.085_SSIM-0.876_LPIPS-0.028_FID-83.4_no-TTA,,,,0.9955887351601965,0.0,79.25428508890086,0.9951092224495084
14_it-is-a-news-broadcast-with-two-people-sitting-at-a-desk-one-of-them-is-wearing_FVD-681.9_PSNR-13.154_SSIM-0.626_LPIPS-0.292_FID-78.8_no-TTA,,,,0.9909785149703578,0.0,68.61369955128637,0.980317704817828
150_a-bald-man-wearing-a-black-shirt-with-the-words-2013-on-it_FVD-517.2_PSNR-6.421_SSIM-0.205_LPIPS-0.791_FID-81.0_no-TTA,,,,0.987952765040311,1.0,59.97588401005186,0.9773138625949037
151_a-woman-pouring-liquid-into-a-pot-on-a-stove_FVD-517.2_PSNR-21.422_SSIM-0.752_LPIPS-0.153_FID-81.0_no-TTA,,,,0.9768405602091264,1.0,75.94552112447805,0.9716367777656106
152_a-bunch-of-toy-horses-and-a-purple-horse-house_FVD-517.2_PSNR-8.537_SSIM-0.504_LPIPS-0.735_FID-81.0_no-TTA,,,,0.9682118502115056,0.0,68.11944330149683,0.9709544200523227
153_a-person-holding-an-iphone-in-their-hand_FVD-582.8_PSNR-30.398_SSIM-0.875_LPIPS-0.252_FID-83.4_no-TTA,,,,0.9953391986468733,0.0,43.899519558610585,0.9954709197960648
154_a-man-sitting-in-the-drivers-seat-of-a-suv_FVD-582.8_PSNR-14.994_SSIM-0.361_LPIPS-0.375_FID-83.4_no-TTA,,,,0.9761750425330389,1.0,73.23218194369612,0.9345388524672564
155_a-man-giving-a-speech-on-a-stage-with-mountains-in-the-background_FVD-582.0_PSNR-26.969_SSIM-0.906_LPIPS-0.062_FID-84.1_no-TTA,,,,0.995149357786651,0.0,70.35187898833176,0.9930585075827206
156_a-piece-of-meat-on-a-white-plate-next-to-a-red-spatula_FVD-681.9_PSNR-27.725_SSIM-0.858_LPIPS-0.059_FID-78.8_no-TTA,,,,0.9913492603571877,1.0,75.80693869755186,0.9602354984657437
157_a-colorful-group-of-bacteria-and-viruses-on-a-black-background_FVD-517.2_PSNR-6.182_SSIM-0.355_LPIPS-0.757_FID-81.0_no-TTA,,,,0.9660608738687783,0.0,67.49148599032698,0.9649476070030063
158_a-computer-screen-displaying-a-website_FVD-641.1_PSNR-23.256_SSIM-0.838_LPIPS-0.103_FID-76.1_no-TTA,,,,0.9948572851950609,0.0,72.889023090231,0.9941530498803831
159_an-advertisement-for-the-nexus-5x_FVD-681.9_PSNR-19.444_SSIM-0.913_LPIPS-0.209_FID-78.8_no-TTA,,,,0.9907285241821088,1.0,60.09307887636382,0.9880002274232752
15_a-black-and-white-photo-of-a-pile-of-dirt-on-the-moon_FVD-582.8_PSNR-22.846_SSIM-0.877_LPIPS-0.081_FID-83.4_no-TTA,,,,0.9920461763097334,0.0,44.24998118959624,0.9924476254220103
160_a-pixelated-image-of-a-bridge-in-a-video-game_FVD-449.4_PSNR-10.393_SSIM-0.569_LPIPS-0.557_FID-73.9_no-TTA,,,,0.980516427357535,0.0,78.49077842975485,0.9790246252920113
161_a-close-up-of-a-computer-screen-with-a-lot-of-information-on-it_FVD-449.4_PSNR-31.425_SSIM-0.947_LPIPS-0.021_FID-73.9_no-TTA,,,,0.9938627270486186,0.0,59.27977910535089,0.9929350123685949
162_a-man-wearing-a-purple-cap-stands-in-a-living-room-while-looking-at-the-camera_FVD-517.2_PSNR-20.165_SSIM-0.742_LPIPS-0.180_FID-81.0_no-TTA,,,,0.9921079745332962,1.0,70.70868393470501,0.9790914217631023
163_a-spoon-is-drizzling-a-sauce-over-a-plate-of-food_FVD-627.6_PSNR-18.738_SSIM-0.821_LPIPS-0.226_FID-73.9_no-TTA,,,,0.983851822112392,1.0,64.17129398214406,0.9772347786847283
164_there-is-a-man-sitting-at-a-table-with-a-can-of-sour-patch-kids-cereal-in-front_FVD-463.0_PSNR-12.025_SSIM-0.642_LPIPS-0.646_FID-78.3_no-TTA,,,,0.9564137503291915,1.0,47.16914275596882,0.9391634660608629
165_two-men-standing-next-to-each-other-in-a-stadium_FVD-582.0_PSNR-20.172_SSIM-0.587_LPIPS-0.243_FID-84.1_no-TTA,,,,0.9897715132727771,0.0,77.3496330524313,0.988462890363207
166_a-dark-scene-with-lanterns-and-trees-in-the-background_FVD-449.4_PSNR-17.135_SSIM-0.527_LPIPS-0.196_FID-73.9_no-TTA,,,,0.9922382338352007,1.0,56.808500092605065,0.9851482335258933
167_a-man-standing-in-front-of-a-building-in-a-minecraft-game_FVD-627.6_PSNR-9.091_SSIM-0.432_LPIPS-0.651_FID-73.9_no-TTA,,,,0.9099731945061679,1.0,77.64639150685278,0.9132838903688917
168_two-men-playing-a-video-game-with-a-hot-air-balloon-in-the-background_FVD-641.1_PSNR-13.888_SSIM-0.563_LPIPS-0.482_FID-76.1_no-TTA,,,,0.9800989306980805,1.0,71.7069531144767,0.979020180421717
169_the-user-is-logged-into-the-wordpress-administration-area-and-is-on-the-plugins_FVD-463.0_PSNR-21.877_SSIM-0.783_LPIPS-0.216_FID-78.3_no-TTA,,,,0.9834004491219565,1.0,63.728997986892175,0.9829537279465619
16_there-is-a-sign-with-information-about-the-asia-black-bear-restoration-health-pr_FVD-517.2_PSNR-12.172_SSIM-0.549_LPIPS-0.387_FID-81.0_no-TTA,,,,0.9909438128550031,0.0,64.87760977909483,0.988372688667447
170_a-blue-background-with-the-words-5-things-to-never-say-at-the-dive-site_FVD-681.9_PSNR-21.265_SSIM-0.626_LPIPS-0.224_FID-78.8_no-TTA,,,,0.9900551760501209,1.0,72.99353001035493,0.9832055802438774
171_a-close-up-of-a-door-with-the-words-rigid-overhead-door-on-it_FVD-517.2_PSNR-13.844_SSIM-0.640_LPIPS-0.452_FID-81.0_no-TTA,,,,0.9806389824559631,1.0,66.43671588239998,0.9511429057401769
172_a-man-is-standing-in-front-of-a-white-wall-and-holding-a-metal-rod_FVD-463.0_PSNR-7.679_SSIM-0.277_LPIPS-0.799_FID-78.3_no-TTA,,,,0.990266672708079,0.0,60.29728830271754,0.9787127233019062
173_a-television-with-a-colorful-flickering-screen-is-on_FVD-463.0_PSNR-17.288_SSIM-0.766_LPIPS-0.176_FID-78.3_no-TTA,,,,0.9871034857920199,0.0,53.238204035265696,0.9844611130508722
174_a-living-room-with-couch-chair-table-lamp-and-vase-in-front-of-a-window_FVD-641.1_PSNR-29.142_SSIM-0.868_LPIPS-0.036_FID-76.1_no-TTA,,,,0.9943277163629876,0.0,75.97225110284214,0.9861288556865617
175_a-view-from-the-front-of-a-boat-on-a-large-body-of-water_FVD-582.8_PSNR-5.676_SSIM-0.108_LPIPS-0.868_FID-83.4_no-TTA,,,,0.9915860710937687,0.0,60.09069850527007,0.977749527201933
176_a-man-standing-next-to-a-black-chevy-truck_FVD-627.6_PSNR-11.354_SSIM-0.351_LPIPS-0.592_FID-73.9_no-TTA,,,,0.9925009321637308,1.0,74.99328192349138,0.9833241331811045
177_a-person-holding-a-piece-of-paper-over-a-piece-of-food_FVD-627.6_PSNR-12.841_SSIM-0.426_LPIPS-0.698_FID-73.9_no-TTA,,,,0.9599940598234487,1.0,53.62714951613854,0.9689121900820264
178_a-man-in-a-suit-standing-next-to-a-car-in-a-showroom_FVD-627.6_PSNR-11.505_SSIM-0.454_LPIPS-0.626_FID-73.9_no-TTA,,,,0.9848614615784882,0.0,58.606874531713025,0.9844610279681636
179_the-user-provides-a-black-background-with-white-text-on-it_FVD-582.8_PSNR-36.136_SSIM-0.954_LPIPS-0.004_FID-83.4_no-TTA,,,,0.9989004040451651,0.0,40.4039385565396,0.9985163745926876
17_there-is-a-black-object-on-the-ground-and-it-appears-to-be-an-electronic-device_FVD-582.8_PSNR-22.832_SSIM-0.763_LPIPS-0.108_FID-83.4_no-TTA,,,,0.993702330357891,0.0,57.299615662673425,0.9903132990294812
180_a-picture-of-a-man-with-a-beard-on-a-tv-screen_FVD-517.2_PSNR-22.215_SSIM-0.845_LPIPS-0.108_FID-81.0_no-TTA,,,,0.994182811312292,1.0,74.31668511752424,0.9900330870759253
181_the-cars-engine-and-other-mechanical-components-are-visible-underneath-the-hood_FVD-463.0_PSNR-9.580_SSIM-0.313_LPIPS-0.652_FID-78.3_no-TTA,,,,0.9947513072737107,0.0,67.59564222138503,0.9847015006869447
182_a-soccer-game-is-being-played-in-a-stadium-with-a-large-crowd-of-people-watching_FVD-627.6_PSNR-19.162_SSIM-0.446_LPIPS-0.228_FID-73.9_no-TTA,,,,0.9678852763394353,1.0,64.21146853216763,0.9406624513513901
183_a-cave-with-text-that-reads-rukuriri-cave-tour_FVD-601.0_PSNR-12.747_SSIM-0.407_LPIPS-0.528_FID-84.8_no-TTA,,,,0.9829412134111124,1.0,58.92917369974071,0.9636345956839767
184_a-picture-of-a-jar-of-liquid-with-the-words-do-it-yourself-lactobacillus-serum-o_FVD-498.6_PSNR-38.167_SSIM-0.980_LPIPS-0.006_FID-81.3_no-TTA,,,,0.9960143302112511,0.0,67.19955023403826,0.9976949135462443
185_a-person-holding-a-piece-of-cloth-in-their-hand_FVD-463.0_PSNR-16.931_SSIM-0.768_LPIPS-0.208_FID-78.3_no-TTA,,,,0.9881259917829311,0.0,71.38870397107354,0.9880275576722388
186_a-wooden-deck-with-potted-plants-on-it_FVD-601.0_PSNR-17.687_SSIM-0.533_LPIPS-0.659_FID-84.8_no-TTA,,,,0.9856314594480955,0.0,61.357142349769326,0.9843511983460072
187_a-stack-of-saltfish-fritters-on-a-white-plate_FVD-681.9_PSNR-17.602_SSIM-0.701_LPIPS-0.214_FID-78.8_no-TTA,,,,0.9807256676041143,1.0,70.95232917522561,0.9798132054946002
188_a-person-washing-a-chicken-in-a-kitchen-sink_FVD-582.8_PSNR-11.343_SSIM-0.258_LPIPS-0.710_FID-83.4_no-TTA,,,,0.9912133727689794,1.0,65.48660870256096,0.9768521832484826
189_there-is-a-black-and-white-logo-of-a-fork-and-knife-on-a-black-background_FVD-449.4_PSNR-42.808_SSIM-0.972_LPIPS-0.001_FID-73.9_no-TTA,,,,0.9988468557161113,0.0,53.98582379571323,0.9990706611497729
18_a-man-is-sitting-in-a-car-and-ordering-food-from-a-drive-through-window_FVD-627.6_PSNR-20.786_SSIM-0.844_LPIPS-0.057_FID-73.9_no-TTA,,,,0.9948831821390415,0.0,73.7860986117659,0.9928147825540281
190_there-is-a-protest-in-the-city-and-police-officers-are-trying-to-control-the-cro_FVD-517.2_PSNR-15.136_SSIM-0.595_LPIPS-0.267_FID-81.0_no-TTA,,,,0.9866448320113302,1.0,50.3552492075953,0.955622912388222
191_a-news-anchor-with-a-fire-in-the-background_FVD-449.4_PSNR-16.781_SSIM-0.661_LPIPS-0.283_FID-73.9_no-TTA,,,,0.9903431758320316,0.0,75.8192191288389,0.9893213758281633
192_a-blue-bowl-of-food-with-pasta-tomatoes-and-other-vegetables-on-a-table_FVD-582.0_PSNR-28.340_SSIM-0.911_LPIPS-0.062_FID-84.1_no-TTA,,,,0.9951230049311391,0.0,75.07327349432583,0.992722721193351
193_two-women-standing-next-to-each-other-in-front-of-a-blue-background_FVD-463.0_PSNR-20.164_SSIM-0.839_LPIPS-0.162_FID-78.3_no-TTA,,,,0.9942019301377067,0.0,75.30716573780981,0.9906466371872846
194_an-empty-street-with-buildings-on-both-sides_FVD-517.2_PSNR-21.033_SSIM-0.710_LPIPS-0.044_FID-81.0_no-TTA,,,,0.9929703721098482,0.0,74.8113934747104,0.9864191158145081
195_a-black-and-white-dog-running-through-a-warehouse_FVD-582.8_PSNR-21.527_SSIM-0.737_LPIPS-0.228_FID-83.4_no-TTA,,,,0.99226855171823,0.0,53.005918700119544,0.9852377723245059
196_the-person-is-holding-a-steelbook-edition-of-batman-arkham-city-and-they-are-unb_FVD-582.0_PSNR-15.060_SSIM-0.748_LPIPS-0.303_FID-84.1_no-TTA,,,,0.984259855217461,1.0,74.67283262055496,0.9727891566706639
197_a-man-is-sitting-at-a-table-with-a-fish-tank-in-front-of-him-and-he-is-looking-a_FVD-601.0_PSNR-7.098_SSIM-0.391_LPIPS-0.597_FID-84.8_no-TTA,,,,0.9767521937995284,1.0,72.44489196251179,0.9635363934086818
198_there-is-a-computer-with-a-blue-screen-displaying-various-windows-and-icons_FVD-641.1_PSNR-17.727_SSIM-0.683_LPIPS-0.291_FID-76.1_no-TTA,,,,0.9835301924255279,0.0,75.9538390060951,0.9802234182170794
199_a-close-up-of-a-plastic-model-of-some-sort_FVD-641.1_PSNR-23.155_SSIM-0.872_LPIPS-0.168_FID-76.1_no-TTA,,,,0.9911621488873327,1.0,78.40456258839575,0.9819752076092888
19_a-car-with-a-colorful-paint-job-parked-in-a-parking-lot_FVD-582.8_PSNR-25.185_SSIM-0.890_LPIPS-0.080_FID-83.4_no-TTA,,,,0.995422215928305,1.0,59.66421679792733,0.9928474042929855
1_a-young-woman-is-standing-in-front-of-a-kitchen-counter-she-has-tattoos-on-her-a_FVD-449.4_PSNR-19.624_SSIM-0.677_LPIPS-0.257_FID-73.9_no-TTA,,,,0.9947485287851786,0.0,70.95674738390693,0.9905911987903071
200_a-city-street-with-a-lot-of-cars-and-a-hole-in-the-ground_FVD-681.9_PSNR-5.993_SSIM-0.369_LPIPS-0.662_FID-78.8_no-TTA,,,,0.9816345424387704,0.0,73.36817616429822,0.9718892733256023
201_there-is-a-man-standing-at-a-podium-in-front-of-a-large-crowd-holding-a-micropho_FVD-449.4_PSNR-16.711_SSIM-0.511_LPIPS-0.238_FID-73.9_no-TTA,,,,0.9763535573818203,1.0,64.90755594187769,0.967793737673292
202_a-man-in-a-black-t-shirt-and-cap-is-standing-in-front-of-a-white-desk-and-pointi_FVD-601.0_PSNR-10.414_SSIM-0.416_LPIPS-0.682_FID-84.8_no-TTA,,,,0.9606110666422017,1.0,64.18929606470569,0.9120637332691865
203_a-koala-is-sitting-in-a-tree-with-a-blue-sky-in-the-background_FVD-582.8_PSNR-22.275_SSIM-0.855_LPIPS-0.321_FID-83.4_no-TTA,,,,0.987763125248764,1.0,54.981130271122375,0.977911958507463
204_an-elephant-peeking-out-from-behind-some-bushes_FVD-582.0_PSNR-10.439_SSIM-0.450_LPIPS-0.851_FID-84.1_no-TTA,,,,0.9472822007742734,1.0,48.650095051732556,0.9233844457888136
205_a-purple-background-with-a-lot-of-spheres-and-bubbles_FVD-449.4_PSNR-22.798_SSIM-0.876_LPIPS-0.227_FID-73.9_no-TTA,,,,0.9954489793379959,1.0,72.03422414845434,0.9916003124386656
206_a-red-sports-car-is-driving-on-a-dirt-road-and-the-wheels-are-spinning_FVD-681.9_PSNR-12.896_SSIM-0.493_LPIPS-0.351_FID-78.8_no-TTA,,,,0.9884788764263718,1.0,68.32521333365605,0.9290829901601754
207_there-is-a-barbie-doll-sitting-at-a-vanity-table-with-various-cosmetics-and-make_FVD-517.2_PSNR-13.702_SSIM-0.684_LPIPS-0.325_FID-81.0_no-TTA,,,,0.9861939850726615,1.0,77.89646832696323,0.9833513820872587
208_a-document-on-a-white-sheet-of-paper_FVD-641.1_PSNR-21.470_SSIM-0.731_LPIPS-0.081_FID-76.1_no-TTA,,,,0.9946147021508924,0.0,74.10424488988416,0.9907244495317048
209_a-piece-of-dough-in-a-frying-pan-on-a-stove_FVD-641.1_PSNR-13.369_SSIM-0.413_LPIPS-0.629_FID-76.1_no-TTA,,,,0.9876529038431612,0.0,66.76493348746465,0.9797252393236348
20_a-close-up-of-a-flashlight-in-a-box_FVD-449.4_PSNR-9.948_SSIM-0.722_LPIPS-0.571_FID-73.9_no-TTA,,,,0.9821817693089523,1.0,36.21753409813191,0.9787483514523974
210_an-aerial-view-of-a-snowy-mountain-range-with-snow-on-the-ground_FVD-498.6_PSNR-17.358_SSIM-0.693_LPIPS-0.310_FID-81.3_no-TTA,,,,0.989711220960072,1.0,69.57248556202856,0.9650231492285635
211_there-is-a-man-wearing-a-blue-shirt-and-a-beard-and-he-is-standing-in-front-of-a_FVD-582.0_PSNR-13.397_SSIM-0.424_LPIPS-0.488_FID-84.1_no-TTA,,,,0.989192571559874,1.0,68.58644682785561,0.9620728623633291
212_a-room-with-white-walls-a-fireplace-and-a-flat-screen-tv-is-a-staircase_FVD-463.0_PSNR-9.292_SSIM-0.404_LPIPS-0.761_FID-78.3_no-TTA,,,,0.9815823653513222,0.0,68.45040143769363,0.9787569326512954
213_there-is-a-man-playing-a-video-game-on-a-computer-screen-and-he-is-wearing-a-hat_FVD-498.6_PSNR-18.792_SSIM-0.731_LPIPS-0.338_FID-81.3_no-TTA,,,,0.9880439370593322,1.0,61.2044106845198,0.9859468516181497
214_two-cars-parked-next-to-each-other-in-a-parking-lot_FVD-449.4_PSNR-13.121_SSIM-0.479_LPIPS-0.729_FID-73.9_no-TTA,,,,0.9931114362812433,1.0,50.431945406157396,0.9814922314064175
215_a-close-up-of-a-space-station-with-the-words-16-modules-written-on-it_FVD-498.6_PSNR-22.902_SSIM-0.918_LPIPS-0.169_FID-81.3_no-TTA,,,,0.9980307205347416,0.0,39.24919352038153,0.9977910156343498
216_a-blurry-picture-of-a-white-bird-with-a-green-background_FVD-681.9_PSNR-46.465_SSIM-0.992_LPIPS-0.008_FID-78.8_no-TTA,,,,0.9963845242958294,0.0,38.267699077211574,0.9980074987691991
217_a-green-sphere-with-some-clouds-in-it_FVD-681.9_PSNR-26.616_SSIM-0.539_LPIPS-0.099_FID-78.8_no-TTA,,,,0.9959698318429936,0.0,47.19180653013032,0.9834866261949726
218_a-drawing-of-two-kangaroos-standing-next-to-each-other_FVD-498.6_PSNR-27.715_SSIM-0.899_LPIPS-0.026_FID-81.3_no-TTA,,,,0.994770006426716,0.0,71.08729632147427,0.9933406666213391
219_a-group-of-people-are-gathered-in-a-room-and-one-man-is-speaking-into-a-micropho_FVD-601.0_PSNR-23.435_SSIM-0.783_LPIPS-0.109_FID-84.8_no-TTA,,,,0.994661102722339,1.0,69.7200277920427,0.9920230313843372
21_a-comic-book-cover-featuring-a-group-of-superheroes_FVD-449.4_PSNR-10.089_SSIM-0.465_LPIPS-0.508_FID-73.9_no-TTA,,,,0.9815479877514575,1.0,75.91004365066001,0.9780594077764773
220_a-person-is-standing-on-a-wooden-staircase-with-their-feet-covered-in-blood_FVD-463.0_PSNR-31.989_SSIM-0.952_LPIPS-0.014_FID-78.3_no-TTA,,,,0.9963912809047231,0.0,55.62311146177095,0.9964256195461049
221_a-long-hallway-with-lots-of-tables-and-chairs_FVD-498.6_PSNR-8.820_SSIM-0.416_LPIPS-0.755_FID-81.3_no-TTA,,,,0.9650237216614744,1.0,78.01378789441338,0.9471292720121496
222_there-is-a-soccer-game-happening-in-a-stadium-and-the-fans-are-cheering-for-thei_FVD-582.8_PSNR-21.503_SSIM-0.760_LPIPS-0.140_FID-83.4_no-TTA,,,,0.9831177982344113,1.0,67.80821096486059,0.9720644913467706
223_a-close-up-of-two-hands-holding-a-small-object_FVD-627.6_PSNR-24.378_SSIM-0.930_LPIPS-0.063_FID-73.9_no-TTA,,,,0.9957951024627265,1.0,75.10337698048559,0.9945148603588927
224_a-woman-is-unpacking-a-box-of-household-appliances-including-a-vacuum-cleaner-an_FVD-601.0_PSNR-8.394_SSIM-0.434_LPIPS-0.544_FID-84.8_no-TTA,,,,0.9626944450990866,1.0,60.63076650685277,0.9513920802696079
225_a-stick-figure-in-a-blue-hoodie-and-glasses-is-waving-its-arms-up-and-down-on-a_FVD-517.2_PSNR-13.792_SSIM-0.851_LPIPS-0.186_FID-81.0_no-TTA,,,,0.9846163237931391,1.0,71.2375461972993,0.9760997977911258
226_a-cartoon-of-a-boy-standing-next-to-a-red-chair_FVD-517.2_PSNR-9.669_SSIM-0.669_LPIPS-0.391_FID-81.0_no-TTA,,,,0.9879488177816532,1.0,72.48964454387796,0.9805863660924575
227_there-are-two-men-sitting-at-a-table-with-a-bag-of-food-in-front-of-them_FVD-582.0_PSNR-24.997_SSIM-0.895_LPIPS-0.036_FID-84.1_no-TTA,,,,0.9955346722356143,0.0,73.20839638545596,0.994832072538488
228_a-chef-is-standing-in-front-of-a-stainless-steel-kitchen-counter-he-is-wearing-a_FVD-463.0_PSNR-8.217_SSIM-0.193_LPIPS-0.735_FID-78.3_no-TTA,,,,0.9900473035100792,0.0,64.10640453470164,0.9762475948707731
229_a-man-and-a-woman-are-standing-in-the-woods-with-the-man-wearing-an-orange-life_FVD-517.2_PSNR-14.621_SSIM-0.538_LPIPS-0.486_FID-81.0_no-TTA,,,,0.9753162471251856,1.0,63.809828528042495,0.9608566246780694
22_a-man-is-standing-on-a-bridge-on-a-tv_FVD-582.8_PSNR-8.057_SSIM-0.293_LPIPS-0.737_FID-83.4_no-TTA,,,,0.9702378761667594,1.0,62.34009644080852,0.9610538520065008
230_there-is-a-large-rock-floating-in-space-surrounded-by-smaller-rocks-and-debris_FVD-681.9_PSNR-10.349_SSIM-0.523_LPIPS-0.598_FID-78.8_no-TTA,,,,0.9606486021892732,1.0,37.17797746329472,0.9314796298157935
231_a-pink-background-with-the-words-comparing-color-in-princess-cuts_FVD-582.0_PSNR-19.720_SSIM-0.827_LPIPS-0.211_FID-84.1_no-TTA,,,,0.9870707228203782,1.0,73.54453777444773,0.9780983663072773
232_it-is-a-busy-street-in-a-city-with-many-cars-motorcycles-and-pedestrians_FVD-601.0_PSNR-26.314_SSIM-0.785_LPIPS-0.097_FID-84.8_no-TTA,,,,0.9913281359886369,0.0,73.23546916040881,0.984476583144244
233_a-person-is-performing-an-inverse-pass-card-trick-on-a-green-table-with-a-deck-o_FVD-601.0_PSNR-6.166_SSIM-0.306_LPIPS-0.886_FID-84.8_no-TTA,,,,0.937791086186077,1.0,60.55087931402798,0.9193879819383808
234_the-product-is-a-packet-of-quinoa-flakes_FVD-463.0_PSNR-15.764_SSIM-0.608_LPIPS-0.343_FID-78.3_no-TTA,,,,0.9876569899794854,1.0,74.16045195480874,0.9578849156697591
235_an-orange-background-with-the-words-cambella-faciale-e-voce_FVD-498.6_PSNR-14.976_SSIM-0.665_LPIPS-0.410_FID-81.3_no-TTA,,,,0.9770770475992213,1.0,44.198775192786904,0.9378263323914771
236_a-poster-with-the-words-using-minor-pentatonic-over-major-7th-chords_FVD-582.8_PSNR-10.943_SSIM-0.474_LPIPS-0.625_FID-83.4_no-TTA,,,,0.9796479874334884,1.0,71.59332683168608,0.9657102846631817
237_a-close-up-of-a-metal-grate-with-holes-in-it_FVD-498.6_PSNR-9.268_SSIM-0.435_LPIPS-0.712_FID-81.3_no-TTA,,,,0.9625361946995679,1.0,48.02997279989308,0.9383160946415919
238_a-white-plate-topped-with-fried-green-beans_FVD-463.0_PSNR-9.709_SSIM-0.232_LPIPS-0.583_FID-78.3_no-TTA,,,,0.9413076566764527,1.0,50.72150723687534,0.8562819836186427
239_a-man-in-a-suit-and-glasses-is-talking-to-another-man-in-a-business-suit_FVD-582.0_PSNR-10.175_SSIM-0.254_LPIPS-0.776_FID-84.1_no-TTA,,,,0.9921822979325277,1.0,49.16827175535005,0.9773117046730191
23_there-is-a-group-of-people-playing-musical-instruments-in-front-of-a-purple-curt_FVD-641.1_PSNR-8.881_SSIM-0.274_LPIPS-0.756_FID-76.1_no-TTA,,,,0.9874895404542693,0.0,54.15865378544248,0.9850327949897916
240_a-man-is-fishing-from-a-tunnel-under-a-bridge-over-a-river_FVD-681.9_PSNR-20.977_SSIM-0.781_LPIPS-0.097_FID-78.8_no-TTA,,,,0.991287181105081,1.0,74.96107167211072,0.9836734883925494
241_a-soccer-stadium-with-a-person-on-a-screen_FVD-449.4_PSNR-20.192_SSIM-0.869_LPIPS-0.106_FID-73.9_no-TTA,,,,0.9937226184210329,1.0,71.8220627883385,0.9891751999948539
242_a-group-of-people-are-standing-in-front-of-a-waterfall_FVD-681.9_PSNR-17.198_SSIM-0.527_LPIPS-0.675_FID-78.8_no-TTA,,,,0.9921778274277125,0.0,47.86834743105132,0.985132724163579
243_a-news-anchor-and-reporter-are-sitting-at-a-desk-in-front-of-a-cityscape-backdro_FVD-449.4_PSNR-24.195_SSIM-0.867_LPIPS-0.058_FID-73.9_no-TTA,,,,0.9954239112177992,0.0,75.34302494443696,0.9932323871874342
244_a-piece-of-butter-sitting-on-top-of-a-cloth_FVD-582.0_PSNR-12.021_SSIM-0.388_LPIPS-0.719_FID-84.1_no-TTA,,,,0.9812125554014341,1.0,54.80779582056506,0.972072836932014
245_there-is-a-computer-screen-displaying-a-programing-system-with-a-button-labeled_FVD-582.8_PSNR-12.799_SSIM-0.714_LPIPS-0.417_FID-83.4_no-TTA,,,,0.9903006909561367,0.0,40.627492838892444,0.9866580243204154
246_a-computer-screen-showing-an-image-of-a-tank_FVD-601.0_PSNR-24.602_SSIM-0.890_LPIPS-0.107_FID-84.8_no-TTA,,,,0.9943604365490853,0.0,75.24132827232624,0.9939067957448025
247_a-close-up-of-a-camera-with-a-lens-attached_FVD-498.6_PSNR-18.958_SSIM-0.775_LPIPS-0.270_FID-81.3_no-TTA,,,,0.9920927087448227,0.0,66.22774860776704,0.9878490457347795
248_a-man-is-standing-in-the-rain-and-shouting_FVD-627.6_PSNR-19.935_SSIM-0.702_LPIPS-0.109_FID-73.9_no-TTA,,,,0.9919839904444684,1.0,71.55661247516501,0.9504883149090935
249_a-red-car-is-driving-on-a-dirt-road-with-dust-flying-around-it_FVD-641.1_PSNR-11.769_SSIM-0.326_LPIPS-0.727_FID-76.1_no-TTA,,,,0.9893809722072591,1.0,43.35231202224205,0.9745934991275563
24_a-sheet-of-paper-with-a-list-of-words-on-it_FVD-463.0_PSNR-19.195_SSIM-0.860_LPIPS-0.129_FID-78.3_no-TTA,,,,0.9852352190208349,1.0,55.25722372120824,0.9713081958247166
250_mannequins-with-t-shirts-on-display-with-the-words-are-you-repping-the-shit_FVD-582.0_PSNR-15.401_SSIM-0.751_LPIPS-0.387_FID-84.1_no-TTA,,,,0.9799684838879462,1.0,68.19454824513403,0.9804134836383894
251_there-is-a-bright-light-shining-in-a-dark-background-and-the-light-is-moving-in_FVD-681.9_PSNR-18.153_SSIM-0.648_LPIPS-0.441_FID-78.8_no-TTA,,,,0.9839061562458852,0.0,30.091049917813006,0.9708793023053337
252_person-is-being-melted-in-a-frying-pan-on-a-stove_FVD-449.4_PSNR-10.202_SSIM-0.434_LPIPS-0.702_FID-73.9_no-TTA,,,,0.9730065878514869,0.0,57.54488780580718,0.9746230592914656
253_an-advertisement-for-the-us-spacewalk-on-iss_FVD-517.2_PSNR-25.576_SSIM-0.900_LPIPS-0.077_FID-81.0_no-TTA,,,,0.9950231163512413,0.0,76.9096214031351,0.9940755783342847
254_a-screen-shot-of-a-menu-in-a-video-game_FVD-582.0_PSNR-8.482_SSIM-0.300_LPIPS-0.803_FID-84.1_no-TTA,,,,0.987963096930813,0.0,59.067206547178074,0.9748111313464595
255_the-text-haywards-fitness-bodybuilding-is-written-on-a-black-background_FVD-517.2_PSNR-29.035_SSIM-0.899_LPIPS-0.016_FID-81.0_no-TTA,,,,0.992678255096109,0.0,64.71640461888806,0.9863948251686844
256_a-man-and-a-little-boy-sitting-in-a-chair_FVD-582.0_PSNR-18.143_SSIM-0.667_LPIPS-0.175_FID-84.1_no-TTA,,,,0.9913959005744392,0.0,74.34357557625606,0.9749458275589289
257_there-is-a-wooden-ladder-leaning-against-the-side-of-a-house_FVD-582.8_PSNR-11.149_SSIM-0.298_LPIPS-0.657_FID-83.4_no-TTA,,,,0.9896595746004064,0.0,62.95043919004243,0.9829607215582156
258_a-wooden-box-with-a-window-is-on-the-steps-of-a-house_FVD-601.0_PSNR-14.727_SSIM-0.536_LPIPS-0.327_FID-84.8_no-TTA,,,,0.9865516210156605,1.0,76.61126551134834,0.9671635160259172
259_a-young-girl-is-playing-with-stuffed-animals-in-her-bedroom_FVD-498.6_PSNR-16.352_SSIM-0.611_LPIPS-0.501_FID-81.3_no-TTA,,,,0.9849440442242602,1.0,45.602451719086744,0.9671659207811543
25_a-computer-screen-showing-various-items-in-a-minecraft-game_FVD-498.6_PSNR-15.876_SSIM-0.264_LPIPS-0.806_FID-81.3_no-TTA,,,,0.9768107080572613,1.0,49.19601420698495,0.9808168729146322
260_a-man-wearing-a-black-jacket-and-black-pants-is-standing-on-a-black-box-on-a-roa_FVD-641.1_PSNR-12.691_SSIM-0.724_LPIPS-0.534_FID-76.1_no-TTA,,,,0.9641094694087571,1.0,71.99088655669114,0.9439519732606177
261_a-close-up-of-the-engine-of-a-car_FVD-498.6_PSNR-18.728_SSIM-0.542_LPIPS-0.133_FID-81.3_no-TTA,,,,0.9915549077870999,0.0,72.92079636146282,0.9860508769166236
262_a-man-is-standing-in-front-of-a-kitchen-counter-holding-a-mug-of-coffee-and-talk_FVD-517.2_PSNR-10.505_SSIM-0.389_LPIPS-0.832_FID-81.0_no-TTA,,,,0.9953516144037743,0.0,49.50618513699236,0.9886665989370907
263_a-close-up-view-of-a-cars-suspension_FVD-582.8_PSNR-17.873_SSIM-0.717_LPIPS-0.348_FID-83.4_no-TTA,,,,0.9931127841427704,1.0,64.37144628064385,0.9863214006610945
264_a-couple-of-people-in-a-restaurant-looking-at-each-other_FVD-627.6_PSNR-28.935_SSIM-0.948_LPIPS-0.037_FID-73.9_no-TTA,,,,0.995152477156728,0.0,73.46255729938376,0.9955933098699532
265_a-man-is-cooking-food-in-a-pan-on-a-gas-stove_FVD-582.0_PSNR-16.312_SSIM-0.455_LPIPS-0.337_FID-84.1_no-TTA,,,,0.9875881693155361,1.0,76.83991899161504,0.9669872807521446
266_the-chef-is-preparing-a-dish-with-scallops-on-a-cooking-show_FVD-641.1_PSNR-13.756_SSIM-0.721_LPIPS-0.557_FID-76.1_no-TTA,,,,0.9930355831234738,1.0,58.22353303843531,0.9740178762697707
267_a-close-up-of-a-dish-with-vegetables-in-it_FVD-601.0_PSNR-24.339_SSIM-0.643_LPIPS-0.110_FID-84.8_no-TTA,,,,0.9945307272214441,0.0,56.82974861408102,0.9913984018213609
268_there-is-a-man-sitting-on-a-bench-by-the-lake-and-fishing_FVD-582.8_PSNR-14.712_SSIM-0.617_LPIPS-0.679_FID-83.4_no-TTA,,,,0.9931334060734337,0.0,76.9029277933055,0.9839256772808
269_a-man-is-sitting-on-a-stool-and-playing-a-musical-instrument_FVD-449.4_PSNR-7.927_SSIM-0.673_LPIPS-0.339_FID-73.9_no-TTA,,,,0.9445971986551032,1.0,63.68982354525862,0.9401348562801586
26_a-female-soccer-player-kicks-the-ball-during-a-game_FVD-517.2_PSNR-9.413_SSIM-0.374_LPIPS-0.625_FID-81.0_no-TTA,,,,0.9702436505785541,1.0,62.93825425772831,0.9660232955334234
270_the-sun-is-setting-over-a-body-of-water-and-there-are-buildings-in-the-distance_FVD-449.4_PSNR-21.518_SSIM-0.803_LPIPS-0.334_FID-73.9_no-TTA,,,,0.9868238443881826,1.0,62.940665541024046,0.975181115842333
271_a-city-skyline-with-skyscrapers-and-buildings-against-a-hazy-sky_FVD-582.8_PSNR-11.786_SSIM-0.196_LPIPS-0.645_FID-83.4_no-TTA,,,,0.9876057237798965,0.0,57.240026539769666,0.9773639884649539
272_a-man-and-two-women-are-sitting-at-a-desk-in-an-office_FVD-627.6_PSNR-15.199_SSIM-0.421_LPIPS-0.545_FID-73.9_no-TTA,,,,0.982069210596899,1.0,71.70906461518386,0.9786774261325013
273_person-logo-with-mountains-in-the-background_FVD-449.4_PSNR-30.110_SSIM-0.884_LPIPS-0.051_FID-73.9_no-TTA,,,,0.9948157338857018,0.0,66.51095778366616,0.9828664630067114
274_a-plate-of-nachos-with-cheese-and-sour-cream_FVD-463.0_PSNR-26.342_SSIM-0.807_LPIPS-0.122_FID-78.3_no-TTA,,,,0.9920842865391348,0.0,76.201605698158,0.9878813042360194
275_there-are-various-ingredients-on-a-wooden-cutting-board-including-meat-herbs-and_FVD-582.0_PSNR-29.504_SSIM-0.844_LPIPS-0.134_FID-84.1_no-TTA,,,,0.9949843531162466,0.0,66.85990497983735,0.9952524348801257
276_an-older-man-with-a-beard-and-sweater-stands-in-a-room-with-machines_FVD-449.4_PSNR-20.077_SSIM-0.694_LPIPS-0.190_FID-73.9_no-TTA,,,,0.9927320229641002,0.0,49.608376733187974,0.9861137511683445
277_a-close-up-of-a-metal-railing-in-a-building_FVD-498.6_PSNR-9.732_SSIM-0.653_LPIPS-0.582_FID-81.3_no-TTA,,,,0.9870541416686868,0.0,66.99456852880017,0.9845063508725633
278_there-is-a-basketball-game-being-played-in-a-stadium-and-the-players-are-wearing_FVD-627.6_PSNR-18.262_SSIM-0.598_LPIPS-0.489_FID-73.9_no-TTA,,,,0.9921555887646192,1.0,66.44119841476967,0.9836577639860266
279_an-image-of-a-tiger-with-the-words-tigerfitness-com_FVD-601.0_PSNR-8.115_SSIM-0.284_LPIPS-0.589_FID-84.8_no-TTA,,,,0.9775853653427183,1.0,74.3865993105132,0.9616795483757468
27_two-men-are-standing-in-a-field-one-of-them-is-holding-a-pineapple-and-the-other_FVD-681.9_PSNR-13.841_SSIM-0.534_LPIPS-0.362_FID-78.8_no-TTA,,,,0.9853934715245607,1.0,70.98949327140019,0.9528858072617474
280_a-breaking-news-banner-is-being-displayed-on-a-tv-screen_FVD-498.6_PSNR-16.467_SSIM-0.667_LPIPS-0.336_FID-81.3_no-TTA,,,,0.9724459150981439,1.0,61.58422509555159,0.9714479596007104
281_a-person-holding-a-gun-in-a-video-game_FVD-498.6_PSNR-21.954_SSIM-0.823_LPIPS-0.191_FID-81.3_no-TTA,,,,0.9911656039953375,1.0,59.963298008359715,0.9876714743819891
282_a-view-of-an-office-building-through-a-glass-door_FVD-601.0_PSNR-25.851_SSIM-0.878_LPIPS-0.116_FID-84.8_no-TTA,,,,0.9955735624244355,0.0,74.77344328781655,0.9937962924732882
283_a-person-holding-an-iphone-in-their-hand_FVD-517.2_PSNR-23.195_SSIM-0.814_LPIPS-0.332_FID-81.0_no-TTA,,,,0.9935815070218792,0.0,54.900717505093276,0.9906938842698639
284_a-colorful-background-with-text-on-a-geometric-background_FVD-582.8_PSNR-32.124_SSIM-0.966_LPIPS-0.096_FID-83.4_no-TTA,,,,0.9949997697062265,0.0,49.10452046887628,0.9925238165200926
285_a-close-up-of-two-packages-of-food-on-a-table_FVD-627.6_PSNR-16.456_SSIM-0.628_LPIPS-0.354_FID-73.9_no-TTA,,,,0.9904900892314725,1.0,62.916828944765285,0.9723756584466673
286_a-person-in-a-blue-glove-is-working-on-a-pipe_FVD-582.0_PSNR-19.106_SSIM-0.703_LPIPS-0.230_FID-84.1_no-TTA,,,,0.9937358216189788,1.0,59.662309054670665,0.9892936603695739
287_an-essay-with-the-words-thesis-statement_FVD-582.8_PSNR-8.303_SSIM-0.312_LPIPS-0.602_FID-83.4_no-TTA,,,,0.973174079694645,1.0,69.50338245260305,0.967700917113061
288_a-pink-and-white-house-with-a-porch-and-stairs_FVD-681.9_PSNR-14.202_SSIM-0.661_LPIPS-0.345_FID-78.8_no-TTA,,,,0.9936425110241747,1.0,72.60705382248452,0.9848537052378935
289_there-is-a-man-wearing-a-black-shirt-and-a-baseball-cap-in-a-garage_FVD-582.0_PSNR-11.086_SSIM-0.494_LPIPS-0.628_FID-84.1_no-TTA,,,,0.9897369834686011,0.0,73.48368809140962,0.9895374802982106
28_a-pink-sculpture-of-a-cat-on-a-television-screen_FVD-463.0_PSNR-8.646_SSIM-0.349_LPIPS-0.677_FID-78.3_no-TTA,,,,0.9734596729650729,1.0,72.40956036797886,0.9731167120092056
290_a-shelf-filled-with-chainsaws-and-other-tools_FVD-498.6_PSNR-22.270_SSIM-0.614_LPIPS-0.184_FID-81.3_no-TTA,,,,0.9885298122654511,0.0,52.70403579185749,0.9836976724512437
291_a-person-is-fixing-something-in-a-metal-tray_FVD-463.0_PSNR-18.271_SSIM-0.585_LPIPS-0.253_FID-78.3_no-TTA,,,,0.9906946614115731,0.0,78.45014690530711,0.9865329293643728
292_a-hunter-is-aiming-and-shooting-at-a-target-from-a-tree-stand_FVD-498.6_PSNR-22.372_SSIM-0.565_LPIPS-0.151_FID-81.3_no-TTA,,,,0.9912247593348237,1.0,71.92675149851831,0.9852131993162866
293_three-men-standing-next-to-each-other-on-a-track_FVD-601.0_PSNR-14.363_SSIM-0.432_LPIPS-0.339_FID-84.8_no-TTA,,,,0.9899715822159526,0.0,77.08677331332503,0.9774650293238023
294_a-bottle-of-olive-oil-with-other-ingredients-in-the-background_FVD-498.6_PSNR-11.013_SSIM-0.448_LPIPS-0.484_FID-81.3_no-TTA,,,,0.9771604183874404,1.0,79.14211641508957,0.9678854400036382
295_a-close-up-of-a-piece-of-paper-with-numbers-on-it_FVD-681.9_PSNR-8.181_SSIM-0.539_LPIPS-0.482_FID-78.8_no-TTA,,,,0.9653722220725898,1.0,61.577384291024046,0.9414799708946079
296_a-person-is-putting-a-light-on-a-lamp-on-a-table_FVD-498.6_PSNR-18.230_SSIM-0.769_LPIPS-0.262_FID-81.3_no-TTA,,,,0.9870884603507535,1.0,28.471255532626447,0.9170473734537761
297_there-is-a-red-antique-car-with-headlights-on-display_FVD-517.2_PSNR-12.591_SSIM-0.382_LPIPS-0.549_FID-81.0_no-TTA,,,,0.993789730001242,1.0,72.15622974264211,0.9792651288649615
298_a-person-in-white-gloves-is-working-on-a-plant_FVD-498.6_PSNR-16.798_SSIM-0.714_LPIPS-0.283_FID-81.3_no-TTA,,,,0.9829510524495588,1.0,71.91915130615234,0.9651329564113243
299_a-computer-screen-with-a-video-game-on-it_FVD-498.6_PSNR-23.454_SSIM-0.839_LPIPS-0.098_FID-81.3_no-TTA,,,,0.9928477316741334,0.0,62.06553452590416,0.9914703621583827
29_a-person-is-cooking-food-in-a-pot-of-water_FVD-498.6_PSNR-23.644_SSIM-0.905_LPIPS-0.063_FID-81.3_no-TTA,,,,0.9950415269940776,0.0,78.09248851907664,0.9931132947697359
2_the-room-has-a-white-wall-and-a-bookshelf_FVD-582.0_PSNR-12.075_SSIM-0.190_LPIPS-0.750_FID-84.1_no-TTA,,,,0.9870382539701243,0.0,50.87195593735267,0.9790329783570533
300_a-person-holding-a-makeup-palette-with-a-heart-on-it_FVD-463.0_PSNR-10.509_SSIM-0.277_LPIPS-0.704_FID-78.3_no-TTA,,,,0.9735428532056519,0.0,71.84253113845298,0.9656592686971028
301_a-cartoon-drawing-of-a-baby-in-a-blue-shirt_FVD-517.2_PSNR-21.349_SSIM-0.827_LPIPS-0.134_FID-81.0_no-TTA,,,,0.9869307098173137,1.0,71.82699611269194,0.9859143752677768
302_the-screen-of-a-smartphone-in-hindi_FVD-463.0_PSNR-33.836_SSIM-0.969_LPIPS-0.054_FID-78.3_no-TTA,,,,0.9957746799641332,0.0,75.21864739779768,0.9980089416690902
303_the-person-is-playing-a-video-game-in-which-they-use-a-gun-to-shoot-at-people-in_FVD-517.2_PSNR-10.149_SSIM-0.396_LPIPS-0.702_FID-81.0_no-TTA,,,,0.9885118556637399,1.0,71.24418482287177,0.9798648665933049
304_there-is-a-black-jeep-parked-in-a-white-room-with-a-door_FVD-582.8_PSNR-7.766_SSIM-0.202_LPIPS-0.863_FID-83.4_no-TTA,,,,0.9882044529884604,0.0,54.72987411762106,0.9766658408969057
305_an-advertisement-for-a-watch-repair-shop-with-pictures-of-different-types-of-wat_FVD-582.0_PSNR-22.957_SSIM-0.869_LPIPS-0.129_FID-84.1_no-TTA,,,,0.9933291370768393,0.0,65.90222286355906,0.9870101302277808
306_penguins-are-standing-on-the-beach-and-some-of-them-are-preening-their-feathers_FVD-498.6_PSNR-23.882_SSIM-0.864_LPIPS-0.107_FID-81.3_no-TTA,,,,0.991934753401895,0.0,68.66755492111733,0.9899396774815578
307_an-orangutan-holding-a-pink-object-in-its-mouth_FVD-498.6_PSNR-9.112_SSIM-0.244_LPIPS-0.649_FID-81.3_no-TTA,,,,0.974566600678733,0.0,68.93322438207166,0.968416243908452
308_a-man-is-walking-in-a-garden-and-examining-a-lemon-tree_FVD-449.4_PSNR-22.131_SSIM-0.552_LPIPS-0.167_FID-73.9_no-TTA,,,,0.9931029888250705,0.0,63.215953169197874,0.9839627116334204
309_person-tremblay-is-sitting-at-a-desk-with-his-hands-covering-his-face-he-is-wear_FVD-641.1_PSNR-22.366_SSIM-0.724_LPIPS-0.125_FID-76.1_no-TTA,,,,0.9921222656062959,1.0,69.65807355683425,0.9759215728909362
30_a-close-up-of-the-dashboard-of-a-car_FVD-641.1_PSNR-18.536_SSIM-0.756_LPIPS-0.158_FID-76.1_no-TTA,,,,0.9932756009054263,1.0,67.61555099487305,0.9833388926936131
310_the-us-pipe-logo-on-a-white-background_FVD-582.0_PSNR-22.378_SSIM-0.952_LPIPS-0.037_FID-84.1_no-TTA,,,,0.9942892680576504,1.0,65.91738733752021,0.9923460558349011
311_a-computer-screen-showing-a-list-of-items_FVD-463.0_PSNR-6.581_SSIM-0.285_LPIPS-0.821_FID-78.3_no-TTA,,,,0.9791401534238161,1.0,70.46248271547515,0.9726660597558116
312_a-man-is-standing-next-to-an-armored-vehicle-in-a-workshop_FVD-498.6_PSNR-12.700_SSIM-0.552_LPIPS-0.388_FID-81.3_no-TTA,,,,0.9810438022030393,1.0,75.65989869216392,0.9738038642733705
313_a-man-is-sitting-in-a-car-holding-a-plate-of-food-for-lunch_FVD-449.4_PSNR-16.461_SSIM-0.631_LPIPS-0.367_FID-73.9_no-TTA,,,,0.9866844418389685,1.0,78.50616481386382,0.9755699886995204
314_a-green-ford-mustang-parked-in-front-of-a-building_FVD-582.0_PSNR-23.470_SSIM-0.862_LPIPS-0.045_FID-84.1_no-TTA,,,,0.9890477782659538,0.0,75.48257367364292,0.98756978745554
315_a-man-in-a-red-hat-and-a-blue-shirt-working-on-a-bale-of-hay_FVD-449.4_PSNR-14.270_SSIM-0.520_LPIPS-0.318_FID-73.9_no-TTA,,,,0.9823840843762719,1.0,50.70089616446659,0.9258659886378868
316_a-man-with-dreadlocks-is-sitting-on-a-couch-and-talking-to-the-camera_FVD-463.0_PSNR-28.633_SSIM-0.913_LPIPS-0.041_FID-78.3_no-TTA,,,,0.9952205454497504,0.0,70.09523089178677,0.9952650205761778
317_there-is-a-branch-of-a-tree-with-no-leaves-in-the-foreground-and-the-background_FVD-601.0_PSNR-15.836_SSIM-0.361_LPIPS-0.319_FID-84.8_no-TTA,,,,0.97761983435869,1.0,75.97374304409685,0.9501238916434493
318_a-piece-of-food-sitting-on-a-table-next-to-a-container_FVD-641.1_PSNR-13.968_SSIM-0.763_LPIPS-0.229_FID-76.1_no-TTA,,,,0.9836337629001921,1.0,75.011339384934,0.9840958950566311
319_an-illustration-of-a-purple-octopus-sitting-in-a-chair_FVD-498.6_PSNR-30.996_SSIM-0.944_LPIPS-0.025_FID-81.3_no-TTA,,,,0.9965332113080274,0.0,72.29348307642444,0.9970361242107316
31_a-view-of-a-train-track-next-to-a-fence_FVD-582.0_PSNR-16.024_SSIM-0.534_LPIPS-0.383_FID-84.1_no-TTA,,,,0.9872870135634382,1.0,60.4298965191019,0.9698607856152104
320_the-person-is-wearing-camouflage-gear-and-holding-a-rifle-with-trees-and-bushes_FVD-582.8_PSNR-13.226_SSIM-0.436_LPIPS-0.442_FID-83.4_no-TTA,,,,0.9741258165258625,1.0,59.81967465630893,0.9487326042324888
321_a-picture-of-a-spoon-of-dark-chocolate-with-the-words-benefits-of-dark-chocolate_FVD-498.6_PSNR-7.995_SSIM-0.642_LPIPS-0.474_FID-81.3_no-TTA,,,,0.9915471383532045,1.0,73.06674746809334,0.9853928145240335
322_a-view-of-an-airplane-cockpit-at-night_FVD-517.2_PSNR-10.544_SSIM-0.285_LPIPS-0.711_FID-81.0_no-TTA,,,,0.9871146956044704,1.0,61.550624978953394,0.9768285152958889
323_there-is-a-measuring-cup-filled-with-brown-liquid-on-a-white-countertop_FVD-582.0_PSNR-37.599_SSIM-0.969_LPIPS-0.007_FID-84.1_no-TTA,,,,0.9968418110433276,0.0,68.11991566625134,0.9980695032605937
324_a-man-is-standing-in-front-of-a-blue-car-with-the-word-honda-on-the-license-plat_FVD-582.8_PSNR-13.017_SSIM-0.582_LPIPS-0.264_FID-83.4_no-TTA,,,,0.9845204577557519,1.0,57.84158969747609,0.9776421995723948
325_an-aerial-view-of-a-lake-surrounded-by-mountains_FVD-601.0_PSNR-23.616_SSIM-0.927_LPIPS-0.046_FID-84.8_no-TTA,,,,0.9950155898363618,1.0,77.25048012569033,0.986693582347795
326_there-is-a-bowl-of-red-berries-on-a-kitchen-counter-and-a-person-is-pouring-wate_FVD-463.0_PSNR-17.832_SSIM-0.821_LPIPS-0.263_FID-78.3_no-TTA,,,,0.9905140458627362,1.0,71.56612291007207,0.9857787571701349
327_a-person-holding-a-hose-with-water-coming-out-of-it_FVD-641.1_PSNR-9.006_SSIM-0.416_LPIPS-0.621_FID-76.1_no-TTA,,,,0.9625798782720888,1.0,59.62736392843312,0.9293486127666398
328_there-is-a-person-standing-in-front-of-a-counter-with-various-fruits-and-vegetab_FVD-498.6_PSNR-19.119_SSIM-0.703_LPIPS-0.338_FID-81.3_no-TTA,,,,0.9868280081463675,1.0,54.10560173823916,0.9509085860906863
329_a-small-white-car-driving-down-a-curvy-road_FVD-627.6_PSNR-20.520_SSIM-0.897_LPIPS-0.155_FID-73.9_no-TTA,,,,0.9941365718295865,1.0,55.1943008159769,0.9825877825419108
32_a-close-up-of-a-black-device-on-a-table_FVD-681.9_PSNR-20.703_SSIM-0.829_LPIPS-0.131_FID-78.8_no-TTA,,,,0.9915754476536874,1.0,75.06773534314385,0.9858795848547244
330_a-man-is-sitting-in-a-hangar-next-to-an-old-airplane_FVD-449.4_PSNR-21.609_SSIM-0.829_LPIPS-0.066_FID-73.9_no-TTA,,,,0.9925919395869993,0.0,71.07891872011382,0.979511578877767
331_a-person-stirs-onions-in-a-wok-on-a-stove_FVD-498.6_PSNR-6.564_SSIM-0.477_LPIPS-0.687_FID-81.3_no-TTA,,,,0.924870788593215,1.0,73.85895485713564,0.9190423254873238
332_a-little-girl-is-playing-with-toys-in-her-room_FVD-582.0_PSNR-20.271_SSIM-0.770_LPIPS-0.214_FID-84.1_no-TTA,,,,0.9927135484936496,1.0,74.63325645183694,0.9826148556727989
333_a-person-is-using-a-smartphone-to-interact-with-an-interactive-display_FVD-463.0_PSNR-13.087_SSIM-0.445_LPIPS-0.346_FID-78.3_no-TTA,,,,0.9838116605149004,1.0,72.71751535349878,0.9578748291614009
334_the-menu-screen-of-a-video-game_FVD-463.0_PSNR-6.710_SSIM-0.168_LPIPS-0.939_FID-78.3_no-TTA,,,,0.9794836095829892,0.0,57.440820628199084,0.9834469608232087
335_a-pink-background-with-streaks-of-light_FVD-582.8_PSNR-35.271_SSIM-0.925_LPIPS-0.294_FID-83.4_no-TTA,,,,0.9964588268867911,0.0,37.31977600886904,0.9966191081439748
336_the-inside-of-a-recreational-vehicle-is-spacious-and-well-lit-with-comfortable-s_FVD-627.6_PSNR-16.120_SSIM-0.505_LPIPS-0.287_FID-73.9_no-TTA,,,,0.9909763672763443,0.0,75.05587873787715,0.9813925481310077
337_the-motorcycle-is-placed-on-a-black-background-and-rotates-slowly-to-reveal-its_FVD-681.9_PSNR-14.393_SSIM-0.633_LPIPS-0.407_FID-78.8_no-TTA,,,,0.9857462675575038,1.0,58.54177974832469,0.9574445500093348
338_a-dragon-ball-z-character-with-blond-hair_FVD-627.6_PSNR-24.240_SSIM-0.705_LPIPS-0.246_FID-73.9_no-TTA,,,,0.9892373958464262,0.0,76.80016169054755,0.9888934490727443
339_a-cemetery-with-graves-and-a-church-in-the-background_FVD-449.4_PSNR-9.156_SSIM-0.436_LPIPS-0.665_FID-73.9_no-TTA,,,,0.9751595620219242,1.0,76.73492484257139,0.9766105446161009
33_a-herd-of-elephants-is-standing-next-to-a-baby-elephant-at-a-watering-hole_FVD-582.0_PSNR-11.897_SSIM-0.359_LPIPS-0.765_FID-84.1_no-TTA,,,,0.9634834958622872,1.0,64.50889784714272,0.9660065520043467
340_a-computer-screen-showing-a-video-of-a-man-in-a-blue-shirt_FVD-582.8_PSNR-9.813_SSIM-0.478_LPIPS-0.542_FID-83.4_no-TTA,,,,0.9824824261301742,0.0,74.37850767990639,0.9790460062961952
341_a-man-is-putting-food-in-a-pan-on-a-stove_FVD-582.8_PSNR-12.509_SSIM-0.396_LPIPS-0.635_FID-83.4_no-TTA,,,,0.9855566291687615,1.0,54.85899642418171,0.9788005922354904
342_a-3d-rendering-of-three-people-standing-in-front-of-a-building_FVD-463.0_PSNR-18.655_SSIM-0.730_LPIPS-0.373_FID-78.3_no-TTA,,,,0.9871351428859472,1.0,40.34330026034651,0.9746136927137188
343_a-woman-is-using-a-shower-gel-in-the-bathroom_FVD-449.4_PSNR-16.610_SSIM-0.819_LPIPS-0.190_FID-73.9_no-TTA,,,,0.989243264713738,1.0,77.40741387728987,0.9768161044401281
344_a-man-in-a-chefs-uniform-standing-in-a-kitchen_FVD-641.1_PSNR-22.398_SSIM-0.889_LPIPS-0.098_FID-76.1_no-TTA,,,,0.9950495697410909,1.0,66.7023020777209,0.9915534954445034
345_two-men-standing-next-to-each-other-in-a-garage_FVD-449.4_PSNR-17.111_SSIM-0.723_LPIPS-0.344_FID-73.9_no-TTA,,,,0.9904011930292951,1.0,67.61097704131028,0.9686377226137648
346_a-person-is-preparing-food-in-a-pot-on-a-stove_FVD-498.6_PSNR-17.466_SSIM-0.758_LPIPS-0.231_FID-81.3_no-TTA,,,,0.987910530798858,1.0,64.05944074433425,0.984001797320796
347_a-soldier-is-standing-guard-in-front-of-a-pile-of-garbage-in-a-city-street_FVD-601.0_PSNR-21.185_SSIM-0.798_LPIPS-0.154_FID-84.8_no-TTA,,,,0.9927765858613745,0.0,63.834357426084324,0.9847684691934024
348_a-red-car-is-driving-on-a-road-surrounded-by-trees-and-bushes_FVD-601.0_PSNR-20.247_SSIM-0.588_LPIPS-0.436_FID-84.8_no-TTA,,,,0.9856257895452518,1.0,44.43849839835331,0.9697737899481081
349_a-page-with-a-description-of-a-video-in-spanish_FVD-582.8_PSNR-7.546_SSIM-0.310_LPIPS-0.745_FID-83.4_no-TTA,,,,0.9802367429343533,0.0,76.52423832334321,0.9798425824034448
34_a-poster-that-says-u-s-high-school-stats_FVD-449.4_PSNR-38.605_SSIM-0.970_LPIPS-0.002_FID-73.9_no-TTA,,,,0.9988724143503556,0.0,47.28818893432617,0.9990324778884065
350_a-black-audi-sedan-parked-in-a-parking-lot_FVD-463.0_PSNR-18.792_SSIM-0.781_LPIPS-0.183_FID-78.3_no-TTA,,,,0.9921425424470002,1.0,56.87075022993417,0.9855823526195452
351_a-black-and-white-photo-of-men-standing-in-a-room-next-to-a-medical-instrument-w_FVD-498.6_PSNR-10.506_SSIM-0.641_LPIPS-0.362_FID-81.3_no-TTA,,,,0.9761863276293423,1.0,76.28563058787378,0.9511224447512159
352_a-news-anchor-and-reporter-are-sitting-at-a-news-desk-in-a-television-studio_FVD-641.1_PSNR-23.841_SSIM-0.887_LPIPS-0.050_FID-76.1_no-TTA,,,,0.9945781263560445,0.0,75.81644702779836,0.9931212112015368
353_a-man-and-woman-are-sitting-at-a-table-in-a-restaurant-eating-a-meal-with-spoons_FVD-582.8_PSNR-13.274_SSIM-0.522_LPIPS-0.456_FID-83.4_no-TTA,,,,0.9868021479091102,1.0,43.4609594673946,0.9561391419055415
354_the-host-is-sitting-on-a-news-desk-in-front-of-a-green-screen-with-a-soccer-stad_FVD-627.6_PSNR-28.176_SSIM-0.929_LPIPS-0.023_FID-73.9_no-TTA,,,,0.994827420885555,0.0,75.95745507602034,0.9916771355797263
355_a-group-of-musicians-are-performing-on-stage-and-playing-their-instruments_FVD-582.0_PSNR-14.058_SSIM-0.640_LPIPS-0.492_FID-84.1_no-TTA,,,,0.9885017299855305,1.0,59.992987139471644,0.9801075243482402
356_two-women-are-entering-a-house-and-one-of-them-is-pointing-at-the-door_FVD-582.8_PSNR-6.847_SSIM-0.410_LPIPS-0.768_FID-83.4_no-TTA,,,,0.9650778320476161,1.0,72.54326142935918,0.9567455890131932
357_a-silhouette-of-two-people-standing-under-a-starry-sky_FVD-582.0_PSNR-29.905_SSIM-0.959_LPIPS-0.032_FID-84.1_no-TTA,,,,0.9954445757002054,0.0,71.9778797544282,0.9959655448502185
358_a-computer-displays-a-view-of-a-planet-in-space_FVD-601.0_PSNR-18.746_SSIM-0.856_LPIPS-0.278_FID-84.8_no-TTA,,,,0.9934097382609561,1.0,51.51002975990032,0.9873883555917179
359_a-person-is-opening-the-door-of-a-black-car-and-getting-into-the-car-at-night_FVD-498.6_PSNR-20.041_SSIM-0.679_LPIPS-0.272_FID-81.3_no-TTA,,,,0.9936207048925338,0.0,63.856821389033875,0.9876286749746285
35_two-cars-on-a-road-with-the-words-this-vs-that_FVD-681.9_PSNR-11.401_SSIM-0.351_LPIPS-0.701_FID-78.8_no-TTA,,,,0.9546452016971319,1.0,58.788579875025256,0.9558882171032476
360_the-water-in-the-bathtub-is-cloudy-and-there-is-a-white-cloud-floating-in-it_FVD-627.6_PSNR-15.612_SSIM-0.667_LPIPS-0.396_FID-73.9_no-TTA,,,,0.9850857534520218,1.0,46.70809528745454,0.9571801540898341
361_a-person-putting-something-on-a-piece-of-cloth_FVD-582.0_PSNR-11.814_SSIM-0.367_LPIPS-0.608_FID-84.1_no-TTA,,,,0.9714122112186221,1.0,62.61726168928475,0.9703588429619284
362_a-plate-with-a-green-plant-and-peppers-on-it_FVD-582.0_PSNR-18.493_SSIM-0.463_LPIPS-0.237_FID-84.1_no-TTA,,,,0.9878097460605503,1.0,80.15179417051118,0.9712687006183699
363_a-computer-screen-showing-the-settings-for-windows-7_FVD-498.6_PSNR-20.168_SSIM-0.900_LPIPS-0.157_FID-81.3_no-TTA,,,,0.9938072444856683,0.0,62.20620859080348,0.9942643712548649
364_a-red-and-white-christmas-card-with-different-logos-on-it_FVD-517.2_PSNR-26.623_SSIM-0.908_LPIPS-0.029_FID-81.0_no-TTA,,,,0.9937309821765244,0.0,71.11271246548357,0.9909835123548321
365_a-bmw-car-driving-down-a-road-with-a-grassy-field-in-the-background_FVD-641.1_PSNR-23.573_SSIM-0.838_LPIPS-0.268_FID-76.1_no-TTA,,,,0.9936345695129013,0.0,56.75480862321525,0.9911413922029383
366_a-football-player-talks-to-the-media-during-a-press-conference_FVD-449.4_PSNR-22.140_SSIM-0.835_LPIPS-0.159_FID-73.9_no-TTA,,,,0.9934108948734408,0.0,75.30585164037244,0.9909843295228248
367_a-man-is-riding-a-surfboard-on-a-water-slide_FVD-627.6_PSNR-9.970_SSIM-0.308_LPIPS-0.690_FID-73.9_no-TTA,,,,0.9748318811031357,1.0,73.2123918204472,0.92995226242963
368_there-are-several-semi-trucks-parked-on-a-snowy-road-at-night_FVD-627.6_PSNR-17.672_SSIM-0.732_LPIPS-0.380_FID-73.9_no-TTA,,,,0.9892182576155462,1.0,37.739101541453394,0.9646217196595435
369_a-computer-screen-with-a-blue-background-and-a-daisy_FVD-582.8_PSNR-4.078_SSIM-0.218_LPIPS-0.669_FID-83.4_no-TTA,,,,0.982746239922251,1.0,68.68791251346983,0.9729505389344458
36_a-sign-made-of-wood-with-a-map-on-it_FVD-517.2_PSNR-21.391_SSIM-0.834_LPIPS-0.078_FID-81.0_no-TTA,,,,0.9934714654090803,0.0,75.77540851461477,0.9885881480048685
370_two-baked-potatoes-with-the-words-colorful-cooking-techniques_FVD-463.0_PSNR-27.325_SSIM-0.942_LPIPS-0.039_FID-78.3_no-TTA,,,,0.9984670479770433,0.0,59.65536275403253,0.9985594924758462
371_a-woman-is-cutting-garlic-on-a-wooden-cutting-board-with-a-knife_FVD-641.1_PSNR-15.831_SSIM-0.575_LPIPS-0.595_FID-76.1_no-TTA,,,,0.971483778340396,1.0,32.799752005215346,0.9517636691822725
372_a-comic-book-cover-with-a-man-pointing-a-gun-at-another-man_FVD-449.4_PSNR-5.814_SSIM-0.524_LPIPS-0.576_FID-73.9_no-TTA,,,,0.9787711608414733,0.0,61.665340423583984,0.9827372270471909
373_there-is-a-man-in-a-brown-robe-standing-in-front-of-a-white-wall-with-his-head-t_FVD-601.0_PSNR-25.673_SSIM-0.838_LPIPS-0.135_FID-84.8_no-TTA,,,,0.9947310692439368,1.0,61.236478345147496,0.9815166940876082
374_a-man-is-playing-golf-on-a-green-grass-field-with-an-ocean-in-the-background_FVD-517.2_PSNR-26.482_SSIM-0.862_LPIPS-0.073_FID-81.0_no-TTA,,,,0.9944012036906109,0.0,60.056772297826306,0.9932705636117972
375_a-cartoon-spongebob-squarepants-character-with-a-hat_FVD-627.6_PSNR-12.425_SSIM-0.681_LPIPS-0.370_FID-73.9_no-TTA,,,,0.9697403153635921,1.0,77.79682711897225,0.974923646216299
376_two-men-are-working-on-a-tire-in-a-workshop_FVD-601.0_PSNR-6.565_SSIM-0.525_LPIPS-0.561_FID-84.8_no-TTA,,,,0.9853432564933025,0.0,70.3293483339507,0.9799519968967811
377_a-logo-for-a-restaurant-with-a-fork-and-spoon_FVD-641.1_PSNR-27.712_SSIM-0.934_LPIPS-0.019_FID-76.1_no-TTA,,,,0.9949754158474287,0.0,77.65289596031452,0.9893168383953618
378_a-planet-with-flames-coming-out-of-it_FVD-681.9_PSNR-13.000_SSIM-0.740_LPIPS-0.275_FID-78.8_no-TTA,,,,0.968222194493449,1.0,67.34481969372979,0.9690485505496754
379_the-player-is-holding-a-gun-and-looking-down-a-street-with-buildings-on-either-s_FVD-681.9_PSNR-18.633_SSIM-0.588_LPIPS-0.241_FID-78.8_no-TTA,,,,0.9870854768189327,1.0,66.61011912904937,0.9557521221684474
37_a-tv-news-report-with-a-picture-of-a-deer_FVD-517.2_PSNR-13.673_SSIM-0.570_LPIPS-0.339_FID-81.0_no-TTA,,,,0.9772896760867809,1.0,75.00661126498518,0.9639759400311638
380_a-news-report-about-a-pool-health-and-safety-violations_FVD-641.1_PSNR-26.192_SSIM-0.820_LPIPS-0.048_FID-76.1_no-TTA,,,,0.9950496438559397,0.0,69.96287641854121,0.9933769665512384
381_the-logo-for-gold-solace_FVD-582.0_PSNR-18.851_SSIM-0.915_LPIPS-0.094_FID-84.1_no-TTA,,,,0.9901581638932282,1.0,64.44198437394768,0.9827069488226199
382_it-is-a-small-metal-screw-with-a-spring-on-the-end-sitting-on-top-of-a-wooden-su_FVD-641.1_PSNR-39.746_SSIM-0.968_LPIPS-0.017_FID-76.1_no-TTA,,,,0.996390244232041,0.0,74.1891571571087,0.9975844647370132
383_there-is-a-grill-on-a-balcony-with-mountains-in-the-background_FVD-582.8_PSNR-20.734_SSIM-0.813_LPIPS-0.173_FID-83.4_no-TTA,,,,0.9935409241153726,1.0,68.24123264181203,0.9839344398648131
384_a-person-is-riding-a-green-motorcycle-in-a-parking-lot_FVD-601.0_PSNR-12.206_SSIM-0.603_LPIPS-0.567_FID-84.8_no-TTA,,,,0.9680805713043764,1.0,56.30582112279431,0.9569209491505343
385_a-close-up-of-a-plate-of-food-with-the-word-pot-roast-on-it_FVD-449.4_PSNR-15.744_SSIM-0.583_LPIPS-0.460_FID-73.9_no-TTA,,,,0.987093244148621,1.0,77.88007486277613,0.9610405342251647
386_the-person-is-wearing-a-black-hat-with-a-white-logo-on-it-and-they-are-standing_FVD-601.0_PSNR-23.643_SSIM-0.745_LPIPS-0.061_FID-84.8_no-TTA,,,,0.9913174138846244,0.0,73.48579959211678,0.9895415932524438
387_a-large-red-truck-is-driving-down-a-dirt-road_FVD-449.4_PSNR-23.142_SSIM-0.775_LPIPS-0.129_FID-73.9_no-TTA,,,,0.9854405697575505,1.0,42.223308365920495,0.9588899500229779
388_a-video-game-character-with-a-mask-on_FVD-582.0_PSNR-20.972_SSIM-0.875_LPIPS-0.090_FID-84.1_no-TTA,,,,0.995385357234507,0.0,38.28254028846477,0.9928757349650065
389_there-is-a-blue-and-white-logo-with-the-words-switch-traps-on-a-white-background_FVD-449.4_PSNR-40.763_SSIM-0.992_LPIPS-0.004_FID-73.9_no-TTA,,,,0.9962030853006267,0.0,67.91251294366245,0.9984749180429122
38_a-maroon-dodge-ram-truck-driving-down-the-road_FVD-582.8_PSNR-17.487_SSIM-0.696_LPIPS-0.339_FID-83.4_no-TTA,,,,0.9939602916487107,0.0,56.755087622280776,0.9917030624314851
390_a-white-cat-sniffing-leaves-on-the-floor-next-to-a-pair-of-scissors_FVD-627.6_PSNR-26.505_SSIM-0.821_LPIPS-0.202_FID-73.9_no-TTA,,,,0.9939174315225556,0.0,60.73234952729324,0.9891079771752451
391_a-view-of-a-garden-with-mulch-and-plants_FVD-681.9_PSNR-16.814_SSIM-0.736_LPIPS-0.190_FID-78.8_no-TTA,,,,0.991692013009798,1.0,71.33899425638133,0.9839204358119591
392_a-wooden-table-with-a-variety-of-ingredients-on-it_FVD-681.9_PSNR-17.772_SSIM-0.492_LPIPS-0.172_FID-78.8_no-TTA,,,,0.971572187301737,1.0,67.62084040148505,0.9647452560125612
393_a-man-is-holding-a-fish-in-his-hand-and-showing-it-to-the-camera_FVD-627.6_PSNR-20.733_SSIM-0.722_LPIPS-0.243_FID-73.9_no-TTA,,,,0.9915995836101535,1.0,74.41848491800242,0.9797916431053012
394_a-chef-is-standing-in-front-of-a-kitchen-counter-and-talking-to-the-camera_FVD-463.0_PSNR-12.167_SSIM-0.543_LPIPS-0.649_FID-78.3_no-TTA,,,,0.9839462409229183,1.0,56.92799351133149,0.9779461823257746
395_a-video-game-screen-showing-a-girl-with-red-hair_FVD-582.8_PSNR-14.464_SSIM-0.682_LPIPS-0.229_FID-83.4_no-TTA,,,,0.9866582748550808,1.0,73.99225563838564,0.9738432472827387
396_a-wooden-spoon-sitting-on-top-of-a-black-lid_FVD-627.6_PSNR-12.422_SSIM-0.544_LPIPS-0.488_FID-73.9_no-TTA,,,,0.9822547039315191,0.0,74.642414750724,0.9845686884487377
397_a-poster-of-a-football-player-in-uniform-with-a-football-in-front-of-him_FVD-681.9_PSNR-31.221_SSIM-0.923_LPIPS-0.027_FID-78.8_no-TTA,,,,0.9955733318968613,0.0,71.38479009167901,0.994884635887894
398_there-is-a-green-fruit-on-a-white-background_FVD-498.6_PSNR-29.922_SSIM-0.904_LPIPS-0.060_FID-81.3_no-TTA,,,,0.994557736589561,0.0,73.78400684225149,0.9947097549251481
399_a-collage-of-pictures-of-a-woman-with-long-hair_FVD-582.8_PSNR-20.110_SSIM-0.736_LPIPS-0.143_FID-83.4_no-TTA,,,,0.9936453007351446,1.0,68.05535678205818,0.9889068912057316
39_a-man-is-sitting-in-front-of-a-microphone-and-talking-to-the-interviewer_FVD-641.1_PSNR-5.560_SSIM-0.235_LPIPS-0.820_FID-76.1_no-TTA,,,,0.9716203703703704,1.0,71.32395606205381,0.9684372958014993
3_a-police-officer-in-a-video-game_FVD-582.0_PSNR-16.494_SSIM-0.418_LPIPS-0.700_FID-84.1_no-TTA,,,,0.9785039192960838,0.0,52.01678308947333,0.9810785574071548
400_a-person-is-using-a-hairdryer-to-dry-a-stuffed-animal-on-a-table_FVD-601.0_PSNR-20.784_SSIM-0.775_LPIPS-0.226_FID-84.8_no-TTA,,,,0.972586989089172,1.0,42.19460013817097,0.95649606293323
401_a-purple-sticker-on-the-side-of-a-laptop_FVD-449.4_PSNR-15.764_SSIM-0.513_LPIPS-0.451_FID-73.9_no-TTA,,,,0.9820578677518015,1.0,68.57084274291992,0.9628089530795229
402_a-man-is-talking-to-another-man-in-front-of-a-blue-screen_FVD-601.0_PSNR-7.115_SSIM-0.234_LPIPS-0.674_FID-84.8_no-TTA,,,,0.9820346985615828,1.0,61.99158754019901,0.9805171293370863
403_there-is-a-tree-with-roots-growing-out-of-the-ground_FVD-517.2_PSNR-16.010_SSIM-0.642_LPIPS-0.250_FID-81.0_no-TTA,,,,0.9749328734565407,1.0,77.08711242675781,0.9695675120634191
404_a-black-ford-explorer-parked-in-a-parking-lot_FVD-582.0_PSNR-17.312_SSIM-0.515_LPIPS-0.450_FID-84.1_no-TTA,,,,0.9817339489214489,0.0,57.13780396560143,0.9765028841355268
405_two-men-standing-next-to-two-cars-on-a-grassy-field_FVD-463.0_PSNR-25.251_SSIM-0.852_LPIPS-0.029_FID-78.3_no-TTA,,,,0.9929098130304472,0.0,78.42579282563308,0.9916622900495342
406_a-man-is-standing-in-a-bathroom-and-talking-to-the-camera_FVD-681.9_PSNR-18.530_SSIM-0.651_LPIPS-0.401_FID-78.8_no-TTA,,,,0.9790581646320388,0.0,70.82574936439251,0.978787519417557
407_two-simpsons-characters-standing-next-to-each-other_FVD-582.8_PSNR-14.000_SSIM-0.732_LPIPS-0.465_FID-83.4_no-TTA,,,,0.9609367483304754,1.0,68.45862211030105,0.9463580561619179
408_there-is-a-body-of-water-in-the-foreground-with-some-small-islands-in-the-backgr_FVD-463.0_PSNR-15.734_SSIM-0.478_LPIPS-0.250_FID-78.3_no-TTA,,,,0.9807831435525599,1.0,72.83390821259597,0.9724246025085449
409_a-close-up-of-a-wheel-bearing-on-a-vehicle_FVD-627.6_PSNR-12.945_SSIM-0.486_LPIPS-0.478_FID-73.9_no-TTA,,,,0.9822411369395515,1.0,58.66247716443292,0.935457379210229
40_a-person-is-holding-a-stainless-steel-dough-hook-and-talking-about-its-quality_FVD-681.9_PSNR-8.626_SSIM-0.674_LPIPS-0.652_FID-78.8_no-TTA,,,,0.964956978551303,1.0,65.42047237527781,0.9571968116012274
410_there-is-a-young-boy-standing-in-a-room-with-a-dresser-and-a-bed-in-the-backgrou_FVD-601.0_PSNR-23.348_SSIM-0.818_LPIPS-0.081_FID-84.8_no-TTA,,,,0.9948681826496625,0.0,72.43953994224812,0.9917766197054994
411_a-person-is-mixing-coconut-milk-in-a-metal-bowl-on-a-wooden-cutting-board_FVD-498.6_PSNR-11.815_SSIM-0.553_LPIPS-0.463_FID-81.3_no-TTA,,,,0.9775950605936818,1.0,71.22551201129782,0.9668275459139954
412_a-close-up-of-a-pair-of-hands-holding-a-thread_FVD-627.6_PSNR-8.189_SSIM-0.682_LPIPS-0.448_FID-73.9_no-TTA,,,,0.9797099762046914,1.0,68.01734871699892,0.960884370990828
413_there-is-a-jungle-with-tropical-plants-and-trees-and-the-text-raritan-jungle-app_FVD-449.4_PSNR-14.996_SSIM-0.424_LPIPS-0.289_FID-73.9_no-TTA,,,,0.9906025946369467,1.0,63.63905715942383,0.9805122113695331
414_a-man-is-standing-next-to-a-black-truck-in-a-parking-lot-pointing-out-the-featur_FVD-517.2_PSNR-15.581_SSIM-0.502_LPIPS-0.252_FID-81.0_no-TTA,,,,0.9835694482787773,1.0,78.17183211754109,0.9549412372065526
415_a-close-up-of-a-blue-car-parked-in-a-showroom_FVD-601.0_PSNR-35.969_SSIM-0.966_LPIPS-0.011_FID-84.8_no-TTA,,,,0.9962030170307974,0.0,69.7976547767376,0.9969856322980395
416_a-person-is-driving-a-car-and-using-the-cars-navigation-system_FVD-627.6_PSNR-25.001_SSIM-0.811_LPIPS-0.047_FID-73.9_no-TTA,,,,0.99264132462547,0.0,74.71849928231075,0.9844798583610385
417_there-is-a-picture-of-a-man-on-a-video-game_FVD-627.6_PSNR-13.537_SSIM-0.588_LPIPS-0.340_FID-73.9_no-TTA,,,,0.9918114800674542,0.0,48.07167224226327,0.9777780832028856
418_a-screen-shot-of-a-video-game-menu_FVD-681.9_PSNR-14.954_SSIM-0.576_LPIPS-0.633_FID-78.8_no-TTA,,,,0.9908577699576091,0.0,42.7499402802566,0.9863862477096856
419_a-man-is-standing-outside-at-night-and-waving-a-flashlight-around_FVD-517.2_PSNR-14.659_SSIM-0.667_LPIPS-0.451_FID-81.0_no-TTA,,,,0.9686405513059925,1.0,43.638529021164466,0.9532438502592199
41_there-is-an-offshore-oil-platform-in-the-middle-of-a-large-body-of-water-the-sky_FVD-463.0_PSNR-11.134_SSIM-0.713_LPIPS-0.385_FID-78.3_no-TTA,,,,0.989913990769919,1.0,74.53202346275593,0.982753620895685
420_a-football-game-is-taking-place-on-a-large-field-with-a-crowd-of-people-watching_FVD-582.0_PSNR-17.138_SSIM-0.631_LPIPS-0.151_FID-84.1_no-TTA,,,,0.988533740820046,1.0,69.57487803492053,0.976003547743255
421_two-men-in-white-lab-coats-standing-in-front-of-a-table-with-red-cups_FVD-517.2_PSNR-24.390_SSIM-0.886_LPIPS-0.054_FID-81.0_no-TTA,,,,0.9951158328582502,0.0,75.05843984669653,0.9938304877748676
422_an-amazon-product-page-on-a-computer-screen_FVD-463.0_PSNR-10.771_SSIM-0.576_LPIPS-0.533_FID-78.3_no-TTA,,,,0.9865230783819938,1.0,73.34627559267241,0.981234769260182
423_a-blue-background-with-the-words-season-1-vlog-13_FVD-498.6_PSNR-18.254_SSIM-0.905_LPIPS-0.182_FID-81.3_no-TTA,,,,0.9922439757486863,1.0,62.20464666958513,0.9786788435543284
424_two-trays-of-green-beans-on-the-ground-next-to-each-other_FVD-498.6_PSNR-22.334_SSIM-0.616_LPIPS-0.158_FID-81.3_no-TTA,,,,0.9795378574439926,0.0,78.39692766913052,0.9769853909810384
425_a-group-of-soldiers-are-patrolling-an-area-with-riot-gear-and-weapons_FVD-641.1_PSNR-17.804_SSIM-0.420_LPIPS-0.323_FID-76.1_no-TTA,,,,0.9923278407917655,0.0,55.96571889416925,0.9849472148745668
426_the-player-is-in-a-dungeon-with-zombies-coming-out-of-the-ground_FVD-627.6_PSNR-23.581_SSIM-0.917_LPIPS-0.119_FID-73.9_no-TTA,,,,0.9944288719093407,1.0,61.74986293398101,0.9922495295019711
427_there-is-a-car-on-fire-in-the-middle-of-a-city-street-with-smoke-billowing-out-o_FVD-449.4_PSNR-15.743_SSIM-0.609_LPIPS-0.662_FID-73.9_no-TTA,,,,0.9812272018516274,0.0,67.68388642935918,0.9806523079965629
428_a-race-car-is-driving-on-a-track-in-a-racing-video-game_FVD-582.0_PSNR-15.313_SSIM-0.650_LPIPS-0.387_FID-84.1_no-TTA,,,,0.975073804595289,1.0,70.03314682533001,0.952138141557282
429_a-man-in-a-suit-and-tie-sitting-at-a-desk_FVD-582.0_PSNR-27.032_SSIM-0.894_LPIPS-0.030_FID-84.1_no-TTA,,,,0.9957675965017417,0.0,69.7121353149414,0.9950535353492288
42_a-man-in-a-white-shirt-and-glasses-stands-in-front-of-a-city-and-a-river_FVD-627.6_PSNR-23.445_SSIM-0.794_LPIPS-0.051_FID-73.9_no-TTA,,,,0.9937682317852354,0.0,77.14799867827317,0.9875149006937064
430_a-young-man-in-glasses-is-sitting-at-a-desk-with-a-computer-and-books-on-a-shelf_FVD-582.0_PSNR-15.373_SSIM-0.698_LPIPS-0.260_FID-84.1_no-TTA,,,,0.9851605542724569,1.0,74.325168083454,0.9697331615522796
431_a-black-background-with-red-text-on-it_FVD-582.8_PSNR-31.135_SSIM-0.940_LPIPS-0.252_FID-83.4_no-TTA,,,,0.9938926790334189,0.0,59.491477966308594,0.9956452257492963
432_a-man-is-playing-a-video-game-on-his-computer-with-a-view-of-the-city-in-the-bac_FVD-498.6_PSNR-26.379_SSIM-0.882_LPIPS-0.049_FID-81.3_no-TTA,,,,0.9950345473392348,0.0,72.9235092689251,0.9937747730928309
433_a-couple-of-people-in-a-video-game-looking-at-each-other_FVD-641.1_PSNR-23.043_SSIM-0.752_LPIPS-0.257_FID-76.1_no-TTA,,,,0.9908215133008331,1.0,60.19063765427162,0.987470941917569
434_a-soccer-game-is-being-played-on-a-tv-screen_FVD-582.8_PSNR-25.430_SSIM-0.911_LPIPS-0.046_FID-83.4_no-TTA,,,,0.9950688246385627,0.0,74.65418401257745,0.9927256588842355
435_a-bunch-of-lemons-and-a-picture-of-the-fruit_FVD-449.4_PSNR-21.742_SSIM-0.750_LPIPS-0.159_FID-73.9_no-TTA,,,,0.9921386244134406,1.0,43.908535135203394,0.980280590057373
436_a-painting-of-a-man-kicking-a-soccer-ball_FVD-641.1_PSNR-20.050_SSIM-0.829_LPIPS-0.136_FID-76.1_no-TTA,,,,0.9921231664407216,1.0,66.35448929359173,0.9854727894652123
437_a-black-and-white-photo-of-a-man-and-woman-playing-a-musical-instrument_FVD-517.2_PSNR-29.885_SSIM-0.936_LPIPS-0.022_FID-81.0_no-TTA,,,,0.9882968447461784,0.0,69.11564077180007,0.984137684691186
438_a-person-holding-an-iphone-in-front-of-a-speaker_FVD-601.0_PSNR-18.990_SSIM-0.850_LPIPS-0.093_FID-84.8_no-TTA,,,,0.9895986800168786,1.0,75.55501451163457,0.9853523058049819
439_a-toy-frog-and-a-toy-snake-on-a-table_FVD-463.0_PSNR-19.151_SSIM-0.700_LPIPS-0.287_FID-78.3_no-TTA,,,,0.9766438750647161,1.0,77.78630644699624,0.9810652732849121
43_a-video-game-with-a-green-robot-in-the-middle-of-a-city_FVD-627.6_PSNR-13.132_SSIM-0.387_LPIPS-0.665_FID-73.9_no-TTA,,,,0.9810308096596011,0.0,77.42162165148505,0.9771241131950827
440_a-person-is-preparing-a-dish-by-cutting-meat-into-small-pieces-and-mixing-it-wit_FVD-463.0_PSNR-14.643_SSIM-0.478_LPIPS-0.477_FID-78.3_no-TTA,,,,0.9809617921353905,1.0,65.6601350718531,0.9476240793863933
441_a-man-is-talking-to-the-camera-in-a-garage_FVD-601.0_PSNR-12.321_SSIM-0.539_LPIPS-0.436_FID-84.8_no-TTA,,,,0.9814986801010469,1.0,50.11546693999192,0.9550301046932445
442_two-chicken-breasts-are-being-fried-in-a-pan-with-garlic-and-lemon-juice_FVD-498.6_PSNR-17.917_SSIM-0.839_LPIPS-0.365_FID-81.3_no-TTA,,,,0.9914640874044597,1.0,73.09265426109577,0.9676551444857728
443_a-glass-jar-with-candy-inside-and-text_FVD-582.8_PSNR-7.368_SSIM-0.332_LPIPS-0.751_FID-83.4_no-TTA,,,,0.9758694071578952,1.0,53.5847194277007,0.9550289453244677
444_a-chef-is-standing-in-front-of-a-kitchen-counter-and-talking-to-the-camera_FVD-627.6_PSNR-6.468_SSIM-0.513_LPIPS-0.739_FID-73.9_no-TTA,,,,0.9881897247079922,0.0,61.522741909684804,0.9803330982432646
445_a-basketball-game-is-being-played-in-an-arena-with-a-large-crowd-of-people-watch_FVD-627.6_PSNR-19.084_SSIM-0.741_LPIPS-0.154_FID-73.9_no-TTA,,,,0.9677654786874686,0.0,73.21889601082637,0.967646078969918
446_a-braun-smart-control-electric-shaver-on-a-white-background_FVD-582.8_PSNR-29.526_SSIM-0.866_LPIPS-0.050_FID-83.4_no-TTA,,,,0.9965504534145389,0.0,65.27750120491817,0.990604138841816
447_a-collage-of-pictures-of-men-wearing-watches_FVD-582.0_PSNR-20.668_SSIM-0.813_LPIPS-0.136_FID-84.1_no-TTA,,,,0.9933048769721564,1.0,65.90120591788457,0.9879455052170099
448_a-chef-is-preparing-food-in-a-kitchen_FVD-641.1_PSNR-10.104_SSIM-0.488_LPIPS-0.844_FID-76.1_no-TTA,,,,0.9857510104402337,0.0,55.38046613232843,0.9849522506489473
449_a-young-girl-is-preparing-food-on-a-cutting-board-in-a-kitchen_FVD-641.1_PSNR-18.956_SSIM-0.765_LPIPS-0.262_FID-76.1_no-TTA,,,,0.9901696552018243,0.0,75.73581116774986,0.9898460322735356
44_an-aerial-view-of-a-grassy-field-with-a-river-running-through-it_FVD-498.6_PSNR-24.212_SSIM-0.728_LPIPS-0.091_FID-81.3_no-TTA,,,,0.9939432552868904,1.0,76.06974213698814,0.9833490895290001
450_a-woman-is-sitting-on-a-couch-and-talking-to-the-camera-with-a-serious-expressio_FVD-582.0_PSNR-24.416_SSIM-0.920_LPIPS-0.046_FID-84.1_no-TTA,,,,0.9955512725589701,0.0,68.97723941145271,0.9956856582679
451_a-black-background-with-the-words-no-known-anything-about-him_FVD-463.0_PSNR-22.417_SSIM-0.783_LPIPS-0.259_FID-78.3_no-TTA,,,,0.9989080285225735,0.0,49.91766383730132,0.9985103217994465
452_the-computer-screen-is-displaying-a-white-screen-with-a-black-border-and-there-a_FVD-517.2_PSNR-17.754_SSIM-0.711_LPIPS-0.381_FID-81.0_no-TTA,,,,0.9945223015087445,0.0,72.36300711796201,0.9869142279905432
453_a-mobile-phone-with-the-word-subscribe-written-in-hindi-on-a-yellow-and-blue-bac_FVD-641.1_PSNR-27.388_SSIM-0.921_LPIPS-0.263_FID-76.1_no-TTA,,,,0.9945742127646998,0.0,71.8393580995757,0.9943674699932921
454_it-is-a-black-background-with-white-text-that-reads-2009-volkswagen-jetta-tdi-mk_FVD-449.4_PSNR-32.548_SSIM-0.950_LPIPS-0.008_FID-73.9_no-TTA,,,,0.9985315208815898,0.0,55.83337823275862,0.9976897786645328
455_a-man-holding-a-microphone-in-front-of-a-red-car_FVD-681.9_PSNR-14.501_SSIM-0.610_LPIPS-0.534_FID-78.8_no-TTA,,,,0.9570455275125541,1.0,37.40326236856395,0.9342851451798981
456_a-man-is-driving-a-car-with-an-autonomous-system_FVD-498.6_PSNR-11.387_SSIM-0.473_LPIPS-0.453_FID-81.3_no-TTA,,,,0.9417910327859776,1.0,66.2687488424367,0.9122149299172794
457_an-orange-phone-is-placed-on-a-stand-with-a-black-background_FVD-627.6_PSNR-7.393_SSIM-0.392_LPIPS-0.809_FID-73.9_no-TTA,,,,0.9572436898103258,1.0,54.08197126717403,0.9473166073069853
458_person-is-pouring-a-liquid-into-small-cups-on-a-baking-tray_FVD-449.4_PSNR-18.475_SSIM-0.774_LPIPS-0.278_FID-73.9_no-TTA,,,,0.9893177608917498,1.0,56.602925530795396,0.9809304386961694
459_a-man-is-holding-up-a-large-cardboard-sign-that-says-solo_FVD-449.4_PSNR-23.597_SSIM-0.890_LPIPS-0.042_FID-73.9_no-TTA,,,,0.9932851738785792,1.0,74.25808531662514,0.9888938183877982
45_it-is-a-screenshot-of-a-computer-screen-displaying-an-excel-spreadsheet-with-sev_FVD-517.2_PSNR-10.989_SSIM-0.454_LPIPS-0.503_FID-81.0_no-TTA,,,,0.9858846198735904,0.0,70.07539920149178,0.9879887459324855
460_a-car-is-driving-down-a-road-with-trees-on-both-sides_FVD-681.9_PSNR-16.538_SSIM-0.591_LPIPS-0.264_FID-78.8_no-TTA,,,,0.9909764750585064,0.0,75.90452286292766,0.9814049010183297
461_an-iphone-a-cup-of-coffee-a-yellow-sticky-note-and-a-computer-are-on-a-desk_FVD-681.9_PSNR-14.037_SSIM-0.730_LPIPS-0.347_FID-78.8_no-TTA,,,,0.9855351959493733,0.0,77.22702499915813,0.9818044718574075
462_a-cell-phone-with-the-text-detailed-appointment-history-access-multiple-schedule_FVD-582.0_PSNR-8.619_SSIM-0.622_LPIPS-0.577_FID-84.1_no-TTA,,,,0.9850199967473634,0.0,61.20291663860453,0.9853168244455375
463_the-computer-program-is-searching-for-and-highlighting-different-components-of-a_FVD-601.0_PSNR-13.801_SSIM-0.695_LPIPS-0.405_FID-84.8_no-TTA,,,,0.9864295035923023,1.0,66.2682164948562,0.9773898049896839
464_a-man-wearing-headphones-is-sitting-in-front-of-a-laptop-computer-and-talking-in_FVD-498.6_PSNR-21.412_SSIM-0.857_LPIPS-0.112_FID-81.3_no-TTA,,,,0.9946278999714202,0.0,76.15723392881196,0.9934440079857322
465_it-is-a-close-up-shot-of-a-succulent-plant-with-small-insects-crawling-on-it_FVD-582.0_PSNR-32.073_SSIM-0.968_LPIPS-0.012_FID-84.1_no-TTA,,,,0.9943930531614356,0.0,76.57824549181709,0.9875327185088513
466_a-person-is-cutting-a-red-pepper-on-a-cutting-board-with-a-knife_FVD-449.4_PSNR-7.134_SSIM-0.529_LPIPS-0.718_FID-73.9_no-TTA,,,,0.9788836274360171,1.0,74.54702969255119,0.9690720071979597
467_a-person-is-mixing-ingredients-in-a-bowl-on-a-wooden-table_FVD-463.0_PSNR-13.076_SSIM-0.520_LPIPS-0.552_FID-78.3_no-TTA,,,,0.9837056096477053,1.0,68.13271173937568,0.9525701597625134
468_there-is-a-staircase-leading-to-the-second-floor-of-an-open-concept-loft-with-a_FVD-641.1_PSNR-7.313_SSIM-0.230_LPIPS-0.790_FID-76.1_no-TTA,,,,0.9815176191336578,0.0,57.17541688064049,0.9806807686300839
469_people-are-exercising-on-outdoor-fitness-equipment-in-a-park_FVD-517.2_PSNR-13.888_SSIM-0.589_LPIPS-0.416_FID-81.0_no-TTA,,,,0.9866608721480045,1.0,75.72469961232153,0.9716795566035252
46_a-close-up-of-a-blue-and-white-emblem-on-a-car_FVD-582.8_PSNR-17.219_SSIM-0.678_LPIPS-0.366_FID-83.4_no-TTA,,,,0.9947510741743278,0.0,75.15814498375202,0.9894794361264098
470_a-person-is-playing-with-a-toy-made-of-lego-bricks_FVD-582.8_PSNR-22.335_SSIM-0.877_LPIPS-0.181_FID-83.4_no-TTA,,,,0.9914219572043561,0.0,67.1707711055361,0.9895528531542012
471_a-chef-is-mixing-ingredients-in-a-pot-on-a-stove_FVD-681.9_PSNR-10.855_SSIM-0.265_LPIPS-0.711_FID-78.8_no-TTA,,,,0.9592218892431438,1.0,46.13112469377189,0.9446100309783337
472_there-is-a-wooden-ramp-with-green-artificial-grass-on-it_FVD-601.0_PSNR-15.412_SSIM-0.353_LPIPS-0.269_FID-84.8_no-TTA,,,,0.9838255237324631,0.0,77.37085250328327,0.934039052327474
474_the-news-reporter-is-reporting-live-from-a-snowy-city-street-at-night_FVD-582.8_PSNR-17.666_SSIM-0.837_LPIPS-0.146_FID-83.4_no-TTA,,,,0.9940473279656413,1.0,71.87601470947266,0.989325247558893
475_a-comedian-is-performing-stand-up-comedy-on-stage-in-front-of-an-audience_FVD-449.4_PSNR-13.521_SSIM-0.483_LPIPS-0.641_FID-73.9_no-TTA,,,,0.9893500270367228,0.0,55.65303947185648,0.9862713327594832
476_a-young-man-is-standing-in-front-of-a-black-background-with-a-dartboard-and-a-si_FVD-449.4_PSNR-5.514_SSIM-0.492_LPIPS-0.543_FID-73.9_no-TTA,,,,0.9804156225123597,1.0,53.675902925688646,0.9336403491450291
477_there-are-people-kayaking-in-the-ocean-with-a-rocky-cliff-in-the-background_FVD-449.4_PSNR-18.776_SSIM-0.729_LPIPS-0.156_FID-73.9_no-TTA,,,,0.9943194564150446,1.0,65.34941219461375,0.9885324272454954
478_a-team-of-football-players-are-warming-up-on-the-field-before-a-game-of-soccer_FVD-582.0_PSNR-8.640_SSIM-0.325_LPIPS-0.701_FID-84.1_no-TTA,,,,0.9506901245073349,1.0,66.68710182453025,0.9465616525388232
479_there-is-a-red-sports-car-parked-in-a-parking-garage_FVD-582.0_PSNR-9.023_SSIM-0.406_LPIPS-0.627_FID-84.1_no-TTA,,,,0.9858270319345688,1.0,64.2496065600165,0.9832287526598164
47_a-cartoon-drawing-of-two-trees-with-faces-on-them_FVD-681.9_PSNR-10.510_SSIM-0.725_LPIPS-0.525_FID-78.8_no-TTA,,,,0.9809295666717542,1.0,63.01648435921505,0.9740635572695264
480_a-young-woman-is-sitting-on-the-floor-with-her-phone-in-front-of-her-she-appears_FVD-582.0_PSNR-15.757_SSIM-0.608_LPIPS-0.244_FID-84.1_no-TTA,,,,0.9818306837625541,1.0,74.69805566195784,0.9700138615626915
481_the-word-warfare-is-written-on-a-black-background-with-white-letters_FVD-517.2_PSNR-8.465_SSIM-0.223_LPIPS-0.771_FID-81.0_no-TTA,,,,0.9493085182791066,1.0,45.465940409693225,0.9420747233372109
482_a-black-man-is-standing-in-front-of-a-dark-background-wearing-a-plaid-shirt-and_FVD-627.6_PSNR-13.312_SSIM-0.414_LPIPS-0.652_FID-73.9_no-TTA,,,,0.9655646230514108,1.0,67.19508506511819,0.9395108279059915
483_there-are-several-balls-made-of-different-fabrics-such-as-red-blue-and-white-and_FVD-582.0_PSNR-11.587_SSIM-0.711_LPIPS-0.398_FID-84.1_no-TTA,,,,0.9776815451407593,1.0,74.07531975055564,0.9781501040739171
484_a-close-up-of-a-pile-of-items-on-a-table_FVD-463.0_PSNR-23.185_SSIM-0.934_LPIPS-0.207_FID-78.3_no-TTA,,,,0.9949119870971893,1.0,57.79718096502896,0.9902048961789001
485_a-black-book-with-a-picture-of-a-yellow-bus_FVD-449.4_PSNR-22.958_SSIM-0.735_LPIPS-0.096_FID-73.9_no-TTA,,,,0.9931034344493674,0.0,72.69962416024043,0.9778796775668275
486_a-computer-screen-with-a-picture-of-a-tiger-in-flames_FVD-641.1_PSNR-6.478_SSIM-0.409_LPIPS-0.663_FID-76.1_no-TTA,,,,0.952005622394524,1.0,56.031327214734304,0.9518849279366287
487_a-man-in-a-red-jacket-standing-in-a-flooded-area_FVD-463.0_PSNR-26.601_SSIM-0.891_LPIPS-0.063_FID-78.3_no-TTA,,,,0.9950650356630366,0.0,69.41931099727236,0.9941893030615414
488_a-bookmark-with-a-safety-pin-attached-to-it_FVD-582.8_PSNR-19.032_SSIM-0.747_LPIPS-0.176_FID-83.4_no-TTA,,,,0.987741646204422,1.0,62.348257919837685,0.9846638268115474
489_a-person-is-opening-a-can-of-matcha-tea_FVD-601.0_PSNR-16.122_SSIM-0.736_LPIPS-0.218_FID-84.8_no-TTA,,,,0.9916857810498665,1.0,66.36306354917329,0.9812672802046234
48_a-busy-street-in-a-city-with-people-on-motorcycles-cars-and-signs-on-the-buildin_FVD-517.2_PSNR-17.234_SSIM-0.595_LPIPS-0.281_FID-81.0_no-TTA,,,,0.9875456171050151,1.0,75.27345749427532,0.9671953874475816
490_a-person-is-using-a-wooden-spoon-to-mix-red-peppers-in-a-frying-pan_FVD-681.9_PSNR-6.792_SSIM-0.334_LPIPS-0.884_FID-78.8_no-TTA,,,,0.9596342609893851,1.0,56.86004849137931,0.9555215461581361
491_a-man-in-a-red-shirt-preparing-food-in-a-kitchen_FVD-627.6_PSNR-17.641_SSIM-0.782_LPIPS-0.197_FID-73.9_no-TTA,,,,0.9902685295539155,1.0,72.10989564040611,0.9672278497733322
492_the-settings-page-on-the-xbox-one_FVD-449.4_PSNR-9.975_SSIM-0.690_LPIPS-0.333_FID-73.9_no-TTA,,,,0.9922000843272673,0.0,68.4581246211611,0.9878037097407323
493_the-logo-for-day-drops-super-official-food-reviews_FVD-681.9_PSNR-40.721_SSIM-0.968_LPIPS-0.001_FID-78.8_no-TTA,,,,0.9987831108672102,0.0,48.53234416040881,0.9988609915854885
494_there-is-a-tank-on-display-in-a-dark-room-and-it-appears-to-be-a-3d-image_FVD-582.0_PSNR-6.944_SSIM-0.586_LPIPS-0.584_FID-84.1_no-TTA,,,,0.9897618530919312,0.0,71.73192228119949,0.9878474749770819
495_a-skeleton-of-a-large-animal-in-a-museum_FVD-627.6_PSNR-22.170_SSIM-0.774_LPIPS-0.055_FID-73.9_no-TTA,,,,0.9880408151174466,0.0,74.89649805529365,0.9639695298437979
496_a-screen-shot-of-the-fifa-store-website_FVD-627.6_PSNR-25.161_SSIM-0.930_LPIPS-0.039_FID-73.9_no-TTA,,,,0.9943984170190512,0.0,76.97110748291016,0.99325125170689
497_a-pair-of-gloves-holding-a-pencil-to-a-piece-of-metal_FVD-601.0_PSNR-14.270_SSIM-0.728_LPIPS-0.303_FID-84.8_no-TTA,,,,0.9900413443956643,1.0,59.86899553496262,0.9778955309998756
498_the-front-grille-of-a-blue-audi-suv_FVD-582.0_PSNR-25.800_SSIM-0.835_LPIPS-0.048_FID-84.1_no-TTA,,,,0.9916054695449227,0.0,74.02916849070581,0.9893258113487094
499_a-car-driving-on-a-road-with-large-tires_FVD-681.9_PSNR-10.188_SSIM-0.492_LPIPS-0.663_FID-78.8_no-TTA,,,,0.9927583587521547,0.0,73.26188659667969,0.9802642579172172
49_a-close-up-of-a-table-with-tools-on-it_FVD-582.0_PSNR-15.608_SSIM-0.469_LPIPS-0.271_FID-84.1_no-TTA,,,,0.9856931108447653,0.0,69.77247961636247,0.9792694147895364
4_a-black-book-with-the-words-photo-critique-on-it_FVD-681.9_PSNR-33.096_SSIM-0.942_LPIPS-0.028_FID-78.8_no-TTA,,,,0.9959052803813833,0.0,50.71720294294686,0.9919292206857718
500_a-pair-of-blue-clamps-holding-a-piece-of-wood_FVD-582.0_PSNR-19.905_SSIM-0.845_LPIPS-0.161_FID-84.1_no-TTA,,,,0.993605467861557,1.0,69.41436859657024,0.9862451001709582
501_two-dogs-in-life-jackets-standing-next-to-a-raft_FVD-627.6_PSNR-16.933_SSIM-0.648_LPIPS-0.373_FID-73.9_no-TTA,,,,0.9905218908142851,1.0,43.1117303782496,0.9600580739040001
502_there-are-glasses-filled-with-strawberries-and-bananas-on-a-table_FVD-627.6_PSNR-10.087_SSIM-0.356_LPIPS-0.652_FID-73.9_no-TTA,,,,0.9681772561121137,1.0,58.3793830871582,0.937382537243413
503_a-red-white-and-blue-crochet-flower-on-a-white-surface_FVD-681.9_PSNR-18.905_SSIM-0.787_LPIPS-0.116_FID-78.8_no-TTA,,,,0.9933700664761097,0.0,73.08586067988955,0.9929229390387442
504_a-picture-of-a-blender-with-the-caption-when-found-that-the-vitamin-container-ma_FVD-517.2_PSNR-9.872_SSIM-0.792_LPIPS-0.397_FID-81.0_no-TTA,,,,0.9888676707662231,0.0,64.61862636434621,0.9905099803326176
505_a-man-is-cutting-a-piece-of-wood-with-an-electric-saw_FVD-449.4_PSNR-15.725_SSIM-0.679_LPIPS-0.198_FID-73.9_no-TTA,,,,0.9829270951168929,1.0,77.0043847971949,0.9748509986727846
506_an-overhead-view-of-a-race-car-on-a-race-track_FVD-601.0_PSNR-13.690_SSIM-0.474_LPIPS-0.350_FID-84.8_no-TTA,,,,0.9715214728720014,1.0,48.004791522848194,0.9286797392602061
507_the-europe-1-logo-on-a-blue-background_FVD-463.0_PSNR-20.876_SSIM-0.835_LPIPS-0.146_FID-78.3_no-TTA,,,,0.9899834735576922,0.0,63.230245129815465,0.9863166126550412
508_there-are-two-young-boys-in-pajamas-sitting-on-a-bed-with-a-green-blanket_FVD-641.1_PSNR-14.308_SSIM-0.503_LPIPS-0.481_FID-76.1_no-TTA,,,,0.9956383025632797,0.0,75.43848103490369,0.9946748410954195
509_a-close-up-of-a-toy-pony-with-colorful-hair_FVD-449.4_PSNR-21.098_SSIM-0.803_LPIPS-0.243_FID-73.9_no-TTA,,,,0.988191399423017,1.0,67.75040975110284,0.9690936574748918
50_a-television-news-screen-showing-bottles-of-soda-in-a-store_FVD-582.8_PSNR-11.116_SSIM-0.403_LPIPS-0.668_FID-83.4_no-TTA,,,,0.9468035493110172,1.0,65.6216470126448,0.9233857547535615
510_a-spray-foam-insulation-installation-in-a-room_FVD-601.0_PSNR-18.007_SSIM-0.693_LPIPS-0.238_FID-84.8_no-TTA,,,,0.9951278490496092,0.0,46.831465754015696,0.9956830408058914
511_the-player-is-in-a-minecraft-game-and-they-are-in-a-crafting-table-room_FVD-449.4_PSNR-19.838_SSIM-0.623_LPIPS-0.171_FID-73.9_no-TTA,,,,0.9915641691038061,1.0,76.54176751498518,0.9818487541348326
512_an-image-of-a-red-and-orange-object-in-a-dark-space_FVD-517.2_PSNR-26.084_SSIM-0.844_LPIPS-0.251_FID-81.0_no-TTA,,,,0.9977896258663722,0.0,30.51073850434402,0.9957640012105305
513_a-soccer-player-takes-the-ball-into-the-net-at-night-in-a-stadium-during-a-game_FVD-582.8_PSNR-13.542_SSIM-0.288_LPIPS-0.412_FID-83.4_no-TTA,,,,0.9716452993790999,1.0,72.97949692298626,0.9165175344429765
514_there-is-a-bridge-over-a-river-in-a-city-the-bridge-is-made-of-stone-and-has-a-w_FVD-641.1_PSNR-23.288_SSIM-0.841_LPIPS-0.103_FID-76.1_no-TTA,,,,0.994472697632739,0.0,68.96870382900896,0.9926158334694657
515_there-is-a-messy-kitchen-filled-with-piles-of-clutter-and-debris_FVD-641.1_PSNR-34.737_SSIM-0.957_LPIPS-0.011_FID-76.1_no-TTA,,,,0.997257722299657,0.0,74.22018432617188,0.997696890784245
516_a-pair-of-white-sticks-in-a-grassy-field_FVD-517.2_PSNR-19.022_SSIM-0.750_LPIPS-0.114_FID-81.0_no-TTA,,,,0.9858993355288163,1.0,76.43076482312432,0.9810437557744045
517_a-man-and-a-little-girl-preparing-food-in-a-kitchen_FVD-641.1_PSNR-19.318_SSIM-0.800_LPIPS-0.236_FID-76.1_no-TTA,,,,0.9905275602495272,1.0,55.4027398208092,0.9690366595399146
518_a-man-holding-up-a-camera-with-a-red-light-on-it_FVD-517.2_PSNR-20.565_SSIM-0.782_LPIPS-0.186_FID-81.0_no-TTA,,,,0.9888151289495498,1.0,72.7354236471242,0.9778276387382956
519_a-fence-covered-in-snow-in-front-of-a-house_FVD-582.0_PSNR-6.591_SSIM-0.220_LPIPS-0.827_FID-84.1_no-TTA,,,,0.984334878148642,1.0,58.710345169593545,0.9754684990527583
51_there-are-different-tools-for-car-detailing-on-a-table_FVD-627.6_PSNR-16.449_SSIM-0.647_LPIPS-0.109_FID-73.9_no-TTA,,,,0.9927597667004836,0.0,77.99227194950498,0.9768343626284132
520_an-electronic-device-with-a-red-button-on-it_FVD-627.6_PSNR-36.549_SSIM-0.956_LPIPS-0.019_FID-73.9_no-TTA,,,,0.9957032510186232,0.0,75.5756054582267,0.9964564790912703
521_the-player-is-in-a-first-person-perspective-flying-over-a-mountainous-terrain-an_FVD-681.9_PSNR-13.572_SSIM-0.505_LPIPS-0.497_FID-78.8_no-TTA,,,,0.9844519583340815,1.0,49.564886027369006,0.98139980914546
522_the-person-is-holding-markers-on-a-black-cardboard_FVD-641.1_PSNR-23.217_SSIM-0.863_LPIPS-0.072_FID-76.1_no-TTA,,,,0.991208721769958,1.0,76.69886595627358,0.9865163840499579
523_there-is-a-small-white-dog-wearing-a-yellow-hat-sitting-on-a-table-surrounded-by_FVD-641.1_PSNR-8.147_SSIM-0.346_LPIPS-0.760_FID-76.1_no-TTA,,,,0.9756174014744786,1.0,73.84515328242861,0.9712553173887963
524_there-is-a-group-of-people-in-uniforms-celebrating-on-a-field_FVD-627.6_PSNR-25.589_SSIM-0.812_LPIPS-0.067_FID-73.9_no-TTA,,,,0.9952614353366881,0.0,71.92717374604324,0.9944914252150292
525_an-icon-showing-the-concept-of-internet-of-things_FVD-681.9_PSNR-28.881_SSIM-0.928_LPIPS-0.021_FID-78.8_no-TTA,,,,0.9960456653614972,0.0,75.58463050579202,0.9958197149575926
526_a-person-pointing-at-a-body-of-water-with-clouds-in-the-sky_FVD-498.6_PSNR-18.489_SSIM-0.613_LPIPS-0.114_FID-81.3_no-TTA,,,,0.9899600700990866,0.0,79.27851288894126,0.9794946558335248
527_there-is-a-pond-surrounded-by-green-plants-and-trees-with-the-wind-blowing-gentl_FVD-641.1_PSNR-29.980_SSIM-0.962_LPIPS-0.089_FID-76.1_no-TTA,,,,0.9939421608654145,0.0,69.10348379200903,0.9920189922931147
528_a-person-pointing-at-a-tray-of-cauliflower-and-carrots_FVD-582.0_PSNR-20.024_SSIM-0.800_LPIPS-0.188_FID-84.1_no-TTA,,,,0.9835060426748156,1.0,74.83666808029702,0.9782058210933909
529_there-is-a-christmas-decoration-on-the-doorstep-of-a-house_FVD-498.6_PSNR-12.343_SSIM-0.324_LPIPS-0.653_FID-81.3_no-TTA,,,,0.9308193628012102,1.0,42.279964447021484,0.9180836995442708
52_the-person-is-holding-a-smartphone-with-a-game-on-the-screen-the-game-appears-to_FVD-681.9_PSNR-18.700_SSIM-0.697_LPIPS-0.525_FID-78.8_no-TTA,,,,0.9802744671586584,1.0,57.83574229273303,0.9676339766558479
530_an-apple-slicer-is-being-used-to-slice-apples-on-a-kitchen-countertop_FVD-463.0_PSNR-31.799_SSIM-0.942_LPIPS-0.092_FID-78.3_no-TTA,,,,0.9952667973238974,0.0,65.50321355359307,0.9953925604913749
531_a-man-in-a-black-and-orange-uniform-is-dunking-a-basketball_FVD-627.6_PSNR-15.527_SSIM-0.378_LPIPS-0.273_FID-73.9_no-TTA,,,,0.9904048363469319,1.0,76.37953343884698,0.9715320961148131
532_a-man-is-sitting-at-a-desk-and-looking-at-a-computer-screen_FVD-463.0_PSNR-11.246_SSIM-0.538_LPIPS-0.589_FID-78.3_no-TTA,,,,0.9901625399425261,0.0,73.41154479980469,0.9792934492522595
533_a-skateboarder-is-riding-down-the-stairs-in-the-city-at-night_FVD-627.6_PSNR-18.401_SSIM-0.653_LPIPS-0.154_FID-73.9_no-TTA,,,,0.99453554328382,0.0,71.98498666697535,0.9903149015763226
534_a-game-screen-showing-a-green-field_FVD-498.6_PSNR-17.005_SSIM-0.519_LPIPS-0.347_FID-81.3_no-TTA,,,,0.9598541265464519,1.0,62.20617570548222,0.9422308304730583
535_a-bush-with-lots-of-green-leaves-in-front-of-a-fence_FVD-498.6_PSNR-20.929_SSIM-0.668_LPIPS-0.298_FID-81.3_no-TTA,,,,0.9925984343390134,0.0,76.01926264269599,0.9673922819249771
536_a-black-and-white-photo-of-tony-williams-playing-a-trumpet_FVD-582.0_PSNR-9.673_SSIM-0.562_LPIPS-0.479_FID-84.1_no-TTA,,,,0.9786439231809176,0.0,73.672254365066,0.9794251516753552
537_the-player-is-in-a-first-person-shooter-game-and-is-fighting-against-enemies-in_FVD-627.6_PSNR-13.126_SSIM-0.415_LPIPS-0.762_FID-73.9_no-TTA,,,,0.9867885285457666,1.0,69.69530750143117,0.9711403641046262
538_a-pair-of-brake-calipers-sitting-on-a-table_FVD-582.8_PSNR-10.304_SSIM-0.485_LPIPS-0.679_FID-83.4_no-TTA,,,,0.9114631933502567,1.0,52.53037393504176,0.9010137744978363
539_two-cartoon-characters-sitting-on-the-floor-next-to-each-other_FVD-463.0_PSNR-9.112_SSIM-0.184_LPIPS-0.651_FID-78.3_no-TTA,,,,0.9446777801999539,1.0,49.00976812428441,0.9186242421468099
53_a-man-sitting-on-a-yellow-box-under-a-white-truck_FVD-517.2_PSNR-26.670_SSIM-0.800_LPIPS-0.211_FID-81.0_no-TTA,,,,0.9925768638785643,0.0,61.811014635809535,0.9884712518430223
540_an-asian-man-in-a-suit-and-tie-on-a-tv-screen_FVD-641.1_PSNR-17.862_SSIM-0.832_LPIPS-0.106_FID-76.1_no-TTA,,,,0.9936030980567976,1.0,67.29323183257004,0.991552490346572
541_two-cartoon-characters-jumping-off-of-a-shark_FVD-681.9_PSNR-6.734_SSIM-0.357_LPIPS-0.831_FID-78.8_no-TTA,,,,0.7983520161202836,1.0,50.514951640161975,0.77370143217199
542_a-video-game-screen-with-a-man-wearing-headphones_FVD-641.1_PSNR-15.526_SSIM-0.400_LPIPS-0.393_FID-76.1_no-TTA,,,,0.9807688735216309,0.0,70.2920590104728,0.9757970585542567
543_a-person-is-talking-to-the-camera-while-sitting-in-front-of-a-laptop_FVD-641.1_PSNR-25.144_SSIM-0.898_LPIPS-0.135_FID-76.1_no-TTA,,,,0.9932411363316694,1.0,36.03579751376448,0.989523505229576
544_a-man-is-standing-in-front-of-his-rv-holding-various-products-such-as-holding-ta_FVD-582.0_PSNR-7.994_SSIM-0.556_LPIPS-0.694_FID-84.1_no-TTA,,,,0.979555026604659,1.0,64.23618158800849,0.9759234465804755
545_a-funny-cat-wearing-a-hat-and-standing-in-a-dark-room_FVD-627.6_PSNR-15.973_SSIM-0.595_LPIPS-0.497_FID-73.9_no-TTA,,,,0.9840093575491093,1.0,52.35415577066356,0.9847516069225236
546_a-car-is-driving-on-a-snowy-road-in-the-middle-of-a-forest-the-video-also-shows_FVD-641.1_PSNR-8.595_SSIM-0.394_LPIPS-0.673_FID-76.1_no-TTA,,,,0.974347542201977,1.0,73.91544578815329,0.9755856663573022
547_the-floor-is-being-cleaned-with-a-machine_FVD-681.9_PSNR-9.829_SSIM-0.355_LPIPS-0.864_FID-78.8_no-TTA,,,,0.9891608515735354,0.0,78.0777903589709,0.9823577749962901
548_a-christmas-tree-with-the-words-make-it-and-take-it-challenge-lab_FVD-463.0_PSNR-17.378_SSIM-0.691_LPIPS-0.189_FID-78.3_no-TTA,,,,0.9866529028144377,1.0,58.75372853772394,0.9617207807653091
549_a-man-in-a-suit-and-tie-is-standing-on-a-stage-in-front-of-a-large-screen-displa_FVD-498.6_PSNR-9.604_SSIM-0.259_LPIPS-0.792_FID-81.3_no-TTA,,,,0.977897023893692,1.0,62.78328152360587,0.9760787402882295
54_a-person-is-putting-blue-flowers-into-a-basket_FVD-641.1_PSNR-17.891_SSIM-0.722_LPIPS-0.248_FID-76.1_no-TTA,,,,0.9861832157408903,1.0,46.45219526619747,0.9791407416848575
550_a-virtual-dj-software-screen_FVD-463.0_PSNR-32.056_SSIM-0.943_LPIPS-0.014_FID-78.3_no-TTA,,,,0.9957555770371717,0.0,66.61436962259226,0.995991075740141
551_there-is-a-luxurious-bathroom-with-a-bathtub-and-a-chandelier_FVD-601.0_PSNR-17.105_SSIM-0.759_LPIPS-0.312_FID-84.8_no-TTA,,,,0.9816757720382491,1.0,62.06661132286335,0.9727488910450655
552_a-woman-is-sitting-in-front-of-a-christmas-tree-looking-at-her-phone_FVD-582.0_PSNR-27.564_SSIM-0.910_LPIPS-0.084_FID-84.1_no-TTA,,,,0.9953992658094221,0.0,61.71129897545124,0.9938322427226048
553_a-metal-bowl-with-ingredients-written-on-it_FVD-582.8_PSNR-15.645_SSIM-0.415_LPIPS-0.264_FID-83.4_no-TTA,,,,0.9775399785314767,0.0,76.51966436978044,0.9744150685329064
554_it-is-a-man-wearing-a-red-shirt-and-headphones-standing-in-front-of-a-white-wall_FVD-681.9_PSNR-24.187_SSIM-0.907_LPIPS-0.056_FID-78.8_no-TTA,,,,0.9951072458230087,0.0,69.16594301421067,0.9936748873953726
555_a-cartoon-girl-looking-at-her-phone-with-a-speech-bubble-that-says-good-morning_FVD-498.6_PSNR-7.821_SSIM-0.276_LPIPS-0.709_FID-81.3_no-TTA,,,,0.9714425435973001,0.0,52.10306351760338,0.9689946997399423
556_two-wicker-chairs-with-the-text-how-to-coat-outdoor-wicker-furniture_FVD-449.4_PSNR-20.232_SSIM-0.625_LPIPS-0.068_FID-73.9_no-TTA,,,,0.9814687320908598,0.0,78.37447488719019,0.9697483193640616
557_a-soccer-player-scores-a-goal_FVD-601.0_PSNR-25.844_SSIM-0.890_LPIPS-0.116_FID-84.8_no-TTA,,,,0.9970925104817568,0.0,65.85781110566238,0.9968830237201616
558_two-young-women-are-shopping-in-a-clothing-store_FVD-582.8_PSNR-14.115_SSIM-0.517_LPIPS-0.504_FID-83.4_no-TTA,,,,0.9937170448441128,1.0,71.67096736513335,0.9914782271665685
559_an-aerial-view-of-a-city-with-a-river-in-the-background_FVD-641.1_PSNR-13.526_SSIM-0.771_LPIPS-0.442_FID-76.1_no-TTA,,,,0.988619086757299,1.0,76.6129668663288,0.9719402537626378
55_a-video-showing-how-to-draw-a-sonic-character_FVD-498.6_PSNR-13.101_SSIM-0.705_LPIPS-0.382_FID-81.3_no-TTA,,,,0.975405741155971,1.0,60.67074532344424,0.948006487827675
560_a-man-is-mixing-ingredients-for-cookies-in-a-glass-bowl-on-a-wooden-table_FVD-627.6_PSNR-6.227_SSIM-0.449_LPIPS-0.757_FID-73.9_no-TTA,,,,0.9689393211210766,1.0,56.99363774266736,0.9620429543887867
561_there-are-graves-of-soldiers-in-a-cemetery-with-american-flags_FVD-449.4_PSNR-19.904_SSIM-0.684_LPIPS-0.082_FID-73.9_no-TTA,,,,0.9907453171573116,0.0,65.00503355881264,0.9708235946356082
562_a-person-holding-a-cell-phone-with-a-music-app-on-it_FVD-449.4_PSNR-21.373_SSIM-0.763_LPIPS-0.082_FID-73.9_no-TTA,,,,0.9929401164178279,0.0,72.06935645794046,0.9902918095682182
563_a-camera-and-a-box-next-to-each-other_FVD-449.4_PSNR-12.349_SSIM-0.604_LPIPS-0.333_FID-73.9_no-TTA,,,,0.9857378189323273,1.0,58.65839727993669,0.960872096641391
564_a-black-background-with-text-that-reads-from-canada-quality-street-chocolates-an_FVD-681.9_PSNR-14.635_SSIM-0.779_LPIPS-0.543_FID-78.8_no-TTA,,,,0.9934548985192367,1.0,55.0075894059806,0.989362340814927
565_an-advertisement-for-the-tps-test_FVD-449.4_PSNR-27.168_SSIM-0.932_LPIPS-0.025_FID-73.9_no-TTA,,,,0.9956785153631431,0.0,76.27145148967874,0.9964266819112441
566_a-dog-is-sleeping-on-a-couch-with-a-red-background_FVD-449.4_PSNR-20.897_SSIM-0.667_LPIPS-0.189_FID-73.9_no-TTA,,,,0.9860848344746553,1.0,59.762747665931435,0.9761403308195227
567_the-woman-is-sitting-in-front-of-a-laptop-with-headphones-on-looking-at-the-scre_FVD-449.4_PSNR-20.744_SSIM-0.785_LPIPS-0.139_FID-73.9_no-TTA,,,,0.9909699564588121,1.0,69.05494768866177,0.9845783084046607
568_a-computer-screen-showing-a-message-that-says-stationary-case_FVD-627.6_PSNR-17.045_SSIM-0.769_LPIPS-0.226_FID-73.9_no-TTA,,,,0.9918982807131934,0.0,73.48876137569033,0.9851806631275252
569_there-is-a-dog-sitting-on-a-bed-with-a-pillow-the-dog-is-a-husky-and-is-black-an_FVD-627.6_PSNR-11.824_SSIM-0.514_LPIPS-0.617_FID-73.9_no-TTA,,,,0.9656813057755154,1.0,57.3962454960264,0.9328035691205193
56_a-close-up-of-three-fluorescent-lights-in-a-dark-room_FVD-463.0_PSNR-15.424_SSIM-0.680_LPIPS-0.324_FID-78.3_no-TTA,,,,0.9901137363666086,1.0,48.743172086518385,0.9792197133980546
570_a-close-up-of-a-red-and-blue-device_FVD-582.8_PSNR-22.504_SSIM-0.702_LPIPS-0.086_FID-83.4_no-TTA,,,,0.9924465391124399,0.0,71.0330573772562,0.9877161119498459
571_there-is-an-old-blue-pickup-truck-parked-in-a-dirt-lot-surrounded-by-trees-and-r_FVD-641.1_PSNR-29.306_SSIM-0.930_LPIPS-0.135_FID-76.1_no-TTA,,,,0.9954318541318771,1.0,40.6419317311254,0.9952728262134627
572_a-tray-filled-with-squares-of-food-on-a-table_FVD-517.2_PSNR-22.441_SSIM-0.914_LPIPS-0.026_FID-81.0_no-TTA,,,,0.9971439291194576,0.0,47.26378934136753,0.9742661438736261
573_a-bathroom-with-green-cabinets-and-a-sink_FVD-582.0_PSNR-11.289_SSIM-0.482_LPIPS-0.692_FID-84.1_no-TTA,,,,0.9845955431117426,0.0,63.0976263901283,0.9816027809591854
574_a-man-is-sitting-at-a-desk-and-talking-to-the-camera-while-gesturing-with-his-ha_FVD-681.9_PSNR-17.984_SSIM-0.789_LPIPS-0.153_FID-78.8_no-TTA,,,,0.9909595109411287,1.0,77.41618662867053,0.984198886272954
575_there-are-three-young-women-dressed-in-cosplay-costumes-standing-in-front-of-a-b_FVD-681.9_PSNR-19.730_SSIM-0.744_LPIPS-0.091_FID-78.8_no-TTA,,,,0.9938650725380964,1.0,58.62332113857927,0.9894337513867546
576_the-text-zero-hero-appears-on-a-red-background-with-light-flashes_FVD-463.0_PSNR-30.719_SSIM-0.936_LPIPS-0.021_FID-78.3_no-TTA,,,,0.9949848450330987,0.0,68.2092891561574,0.9893380772833731
577_a-person-is-working-on-some-beads-on-a-table_FVD-641.1_PSNR-15.955_SSIM-0.588_LPIPS-0.215_FID-76.1_no-TTA,,,,0.9906478930714915,1.0,78.07721920671135,0.9772954342412014
578_a-car-driving-down-a-street-next-to-a-verizon-store_FVD-681.9_PSNR-25.494_SSIM-0.845_LPIPS-0.051_FID-78.8_no-TTA,,,,0.9932672624004196,0.0,74.4129251940497,0.9842432788774079
579_a-view-of-the-inside-of-a-tractor-in-a-video-game_FVD-641.1_PSNR-6.794_SSIM-0.183_LPIPS-0.800_FID-76.1_no-TTA,,,,0.9711861141692254,1.0,57.00928194769497,0.9553328495399624
57_a-man-is-playing-a-game-on-a-computer-screen_FVD-582.8_PSNR-16.667_SSIM-0.729_LPIPS-0.307_FID-83.4_no-TTA,,,,0.9907523583017609,1.0,66.93491258292363,0.9832355723661534
580_a-newspaper-headline-with-a-picture-of-a-document_FVD-517.2_PSNR-10.917_SSIM-0.588_LPIPS-0.483_FID-81.0_no-TTA,,,,0.9837417505730925,1.0,60.972782661174904,0.9672672870112401
581_a-person-is-jumping-on-a-trampoline-in-the-dark_FVD-463.0_PSNR-15.418_SSIM-0.612_LPIPS-0.489_FID-78.3_no-TTA,,,,0.986233599108714,1.0,33.637601655105065,0.9645566117529776
582_a-hand-pointing-to-a-paper-that-has-been-taped-to-the-windshield-of-a-car_FVD-627.6_PSNR-14.496_SSIM-0.600_LPIPS-0.341_FID-73.9_no-TTA,,,,0.9905036613670575,1.0,73.18429960053543,0.9687242881924498
583_there-is-a-green-sports-car-driving-down-a-city-street_FVD-627.6_PSNR-21.903_SSIM-0.774_LPIPS-0.103_FID-73.9_no-TTA,,,,0.9946123940695403,0.0,74.57148742675781,0.9870668626299092
584_there-is-a-man-standing-in-front-of-a-booth-displaying-bicycles-and-he-is-talkin_FVD-463.0_PSNR-9.581_SSIM-0.611_LPIPS-0.469_FID-78.3_no-TTA,,,,0.9877936652425393,0.0,65.7492719189874,0.9843027638454064
585_a-man-in-a-hat-and-sunglasses-is-standing-on-a-boat-with-a-green-sea-turtle-on-h_FVD-627.6_PSNR-22.968_SSIM-0.793_LPIPS-0.135_FID-73.9_no-TTA,,,,0.9942569282654301,0.0,68.47865953116582,0.99004539975933
586_a-young-man-with-glasses-is-standing-in-front-of-a-window-and-looking-at-the-cam_FVD-582.8_PSNR-27.716_SSIM-0.913_LPIPS-0.040_FID-83.4_no-TTA,,,,0.9944241760205685,0.0,66.18634112127896,0.9950844942354689
587_a-bunch-of-black-parts-sitting-on-top-of-a-wooden-floor_FVD-517.2_PSNR-7.787_SSIM-0.422_LPIPS-0.801_FID-81.0_no-TTA,,,,0.9800720319177351,1.0,67.83971536570581,0.9655438554053213
588_a-red-jeep-is-parked-in-a-parking-lot-at-night-with-the-headlights-on-and-a-tire_FVD-463.0_PSNR-10.955_SSIM-0.166_LPIPS-0.590_FID-78.3_no-TTA,,,,0.9506991260713686,1.0,59.82103400394834,0.9063786974140242
589_there-are-still-classified-and-unreleased-confidential-files-regarding-events-in_FVD-498.6_PSNR-18.790_SSIM-0.433_LPIPS-0.717_FID-81.3_no-TTA,,,,0.9898855814026999,0.0,47.19150168320228,0.9867905111873851
58_a-close-up-of-a-persons-hand-holding-a-skateboard_FVD-449.4_PSNR-32.110_SSIM-0.928_LPIPS-0.045_FID-73.9_no-TTA,,,,0.9963764965120663,0.0,46.96627268297919,0.9935586700252458
590_a-dark-room-with-a-reflection-of-a-building-in-the-glass_FVD-582.0_PSNR-12.307_SSIM-0.568_LPIPS-0.409_FID-84.1_no-TTA,,,,0.9747174674156521,1.0,69.23654082725788,0.9001273211310892
591_a-green-tent-set-up-on-a-grassy-field_FVD-582.8_PSNR-21.620_SSIM-0.851_LPIPS-0.118_FID-83.4_no-TTA,,,,0.9941788694310523,0.0,75.30946823646282,0.9931767603930305
592_a-woman-is-giving-an-interview-on-tv_FVD-498.6_PSNR-19.670_SSIM-0.765_LPIPS-0.196_FID-81.3_no-TTA,,,,0.9949696016895005,1.0,60.924490829993935,0.9924055931614895
593_two-young-women-are-cooking-food-in-a-kitchen_FVD-681.9_PSNR-12.640_SSIM-0.631_LPIPS-0.320_FID-78.8_no-TTA,,,,0.984322717000796,1.0,65.02618171428811,0.9628245521994198
594_a-ferret-is-playing-with-a-red-heart-shaped-toy_FVD-498.6_PSNR-21.135_SSIM-0.785_LPIPS-0.133_FID-81.3_no-TTA,,,,0.9945619772682043,1.0,61.17525048091494,0.988358782786949
595_the-dashboard-of-a-mercedes-benz_FVD-498.6_PSNR-30.907_SSIM-0.927_LPIPS-0.027_FID-81.3_no-TTA,,,,0.9939480103272613,0.0,69.43899720290611,0.9936486772462434
596_a-small-room-with-a-tv-a-stool-and-a-vending-machine_FVD-641.1_PSNR-21.021_SSIM-0.832_LPIPS-0.137_FID-76.1_no-TTA,,,,0.98988707305171,0.0,64.92319514833648,0.9796710650126139
597_it-is-a-white-mercedes-280-se-cabriolet-driving-on-a-winding-road_FVD-627.6_PSNR-7.462_SSIM-0.302_LPIPS-0.736_FID-73.9_no-TTA,,,,0.9662977428217547,1.0,51.23322848615975,0.9555111828972311
598_a-man-and-a-woman-are-sitting-in-front-of-a-computer-screen-with-a-blue-backgrou_FVD-641.1_PSNR-17.527_SSIM-0.877_LPIPS-0.198_FID-76.1_no-TTA,,,,0.9940336534253124,0.0,72.31621946137527,0.992352598321204
599_three-jars-filled-with-different-colored-pills-on-a-shelf_FVD-463.0_PSNR-13.502_SSIM-0.610_LPIPS-0.504_FID-78.3_no-TTA,,,,0.9920326738467823,1.0,64.19079681922649,0.9767159518073587
59_a-child-is-cracking-eggs-into-a-bowl-on-a-kitchen-counter_FVD-641.1_PSNR-21.276_SSIM-0.750_LPIPS-0.290_FID-76.1_no-TTA,,,,0.994484667999144,0.0,67.37031094781284,0.9908348027397604
5_the-person-is-holding-a-plastic-bowl-filled-with-cherry-tomatoes-on-a-kitchen-co_FVD-582.0_PSNR-18.676_SSIM-0.856_LPIPS-0.169_FID-84.1_no-TTA,,,,0.9943721918187681,1.0,69.23990289096174,0.9897993256064023
600_two-people-wearing-protective-gear-in-a-hospital-room_FVD-498.6_PSNR-24.123_SSIM-0.881_LPIPS-0.041_FID-81.3_no-TTA,,,,0.995988565598515,0.0,69.94959232724946,0.9948027545330571
601_the-man-is-wearing-a-brown-shirt-and-glasses-and-he-is-talking-to-the-camera_FVD-449.4_PSNR-8.125_SSIM-0.341_LPIPS-0.595_FID-73.9_no-TTA,,,,0.9800983929562744,1.0,60.24190231849407,0.9783837711109834
602_a-robot-on-a-computer-screen_FVD-582.8_PSNR-12.165_SSIM-0.595_LPIPS-0.591_FID-83.4_no-TTA,,,,0.979580870709662,1.0,52.74212041394464,0.9706436811708936
603_a-view-of-the-inside-of-a-vehicle-from-the-outside_FVD-582.0_PSNR-16.837_SSIM-0.727_LPIPS-0.445_FID-84.1_no-TTA,,,,0.9923889775929068,1.0,55.125411066515696,0.9885775248209635
604_a-black-background-with-the-words-try-your-answer-in-the-comments_FVD-641.1_PSNR-13.732_SSIM-0.579_LPIPS-0.406_FID-76.1_no-TTA,,,,0.9818083405905097,0.0,76.34498780349205,0.9757939263886096
605_the-word-film-guide-on-a-blue-background_FVD-627.6_PSNR-19.008_SSIM-0.828_LPIPS-0.120_FID-73.9_no-TTA,,,,0.9912117971854875,1.0,74.29047972580483,0.9913761307211483
606_the-character-select-screen-for-marvel-vs-capcom-3_FVD-463.0_PSNR-15.477_SSIM-0.656_LPIPS-0.250_FID-78.3_no-TTA,,,,0.9889290855564982,0.0,74.35298130430024,0.9870680734223011
607_a-news-anchor-and-reporter-are-sitting-at-a-news-desk-in-a-television-studio_FVD-517.2_PSNR-28.822_SSIM-0.932_LPIPS-0.021_FID-81.0_no-TTA,,,,0.994361429033419,0.0,73.15595324286099,0.9902581261653526
608_a-person-is-holding-a-sunflower-plush-toy_FVD-601.0_PSNR-18.218_SSIM-0.685_LPIPS-0.444_FID-84.8_no-TTA,,,,0.9907950514941554,1.0,54.324413562643116,0.9810590220432656
609_a-close-up-of-a-white-samsung-cell-phone_FVD-601.0_PSNR-22.777_SSIM-0.903_LPIPS-0.103_FID-84.8_no-TTA,,,,0.9913501782590707,0.0,63.76635373871902,0.9890607244828168
60_a-turtle-is-sitting-on-a-light-colored-background-and-looking-around_FVD-498.6_PSNR-17.732_SSIM-0.534_LPIPS-0.154_FID-81.3_no-TTA,,,,0.9879678017040149,1.0,67.62243547110722,0.9805855077855727
610_a-pile-of-bags-of-fertilizer-sitting-in-front-of-a-garage_FVD-601.0_PSNR-20.235_SSIM-0.562_LPIPS-0.174_FID-84.8_no-TTA,,,,0.9899241653124925,0.0,73.32069318047886,0.9810671731537464
611_it-is-a-blue-bmw-m240i-driving-on-a-winding-road-surrounded-by-trees_FVD-517.2_PSNR-4.884_SSIM-0.350_LPIPS-0.757_FID-81.0_no-TTA,,,,0.9690722074086044,1.0,67.93302614935513,0.9638128953821519
612_a-white-plate-topped-with-food-and-a-spoon_FVD-582.8_PSNR-19.058_SSIM-0.681_LPIPS-0.147_FID-83.4_no-TTA,,,,0.9925718860260451,0.0,77.58478809225149,0.9800587934606215
613_an-ea-sports-logo-on-a-black-background_FVD-681.9_PSNR-33.750_SSIM-0.969_LPIPS-0.004_FID-78.8_no-TTA,,,,0.9980221641274031,0.0,64.53479924695245,0.9982123363251779
614_there-is-a-machine-in-a-factory-with-a-water-pump-and-a-black-box_FVD-582.8_PSNR-20.523_SSIM-0.715_LPIPS-0.151_FID-83.4_no-TTA,,,,0.9934641242982235,0.0,49.61380228502997,0.9856905254663205
615_a-man-is-talking-to-the-camera-while-holding-a-razor_FVD-449.4_PSNR-23.140_SSIM-0.859_LPIPS-0.087_FID-73.9_no-TTA,,,,0.9947572034957145,1.0,71.88024744494209,0.9904677428451238
616_a-man-is-cooking-food-on-a-grill-in-the-backyard-of-his-house_FVD-517.2_PSNR-14.790_SSIM-0.556_LPIPS-0.543_FID-81.0_no-TTA,,,,0.9814115965563577,1.0,57.49983912500842,0.9586970123590207
617_a-red-car-parked-on-a-grassy-hill-next-to-a-lake_FVD-627.6_PSNR-25.017_SSIM-0.886_LPIPS-0.107_FID-73.9_no-TTA,,,,0.9952512755235642,1.0,58.793348115066,0.992526016515844
618_two-sports-cars-parked-in-front-of-a-garage_FVD-627.6_PSNR-23.642_SSIM-0.828_LPIPS-0.105_FID-73.9_no-TTA,,,,0.9928419418314869,1.0,72.06991682381465,0.991983263165343
619_a-stick-insect-is-crawling-on-a-branch-in-an-aquarium_FVD-582.0_PSNR-17.089_SSIM-0.883_LPIPS-0.243_FID-84.1_no-TTA,,,,0.9911038361658766,1.0,69.58352319125471,0.9808604932298848
61_a-screen-shot-of-a-video-game-with-a-man-in-a-headset_FVD-627.6_PSNR-15.554_SSIM-0.820_LPIPS-0.250_FID-73.9_no-TTA,,,,0.9791906338189657,1.0,71.06896025558999,0.9621212790994084
620_the-iphone-12-is-placed-on-a-wooden-table-and-rotates-slowly_FVD-601.0_PSNR-14.222_SSIM-0.194_LPIPS-0.696_FID-84.8_no-TTA,,,,0.9940868494165829,1.0,48.98193629034634,0.9879406265183991
621_a-close-up-of-a-man-running-on-a-track_FVD-641.1_PSNR-27.252_SSIM-0.939_LPIPS-0.051_FID-76.1_no-TTA,,,,0.9960131336188321,0.0,48.18378159095501,0.9948676315008426
622_a-futuristic-looking-vehicle-with-a-door-and-a-directional-arrow_FVD-582.8_PSNR-18.332_SSIM-0.739_LPIPS-0.325_FID-83.4_no-TTA,,,,0.9888300258003843,1.0,53.10835055647225,0.9654022964776731
623_a-person-is-holding-a-toy-dinosaur-that-appears-to-be-a-tyrannosaurus-rex-the-co_FVD-641.1_PSNR-19.402_SSIM-0.800_LPIPS-0.259_FID-76.1_no-TTA,,,,0.9892672437898771,1.0,76.9976085794383,0.979744935503193
624_there-is-a-bird-in-a-cage-with-food-scattered-around-it_FVD-517.2_PSNR-20.175_SSIM-0.799_LPIPS-0.388_FID-81.0_no-TTA,,,,0.9779995170143377,1.0,34.887020966102334,0.9606903487560796
625_a-small-frog-sitting-on-top-of-a-green-plant_FVD-601.0_PSNR-18.214_SSIM-0.679_LPIPS-0.360_FID-84.8_no-TTA,,,,0.9737823210881574,0.0,75.96838352597993,0.9686733301948098
626_a-news-anchor-and-reporter-are-sitting-at-a-desk-in-front-of-a-cityscape-backgro_FVD-641.1_PSNR-24.694_SSIM-0.896_LPIPS-0.061_FID-76.1_no-TTA,,,,0.995087016210063,0.0,75.51724690404431,0.994216976446264
627_a-bunch-of-toy-figures-on-a-shelf-with-the-words-grims-toy-show-action-inside_FVD-627.6_PSNR-17.762_SSIM-0.572_LPIPS-0.124_FID-73.9_no-TTA,,,,0.9811342873153535,1.0,65.29811096191406,0.928496005488377
628_a-person-with-a-backpack-standing-in-a-subway-station_FVD-601.0_PSNR-10.272_SSIM-0.419_LPIPS-0.651_FID-84.8_no-TTA,,,,0.9763070696026809,1.0,42.07394856420056,0.9030787823246974
629_a-street-is-flooded-with-water-from-a-water-main-break_FVD-627.6_PSNR-18.393_SSIM-0.714_LPIPS-0.138_FID-73.9_no-TTA,,,,0.9924379018100296,1.0,75.33377154120083,0.9828939624861175
62_a-tv-show-with-a-bunch-of-food-on-a-counter_FVD-681.9_PSNR-7.625_SSIM-0.344_LPIPS-0.794_FID-78.8_no-TTA,,,,0.9492794276163992,1.0,63.86204199955381,0.9259809681013519
630_a-table-with-a-bunch-of-wine-glasses-and-a-bunch-of-purple-flowers_FVD-582.8_PSNR-17.875_SSIM-0.678_LPIPS-0.156_FID-83.4_no-TTA,,,,0.9895374370701806,1.0,78.45205136003166,0.9785827038334866
631_there-is-a-person-standing-on-top-of-a-tall-tower-in-the-middle-of-a-mountainous_FVD-463.0_PSNR-21.495_SSIM-0.635_LPIPS-0.389_FID-78.3_no-TTA,,,,0.9900883727222193,0.0,62.18158590382543,0.9843716107162774
632_police-officers-are-responding-to-a-crime-scene-at-night_FVD-627.6_PSNR-25.917_SSIM-0.891_LPIPS-0.061_FID-73.9_no-TTA,,,,0.9953212895067215,0.0,71.7683255425815,0.9939153961106842
633_a-group-of-baseball-players-high-fiving-each-other_FVD-601.0_PSNR-18.067_SSIM-0.711_LPIPS-0.326_FID-84.8_no-TTA,,,,0.9936060792506105,1.0,43.2758464155526,0.9657523622699812
634_it-is-a-dark-background-with-a-bright-light-shining-in-the-center_FVD-627.6_PSNR-36.491_SSIM-0.951_LPIPS-0.061_FID-73.9_no-TTA,,,,0.9960830416902338,0.0,37.02125141538423,0.996163100121068
635_the-earth-from-space-with-a-black-background_FVD-641.1_PSNR-26.964_SSIM-0.836_LPIPS-0.122_FID-76.1_no-TTA,,,,0.9954062417234523,1.0,71.44958811792834,0.990618215822706
636_there-are-two-young-women-standing-in-a-kitchen-smiling-and-laughing_FVD-641.1_PSNR-22.507_SSIM-0.829_LPIPS-0.066_FID-76.1_no-TTA,,,,0.9946545448441129,0.0,77.06245211897225,0.9917512164396398
637_a-man-is-standing-in-a-gym-and-talking-to-the-camera_FVD-463.0_PSNR-10.483_SSIM-0.281_LPIPS-0.673_FID-78.3_no-TTA,,,,0.9739897178155451,1.0,41.85782814025879,0.9520741593603994
638_two-young-women-are-preparing-food-in-a-kitchen_FVD-601.0_PSNR-14.911_SSIM-0.514_LPIPS-0.535_FID-84.8_no-TTA,,,,0.9955372358612249,0.0,65.58517324513403,0.9931358103658638
639_there-is-a-metal-shower-head-hanging-from-the-ceiling-in-a-bathroom-with-white-t_FVD-463.0_PSNR-28.203_SSIM-0.921_LPIPS-0.047_FID-78.3_no-TTA,,,,0.9951689320559955,1.0,60.89632849857725,0.9915398896909228
63_there-is-a-bag-of-teddy-grahams-honey-on-a-table_FVD-641.1_PSNR-14.108_SSIM-0.500_LPIPS-0.476_FID-76.1_no-TTA,,,,0.9868884161904612,1.0,36.41528478162042,0.9550846511242437
640_a-gray-suv-kia-sportage-is-parked-on-the-side-of-the-road_FVD-601.0_PSNR-24.527_SSIM-0.792_LPIPS-0.050_FID-84.8_no-TTA,,,,0.9959612642132173,0.0,74.14394746977707,0.995873525095921
641_a-video-game-screen-with-text-on-it_FVD-601.0_PSNR-37.755_SSIM-0.996_LPIPS-0.003_FID-84.8_no-TTA,,,,0.9962782812443888,0.0,44.78600153429755,0.9974177224963319
642_a-man-is-standing-in-front-of-a-green-parrot-and-holding-a-gun_FVD-601.0_PSNR-15.620_SSIM-0.723_LPIPS-0.527_FID-84.8_no-TTA,,,,0.9764361023856658,1.0,62.08595394266063,0.963048287933948
643_a-boy-and-a-girl-are-drawing-on-paper_FVD-681.9_PSNR-10.015_SSIM-0.317_LPIPS-0.655_FID-78.8_no-TTA,,,,0.9906684708138063,0.0,65.02278755451071,0.9336808672138289
644_a-man-with-glasses-sitting-in-front-of-a-light_FVD-582.0_PSNR-19.257_SSIM-0.711_LPIPS-0.315_FID-84.1_no-TTA,,,,0.9943879815548015,1.0,59.425903451853785,0.9841555894589892
645_a-chef-is-preparing-food-in-a-kitchen-with-paper-cloth-and-dough_FVD-498.6_PSNR-21.962_SSIM-0.746_LPIPS-0.369_FID-81.3_no-TTA,,,,0.9955042348803838,0.0,60.422174256423425,0.9809588002223595
646_there-is-a-bowl-of-black-soy-sauce-on-a-white-table_FVD-601.0_PSNR-4.855_SSIM-0.357_LPIPS-0.647_FID-84.8_no-TTA,,,,0.9616857506557644,1.0,54.88720584737843,0.9340740503049364
647_it-is-raining-on-a-street-and-there-are-puddles-of-water-on-the-ground_FVD-449.4_PSNR-6.113_SSIM-0.438_LPIPS-0.651_FID-73.9_no-TTA,,,,0.9745646641068286,0.0,73.52601570918642,0.9649014005474016
648_an-aerial-view-of-a-white-building-with-a-man-standing-in-front-of-it_FVD-681.9_PSNR-11.216_SSIM-0.488_LPIPS-0.638_FID-78.8_no-TTA,,,,0.9706039820108064,1.0,69.49124553285796,0.9459812126907647
649_a-close-up-of-a-green-bowl-with-two-bottles-in-it_FVD-601.0_PSNR-27.855_SSIM-0.918_LPIPS-0.027_FID-84.8_no-TTA,,,,0.9964526952273964,0.0,71.67091790561018,0.9960591330247767
64_the-user-is-browsing-a-wireless-charging-pad-on-a-computer-screen_FVD-681.9_PSNR-17.105_SSIM-0.725_LPIPS-0.231_FID-78.8_no-TTA,,,,0.9903052154689334,1.0,76.60929055049502,0.9801479395698098
650_a-small-green-train-is-on-a-toy-track_FVD-641.1_PSNR-27.253_SSIM-0.930_LPIPS-0.177_FID-76.1_no-TTA,,,,0.9940132398111489,0.0,51.3887483004866,0.9942127195059084
651_person-is-cooking-a-dish-in-a-slow-cooker_FVD-641.1_PSNR-22.717_SSIM-0.779_LPIPS-0.128_FID-76.1_no-TTA,,,,0.990894576513832,1.0,56.00290166920629,0.9833980074115828
652_person-is-being-poured-into-a-pot-on-the-kitchen-sink_FVD-517.2_PSNR-17.517_SSIM-0.706_LPIPS-0.175_FID-81.0_no-TTA,,,,0.9910909537426081,1.0,71.38393507332637,0.9812118137584013
653_a-close-up-of-some-food-on-a-plate_FVD-582.0_PSNR-13.791_SSIM-0.408_LPIPS-0.661_FID-84.1_no-TTA,,,,0.9789209577059991,0.0,64.78435305891365,0.9750846619699516
654_the-logo-for-chemical-business-simulator-and-the-logo-for-the-college-of-enginee_FVD-517.2_PSNR-9.415_SSIM-0.753_LPIPS-0.507_FID-81.0_no-TTA,,,,0.9921009911376409,0.0,51.89690609635978,0.9925086559033861
655_a-screen-shot-of-a-video-editor-with-a-man-sitting-at-a-bar_FVD-681.9_PSNR-19.463_SSIM-0.553_LPIPS-0.732_FID-78.8_no-TTA,,,,0.9856443079702502,0.0,45.75640632366312,0.9904821741814707
656_a-man-is-screaming-in-front-of-a-fire_FVD-463.0_PSNR-21.628_SSIM-0.800_LPIPS-0.171_FID-78.3_no-TTA,,,,0.9927400203537611,1.0,66.29474061110923,0.9878820466060264
657_a-video-game-lobby-with-a-checkered-floor_FVD-517.2_PSNR-16.235_SSIM-0.731_LPIPS-0.429_FID-81.0_no-TTA,,,,0.995379477612359,1.0,71.6325244245858,0.9957320194618374
658_there-is-a-construction-site-with-several-houses-in-the-background_FVD-627.6_PSNR-16.503_SSIM-0.587_LPIPS-0.340_FID-73.9_no-TTA,,,,0.9579676553447234,1.0,56.93203728774498,0.9226053350112018
659_a-person-in-a-kitchen-holding-a-tray-of-muffin-tins_FVD-517.2_PSNR-16.504_SSIM-0.479_LPIPS-0.453_FID-81.0_no-TTA,,,,0.9817704428860219,1.0,71.79806544862944,0.956770507962096
65_a-pregnant-woman-with-a-basket-of-fruits-and-vegetables-in-front-of-her_FVD-582.0_PSNR-18.777_SSIM-0.562_LPIPS-0.354_FID-84.1_no-TTA,,,,0.9947075675890014,0.0,56.345076199235585,0.9850545191297344
660_a-news-anchor-in-a-suit-and-tie-on-a-tv-screen_FVD-601.0_PSNR-25.702_SSIM-0.900_LPIPS-0.039_FID-84.8_no-TTA,,,,0.9941791195978926,0.0,75.53872101882408,0.992828621116339
661_a-person-is-cutting-a-quesadilla-with-a-knife_FVD-517.2_PSNR-11.683_SSIM-0.786_LPIPS-0.346_FID-81.0_no-TTA,,,,0.9862290610354718,1.0,42.173254341914735,0.9802101079155418
662_a-man-is-sitting-at-a-table-in-a-kitchen-holding-a-plastic-container-and-looking_FVD-449.4_PSNR-20.591_SSIM-0.815_LPIPS-0.096_FID-73.9_no-TTA,,,,0.9937695354584142,1.0,71.17328643798828,0.9850155821033553
663_a-young-black-woman-in-a-blue-dress-sits-in-a-chair-and-smiles-at-the-camera_FVD-641.1_PSNR-7.817_SSIM-0.148_LPIPS-0.960_FID-76.1_no-TTA,,,,0.9924369832067442,0.0,50.212681211274244,0.9865319934545779
664_the-words-growing-and-pruning-part-2-by-byron-martin_FVD-449.4_PSNR-35.310_SSIM-0.958_LPIPS-0.019_FID-73.9_no-TTA,,,,0.9958204434284398,0.0,76.13673742886247,0.996478480684991
665_a-white-tailed-deer-is-standing-in-a-field-and-then-runs-away_FVD-627.6_PSNR-24.057_SSIM-0.923_LPIPS-0.133_FID-73.9_no-TTA,,,,0.9917588552515023,0.0,67.93525985191609,0.9894058676326976
666_a-pile-of-money-next-to-a-pile-of-oil-barrels_FVD-582.8_PSNR-19.447_SSIM-0.818_LPIPS-0.200_FID-83.4_no-TTA,,,,0.9831457680561541,1.0,69.97196934140962,0.9767611017414167
667_two-young-men-are-standing-in-front-of-a-red-background-and-they-are-both-wearin_FVD-582.8_PSNR-14.716_SSIM-0.747_LPIPS-0.278_FID-83.4_no-TTA,,,,0.9904948463760503,1.0,75.075169004243,0.9717867421168908
668_there-is-a-book-open-on-a-table-with-a-red-and-blue-lace-bookmark-on-it_FVD-463.0_PSNR-26.813_SSIM-0.930_LPIPS-0.035_FID-78.3_no-TTA,,,,0.9946547148172837,0.0,71.99964825860386,0.9944547919666066
669_a-baby-laying-on-a-wooden-floor-next-to-a-laptop_FVD-627.6_PSNR-18.011_SSIM-0.729_LPIPS-0.390_FID-73.9_no-TTA,,,,0.9551458809351732,1.0,41.47868393207418,0.9425873962103152
66_two-women-sitting-at-a-table-looking-at-something_FVD-641.1_PSNR-24.100_SSIM-0.920_LPIPS-0.038_FID-76.1_no-TTA,,,,0.9955572947995972,0.0,70.56792423642915,0.9953158285103593
670_sonic-the-hedgehog-standing-on-top-of-a-city_FVD-582.8_PSNR-10.499_SSIM-0.436_LPIPS-0.684_FID-83.4_no-TTA,,,,0.9914920904259139,1.0,51.67354202270508,0.9668398950614181
671_two-men-standing-in-front-of-a-tv-showing-a-chargers-workout_FVD-463.0_PSNR-14.179_SSIM-0.642_LPIPS-0.302_FID-78.3_no-TTA,,,,0.9880233714746582,1.0,74.47463620942214,0.9832413392908433
672_a-woman-in-a-green-jacket-sitting-at-a-desk-in-front-of-a-television-screen_FVD-601.0_PSNR-20.963_SSIM-0.844_LPIPS-0.109_FID-84.8_no-TTA,,,,0.9948221966070082,0.0,77.79977259142646,0.9932086818358478
673_a-blue-background-with-the-words-orchestration-moving-around-the-kit_FVD-517.2_PSNR-10.288_SSIM-0.400_LPIPS-0.662_FID-81.0_no-TTA,,,,0.9631579581952974,1.0,65.3205821596343,0.9568947212368835
674_the-space-shuttle-is-launching-into-the-sky-with-smoke-billowing-out-of-its-engi_FVD-582.8_PSNR-16.956_SSIM-0.621_LPIPS-0.350_FID-83.4_no-TTA,,,,0.9938595676986073,1.0,48.469407311801255,0.9909546347225413
675_there-are-people-skating-on-an-outdoor-ice-rink-in-front-of-a-large-building-wit_FVD-681.9_PSNR-14.229_SSIM-0.727_LPIPS-0.377_FID-78.8_no-TTA,,,,0.9773349289301725,1.0,78.79840008965854,0.9726501633139217
676_a-close-up-of-a-video-game-screen_FVD-582.8_PSNR-21.827_SSIM-0.764_LPIPS-0.379_FID-83.4_no-TTA,,,,0.9908648022176285,1.0,38.81390472938274,0.9858758524352429
677_a-yellow-school-bus-is-driving-down-a-street-next-to-trees_FVD-601.0_PSNR-16.309_SSIM-0.655_LPIPS-0.280_FID-84.8_no-TTA,,,,0.9854329983529203,1.0,68.81299301673626,0.98370475582048
678_a-man-in-a-red-shirt-walks-away-from-a-blue-truck-on-a-dirt-road-in-the-woods_FVD-641.1_PSNR-8.189_SSIM-0.440_LPIPS-0.586_FID-76.1_no-TTA,,,,0.9823970893111518,1.0,55.054638172018116,0.9687208530949611
679_a-television-screen-showing-a-list-of-countries_FVD-641.1_PSNR-19.432_SSIM-0.727_LPIPS-0.257_FID-76.1_no-TTA,,,,0.9903740167274175,0.0,69.8375165215854,0.9865545852511537
67_a-man-wearing-a-suit-and-tie-is-talking-into-a-microphone_FVD-641.1_PSNR-22.235_SSIM-0.874_LPIPS-0.091_FID-76.1_no-TTA,,,,0.9954514419616672,0.0,66.25869014345366,0.9939522327161303
680_there-is-a-cafe-with-a-view-of-the-road-and-cars-passing-by_FVD-498.6_PSNR-17.669_SSIM-0.830_LPIPS-0.183_FID-81.3_no-TTA,,,,0.991365107842015,1.0,70.74739390406116,0.9862766443514357
681_an-illustration-of-a-blood-vessel-with-red-and-blue-branches_FVD-517.2_PSNR-9.168_SSIM-0.417_LPIPS-0.831_FID-81.0_no-TTA,,,,0.959990876859558,1.0,70.45460247171336,0.9569104587330538
682_the-plants-are-growing-in-a-greenhouse-with-wooden-beams-supporting-the-structur_FVD-449.4_PSNR-13.899_SSIM-0.131_LPIPS-0.410_FID-73.9_no-TTA,,,,0.9765760171924005,1.0,79.24948646282327,0.9370337542365579
683_a-kitchen-table-with-a-blender-cups-bottles-glasses-and-a-glass-on-it-sits-in-fr_FVD-463.0_PSNR-9.231_SSIM-0.268_LPIPS-0.662_FID-78.3_no-TTA,,,,0.9874996172681145,0.0,57.023400931522765,0.9794402533886479
684_a-woman-is-preparing-a-meal-in-her-kitchen-she-is-wearing-a-green-shirt-and-is-s_FVD-681.9_PSNR-26.923_SSIM-0.889_LPIPS-0.035_FID-78.8_no-TTA,,,,0.9949469216105246,0.0,76.79643275819976,0.9921923211976593
685_there-is-a-red-curtain-in-front-of-a-red-background_FVD-517.2_PSNR-17.793_SSIM-0.893_LPIPS-0.119_FID-81.0_no-TTA,,,,0.9969185358104247,1.0,62.272598924307985,0.9853126077090992
686_a-computer-screen-displaying-a-web-page_FVD-517.2_PSNR-14.195_SSIM-0.491_LPIPS-0.525_FID-81.0_no-TTA,,,,0.9760309193121693,1.0,72.6691032935833,0.9412581986072017
687_there-is-a-white-dog-sitting-on-a-pillow-in-a-room-with-tiled-floors-and-white-w_FVD-449.4_PSNR-34.535_SSIM-0.964_LPIPS-0.023_FID-73.9_no-TTA,,,,0.9959484549695947,0.0,73.40362285745555,0.9970484065074546
688_a-baseball-player-in-a-red-jersey-is-walking-off-the-field_FVD-517.2_PSNR-29.169_SSIM-0.897_LPIPS-0.073_FID-81.0_no-TTA,,,,0.9958288067163297,0.0,64.54478678210029,0.9956975067363066
689_a-man-in-a-cowboy-hat-is-laying-in-a-hole-in-the-dirt-next-to-a-street_FVD-498.6_PSNR-15.462_SSIM-0.358_LPIPS-0.309_FID-81.3_no-TTA,,,,0.9762409226845119,1.0,62.55637030765928,0.9333388085458793
68_a-person-is-holding-a-plastic-cup-in-their-hand-with-a-red-fish-in-it_FVD-582.8_PSNR-10.362_SSIM-0.584_LPIPS-0.636_FID-83.4_no-TTA,,,,0.9451716567703471,1.0,41.96791122699606,0.9233738917930453
690_the-sun-is-setting-over-a-backyard-with-a-fence-and-a-tree_FVD-498.6_PSNR-23.303_SSIM-0.869_LPIPS-0.122_FID-81.3_no-TTA,,,,0.9951127106825637,1.0,61.31990564280543,0.9902534017375871
691_a-group-of-men-sitting-around-a-table-looking-at-computer-screens_FVD-681.9_PSNR-11.229_SSIM-0.424_LPIPS-0.657_FID-78.8_no-TTA,,,,0.9425209006211993,1.0,48.29472785160459,0.9394400577919156
692_a-man-in-a-red-shirt-is-standing-next-to-a-car-with-the-trunk-open_FVD-601.0_PSNR-10.982_SSIM-0.342_LPIPS-0.678_FID-84.8_no-TTA,,,,0.9795864152952848,0.0,53.46553447328765,0.976427801917581
693_a-close-up-of-a-persons-eye_FVD-582.8_PSNR-9.436_SSIM-0.354_LPIPS-0.778_FID-83.4_no-TTA,,,,0.9741940075642971,1.0,51.82324323983028,0.9582290275424135
694_a-bowl-of-food-on-a-table-with-two-forks_FVD-627.6_PSNR-16.418_SSIM-0.513_LPIPS-0.321_FID-73.9_no-TTA,,,,0.9830973458093173,1.0,67.3907136588261,0.9695636562272614
695_a-police-officer-on-a-newscast-with-a-building-in-the-background_FVD-641.1_PSNR-9.999_SSIM-0.576_LPIPS-0.650_FID-76.1_no-TTA,,,,0.9877097679349517,1.0,59.64575839864796,0.9633943707335229
696_a-moose-is-standing-in-a-field-with-tall-grass-and-trees-in-the-background_FVD-627.6_PSNR-20.214_SSIM-0.597_LPIPS-0.183_FID-73.9_no-TTA,,,,0.9903887992496678,1.0,65.52743175111968,0.9847383985332414
697_there-is-a-gauge-on-the-dashboard-of-a-car-that-displays-the-battery-percentage_FVD-498.6_PSNR-18.424_SSIM-0.842_LPIPS-0.270_FID-81.3_no-TTA,,,,0.9941054019764958,0.0,75.69077511491447,0.98215872259701
698_the-camera-is-moving-along-a-city-street-passing-by-buildings-and-cars_FVD-463.0_PSNR-17.230_SSIM-0.705_LPIPS-0.350_FID-78.3_no-TTA,,,,0.9904800804536559,1.0,61.535891565783274,0.9787499783085841
699_a-white-letter-a-on-a-black-background_FVD-681.9_PSNR-12.530_SSIM-0.420_LPIPS-0.499_FID-78.8_no-TTA,,,,0.9882222092228986,1.0,50.87830076546505,0.9827382424298454
69_a-person-is-standing-in-front-of-a-counter-in-a-coffee-shop_FVD-463.0_PSNR-20.238_SSIM-0.762_LPIPS-0.259_FID-78.3_no-TTA,,,,0.9940296537952789,1.0,50.12106941486227,0.9884687115164364
6_a-small-boat-is-sailing-in-the-ocean-with-mountains-in-the-background_FVD-463.0_PSNR-22.542_SSIM-0.809_LPIPS-0.249_FID-78.3_no-TTA,,,,0.9926965927931001,1.0,57.05511237835062,0.9877847578011307
700_a-green-bowl-of-soup-with-a-spoon-in-it-and-a-picture-of-a-bowl-of-soup_FVD-449.4_PSNR-12.913_SSIM-0.528_LPIPS-0.543_FID-73.9_no-TTA,,,,0.9818425402679769,0.0,75.6549151190396,0.9792855674145269
701_two-men-sitting-at-a-table-in-front-of-a-microphone_FVD-449.4_PSNR-23.517_SSIM-0.850_LPIPS-0.081_FID-73.9_no-TTA,,,,0.9939845748996714,0.0,72.9052734375,0.991709316478056
702_a-wooden-wine-rack-on-a-white-background_FVD-681.9_PSNR-19.518_SSIM-0.813_LPIPS-0.105_FID-78.8_no-TTA,,,,0.9886272576271428,1.0,69.88771767451846,0.9691064591501274
703_the-user-is-using-a-computer-to-control-a-graph-on-a-screen_FVD-449.4_PSNR-17.439_SSIM-0.786_LPIPS-0.361_FID-73.9_no-TTA,,,,0.9949528963895922,0.0,73.64434972302666,0.9927584732280058
704_a-young-man-is-standing-in-front-of-a-parking-lot-with-trees-in-the-background_FVD-517.2_PSNR-24.641_SSIM-0.879_LPIPS-0.083_FID-81.0_no-TTA,,,,0.9950049832299372,0.0,70.8403970126448,0.9929807190801583
705_a-close-up-of-a-pair-of-pliers-laying-on-the-floor_FVD-582.0_PSNR-10.887_SSIM-0.398_LPIPS-0.647_FID-84.1_no-TTA,,,,0.9909420635575277,0.0,57.25856031220535,0.9838063127854291
706_the-logo-for-a-movie-network-exclusive_FVD-463.0_PSNR-14.264_SSIM-0.695_LPIPS-0.291_FID-78.3_no-TTA,,,,0.9856824937173052,1.0,67.56819442222859,0.9747580640456256
707_three-speech-bubbles-with-question-marks-on-a-white-background_FVD-463.0_PSNR-41.803_SSIM-0.987_LPIPS-0.005_FID-78.3_no-TTA,,,,0.9962322966045393,0.0,65.2935149094154,0.9980750585303587
708_a-young-man-is-fishing-in-a-beautiful-lake-with-tall-grass-and-trees-surrounding_FVD-641.1_PSNR-19.442_SSIM-0.664_LPIPS-0.135_FID-76.1_no-TTA,,,,0.9867446233301013,0.0,74.10954258359712,0.9825515952764773
709_the-inside-of-a-limousine-looking-out-the-window_FVD-517.2_PSNR-6.708_SSIM-0.510_LPIPS-0.562_FID-81.0_no-TTA,,,,0.9799579361993195,1.0,76.93668128704202,0.9674318350997626
70_a-man-is-cooking-corn-on-the-cob-in-a-kitchen_FVD-641.1_PSNR-18.052_SSIM-0.879_LPIPS-0.086_FID-76.1_no-TTA,,,,0.9907618391574045,1.0,72.5863108141669,0.9558599733838848
710_a-video-game-character-running-on-a-rainbow-colored-floor_FVD-601.0_PSNR-17.507_SSIM-0.804_LPIPS-0.384_FID-84.8_no-TTA,,,,0.9921508673915613,1.0,43.94946591607456,0.9857303638084262
711_the-women-are-working-out-in-a-room-with-a-chair-and-a-large-window_FVD-641.1_PSNR-12.697_SSIM-0.663_LPIPS-0.593_FID-76.1_no-TTA,,,,0.9635453635246833,1.0,52.61933399068898,0.9446108911551682
712_it-is-a-black-background-with-white-text-on-it_FVD-517.2_PSNR-25.763_SSIM-0.925_LPIPS-0.020_FID-81.0_no-TTA,,,,0.9981577620364385,0.0,49.79134908215753,0.9938551898096122
713_it-is-a-black-mercedes-c-class-car-driving-on-a-snowy-mountain-road_FVD-582.0_PSNR-15.500_SSIM-0.626_LPIPS-0.355_FID-84.1_no-TTA,,,,0.9953780979539252,1.0,65.87699127197266,0.9811850416894052
714_a-couple-of-twitters-are-displayed-on-a-black-screen_FVD-463.0_PSNR-13.410_SSIM-0.536_LPIPS-0.358_FID-78.3_no-TTA,,,,0.9872990676305244,1.0,77.42744945657664,0.9730406648972455
715_a-motorcycle-rider-is-riding-on-a-dirt-road-and-jumping-over-obstacles_FVD-627.6_PSNR-12.838_SSIM-0.562_LPIPS-0.356_FID-73.9_no-TTA,,,,0.9613462915548163,1.0,75.07711923533472,0.9438554389804017
716_there-is-a-man-sitting-in-a-taxi-and-the-taxi-is-driving-through-the-city_FVD-641.1_PSNR-20.261_SSIM-0.710_LPIPS-0.166_FID-76.1_no-TTA,,,,0.9941938329151104,1.0,50.19284570628199,0.9847484672770781
717_a-frying-pan-full-of-sausages-on-a-stove_FVD-582.0_PSNR-12.912_SSIM-0.409_LPIPS-0.695_FID-84.1_no-TTA,,,,0.9920848911479655,1.0,46.7290609951677,0.9886123834871778
718_a-baseball-player-running-on-a-baseball-field_FVD-517.2_PSNR-20.401_SSIM-0.541_LPIPS-0.171_FID-81.0_no-TTA,,,,0.9935259225217865,0.0,67.89984157167632,0.9871243476867676
719_there-are-several-pieces-of-cooked-chicken-on-a-metal-rack-on-top-of-a-counter_FVD-517.2_PSNR-15.946_SSIM-0.711_LPIPS-0.222_FID-81.0_no-TTA,,,,0.9789676206019267,1.0,67.62623412033608,0.9714578609840543
71_a-fish-is-placed-in-a-plastic-bag-with-water_FVD-449.4_PSNR-22.961_SSIM-0.643_LPIPS-0.188_FID-73.9_no-TTA,,,,0.9916692464245314,0.0,60.072975684856544,0.9879493554433186
720_a-person-is-holding-a-smartphone-with-a-picture-of-a-game-on-the-screen_FVD-681.9_PSNR-34.973_SSIM-0.970_LPIPS-0.060_FID-78.8_no-TTA,,,,0.9959890042087882,1.0,49.57115265418743,0.9932762627508126
721_a-person-holding-a-bag-of-green-liquid-on-a-counter_FVD-641.1_PSNR-21.699_SSIM-0.840_LPIPS-0.067_FID-76.1_no-TTA,,,,0.9940822070681906,0.0,69.93319281216326,0.9892312573451622
722_a-white-porsche-driving-down-a-curvy-road_FVD-463.0_PSNR-13.280_SSIM-0.325_LPIPS-0.799_FID-78.3_no-TTA,,,,0.988452678113179,1.0,50.967907214986866,0.9795637729121189
723_a-street-with-police-officers-a-car-and-other-vehicles_FVD-517.2_PSNR-20.140_SSIM-0.528_LPIPS-0.367_FID-81.0_no-TTA,,,,0.9891289733040652,1.0,52.31896485953495,0.9899291262907141
724_three-men-are-drawing-a-car-on-a-wall_FVD-498.6_PSNR-7.611_SSIM-0.237_LPIPS-0.798_FID-81.3_no-TTA,,,,0.9804435691878247,1.0,47.31381330818966,0.9817121056949392
725_a-young-woman-in-a-green-shirt-is-standing-on-the-floor-of-a-living-room_FVD-681.9_PSNR-24.882_SSIM-0.854_LPIPS-0.060_FID-78.8_no-TTA,,,,0.9953168678662705,1.0,69.6907887952081,0.9927703497456569
726_a-close-up-of-a-persons-hand-on-top-of-a-pile-of-green-leaves_FVD-681.9_PSNR-17.040_SSIM-0.478_LPIPS-0.150_FID-78.8_no-TTA,,,,0.9808559133455733,1.0,69.1734277133284,0.9656463585647882
727_a-cat-is-eating-food-from-a-small-white-bowl-on-a-carpet_FVD-681.9_PSNR-18.076_SSIM-0.328_LPIPS-0.123_FID-78.8_no-TTA,,,,0.9918035988767836,0.0,73.19228941818764,0.9787987858641382
728_a-picture-of-a-statue-of-a-dragon-on-a-tv-screen_FVD-681.9_PSNR-20.871_SSIM-0.858_LPIPS-0.085_FID-78.8_no-TTA,,,,0.9907770109579622,0.0,69.73456520869814,0.9874797905192656
729_there-are-two-men-sitting-on-red-chairs-in-a-room-with-shelves-filled-with-bottl_FVD-463.0_PSNR-23.047_SSIM-0.867_LPIPS-0.105_FID-78.3_no-TTA,,,,0.9934128943377565,1.0,64.25675385573814,0.9906176688624363
72_a-close-up-of-a-bmw-car-on-a-brick-road_FVD-498.6_PSNR-15.227_SSIM-0.401_LPIPS-0.335_FID-81.3_no-TTA,,,,0.990299858859142,1.0,69.05630572088833,0.9737844822453517
730_a-group-of-people-including-a-man-a-woman-and-a-baby-are-in-a-kitchen-they-are-l_FVD-449.4_PSNR-8.759_SSIM-0.284_LPIPS-0.717_FID-73.9_no-TTA,,,,0.9939815934720576,0.0,76.87340703503838,0.9879895144817876
731_a-person-is-knitting-with-green-yarn-on-a-white-background_FVD-463.0_PSNR-6.107_SSIM-0.410_LPIPS-0.729_FID-78.3_no-TTA,,,,0.9619913236060984,1.0,73.02125707165948,0.9476142210118911
732_the-mugshots-of-five-men-who-have-been-arrested_FVD-627.6_PSNR-23.206_SSIM-0.861_LPIPS-0.113_FID-73.9_no-TTA,,,,0.9937796545902015,0.0,60.06212195034685,0.9915010947807162
733_a-person-holding-an-iphone-in-front-of-a-laptop_FVD-463.0_PSNR-10.440_SSIM-0.199_LPIPS-0.638_FID-78.3_no-TTA,,,,0.9923853541483366,0.0,57.66830365411167,0.980160348555621
734_there-are-various-types-of-reptiles-including-snakes-lizards-and-turtles-all-hou_FVD-681.9_PSNR-16.161_SSIM-0.336_LPIPS-0.562_FID-78.8_no-TTA,,,,0.9942438562297248,0.0,56.15171340416218,0.9828709041371065
735_a-person-is-driving-a-black-car-down-a-road-with-a-green-grassy-field-in-the-bac_FVD-582.8_PSNR-8.619_SSIM-0.218_LPIPS-0.825_FID-83.4_no-TTA,,,,0.9843694238512712,1.0,65.3112116846545,0.9661409191056793
736_the-person-is-sitting-in-front-of-a-desk-with-books-and-other-items-on-it-wearin_FVD-601.0_PSNR-6.132_SSIM-0.349_LPIPS-0.931_FID-84.8_no-TTA,,,,0.9804123820334758,0.0,65.33998541996397,0.9773279545353908
737_a-man-is-standing-in-a-kitchen-and-talking-to-the-camera_FVD-641.1_PSNR-11.940_SSIM-0.190_LPIPS-0.691_FID-76.1_no-TTA,,,,0.9932967421076337,0.0,54.032114094701306,0.9833271381901759
738_the-front-entrance-of-a-building-with-glass-doors_FVD-641.1_PSNR-15.274_SSIM-0.512_LPIPS-0.477_FID-76.1_no-TTA,,,,0.9834019732692757,0.0,76.24104651089372,0.9883709253049364
739_a-man-is-cutting-red-peppers-on-a-wooden-cutting-board-in-a-modern-kitchen_FVD-681.9_PSNR-18.960_SSIM-0.781_LPIPS-0.174_FID-78.8_no-TTA,,,,0.9902382832139266,1.0,73.98681509083715,0.9840228492138432
73_a-drone-is-taking-off-and-flying-over-a-river_FVD-463.0_PSNR-14.487_SSIM-0.509_LPIPS-0.398_FID-78.3_no-TTA,,,,0.962545214266262,1.0,69.87705309637661,0.9450421763401405
740_a-pair-of-scissors-laying-on-the-floor-next-to-some-plastic-bags_FVD-498.6_PSNR-20.004_SSIM-0.465_LPIPS-0.344_FID-81.3_no-TTA,,,,0.9899945201771948,1.0,61.09730135161301,0.9737773913963168
741_a-mother-and-her-two-children-are-sitting-at-a-table-and-making-crafts-together_FVD-641.1_PSNR-20.089_SSIM-0.473_LPIPS-0.105_FID-76.1_no-TTA,,,,0.9862572185992452,0.0,71.51368423988079,0.967143720739028
742_three-men-standing-on-a-street-in-front-of-a-building_FVD-582.8_PSNR-22.477_SSIM-0.892_LPIPS-0.089_FID-83.4_no-TTA,,,,0.9928717516654098,0.0,62.68601766125909,0.9910202447105857
743_an-older-man-and-woman-stand-on-a-beach-with-the-ocean-in-the-background_FVD-681.9_PSNR-9.275_SSIM-0.405_LPIPS-0.643_FID-78.8_no-TTA,,,,0.9516629403497511,1.0,74.67570022056843,0.9364833009009268
744_there-are-two-people-standing-on-a-sidewalk-one-of-them-is-holding-a-plate-with_FVD-517.2_PSNR-12.309_SSIM-0.431_LPIPS-0.437_FID-81.0_no-TTA,,,,0.989264863697883,1.0,71.1548238293878,0.9623718448713714
745_the-word-numeros-complexos-on-a-blue-background_FVD-601.0_PSNR-36.780_SSIM-0.992_LPIPS-0.001_FID-84.8_no-TTA,,,,0.9958804060820375,0.0,71.7599184759732,0.9970495635387944
746_a-computer-screen-showing-various-items-in-minecraft_FVD-517.2_PSNR-24.048_SSIM-0.866_LPIPS-0.191_FID-81.0_no-TTA,,,,0.9927868132429254,0.0,71.89993812297952,0.99119540569829
747_a-soccer-player-is-being-interviewed-on-a-green-field-with-microphones-in-front_FVD-582.0_PSNR-20.998_SSIM-0.783_LPIPS-0.139_FID-84.1_no-TTA,,,,0.9934297167718583,0.0,72.56024196230132,0.9912652604720171
748_the-operating-room-is-equipped-with-modern-medical-equipment_FVD-449.4_PSNR-12.534_SSIM-0.495_LPIPS-0.697_FID-73.9_no-TTA,,,,0.975414499567188,0.0,69.06460979067046,0.9834856669108073
749_a-close-up-of-a-guitar-with-stickers-on-it_FVD-681.9_PSNR-8.833_SSIM-0.335_LPIPS-0.685_FID-78.8_no-TTA,,,,0.9719900355975724,1.0,65.44065962166621,0.9556622710882449
74_a-diagram-showing-the-structure-of-a-neuron_FVD-627.6_PSNR-35.021_SSIM-0.990_LPIPS-0.016_FID-73.9_no-TTA,,,,0.9877084301268585,0.0,57.92540859353954,0.9877528321509268
750_two-men-shaking-hands-in-a-formal-setting_FVD-517.2_PSNR-29.482_SSIM-0.911_LPIPS-0.033_FID-81.0_no-TTA,,,,0.9952063413506428,0.0,74.54962131894868,0.9925020975225112
751_there-is-a-baseball-game-being-played-on-a-field-with-a-dirt-infield-and-grass-o_FVD-582.0_PSNR-15.727_SSIM-0.812_LPIPS-0.114_FID-84.1_no-TTA,,,,0.9668967383294129,1.0,67.79881878556877,0.9546136556887159
752_a-man-is-sitting-in-the-drivers-seat-of-an-old-red-convertible-car-and-talking-t_FVD-601.0_PSNR-10.420_SSIM-0.385_LPIPS-0.763_FID-84.8_no-TTA,,,,0.984821485852621,0.0,72.00907319167564,0.9824657814175475
753_there-are-two-small-black-screws-on-a-red-mat_FVD-463.0_PSNR-24.535_SSIM-0.806_LPIPS-0.057_FID-78.3_no-TTA,,,,0.9955324978883113,0.0,77.30694553769868,0.9943795264935961
754_a-man-is-walking-down-a-street-in-an-urban-area-he-is-wearing-a-brown-jacket-and_FVD-582.8_PSNR-14.618_SSIM-0.482_LPIPS-0.538_FID-83.4_no-TTA,,,,0.9802225306522181,0.0,66.74222946166992,0.9696757391387341
755_there-is-a-waffle-with-the-shape-of-mickey-mouses-head_FVD-517.2_PSNR-22.773_SSIM-0.758_LPIPS-0.066_FID-81.0_no-TTA,,,,0.9926209556672563,0.0,71.70051995639143,0.970507511438108
756_a-tv-news-report-about-common-supplements-that-dont-help-arthritis_FVD-627.6_PSNR-12.006_SSIM-0.513_LPIPS-0.517_FID-73.9_no-TTA,,,,0.9824786645093401,1.0,77.09295996304216,0.9659154069189931
757_an-insect-is-crawling-on-a-black-cable_FVD-627.6_PSNR-21.523_SSIM-0.630_LPIPS-0.320_FID-73.9_no-TTA,,,,0.989492752596498,1.0,67.66234430773505,0.9731516258389342
758_a-person-placing-seeds-in-a-plastic-container_FVD-582.8_PSNR-15.035_SSIM-0.719_LPIPS-0.275_FID-83.4_no-TTA,,,,0.9782601770676219,1.0,61.99462127685547,0.973724572798785
759_a-soccer-player-is-trying-on-new-cleats-in-the-locker-room_FVD-517.2_PSNR-17.976_SSIM-0.764_LPIPS-0.277_FID-81.0_no-TTA,,,,0.9918662766589007,1.0,54.38638660825532,0.9851671490014768
75_a-woman-in-a-business-suit-holding-a-folder_FVD-582.8_PSNR-17.000_SSIM-0.745_LPIPS-0.355_FID-83.4_no-TTA,,,,0.9932270425865325,0.0,75.34693198368467,0.9855474836686078
760_a-man-in-a-red-shirt-is-standing-in-a-hallway-next-to-a-door-with-a-picture-on-i_FVD-601.0_PSNR-31.539_SSIM-0.946_LPIPS-0.025_FID-84.8_no-TTA,,,,0.9958453530317042,0.0,72.2198249553812,0.996095528088364
761_a-close-up-of-a-chevrolet-camaro-parked-on-a-driveway_FVD-498.6_PSNR-10.232_SSIM-0.326_LPIPS-0.577_FID-81.3_no-TTA,,,,0.9680658902516669,1.0,63.488552619671,0.9573063308117437
762_a-person-holding-a-key-to-a-purple-sports-car_FVD-517.2_PSNR-19.258_SSIM-0.774_LPIPS-0.162_FID-81.0_no-TTA,,,,0.9881838102495272,0.0,66.49904935113315,0.9839611446156221
763_the-car-is-parked-in-a-parking-lot-and-the-camera-is-facing-the-rear-of-the-car_FVD-627.6_PSNR-17.925_SSIM-0.532_LPIPS-0.249_FID-73.9_no-TTA,,,,0.9827166140895461,1.0,74.19817220753637,0.9685869777903837
764_a-blue-toyota-tacoma-truck-is-parked-in-a-parking-lot-surrounded-by-trees_FVD-681.9_PSNR-20.115_SSIM-0.734_LPIPS-0.102_FID-78.8_no-TTA,,,,0.9908292801629199,0.0,77.33916447080415,0.9869523749631994
765_a-building-under-a-starry-sky-with-a-milky-way-in-the-background_FVD-601.0_PSNR-19.679_SSIM-0.772_LPIPS-0.314_FID-84.8_no-TTA,,,,0.9954866914046602,0.0,57.32187179039265,0.9916293667811974
766_a-man-is-holding-a-tablet-in-his-hands-while-standing-in-front-of-a-blackboard_FVD-498.6_PSNR-8.108_SSIM-0.066_LPIPS-0.730_FID-81.3_no-TTA,,,,0.9797983568761371,1.0,58.974342609273975,0.9808005389045267
767_a-man-is-sitting-near-a-tent-in-the-forest-and-eating-food-from-a-bag_FVD-681.9_PSNR-19.349_SSIM-0.768_LPIPS-0.178_FID-78.8_no-TTA,,,,0.9933041000521469,0.0,79.1428775129647,0.9915253779467414
768_a-black-background-with-the-words-more-mushrooms-and-bugs_FVD-601.0_PSNR-31.821_SSIM-0.951_LPIPS-0.008_FID-84.8_no-TTA,,,,0.9988446666393588,0.0,40.5173050452923,0.9985897680123647
769_a-person-holding-a-box-with-a-cookie-monster-on-it_FVD-681.9_PSNR-14.159_SSIM-0.622_LPIPS-0.465_FID-78.8_no-TTA,,,,0.9907366461875883,1.0,47.642594699201915,0.9753985685460708
76_a-close-up-of-wires-attached-to-a-metal-box_FVD-641.1_PSNR-16.056_SSIM-0.603_LPIPS-0.250_FID-76.1_no-TTA,,,,0.9862712569335961,1.0,74.84480943350957,0.9568865383372588
770_a-bowl-of-orange-sauce-with-a-spoon-in-it_FVD-449.4_PSNR-19.057_SSIM-0.583_LPIPS-0.122_FID-73.9_no-TTA,,,,0.9930431627111315,0.0,75.68062933560076,0.9855980910506903
771_two-men-are-working-together-in-a-hardware-store_FVD-463.0_PSNR-17.699_SSIM-0.630_LPIPS-0.245_FID-78.3_no-TTA,,,,0.9777826029583842,1.0,70.9703263907597,0.9639103122785979
772_a-couple-of-cars-driving-down-a-road-with-a-mountain-in-the-background_FVD-449.4_PSNR-21.570_SSIM-0.826_LPIPS-0.168_FID-73.9_no-TTA,,,,0.995398548274812,0.0,54.2267091685328,0.9935223247490678
773_a-black-wireless-charging-pad-is-placed-on-a-wooden-table-and-the-camera-pans-ar_FVD-681.9_PSNR-19.939_SSIM-0.871_LPIPS-0.169_FID-78.8_no-TTA,,,,0.9948764638734767,1.0,71.0753190928492,0.992461127393386
774_a-blue-background-with-the-words-miniature-float-challenge-from-my-scrap-room_FVD-498.6_PSNR-16.675_SSIM-0.751_LPIPS-0.251_FID-81.3_no-TTA,,,,0.9926697706994123,0.0,71.90701609644397,0.9839362873750575
775_a-close-up-of-a-stack-of-books-and-papers-with-text_FVD-498.6_PSNR-22.665_SSIM-0.824_LPIPS-0.073_FID-81.3_no-TTA,,,,0.9945848366723826,0.0,48.151813112456225,0.9910910812078738
776_a-woman-is-standing-in-her-living-room-and-talking-to-the-camera_FVD-449.4_PSNR-28.359_SSIM-0.894_LPIPS-0.034_FID-73.9_no-TTA,,,,0.9962021239117976,0.0,77.97740462730671,0.9958788572573194
777_a-baseball-player-is-running-on-the-field-during-a-game-and-catching-the-ball_FVD-449.4_PSNR-20.460_SSIM-0.695_LPIPS-0.068_FID-73.9_no-TTA,,,,0.9924353288323876,0.0,77.53171618231411,0.9854661483390659
778_two-simpsons-characters-standing-next-to-each-other_FVD-463.0_PSNR-11.411_SSIM-0.750_LPIPS-0.499_FID-78.3_no-TTA,,,,0.967076041788243,1.0,64.03271471220872,0.9643179426006242
779_a-solar-system-with-the-sun-jupiter-and-saturn_FVD-582.0_PSNR-13.268_SSIM-0.508_LPIPS-0.442_FID-84.1_no-TTA,,,,0.9878171320611578,1.0,60.97958597643622,0.9823102390064913
77_an-orange-off-road-vehicle-is-driving-on-a-rocky-terrain-and-jumping-over-obstac_FVD-582.0_PSNR-6.651_SSIM-0.200_LPIPS-0.969_FID-84.1_no-TTA,,,,0.9814666622525078,1.0,61.55562249545393,0.9761497291864133
780_the-tire-of-a-car-is-on-a-runway-at-night-with-the-sun-shining-in-the-background_FVD-681.9_PSNR-8.923_SSIM-0.291_LPIPS-0.689_FID-78.8_no-TTA,,,,0.969095025196243,1.0,63.09674545814251,0.9595979840147729
781_a-pan-of-cake-sitting-on-a-table-next-to-a-bowl-of-whipped-cream_FVD-498.6_PSNR-18.929_SSIM-0.542_LPIPS-0.205_FID-81.3_no-TTA,,,,0.984511917013066,1.0,70.79722174282732,0.9590239057353899
782_a-blue-screen-with-a-lot-of-numbers-on-it_FVD-517.2_PSNR-12.448_SSIM-0.603_LPIPS-0.566_FID-81.0_no-TTA,,,,0.9908198140367257,0.0,67.15916456025222,0.9897074540456136
783_a-cowboy-is-riding-a-bull-in-a-rodeo-arena_FVD-449.4_PSNR-16.576_SSIM-0.259_LPIPS-0.674_FID-73.9_no-TTA,,,,0.9856564476084237,1.0,49.600368105132006,0.9845648008234361
784_a-man-with-his-hands-up-in-front-of-a-computer-screen-looks-at-the-camera_FVD-601.0_PSNR-17.489_SSIM-0.733_LPIPS-0.308_FID-84.8_no-TTA,,,,0.9932203509742573,1.0,77.05897785055227,0.9882777494542739
785_a-computer-generated-image-of-a-building-with-a-red-light-on-it_FVD-601.0_PSNR-10.397_SSIM-0.423_LPIPS-0.636_FID-84.8_no-TTA,,,,0.9650237728638464,1.0,71.65272364123115,0.9693781067343319
786_a-woman-in-an-apron-is-cooking-food-on-a-stove-in-a-kitchen_FVD-582.8_PSNR-14.715_SSIM-0.457_LPIPS-0.561_FID-83.4_no-TTA,,,,0.9753935133749013,1.0,74.70104335916453,0.9723383118124569
787_a-close-up-of-a-red-and-black-computer_FVD-498.6_PSNR-17.555_SSIM-0.742_LPIPS-0.361_FID-81.3_no-TTA,,,,0.986219627407587,1.0,60.30447242999899,0.9701631321626552
788_a-video-game-screen-showing-different-weapons_FVD-517.2_PSNR-25.951_SSIM-0.633_LPIPS-0.498_FID-81.0_no-TTA,,,,0.9949938012397801,0.0,38.17658075793036,0.9931754009396422
789_a-video-game-screen-showing-a-man-with-a-headset-on_FVD-641.1_PSNR-10.564_SSIM-0.663_LPIPS-0.468_FID-76.1_no-TTA,,,,0.934927069819648,1.0,44.44905373145794,0.8896369934082031
78_a-person-is-cooking-some-food-in-a-frying-pan-with-a-wooden-spoon_FVD-498.6_PSNR-25.181_SSIM-0.873_LPIPS-0.117_FID-81.3_no-TTA,,,,0.9936953224131533,1.0,75.0328192875303,0.9872598376928591
790_a-man-is-standing-in-a-colorful-fantastical-landscape_FVD-582.8_PSNR-23.549_SSIM-0.843_LPIPS-0.145_FID-83.4_no-TTA,,,,0.9939392860509588,1.0,72.31526999637998,0.9913131377276252
791_a-man-with-long-hair-and-beard-is-sitting-on-a-sofa-and-talking-to-the-camera_FVD-601.0_PSNR-19.960_SSIM-0.734_LPIPS-0.126_FID-84.8_no-TTA,,,,0.9887419867118856,1.0,69.02142583912817,0.9769437041937136
792_a-tv-news-broadcast-with-a-pink-pig-sign_FVD-681.9_PSNR-12.810_SSIM-0.473_LPIPS-0.610_FID-78.8_no-TTA,,,,0.9767503264326565,1.0,69.52410836055361,0.9592506969676299
793_there-are-two-women-smiling-and-taking-a-selfie-together-in-a-shopping-mall_FVD-582.8_PSNR-13.106_SSIM-0.390_LPIPS-0.507_FID-83.4_no-TTA,,,,0.9768418830539695,1.0,65.26107235612541,0.9408606398339365
794_a-man-holding-a-microphone-in-front-of-a-can-of-strong-zero_FVD-641.1_PSNR-8.014_SSIM-0.548_LPIPS-0.640_FID-76.1_no-TTA,,,,0.9740198255116683,1.0,56.133585436590785,0.9684967602000517
795_there-is-a-man-standing-in-front-of-a-blue-background-he-is-wearing-a-black-shir_FVD-681.9_PSNR-21.912_SSIM-0.811_LPIPS-0.156_FID-78.8_no-TTA,,,,0.9902190622175686,0.0,77.71026874410695,0.986486712624045
796_the-title-tricks-of-the-tane-how-to-make-a-two-color-twist_FVD-681.9_PSNR-12.172_SSIM-0.498_LPIPS-0.629_FID-78.8_no-TTA,,,,0.9832581189193091,0.0,66.23048269337622,0.9708719253540039
797_there-is-a-table-with-various-items-on-it-including-coffee-cups-books-and-papers_FVD-582.0_PSNR-12.463_SSIM-0.407_LPIPS-0.632_FID-84.1_no-TTA,,,,0.9773285283998749,0.0,63.436389660013134,0.9813766086802763
798_a-man-is-sitting-in-the-drivers-seat-of-a-car-in-a-garage_FVD-641.1_PSNR-14.927_SSIM-0.356_LPIPS-0.658_FID-76.1_no-TTA,,,,0.9893723620257397,1.0,63.206458387703734,0.9712775585698147
799_it-is-a-room-with-a-pool-table-and-other-sports-memorabilia-on-the-walls_FVD-498.6_PSNR-32.655_SSIM-0.955_LPIPS-0.014_FID-81.3_no-TTA,,,,0.9956379930110398,0.0,78.12718989931304,0.9961973351590774
79_two-men-are-sitting-at-a-table-in-an-outdoor-cafe-and-smiling-at-the-camera_FVD-463.0_PSNR-15.674_SSIM-0.652_LPIPS-0.213_FID-78.3_no-TTA,,,,0.9886117730011342,1.0,77.49828496472588,0.971179859310973
7_the-new-ford-cars-are-on-display-at-a-car-show_FVD-582.0_PSNR-19.671_SSIM-0.780_LPIPS-0.079_FID-84.1_no-TTA,,,,0.9789935229233253,0.0,74.01929710651267,0.9214051040948606
800_a-person-is-cooking-food-in-a-frying-pan-on-a-stove_FVD-498.6_PSNR-8.796_SSIM-0.550_LPIPS-0.504_FID-81.3_no-TTA,,,,0.9846300303641756,1.0,61.20931480670797,0.9611106199376723
801_a-man-with-a-beard-makes-a-gesture-with-his-hands_FVD-627.6_PSNR-5.083_SSIM-0.558_LPIPS-0.609_FID-73.9_no-TTA,,,,0.9819256650977699,1.0,55.87276182503536,0.9734615120233274
802_two-women-on-a-television-set-talking-to-each-other_FVD-582.0_PSNR-29.500_SSIM-0.892_LPIPS-0.031_FID-84.1_no-TTA,,,,0.9956567955039922,0.0,62.243233779381065,0.995161836755042
803_there-are-cars-driving-on-a-bridge-over-a-river-in-an-autumn-park-with-trees-and_FVD-601.0_PSNR-6.118_SSIM-0.466_LPIPS-0.720_FID-84.8_no-TTA,,,,0.9592467525538528,1.0,69.17121834590517,0.9456020878810508
804_a-collage-of-fruits-and-vegetables-with-the-words-karen-roth-nutrition_FVD-582.8_PSNR-30.265_SSIM-0.943_LPIPS-0.018_FID-83.4_no-TTA,,,,0.9938941760598471,0.0,74.15554704337285,0.9898996970232795
805_a-white-car-is-driving-down-a-street-in-the-rain_FVD-681.9_PSNR-17.731_SSIM-0.514_LPIPS-0.147_FID-78.8_no-TTA,,,,0.9745841364390307,1.0,65.23616803925613,0.9663480235081093
806_two-men-shoveling-gravel-in-front-of-a-brick-building_FVD-449.4_PSNR-22.577_SSIM-0.728_LPIPS-0.147_FID-73.9_no-TTA,,,,0.9932338232769069,1.0,78.46875578781655,0.9863969307319791
807_two-men-standing-next-to-each-other-in-a-store_FVD-517.2_PSNR-21.732_SSIM-0.754_LPIPS-0.163_FID-81.0_no-TTA,,,,0.9867079724852013,1.0,58.41686880177465,0.9744584214453603
808_a-man-in-an-orange-vest-standing-next-to-a-tank_FVD-582.8_PSNR-11.672_SSIM-0.414_LPIPS-0.613_FID-83.4_no-TTA,,,,0.9898134844883466,1.0,69.69732218775256,0.9729699078728171
809_a-man-is-cooking-or-preparing-food-in-a-kitchen_FVD-582.8_PSNR-16.171_SSIM-0.725_LPIPS-0.326_FID-83.4_no-TTA,,,,0.9924197759365498,1.0,57.13750681383856,0.9809332959792193
80_a-man-is-sitting-at-a-desk-and-talking-into-a-microphone-he-is-wearing-a-blue-sh_FVD-449.4_PSNR-26.501_SSIM-0.912_LPIPS-0.051_FID-73.9_no-TTA,,,,0.9955777123883742,0.0,74.2246270015322,0.9952373093249751
810_an-aerial-view-of-a-large-number-of-airplanes-in-a-field_FVD-582.0_PSNR-15.253_SSIM-0.748_LPIPS-0.505_FID-84.1_no-TTA,,,,0.9795187584916445,1.0,57.533093682650865,0.9423577888339174
811_a-man-and-a-woman-sitting-in-a-chair-talking_FVD-641.1_PSNR-24.477_SSIM-0.826_LPIPS-0.112_FID-76.1_no-TTA,,,,0.995101301671844,1.0,68.89657263920225,0.9918904042711445
812_a-man-with-a-beard-holding-up-a-bunch-of-money_FVD-582.0_PSNR-22.138_SSIM-0.687_LPIPS-0.061_FID-84.1_no-TTA,,,,0.9920564544260546,0.0,76.18039045662715,0.9688283976386575
813_a-person-spooning-food-into-two-bowls-on-a-table_FVD-681.9_PSNR-23.963_SSIM-0.871_LPIPS-0.072_FID-78.8_no-TTA,,,,0.9952179563398543,0.0,72.61574396593818,0.9934203311508777
814_a-video-game-screen-showing-a-brick-wall-and-a-window_FVD-601.0_PSNR-5.586_SSIM-0.348_LPIPS-0.738_FID-84.8_no-TTA,,,,0.9712992192737138,1.0,66.97495164542363,0.9646461860806335
815_a-view-of-the-acropolis-from-the-top-of-a-hill_FVD-498.6_PSNR-7.487_SSIM-0.345_LPIPS-0.801_FID-81.3_no-TTA,,,,0.9938596457880695,1.0,58.53144165565227,0.9829379137824563
816_a-man-with-sunglasses-is-sitting-in-the-drivers-seat-of-a-car_FVD-681.9_PSNR-16.232_SSIM-0.545_LPIPS-0.516_FID-78.8_no-TTA,,,,0.9811397474988928,1.0,77.26195026266164,0.9634147232654048
817_there-is-a-man-wearing-a-blue-and-black-soccer-jersey-standing-in-front-of-a-she_FVD-582.8_PSNR-6.989_SSIM-0.331_LPIPS-0.751_FID-83.4_no-TTA,,,,0.9842059692800732,0.0,57.819512202821926,0.9799760762382956
818_a-news-reporter-is-standing-in-front-of-an-air-force-base-and-discussing-recent_FVD-582.8_PSNR-14.744_SSIM-0.596_LPIPS-0.244_FID-83.4_no-TTA,,,,0.9825989776920384,1.0,76.02839134479392,0.9568875107110716
819_a-person-is-mixing-ingredients-in-a-glass-bowl-with-their-hands_FVD-449.4_PSNR-27.054_SSIM-0.928_LPIPS-0.042_FID-73.9_no-TTA,,,,0.9955149160692589,0.0,74.35833529768318,0.9951298176073561
81_an-elderly-man-is-mixing-ingredients-in-a-blender_FVD-582.0_PSNR-22.937_SSIM-0.823_LPIPS-0.050_FID-84.1_no-TTA,,,,0.9955495782046793,0.0,73.74582908893454,0.9940896207211064
820_a-young-man-is-juggling-three-balls-on-a-blue-background_FVD-498.6_PSNR-21.983_SSIM-0.836_LPIPS-0.257_FID-81.3_no-TTA,,,,0.9923154547275641,1.0,71.75877564528892,0.987097080081117
821_a-girl-is-having-her-hair-combed-by-another-girl-in-the-bathroom_FVD-582.8_PSNR-17.390_SSIM-0.552_LPIPS-0.195_FID-83.4_no-TTA,,,,0.9902769709312678,1.0,78.37582660543508,0.9777692364711388
822_a-picture-of-a-box-of-posca-markers-on-a-piece-of-paper_FVD-449.4_PSNR-14.754_SSIM-0.625_LPIPS-0.284_FID-73.9_no-TTA,,,,0.9873676053955236,1.0,69.87766371102168,0.9448614157882391
823_the-player-is-in-a-futuristic-sci-fi-video-game-environment-with-neon-lighting-a_FVD-627.6_PSNR-19.493_SSIM-0.718_LPIPS-0.326_FID-73.9_no-TTA,,,,0.9902406733593544,1.0,54.05337958500303,0.9519743190092199
824_a-man-in-a-cowboy-hat-and-apron-is-standing-in-front-of-a-table-with-a-pot-on-it_FVD-641.1_PSNR-19.761_SSIM-0.610_LPIPS-0.090_FID-76.1_no-TTA,,,,0.9885129860905366,0.0,77.41726579337285,0.9830925679674336
825_there-is-a-fire-in-a-house-surrounded-by-a-fence_FVD-641.1_PSNR-15.161_SSIM-0.422_LPIPS-0.297_FID-76.1_no-TTA,,,,0.9878833234014759,1.0,67.1829289403455,0.9500476500567268
826_a-close-up-of-a-blue-bag-sitting-on-the-floor_FVD-641.1_PSNR-29.387_SSIM-0.876_LPIPS-0.041_FID-76.1_no-TTA,,,,0.9947172654117736,0.0,72.28241019413389,0.993448260718701
827_a-black-background-with-the-text_FVD-582.0_PSNR-39.791_SSIM-0.959_LPIPS-0.001_FID-84.1_no-TTA,,,,0.9989308325159657,0.0,55.83501079164702,0.9990936993968254
828_a-baseball-player-walks-off-the-field-after-a-game-in-front-of-a-crowd-of-fans_FVD-582.8_PSNR-18.153_SSIM-0.523_LPIPS-0.410_FID-83.4_no-TTA,,,,0.9756496828165027,1.0,65.7129186432937,0.9551923041250191
829_a-person-is-cooking-rice-and-beef-in-a-pan-with-a-wooden-spoon_FVD-582.8_PSNR-25.543_SSIM-0.890_LPIPS-0.052_FID-83.4_no-TTA,,,,0.9946162403262587,0.0,72.92074584960938,0.992700638958052
82_a-smartphone-is-placed-on-a-window-sill-next-to-a-window_FVD-582.0_PSNR-10.244_SSIM-0.600_LPIPS-0.638_FID-84.1_no-TTA,,,,0.9773437862391217,1.0,73.57577383107153,0.9626185922061696
830_a-picture-of-a-plane-flying-over-water-with-the-caption-evolution-of-the-hawker_FVD-517.2_PSNR-15.963_SSIM-0.718_LPIPS-0.218_FID-81.0_no-TTA,,,,0.9886731024541227,1.0,71.96708652890962,0.9592844458187327
831_a-group-of-men-are-standing-on-a-soccer-field-and-talking-to-each-other_FVD-582.0_PSNR-12.694_SSIM-0.352_LPIPS-0.869_FID-84.1_no-TTA,,,,0.9941756677630988,0.0,54.56672497453361,0.9867526624716965
832_a-busy-city-street-with-cars-people-and-tall-buildings_FVD-449.4_PSNR-16.069_SSIM-0.393_LPIPS-0.266_FID-73.9_no-TTA,,,,0.9914704416422018,1.0,65.98716670069201,0.959420716528799
833_a-hand-is-pointing-at-a-red-container_FVD-582.8_PSNR-11.544_SSIM-0.530_LPIPS-0.418_FID-83.4_no-TTA,,,,0.9831813992958295,1.0,47.118607488171804,0.9598490733726351
834_a-person-is-shopping-for-car-audio-equipment-at-an-electronics-store_FVD-582.8_PSNR-15.567_SSIM-0.467_LPIPS-0.645_FID-83.4_no-TTA,,,,0.9796992664921204,1.0,71.72756010910561,0.9434413311528225
835_a-bear-is-standing-on-a-red-background-with-the-words-very-bear-gaming-written-a_FVD-498.6_PSNR-21.777_SSIM-0.881_LPIPS-0.239_FID-81.3_no-TTA,,,,0.9934132747316341,1.0,65.0074506299249,0.9813142477297315
836_a-picture-of-a-roof-with-a-caption-that-says-what-are-these-black-streaks-on-my_FVD-498.6_PSNR-14.247_SSIM-0.393_LPIPS-0.319_FID-81.3_no-TTA,,,,0.9898257620689837,1.0,66.31254012009194,0.9773479480369418
837_an-aerial-view-of-a-wrecked-car-on-the-side-of-the-road_FVD-498.6_PSNR-15.790_SSIM-0.539_LPIPS-0.417_FID-81.3_no-TTA,,,,0.9690746274805327,1.0,67.60472961951946,0.945758524128035
838_a-person-holding-a-metal-object-in-their-hand_FVD-601.0_PSNR-23.143_SSIM-0.855_LPIPS-0.122_FID-84.8_no-TTA,,,,0.9928879816483217,0.0,62.407415324244006,0.9904182219037823
839_a-close-up-of-a-steering-wheel-in-a-car_FVD-681.9_PSNR-11.893_SSIM-0.478_LPIPS-0.463_FID-78.8_no-TTA,,,,0.9813418163739855,1.0,42.87774677934318,0.9771250238605574
83_a-soccer-game-being-played-on-a-computer-screen_FVD-627.6_PSNR-27.213_SSIM-0.938_LPIPS-0.044_FID-73.9_no-TTA,,,,0.9949689316164501,0.0,78.92396545410156,0.9945061739753275
840_there-is-a-purple-and-pink-box-of-crayons-on-a-colorful-carpet_FVD-681.9_PSNR-15.493_SSIM-0.687_LPIPS-0.421_FID-78.8_no-TTA,,,,0.989070024878274,1.0,39.309537427178746,0.9612172556858437
841_there-are-several-eggs-in-a-glass-bowl-on-a-kitchen-counter_FVD-449.4_PSNR-19.587_SSIM-0.676_LPIPS-0.326_FID-73.9_no-TTA,,,,0.9923991374060308,0.0,70.26554739064184,0.986380620096244
842_a-plate-of-sliced-turkey-on-a-table-next-to-a-tomato_FVD-601.0_PSNR-8.335_SSIM-0.405_LPIPS-0.751_FID-84.8_no-TTA,,,,0.9767246144250971,1.0,66.8795113399111,0.9719759062224743
843_a-white-van-with-its-doors-open-in-a-parking-lot_FVD-517.2_PSNR-7.267_SSIM-0.609_LPIPS-0.543_FID-81.0_no-TTA,,,,0.9804391599388153,1.0,52.459410239910255,0.9642649519677255
844_a-car-driving-down-a-street-with-cones-in-the-road_FVD-641.1_PSNR-12.829_SSIM-0.585_LPIPS-0.626_FID-76.1_no-TTA,,,,0.9558795784272577,1.0,36.05728405919568,0.9615129583022174
845_a-car-is-driving-along-a-dirt-road-in-a-canyon-with-red-rock-formations-on-eithe_FVD-463.0_PSNR-5.840_SSIM-0.171_LPIPS-0.811_FID-78.3_no-TTA,,,,0.9204474839481733,0.0,50.39067538031216,0.9049141079771752
846_people-are-riding-snowmobiles-in-the-snowy-forest-with-trees-covered-in-snow_FVD-601.0_PSNR-17.724_SSIM-0.581_LPIPS-0.162_FID-84.8_no-TTA,,,,0.9902621203729889,1.0,74.95049417429956,0.9770098256129844
847_a-middle-aged-man-in-glasses-and-a-sweater-is-talking-to-the-camera-while-gestur_FVD-681.9_PSNR-18.655_SSIM-0.848_LPIPS-0.143_FID-78.8_no-TTA,,,,0.9905002901935346,0.0,75.52601491993872,0.9883113795635747
848_a-group-of-people-standing-next-to-each-other-on-a-soccer-field_FVD-681.9_PSNR-18.799_SSIM-0.555_LPIPS-0.117_FID-78.8_no-TTA,,,,0.9718903978859171,0.0,62.14045623253132,0.9681004430733475
849_a-man-with-glasses-is-holding-his-head-up-in-front-of-a-blue-screen_FVD-498.6_PSNR-12.421_SSIM-0.681_LPIPS-0.577_FID-81.3_no-TTA,,,,0.9843788343328784,1.0,62.82069304893757,0.9692098823248171
84_a-woman-in-a-white-tank-top-standing-in-front-of-a-green-background_FVD-582.0_PSNR-11.271_SSIM-0.368_LPIPS-0.581_FID-84.1_no-TTA,,,,0.850308880763844,1.0,65.36061977518015,0.8368161818560432
850_a-man-is-cooking-a-turkey-on-a-wooden-cutting-board_FVD-517.2_PSNR-16.337_SSIM-0.480_LPIPS-0.225_FID-81.0_no-TTA,,,,0.9905279560742566,1.0,70.59120678079539,0.96986972210454
851_a-video-game-with-two-characters-fighting-each-other_FVD-517.2_PSNR-13.146_SSIM-0.538_LPIPS-0.575_FID-81.0_no-TTA,,,,0.9827017258893408,1.0,61.1450283445161,0.9533561743941962
852_a-close-up-of-a-bearing-ring-on-a-metal-surface_FVD-517.2_PSNR-19.331_SSIM-0.892_LPIPS-0.164_FID-81.0_no-TTA,,,,0.9909415096834674,1.0,72.90450839338631,0.9865516064213772
853_a-newscast-with-a-picture-of-a-tall-building-with-the-words-delhi-possession-of_FVD-601.0_PSNR-8.506_SSIM-0.366_LPIPS-0.701_FID-84.8_no-TTA,,,,0.9619309861698419,1.0,66.90599244216392,0.9552765827552945
854_the-engine-of-a-motorcycle-is-shown-from-under-the-hood_FVD-517.2_PSNR-11.503_SSIM-0.263_LPIPS-0.363_FID-81.0_no-TTA,,,,0.9773482555749329,1.0,75.59371474693562,0.9139655543308632
855_the-person-is-opening-a-booster-pack-of-a-trading-card-game-called-yugioh_FVD-601.0_PSNR-18.688_SSIM-0.711_LPIPS-0.185_FID-84.8_no-TTA,,,,0.9884181221233151,1.0,73.47230740251213,0.9799748402015835
856_a-postcard-with-a-special-message-on-a-polka-dot-background_FVD-582.0_PSNR-33.919_SSIM-0.972_LPIPS-0.031_FID-84.1_no-TTA,,,,0.9959669458061001,0.0,50.97630323212722,0.9977634446293699
857_a-young-girl-laughing-in-a-living-room_FVD-449.4_PSNR-24.143_SSIM-0.737_LPIPS-0.057_FID-73.9_no-TTA,,,,0.994597204032521,0.0,76.5972558383284,0.9917592123443005
858_a-fenced-in-area-with-hay-in-it_FVD-582.8_PSNR-15.200_SSIM-0.251_LPIPS-0.237_FID-83.4_no-TTA,,,,0.9860520972211,0.0,76.48622131347656,0.9653551064285577
859_an-image-of-the-earth-from-space-with-stars-in-the-background_FVD-582.0_PSNR-38.753_SSIM-0.926_LPIPS-0.071_FID-84.1_no-TTA,,,,0.9971734841105245,0.0,40.101772439890894,0.997399674209894
85_a-person-holding-up-a-cell-phone-with-a-game-loading-screen-on-it_FVD-681.9_PSNR-10.611_SSIM-0.443_LPIPS-0.612_FID-78.8_no-TTA,,,,0.9678668063111997,1.0,48.60223421557196,0.942227659038469
860_a-poster-for-the-movie-the-order-1886_FVD-463.0_PSNR-18.984_SSIM-0.667_LPIPS-0.363_FID-78.3_no-TTA,,,,0.9799875365477387,0.0,74.4412263015221,0.9803150064804975
861_a-person-is-cutting-a-piece-of-meat-on-a-wooden-cutting-board-with-a-knife_FVD-449.4_PSNR-15.927_SSIM-0.664_LPIPS-0.342_FID-73.9_no-TTA,,,,0.9788950839082963,1.0,66.51052974832469,0.970006176069671
862_a-group-of-cartoon-people-with-their-arms-up-in-the-air_FVD-463.0_PSNR-10.280_SSIM-0.261_LPIPS-0.452_FID-78.3_no-TTA,,,,0.9567343246393109,1.0,76.45293137122844,0.8920531628178615
863_a-black-background-with-a-yellow-text-on-it_FVD-449.4_PSNR-37.940_SSIM-0.992_LPIPS-0.005_FID-73.9_no-TTA,,,,0.9964179288168259,0.0,68.6847678875101,0.9969231542418985
864_a-man-sitting-in-a-car-holding-a-piece-of-wire_FVD-517.2_PSNR-17.377_SSIM-0.720_LPIPS-0.349_FID-81.0_no-TTA,,,,0.9926366624040107,1.0,73.38748747726967,0.984663340624641
865_a-person-holding-a-small-bowl-of-something-on-a-plate_FVD-627.6_PSNR-9.023_SSIM-0.363_LPIPS-0.687_FID-73.9_no-TTA,,,,0.9837042790874363,1.0,72.3227126022865,0.9698673042596555
866_a-video-game-showing-a-person-walking-on-a-beach_FVD-463.0_PSNR-31.105_SSIM-0.893_LPIPS-0.227_FID-78.3_no-TTA,,,,0.9933633070616067,0.0,67.19150424825735,0.9932534418854059
867_a-man-is-holding-a-fishing-lure-and-explaining-how-to-use-it_FVD-641.1_PSNR-13.522_SSIM-0.596_LPIPS-0.541_FID-76.1_no-TTA,,,,0.9825915792999892,0.0,62.36330348047717,0.981183515810499
868_a-person-is-playing-a-video-game-on-a-computer-screen-with-a-yellow-and-black-ba_FVD-582.0_PSNR-9.417_SSIM-0.410_LPIPS-0.698_FID-84.1_no-TTA,,,,0.9724540438838463,1.0,66.86824140877559,0.9557936761893479
869_there-is-a-red-truck-driving-on-a-road-with-mountains-in-the-background_FVD-601.0_PSNR-10.252_SSIM-0.417_LPIPS-0.566_FID-84.8_no-TTA,,,,0.9446144959385998,1.0,55.30118100396518,0.9271686105167165
86_a-video-game-showing-a-girl-in-a-pink-dress_FVD-498.6_PSNR-18.252_SSIM-0.691_LPIPS-0.358_FID-81.3_no-TTA,,,,0.9911781137401542,0.0,78.36029684132544,0.9896899503820082
870_a-street-with-power-lines-and-trees-on-a-sunny-day_FVD-582.0_PSNR-24.190_SSIM-0.857_LPIPS-0.094_FID-84.1_no-TTA,,,,0.9614628763163919,1.0,71.21939165838833,0.9534839630126953
871_two-police-officers-standing-on-the-side-of-the-road_FVD-641.1_PSNR-25.827_SSIM-0.857_LPIPS-0.135_FID-76.1_no-TTA,,,,0.9925090471551868,0.0,74.89970134866648,0.9879499556971532
872_a-white-bowl-of-mussels-on-a-table-next-to-a-bottle-of-wine_FVD-449.4_PSNR-11.595_SSIM-0.665_LPIPS-0.511_FID-73.9_no-TTA,,,,0.987417956265038,0.0,56.81557727682179,0.9858695600547043
873_two-young-girls-in-blue-dresses-standing-in-a-hallway_FVD-641.1_PSNR-11.657_SSIM-0.565_LPIPS-0.496_FID-76.1_no-TTA,,,,0.9730286193670844,1.0,62.639007305276806,0.9487156961478439
874_president-donald-trump-speaking-at-the-state-of-the-union-address_FVD-601.0_PSNR-14.885_SSIM-0.632_LPIPS-0.402_FID-84.8_no-TTA,,,,0.9892525152756081,0.0,55.17553553087958,0.9864632148368686
875_there-is-a-dirt-path-that-leads-to-a-residential-area-with-houses-and-trees-in-t_FVD-681.9_PSNR-13.809_SSIM-0.157_LPIPS-0.505_FID-78.8_no-TTA,,,,0.9503366658829664,1.0,68.75594684995454,0.9198295294069776
876_the-user-is-playing-a-video-game-and-selecting-options-on-the-screen_FVD-449.4_PSNR-16.453_SSIM-0.776_LPIPS-0.373_FID-73.9_no-TTA,,,,0.9877372306427913,0.0,60.02333634475182,0.9839310477761661
877_a-picture-of-a-rubiks-cube-with-the-words-mind-blowing-optical-illusions_FVD-498.6_PSNR-25.784_SSIM-0.932_LPIPS-0.145_FID-81.3_no-TTA,,,,0.9945282898482577,0.0,48.546343441667226,0.9899489991805133
878_a-blue-background-with-the-words-spice-cabinet-and-french-style-spice-jars_FVD-681.9_PSNR-10.928_SSIM-0.670_LPIPS-0.489_FID-78.8_no-TTA,,,,0.9828051359766663,1.0,62.35745554956897,0.9738924531375661
879_a-pair-of-scissors-and-a-comb-next-to-a-purple-bow_FVD-681.9_PSNR-12.098_SSIM-0.320_LPIPS-0.693_FID-78.8_no-TTA,,,,0.9728795767438919,0.0,66.44631431842673,0.981543810227338
87_a-baseball-game-is-being-played-and-the-pitcher-is-throwing-the-ball-towards-the_FVD-449.4_PSNR-9.892_SSIM-0.374_LPIPS-0.712_FID-73.9_no-TTA,,,,0.9779037374832412,1.0,40.46527652082772,0.978994784635656
880_a-car-is-driving-on-the-road-in-a-tunnel-and-there-are-several-other-cars-passin_FVD-681.9_PSNR-23.743_SSIM-0.877_LPIPS-0.187_FID-78.8_no-TTA,,,,0.9907273916511048,1.0,35.388165177970095,0.9871951299555162
881_a-man-in-a-red-sweater-holding-a-cell-phone_FVD-641.1_PSNR-25.225_SSIM-0.934_LPIPS-0.036_FID-76.1_no-TTA,,,,0.9955218877748749,0.0,72.0773223350788,0.9940901246725344
882_a-man-in-a-kitchen-holding-a-piece-of-dough_FVD-627.6_PSNR-10.289_SSIM-0.535_LPIPS-0.457_FID-73.9_no-TTA,,,,0.9759053500540172,1.0,71.23330214927937,0.9722131317737056
883_a-photo-of-a-website-for-a-photography-business_FVD-641.1_PSNR-10.077_SSIM-0.488_LPIPS-0.521_FID-76.1_no-TTA,,,,0.981789877108696,1.0,73.1181324925916,0.9467234892003676
884_a-person-is-riding-a-motorcycle-and-performing-a-stunt-on-the-street_FVD-627.6_PSNR-16.483_SSIM-0.614_LPIPS-0.318_FID-73.9_no-TTA,,,,0.9761085054013593,1.0,60.272261652453196,0.9676297393499637
885_people-are-walking-down-a-path-in-a-forest-with-lots-of-green-trees_FVD-627.6_PSNR-17.665_SSIM-0.673_LPIPS-0.217_FID-73.9_no-TTA,,,,0.9896907790560134,1.0,52.613991046773975,0.9766022121205049
886_a-machine-is-being-used-to-make-a-large-metal-object_FVD-463.0_PSNR-23.232_SSIM-0.900_LPIPS-0.051_FID-78.3_no-TTA,,,,0.9870094927327234,0.0,63.441353501944704,0.9604812397676356
887_a-black-and-white-photo-of-two-women-with-hair-dryers-on-their-heads_FVD-601.0_PSNR-10.257_SSIM-0.555_LPIPS-0.695_FID-84.8_no-TTA,,,,0.9798738317442361,0.0,56.010091452763,0.9784662489797554
888_a-man-with-a-rope-climbing-into-an-ice-cave_FVD-641.1_PSNR-25.050_SSIM-0.902_LPIPS-0.109_FID-76.1_no-TTA,,,,0.9938055557425962,1.0,60.03524004179856,0.9907602553274117
889_a-screenshot-of-a-video-game-with-a-man-holding-a-purple-object_FVD-601.0_PSNR-14.216_SSIM-0.446_LPIPS-0.612_FID-84.8_no-TTA,,,,0.9886096582730314,1.0,62.756880135371766,0.978315237456677
88_there-is-an-aerial-view-of-a-city-with-mountains-in-the-background-during-sunset_FVD-641.1_PSNR-23.391_SSIM-0.923_LPIPS-0.051_FID-76.1_no-TTA,,,,0.9944227395485438,1.0,74.29295164963295,0.9914335400450464
890_a-man-is-cooking-food-in-a-frying-pan-on-a-stove-in-a-kitchen_FVD-681.9_PSNR-20.201_SSIM-0.858_LPIPS-0.208_FID-78.8_no-TTA,,,,0.9864731083739585,1.0,71.71715111568056,0.9793267998040891
891_a-computer-screen-with-a-silver-background_FVD-601.0_PSNR-19.675_SSIM-0.869_LPIPS-0.217_FID-84.8_no-TTA,,,,0.9930448572992231,0.0,60.66592052065093,0.9933425702300727
892_a-construction-worker-is-repairing-the-roof-of-a-house_FVD-517.2_PSNR-14.060_SSIM-0.507_LPIPS-0.486_FID-81.0_no-TTA,,,,0.9628073570841263,1.0,43.387685183821056,0.9307957144344554
893_the-news-anchor-is-sitting-at-a-desk-in-a-television-studio_FVD-498.6_PSNR-18.721_SSIM-0.805_LPIPS-0.160_FID-81.3_no-TTA,,,,0.9928376137113499,0.0,74.37115268049568,0.9865837349611171
894_a-red-dodge-challenger-is-driving-down-the-road_FVD-517.2_PSNR-12.267_SSIM-0.539_LPIPS-0.464_FID-81.0_no-TTA,,,,0.9720731606611661,1.0,71.41744666263975,0.9633525586595723
895_a-person-is-using-a-fork-to-eat-food-on-a-red-plate_FVD-463.0_PSNR-5.549_SSIM-0.558_LPIPS-0.699_FID-78.3_no-TTA,,,,0.9543489204576061,1.0,68.08451159247036,0.9329944236605775
896_a-large-snake-and-a-smaller-snake-on-a-table_FVD-641.1_PSNR-8.545_SSIM-0.332_LPIPS-0.750_FID-76.1_no-TTA,,,,0.9745035813136685,1.0,66.21128832060715,0.9750877342972101
897_a-woman-in-a-black-suit-is-talking-into-a-microphone_FVD-681.9_PSNR-12.168_SSIM-0.654_LPIPS-0.582_FID-78.8_no-TTA,,,,0.9755840689641241,0.0,61.062394240806846,0.9805239696128696
898_the-man-is-holding-a-rifle-and-standing-in-front-of-a-field-with-trees-in-the-ba_FVD-449.4_PSNR-17.207_SSIM-0.514_LPIPS-0.547_FID-73.9_no-TTA,,,,0.9785559659226938,1.0,44.010851103684,0.9664049372953527
899_a-3d-rendering-of-a-bunch-of-black-cubes-on-a-white-surface_FVD-641.1_PSNR-19.499_SSIM-0.851_LPIPS-0.149_FID-76.1_no-TTA,,,,0.9909313468309332,1.0,69.12742719979121,0.9848916343614167
89_an-intel-logo-on-a-blue-background_FVD-627.6_PSNR-29.560_SSIM-0.902_LPIPS-0.097_FID-73.9_no-TTA,,,,0.9954142849380672,1.0,66.19626735818797,0.9947292005314546
8_a-sign-that-says-no-more-stolen-sisters_FVD-517.2_PSNR-25.733_SSIM-0.796_LPIPS-0.055_FID-81.0_no-TTA,,,,0.9961407671041174,0.0,75.55150420090249,0.9965225984068478
900_an-old-man-wearing-glasses-is-on-the-news-talking-about-matthew-roman_FVD-498.6_PSNR-27.580_SSIM-0.916_LPIPS-0.025_FID-81.3_no-TTA,,,,0.9956914358959396,0.0,68.87550774936018,0.9945112373314652
901_a-british-flag-with-the-words-terror-en-manchester_FVD-582.8_PSNR-27.221_SSIM-0.912_LPIPS-0.034_FID-83.4_no-TTA,,,,0.995657591595666,0.0,70.5842469314049,0.9957200625363518
902_a-woman-in-a-red-dress-is-standing-in-front-of-a-television-with-people-on-it_FVD-641.1_PSNR-20.235_SSIM-0.779_LPIPS-0.179_FID-76.1_no-TTA,,,,0.9931910372656007,1.0,71.32155004040948,0.9813934943255256
903_a-pan-filled-with-spices-and-nuts-on-a-stove_FVD-463.0_PSNR-39.774_SSIM-0.979_LPIPS-0.006_FID-78.3_no-TTA,,,,0.9964400416950969,0.0,75.73100307069976,0.9976914020145641
904_a-man-is-performing-a-ritual-with-a-book-and-a-burning-fire_FVD-582.0_PSNR-9.103_SSIM-0.589_LPIPS-0.724_FID-84.1_no-TTA,,,,0.9389065148962897,1.0,39.716167252639245,0.9200691148346546
905_a-crib-with-a-baby-in-it-on-a-wooden-floor_FVD-601.0_PSNR-18.738_SSIM-0.571_LPIPS-0.277_FID-84.8_no-TTA,,,,0.991307818466596,1.0,71.03890978056809,0.9773716253392837
906_people-are-waiting-in-line-at-an-airport-security-checkpoint_FVD-601.0_PSNR-11.300_SSIM-0.552_LPIPS-0.795_FID-84.8_no-TTA,,,,0.9699743639776958,1.0,49.734556724285255,0.9464493919821346
907_it-is-a-black-and-white-text-with-the-word-jennings-written-in-white-on-a-black_FVD-498.6_PSNR-41.217_SSIM-0.966_LPIPS-0.001_FID-81.3_no-TTA,,,,0.998418092898217,0.0,61.830295694285425,0.9984435891403871
908_a-close-up-of-a-dirty-pan-on-a-stove_FVD-582.8_PSNR-16.605_SSIM-0.663_LPIPS-0.359_FID-83.4_no-TTA,,,,0.9783346040406014,1.0,63.32259908215753,0.9764764019087249
909_a-young-man-is-sitting-at-a-desk-and-talking-to-the-camera_FVD-517.2_PSNR-15.500_SSIM-0.610_LPIPS-0.184_FID-81.0_no-TTA,,,,0.9866880613089253,1.0,60.979775001262794,0.9489596834369735
90_a-building-in-a-minecraft-game_FVD-463.0_PSNR-21.056_SSIM-0.798_LPIPS-0.393_FID-78.3_no-TTA,,,,0.9951305403304485,0.0,74.07686088825095,0.9949844388400807
910_a-picture-of-a-starbucks-drink-on-a-red-background_FVD-582.0_PSNR-21.888_SSIM-0.833_LPIPS-0.081_FID-84.1_no-TTA,,,,0.9945260198764335,0.0,71.03506943275188,0.9881337652019426
911_an-orange-and-white-sign-that-says-continuing-coverage_FVD-498.6_PSNR-8.574_SSIM-0.429_LPIPS-0.718_FID-81.3_no-TTA,,,,0.9650849615687621,1.0,62.844004927010374,0.9447152605243757
912_a-large-engine-on-display-in-a-glass-case_FVD-582.8_PSNR-20.985_SSIM-0.681_LPIPS-0.147_FID-83.4_no-TTA,,,,0.9939343283053071,0.0,64.86876546925512,0.983608408535228
913_a-computer-screen-showing-a-list-of-games_FVD-601.0_PSNR-9.166_SSIM-0.518_LPIPS-0.569_FID-84.8_no-TTA,,,,0.9845304931868581,1.0,73.08363697446626,0.9819648630478803
914_there-is-a-wrestling-competition-happening-in-a-gym-with-people-participating-an_FVD-641.1_PSNR-15.347_SSIM-0.606_LPIPS-0.316_FID-76.1_no-TTA,,,,0.9887931416223006,1.0,69.3338737487793,0.9712205755944345
915_a-minecraft-video-game-with-a-person-in-it_FVD-601.0_PSNR-26.853_SSIM-0.886_LPIPS-0.157_FID-84.8_no-TTA,,,,0.9909240424267998,1.0,56.57242176450532,0.9858286941752714
916_the-quintus-timber-lining-logo-on-a-black-background_FVD-498.6_PSNR-42.554_SSIM-0.970_LPIPS-0.001_FID-81.3_no-TTA,,,,0.9988497913187712,0.0,51.35736794307314,0.9990752026730892
917_a-close-up-of-a-muffin-pan-with-muffins-in-it_FVD-582.0_PSNR-14.436_SSIM-0.373_LPIPS-0.705_FID-84.1_no-TTA,,,,0.9751940934627056,0.0,64.61514295380691,0.9845763907713049
918_a-white-car-driving-down-a-road-next-to-a-tree_FVD-463.0_PSNR-6.446_SSIM-0.378_LPIPS-0.661_FID-78.3_no-TTA,,,,0.9816821508250736,0.0,72.48372018748316,0.9787685880474016
919_the-little-girl-is-wearing-a-red-shirt-and-a-black-hat-and-she-is-sitting-in-fro_FVD-601.0_PSNR-20.366_SSIM-0.776_LPIPS-0.382_FID-84.8_no-TTA,,,,0.98795957682619,0.0,77.96939402613147,0.9883996505363315
91_a-view-from-the-windshield-of-a-car-on-a-rainy-day_FVD-449.4_PSNR-15.968_SSIM-0.821_LPIPS-0.223_FID-73.9_no-TTA,,,,0.9820094008490149,1.0,61.82277692597488,0.9754432827818628
920_a-man-sitting-in-front-of-three-computer-screens_FVD-627.6_PSNR-23.438_SSIM-0.868_LPIPS-0.060_FID-73.9_no-TTA,,,,0.9956781286566443,0.0,73.22005725729055,0.995151224790835
921_a-man-in-glasses-and-a-suit-is-speaking-to-the-camera-in-front-of-a-city-buildin_FVD-627.6_PSNR-17.520_SSIM-0.552_LPIPS-0.490_FID-73.9_no-TTA,,,,0.9636635000220708,0.0,76.42452555689319,0.9683075399959788
922_the-family-is-sitting-in-front-of-a-christmas-tree-and-smiling-at-the-camera_FVD-601.0_PSNR-8.045_SSIM-0.443_LPIPS-0.724_FID-84.8_no-TTA,,,,0.9795299210763365,0.0,58.86198076708563,0.9734488936031566
923_there-is-a-man-walking-down-a-street-in-a-small-town-with-mountains-in-the-backg_FVD-498.6_PSNR-11.250_SSIM-0.332_LPIPS-0.612_FID-81.3_no-TTA,,,,0.9669924580075085,1.0,56.37422877344592,0.9228997772815181
924_a-man-sitting-in-a-chair-next-to-a-picture-of-a-vest_FVD-498.6_PSNR-15.108_SSIM-0.547_LPIPS-0.455_FID-81.3_no-TTA,,,,0.9772691467412286,0.0,74.48331162025188,0.9821961926478966
925_a-computer-screen-showing-a-facebook-page_FVD-627.6_PSNR-22.856_SSIM-0.781_LPIPS-0.116_FID-73.9_no-TTA,,,,0.9945299881771619,0.0,77.02407021358096,0.9916578507890889
926_the-text-is-written-in-white-letters-on-a-black-background_FVD-627.6_PSNR-31.293_SSIM-0.953_LPIPS-0.020_FID-73.9_no-TTA,,,,0.9978302779779112,0.0,50.09706049952014,0.9978643555267185
927_a-yellow-volkswagen-beetle-in-photoshop_FVD-582.8_PSNR-11.458_SSIM-0.268_LPIPS-0.765_FID-83.4_no-TTA,,,,0.9576024082509605,1.0,52.95112083698141,0.9286580328847848
928_it-is-a-black-background-with-the-words-headliner-install-part-1-written-in-gree_FVD-601.0_PSNR-40.334_SSIM-0.955_LPIPS-0.018_FID-84.8_no-TTA,,,,0.9988103481910926,0.0,33.50855524786587,0.9989214983640933
929_a-close-up-of-a-green-and-white-bag-with-a-tag-on-it_FVD-601.0_PSNR-6.665_SSIM-0.080_LPIPS-0.981_FID-84.8_no-TTA,,,,0.9813005851379013,1.0,53.90249133932179,0.946797591564702
92_a-screenshot-of-a-website-with-an-image-of-a-stadium-in-the-background_FVD-627.6_PSNR-9.957_SSIM-0.356_LPIPS-0.672_FID-73.9_no-TTA,,,,0.9821507193956642,1.0,72.47027324808055,0.9773475534775677
930_a-green-globe-is-rotating-on-a-black-background-with-the-words-live-planet-writt_FVD-498.6_PSNR-18.048_SSIM-0.718_LPIPS-0.164_FID-81.3_no-TTA,,,,0.9868506227611237,1.0,61.57864458807583,0.9831599927416035
931_the-chef-is-holding-a-package-of-ingredients-for-a-recipe_FVD-601.0_PSNR-21.185_SSIM-0.840_LPIPS-0.114_FID-84.8_no-TTA,,,,0.994862104296847,1.0,76.63420762686894,0.990778699575686
932_the-video-is-about-a-person-playing-a-game-possibly-league-of-legends_FVD-463.0_PSNR-22.085_SSIM-0.839_LPIPS-0.172_FID-78.3_no-TTA,,,,0.9870282192404205,1.0,50.026271425444506,0.98532455107745
933_a-green-hot-wheels-car-in-a-package_FVD-627.6_PSNR-8.184_SSIM-0.257_LPIPS-0.672_FID-73.9_no-TTA,,,,0.9803155143935246,0.0,67.98735835634429,0.9681277742572859
934_a-document-with-red-text-on-a-white-background_FVD-463.0_PSNR-9.424_SSIM-0.583_LPIPS-0.434_FID-78.3_no-TTA,,,,0.988675329874204,1.0,70.84168427566001,0.9778758965286554
935_a-close-up-of-a-computer-screen-with-a-cord-connected-to-it_FVD-582.0_PSNR-25.976_SSIM-0.843_LPIPS-0.089_FID-84.1_no-TTA,,,,0.9959186385892498,0.0,69.51530745933796,0.995630901000079
936_a-television-screen-showing-a-picture-of-the-lincoln-memorial_FVD-641.1_PSNR-34.339_SSIM-0.937_LPIPS-0.027_FID-76.1_no-TTA,,,,0.9947924737469774,1.0,70.36797385380186,0.9935186727374208
937_two-men-in-a-kitchen-talking-to-the-camera_FVD-449.4_PSNR-24.584_SSIM-0.776_LPIPS-0.080_FID-73.9_no-TTA,,,,0.9954170042750006,0.0,74.48505480536099,0.9938966666950899
938_there-is-a-panoramic-view-of-the-city-from-the-top-of-a-hill-with-buildings-and_FVD-641.1_PSNR-26.004_SSIM-0.781_LPIPS-0.112_FID-76.1_no-TTA,,,,0.9829074422904847,1.0,61.677761604046,0.9809158343894809
939_a-man-is-walking-on-the-street-at-night-in-a-city-he-is-wearing-a-hat-and-a-suit_FVD-463.0_PSNR-11.031_SSIM-0.408_LPIPS-0.634_FID-78.3_no-TTA,,,,0.9719672068212969,1.0,48.60149265157765,0.9512077518537932
93_a-news-anchor-on-a-tv-announcing-a-promotion-for-chicken-nuggets_FVD-582.8_PSNR-11.450_SSIM-0.516_LPIPS-0.316_FID-83.4_no-TTA,,,,0.9864170476216663,1.0,75.57729997306035,0.9692387992260503
940_there-is-a-sign-on-the-side-of-an-interstate-highway-that-displays-traffic-infor_FVD-582.0_PSNR-17.623_SSIM-0.712_LPIPS-0.187_FID-84.1_no-TTA,,,,0.9905953753362992,1.0,68.97540046428811,0.9835414979972091
941_a-person-is-signing-a-form-with-a-pen_FVD-498.6_PSNR-14.098_SSIM-0.512_LPIPS-0.435_FID-81.3_no-TTA,,,,0.9717701141621179,1.0,67.01885354929956,0.9486140008066215
942_the-notre-dame-cathedral-in-paris-is-on-fire-and-smoke-is-billowing-out-of-the-t_FVD-627.6_PSNR-14.568_SSIM-0.576_LPIPS-0.578_FID-73.9_no-TTA,,,,0.9869286362381492,0.0,65.51108182709793,0.9786755225237678
943_a-green-drink-in-a-glass-is-next-to-a-bottle-of-alcohol_FVD-601.0_PSNR-34.437_SSIM-0.957_LPIPS-0.041_FID-84.8_no-TTA,,,,0.9964398682149141,0.0,72.59222911966258,0.9974526466107836
944_a-person-is-cutting-an-onion-into-half-on-a-wooden-chopping-board_FVD-681.9_PSNR-18.782_SSIM-0.825_LPIPS-0.193_FID-78.8_no-TTA,,,,0.9861487838992434,1.0,73.58395122659617,0.9793249186347512
945_a-hand-pressing-a-button-on-a-cell-phone_FVD-517.2_PSNR-14.343_SSIM-0.799_LPIPS-0.130_FID-81.0_no-TTA,,,,0.9947229423286409,1.0,56.78434082557415,0.9862539356830073
946_an-ornate-building-with-a-balcony-and-couches_FVD-463.0_PSNR-14.068_SSIM-0.412_LPIPS-0.297_FID-78.3_no-TTA,,,,0.9877083567134118,1.0,74.24084630505791,0.9610250248628505
947_a-close-up-of-a-plant-that-is-growing-on-a-branch_FVD-582.0_PSNR-24.708_SSIM-0.704_LPIPS-0.291_FID-84.1_no-TTA,,,,0.995509759359139,0.0,60.42816530424973,0.9953003443923651
948_a-computer-screen-with-a-message-that-says-updating-minecraft_FVD-498.6_PSNR-6.437_SSIM-0.394_LPIPS-0.777_FID-81.3_no-TTA,,,,0.9441680881754411,1.0,70.41960578129209,0.9504092534383138
949_the-person-is-standing-on-a-rocky-shore-holding-a-large-fish-in-their-hands-and_FVD-463.0_PSNR-16.963_SSIM-0.492_LPIPS-0.525_FID-78.3_no-TTA,,,,0.9863425233875601,1.0,55.74072344549771,0.9662751852297315
94_the-speaker-is-standing-in-front-of-a-large-parking-lot-filled-with-cars-and-tal_FVD-627.6_PSNR-6.730_SSIM-0.225_LPIPS-0.782_FID-73.9_no-TTA,,,,0.9833273435910155,0.0,54.00237800335062,0.9785759271359911
950_there-is-a-beautiful-view-of-a-body-of-water-surrounded-by-lush-green-trees-and_FVD-627.6_PSNR-7.568_SSIM-0.160_LPIPS-0.780_FID-73.9_no-TTA,,,,0.9933627024527759,0.0,71.54234511276772,0.9833581868339988
951_a-picture-of-a-knife-with-the-words-upswept-point-form_FVD-517.2_PSNR-31.558_SSIM-0.912_LPIPS-0.042_FID-81.0_no-TTA,,,,0.994722469583453,0.0,77.23610108474205,0.9910153501174029
952_a-close-up-of-the-wheel-of-a-motorcycle_FVD-498.6_PSNR-26.032_SSIM-0.894_LPIPS-0.048_FID-81.3_no-TTA,,,,0.9960479425811457,0.0,76.90252133073479,0.994571019153969
953_a-man-wearing-a-blindfold-playing-in-a-bubble-ball-game_FVD-601.0_PSNR-13.416_SSIM-0.329_LPIPS-0.658_FID-84.8_no-TTA,,,,0.9763518148645676,1.0,54.03262066018993,0.964388551899031
954_a-tv-screen-with-a-news-report-on-it_FVD-641.1_PSNR-20.706_SSIM-0.824_LPIPS-0.162_FID-76.1_no-TTA,,,,0.9939031813646932,1.0,66.89012053917195,0.9864455475526698
955_a-group-of-kittens-are-playing-together-in-a-basket_FVD-517.2_PSNR-21.934_SSIM-0.815_LPIPS-0.174_FID-81.0_no-TTA,,,,0.9935944920836924,1.0,66.60097293196053,0.9795711536033481
956_a-pair-of-scissors-sitting-on-top-of-a-blanket_FVD-449.4_PSNR-17.621_SSIM-0.806_LPIPS-0.175_FID-73.9_no-TTA,,,,0.9779644674710162,1.0,50.79711835137729,0.972401185129203
957_the-player-is-playing-a-first-person-shooter-game-in-an-urban-environment_FVD-681.9_PSNR-18.085_SSIM-0.612_LPIPS-0.311_FID-78.8_no-TTA,,,,0.987432944999581,1.0,59.490741598195044,0.9763217383739995
958_a-truck-that-has-crashed-into-a-tree-at-night_FVD-601.0_PSNR-20.643_SSIM-0.735_LPIPS-0.197_FID-84.8_no-TTA,,,,0.9831174103589085,1.0,35.59775793141332,0.9776011149088542
959_a-woman-is-sitting-at-a-desk-with-a-microphone-in-front-of-her_FVD-498.6_PSNR-14.208_SSIM-0.622_LPIPS-0.498_FID-81.3_no-TTA,,,,0.9658028852232666,1.0,41.71168741686591,0.9468684140373679
95_the-interior-of-a-futuristic-car-with-a-screen-on-the-dashboard_FVD-681.9_PSNR-4.642_SSIM-0.366_LPIPS-0.793_FID-78.8_no-TTA,,,,0.9780554779336949,1.0,56.55338576744343,0.9690139714409324
960_a-kitchen-counter-with-ingredients-and-a-book-on-it_FVD-582.8_PSNR-17.905_SSIM-0.617_LPIPS-0.279_FID-83.4_no-TTA,,,,0.9911923010056053,1.0,75.38020456248316,0.9778156523611031
961_the-player-is-playing-an-online-multiplayer-first-person-shooter-game_FVD-582.0_PSNR-21.654_SSIM-0.817_LPIPS-0.097_FID-84.1_no-TTA,,,,0.9924398683084344,0.0,73.57665621001145,0.9892353628195968
962_a-man-sitting-on-the-bleachers-at-an-empty-stadium_FVD-681.9_PSNR-18.369_SSIM-0.721_LPIPS-0.191_FID-78.8_no-TTA,,,,0.9788292895617114,1.0,75.91381099306304,0.956596497928395
963_a-man-is-fishing-from-a-boat-on-a-river-near-a-bridge_FVD-627.6_PSNR-13.727_SSIM-0.534_LPIPS-0.432_FID-73.9_no-TTA,,,,0.9846411190678194,0.0,59.5526693936052,0.9736839649724025
964_a-close-up-of-a-metal-gear-on-a-car_FVD-517.2_PSNR-12.921_SSIM-0.647_LPIPS-0.377_FID-81.0_no-TTA,,,,0.980942368199951,1.0,74.50433244376347,0.975833043865129
965_a-video-game-car-driving-down-a-road_FVD-517.2_PSNR-15.487_SSIM-0.811_LPIPS-0.303_FID-81.0_no-TTA,,,,0.9896443798873716,1.0,73.52560819428543,0.9842518787758023
966_a-girl-is-standing-in-front-of-a-horse-stable-and-opening-the-door-with-a-key_FVD-582.8_PSNR-15.750_SSIM-0.385_LPIPS-0.381_FID-83.4_no-TTA,,,,0.9765672634571991,1.0,63.3746557564571,0.9050194160611021
967_a-man-in-a-suit-and-tie-standing-at-a-podium-next-to-a-man-in-a-suit-and-tie_FVD-517.2_PSNR-21.034_SSIM-0.811_LPIPS-0.119_FID-81.0_no-TTA,,,,0.9945465216334931,1.0,69.09915660989695,0.9897510781007655
968_the-person-is-in-a-hotel-room-and-there-are-various-items-on-the-table-including_FVD-517.2_PSNR-20.736_SSIM-0.739_LPIPS-0.168_FID-81.0_no-TTA,,,,0.9933196952659269,0.0,71.98692400702114,0.9907856296090519
969_the-seattle-sounders-logo-on-a-green-background_FVD-517.2_PSNR-20.097_SSIM-0.805_LPIPS-0.144_FID-81.0_no-TTA,,,,0.985763666544342,0.0,72.38860321044922,0.9798195988524194
96_a-person-holding-a-bunch-of-small-plastic-animals_FVD-641.1_PSNR-18.616_SSIM-0.769_LPIPS-0.559_FID-76.1_no-TTA,,,,0.9938372780669426,0.0,54.15173642388706,0.990734676286286
970_a-painting-of-a-castle-on-top-of-a-hill_FVD-582.8_PSNR-36.488_SSIM-0.933_LPIPS-0.031_FID-83.4_no-TTA,,,,0.9956654414570315,0.0,75.8415782533843,0.9961244075906043
971_a-long-table-is-topped-with-white-bags-of-food-items_FVD-517.2_PSNR-28.856_SSIM-0.931_LPIPS-0.033_FID-81.0_no-TTA,,,,0.9959859040103756,0.0,76.8593592150458,0.9962253327463187
972_two-women-in-aprons-standing-in-a-kitchen_FVD-601.0_PSNR-22.561_SSIM-0.784_LPIPS-0.093_FID-84.8_no-TTA,,,,0.978710737132727,1.0,75.99847911966258,0.979153528400496
973_an-office-with-a-desk-computer-and-pictures-of-animals-on-the-wall_FVD-601.0_PSNR-24.159_SSIM-0.821_LPIPS-0.104_FID-84.8_no-TTA,,,,0.9954728286546991,0.0,74.59159745841191,0.9917205427207199
974_a-man-holding-two-surfboards-in-a-store_FVD-498.6_PSNR-11.190_SSIM-0.462_LPIPS-0.700_FID-81.3_no-TTA,,,,0.9770696849786923,1.0,66.47771256545494,0.9675978006101122
975_there-is-an-electrical-setup-in-a-basement-with-wires-batteries-and-solar-panels_FVD-641.1_PSNR-29.370_SSIM-0.929_LPIPS-0.224_FID-76.1_no-TTA,,,,0.9944283145282686,0.0,40.36677459190632,0.9931335860607671
976_a-man-and-a-woman-in-black-suits-are-standing-in-front-of-a-television_FVD-681.9_PSNR-22.954_SSIM-0.882_LPIPS-0.057_FID-78.8_no-TTA,,,,0.9929810645211611,0.0,78.22832541630186,0.9918938842474245
977_person-is-cooking-fish-in-a-skillet-on-an-outdoor-grill_FVD-601.0_PSNR-30.941_SSIM-0.948_LPIPS-0.048_FID-84.8_no-TTA,,,,0.9936025460531436,0.0,71.72313900651604,0.9935841957728068
978_a-red-background-with-the-words-chicken-chicken-broth-fish-sauce-soy-sauce-water_FVD-582.0_PSNR-16.687_SSIM-0.786_LPIPS-0.034_FID-84.1_no-TTA,,,,0.9934013803504842,0.0,73.5778500787143,0.9883906542086134
979_a-computer-screen-showing-a-powerpoint-presentation_FVD-463.0_PSNR-28.951_SSIM-0.930_LPIPS-0.032_FID-78.3_no-TTA,,,,0.9956073634715639,0.0,67.29609469709725,0.9965484453182595
97_a-man-wearing-a-white-t-shirt-and-a-baseball-cap-is-standing-on-a-patio-and-hold_FVD-582.0_PSNR-15.363_SSIM-0.480_LPIPS-0.119_FID-84.1_no-TTA,,,,0.9804355631475347,0.0,78.15825547843144,0.9634305804383521
980_two-people-a-man-and-a-woman-are-sitting-at-a-bar-counter-with-a-bottle-of-nyqui_FVD-449.4_PSNR-18.402_SSIM-0.852_LPIPS-0.066_FID-73.9_no-TTA,,,,0.9933501950459671,1.0,74.08968800511853,0.9886955279929965
981_the-player-is-playing-a-video-game-called-champions-guild-on-a-computer-screen_FVD-601.0_PSNR-27.755_SSIM-0.928_LPIPS-0.046_FID-84.8_no-TTA,,,,0.9954004773650913,0.0,71.29988940008755,0.9953497634214513
982_a-close-up-of-a-pile-of-dirt-on-the-ground_FVD-449.4_PSNR-29.544_SSIM-0.904_LPIPS-0.019_FID-73.9_no-TTA,,,,0.9942003592302305,0.0,74.1194102846343,0.9947222952749215
983_a-young-man-in-a-red-shirt-is-preparing-food-in-a-green-bowl-in-a-kitchen_FVD-582.8_PSNR-17.938_SSIM-0.595_LPIPS-0.194_FID-83.4_no-TTA,,,,0.9911079606455296,0.0,67.97844853894463,0.9804057065178367
984_a-3d-rendering-of-the-letter-f-on-a-black-background_FVD-517.2_PSNR-21.909_SSIM-0.488_LPIPS-0.321_FID-81.0_no-TTA,,,,0.9642800761797775,1.0,69.91195060466897,0.9441905526553883
985_a-large-truck-is-driving-on-the-highway-with-a-trailer-attached-to-it_FVD-498.6_PSNR-15.634_SSIM-0.592_LPIPS-0.476_FID-81.3_no-TTA,,,,0.9893134589573008,0.0,49.241465864510374,0.9860348103093166
986_a-no-bull-sign-in-front-of-a-cloudy-sky_FVD-582.0_PSNR-4.749_SSIM-0.346_LPIPS-0.806_FID-84.1_no-TTA,,,,0.9771567535601313,0.0,62.38006657567517,0.9668061088113223
987_a-picture-of-two-lego-figures-in-a-dark-room_FVD-601.0_PSNR-11.415_SSIM-0.407_LPIPS-0.627_FID-84.8_no-TTA,,,,0.9693070731564527,1.0,66.14554766950936,0.957122574600519
988_a-colorful-crocheted-rug-sitting-on-top-of-a-wooden-floor_FVD-627.6_PSNR-14.617_SSIM-0.405_LPIPS-0.346_FID-73.9_no-TTA,,,,0.9837508082493147,0.0,69.63816465180496,0.9752197620915432
989_it-is-a-video-of-lewis-hamilton-driving-in-an-f1-simulator-at-silverstone-with-t_FVD-582.0_PSNR-8.662_SSIM-0.311_LPIPS-0.732_FID-84.1_no-TTA,,,,0.9777221369316957,1.0,71.79014403244545,0.9659088172164618
98_the-words-home-workshop-makeover-tour-are-written-on-a-white-background_FVD-681.9_PSNR-44.553_SSIM-0.999_LPIPS-0.001_FID-78.8_no-TTA,,,,0.9949310998437837,0.0,59.292339982657595,0.9976083886389638
990_a-large-room-full-of-people-sitting-at-desks_FVD-463.0_PSNR-14.215_SSIM-0.579_LPIPS-0.221_FID-78.3_no-TTA,,,,0.9859131533890265,1.0,49.954299137510105,0.9236615274466721
991_a-man-is-kneeling-on-the-floor-looking-at-a-laptop-with-a-little-boy-sitting-on_FVD-627.6_PSNR-13.637_SSIM-0.528_LPIPS-0.388_FID-73.9_no-TTA,,,,0.9825365381529214,1.0,46.37873024776064,0.9560282763312845
992_a-man-in-a-brown-jacket-standing-in-front-of-a-booth_FVD-449.4_PSNR-8.975_SSIM-0.314_LPIPS-0.632_FID-73.9_no-TTA,,,,0.9083535917037755,1.0,50.271480297220165,0.8916755975461473
993_a-video-game-screen-showing-a-character_FVD-463.0_PSNR-9.343_SSIM-0.575_LPIPS-0.445_FID-78.3_no-TTA,,,,0.9927473654392313,0.0,42.920971442913185,0.9888665489121979
994_there-are-small-green-plants-growing-in-the-ground-and-there-are-also-some-leave_FVD-582.0_PSNR-16.361_SSIM-0.171_LPIPS-0.216_FID-84.1_no-TTA,,,,0.9800831902940129,1.0,74.3915857775458,0.9511413536819757
995_two-women-standing-next-to-a-pillow-on-a-table_FVD-498.6_PSNR-8.592_SSIM-0.491_LPIPS-0.724_FID-81.3_no-TTA,,,,0.9773788500442913,1.0,56.73967150984139,0.9710030798818551
996_a-close-up-of-a-metal-bowl-filled-with-coins_FVD-681.9_PSNR-17.000_SSIM-0.610_LPIPS-0.328_FID-78.8_no-TTA,,,,0.9823239854168163,1.0,69.75620638090989,0.9748123299841788
997_it-is-a-screenshot-of-a-website-with-text-and-images_FVD-582.8_PSNR-22.694_SSIM-0.825_LPIPS-0.243_FID-83.4_no-TTA,,,,0.9832472693938686,0.0,72.85720746270542,0.9829572415819355
998_two-police-officers-are-wearing-masks-and-standing-outside-the-white-house_FVD-627.6_PSNR-9.289_SSIM-0.385_LPIPS-0.748_FID-73.9_no-TTA,,,,0.9723587553343987,1.0,72.85084691540948,0.975240634469425
999_a-metal-case-with-a-sticker-on-it_FVD-582.8_PSNR-20.736_SSIM-0.818_LPIPS-0.058_FID-83.4_no-TTA,,,,0.9883899430498695,1.0,65.99174183812634,0.9378267886591892
99_a-white-suv-with-a-lot-of-smoke-coming-out-of-it_FVD-449.4_PSNR-29.319_SSIM-0.952_LPIPS-0.022_FID-73.9_no-TTA,,,,0.9956771845690734,0.0,69.49110754604997,0.9951100344751396
9_a-person-holding-a-piece-of-paper-with-squares-on-it_FVD-582.0_PSNR-6.868_SSIM-0.463_LPIPS-0.658_FID-84.1_no-TTA,,,,0.9646323337695121,1.0,75.33400226461477,0.951686975067737
panda_0000_delta_a,0.8962529312287059,0.9506487165178571,0.48297446966171265,,,,
panda_0001_delta_a,0.925251019852502,0.9584176199776786,0.5295628309249878,,,,
panda_0002_delta_a,0.8192310892045498,0.8907906668526786,0.43168410658836365,,,,
panda_0003_delta_a,0.8513950875827244,0.9242902483258929,0.3663175404071808,,,,
panda_0004_delta_a,0.9903020571385112,0.9307512555803571,0.10358969867229462,,,,
panda_0005_delta_a,0.951976589858532,0.9417201450892857,0.5240673422813416,,,,
panda_0006_delta_a,0.879462508218629,0.9161900111607143,0.38891366124153137,,,,
panda_0007_delta_a,0.9708847201296261,0.9667619977678571,0.4990547299385071,,,,
panda_0008_delta_a,0.993596616600241,0.9777047293526786,0.5425554513931274,,,,
panda_0009_delta_a,0.8488243967294693,0.8178471156529018,0.2686198353767395,,,,
panda_0010_delta_a,0.7687909725521292,0.829010009765625,0.45706579089164734,,,,
panda_0011_delta_a,0.8547325251357896,0.9120744977678571,0.4185104966163635,,,,
panda_0012_delta_a,0.9638166023152215,0.9687761579241071,0.52326899766922,,,,
panda_0013_delta_a,0.9803934012140546,0.9766148158482143,0.2575617730617523,,,,
panda_0014_delta_a,0.9695588658962931,0.9535871233258929,0.40424224734306335,,,,
panda_0015_delta_a,0.977557764521667,0.9901820591517857,0.508344292640686,,,,
panda_0016_delta_a,0.9733768243874822,0.9482770647321429,0.39560744166374207,,,,
panda_0017_delta_a,0.9873089034642492,0.9738856724330357,0.3337986469268799,,,,
panda_0018_delta_a,0.9812692073839051,0.9655064174107143,0.3841642737388611,,,,
panda_0019_delta_a,0.9818729279296738,0.9541713169642857,0.5570933818817139,,,,
panda_0020_delta_a,0.8227889479271003,0.9058663504464286,0.4345739185810089,,,,
panda_0021_delta_a,0.8014492360608918,0.8754970005580357,0.5625384449958801,,,,
panda_0022_delta_a,0.7352349667676857,0.8152988978794643,0.411956787109375,,,,
panda_0023_delta_a,0.792853371905429,0.8203822544642857,0.28726670145988464,,,,
panda_0024_delta_a,0.8610827709947314,0.7860369001116071,0.38522869348526,,,,
panda_0025_delta_a,0.8575747949736459,0.9177943638392857,0.3618425726890564,,,,
panda_0026_delta_a,0.8267579078674316,0.8657749720982143,0.3827090859413147,,,,
panda_0027_delta_a,0.9301542043685913,0.95867919921875,0.49103599786758423,,,,
panda_0028_delta_a,0.858782485127449,0.8712942940848214,0.29374629259109497,,,,
panda_0029_delta_a,0.9864768087863922,0.9811226981026786,0.5019815564155579,,,,
panda_0030_delta_a,0.9616145683186395,0.9728916713169643,0.4089207053184509,,,,
panda_0031_delta_a,0.8915670418313572,0.9698660714285714,0.17571580410003662,,,,
panda_0032_delta_a,0.9774525240063667,0.9711652483258929,0.6308048963546753,,,,
panda_0033_delta_a,0.5802247327353273,0.7336774553571429,0.2873055338859558,,,,
panda_0034_delta_a,0.9954556950501033,0.9912458147321429,0.22376734018325806,,,,
panda_0035_delta_a,0.7916052477168185,0.815765380859375,0.35455724596977234,,,,
panda_0036_delta_a,0.9925046765378543,0.9877668108258929,0.43295735120773315,,,,
panda_0037_delta_a,0.7885063971791949,0.8691755022321429,0.32339969277381897,,,,
panda_0038_delta_a,0.9631833444748606,0.9473092215401786,0.5101150870323181,,,,
panda_0039_delta_a,0.7494368140718767,0.88604736328125,0.2635076642036438,,,,
panda_0040_delta_a,0.8413335010409355,0.8289533342633929,0.29056069254875183,,,,
panda_0041_delta_a,0.8805360985653741,0.9281354631696429,0.3913068175315857,,,,
panda_0042_delta_a,0.9827512108853885,0.9803030831473214,0.35395780205726624,,,,
panda_0043_delta_a,0.753100303134748,0.8905726841517857,0.43404415249824524,,,,
panda_0044_delta_a,0.9482167160936764,0.9605887276785714,0.45200321078300476,,,,
panda_0045_delta_a,0.9438655163560595,0.9564732142857143,0.4172769784927368,,,,
panda_0046_delta_a,0.9047016932496003,0.93975830078125,0.5254160761833191,,,,
panda_0047_delta_a,0.8790435812302998,0.9208286830357143,0.462234228849411,,,,
panda_0048_delta_a,0.965034504021917,0.9693516322544643,0.6084120869636536,,,,
panda_0049_delta_a,0.9736193705882344,0.97076416015625,0.2661390006542206,,,,
panda_0050_delta_a,0.8236991060631615,0.805206298828125,0.35285523533821106,,,,
panda_0051_delta_a,0.9868798553943634,0.9752022879464286,0.687802255153656,,,,
panda_0052_delta_a,0.8321210741996765,0.8910871233258929,0.26936808228492737,,,,
panda_0053_delta_a,0.958129176071712,0.9706333705357143,0.3516707122325897,,,,
panda_0054_delta_a,0.8460242918559483,0.9127022879464286,0.43494224548339844,,,,
panda_0055_delta_a,0.859339602291584,0.8448747907366071,0.4004150629043579,,,,
panda_0056_delta_a,0.9783003734690803,0.9618443080357143,0.3360650837421417,,,,
panda_0057_delta_a,0.9600256979465485,0.9563075474330357,0.4240708351135254,,,,
panda_0058_delta_a,0.9671059878809112,0.9654105050223214,0.4025593400001526,,,,
panda_0059_delta_a,0.9300493555409568,0.9474051339285714,0.5261296033859253,,,,
panda_0060_delta_a,0.9779011862618583,0.9882725306919643,0.4788174331188202,,,,
panda_0061_delta_a,0.7954278508467334,0.8646763392857143,0.17257118225097656,,,,
panda_0062_delta_a,0.7840158337993282,0.8322971888950893,0.4484277665615082,,,,
panda_0063_delta_a,0.9504995431218829,0.9202357700892857,0.43225234746932983,,,,
panda_0064_delta_a,0.94324741512537,0.9574061802455357,0.4697245955467224,,,,
panda_0065_delta_a,0.8564186867858682,0.930908203125,0.5045869946479797,,,,
panda_0066_delta_a,0.9948090527738843,0.9904872349330357,0.2968226969242096,,,,
panda_0067_delta_a,0.9760253429412842,0.9650181361607143,0.46199747920036316,,,,
panda_0068_delta_a,0.6615298156227384,0.8168422154017857,0.32715079188346863,,,,
panda_0069_delta_a,0.9704757875629834,0.9667445591517857,0.5746998190879822,,,,
panda_0070_delta_a,0.8184765172856194,0.8828648158482143,0.4059095084667206,,,,
panda_0071_delta_a,0.9845911456005914,0.9671107700892857,0.24980980157852173,,,,
panda_0072_delta_a,0.9899518958159855,0.9865461077008929,0.6087723970413208,,,,
panda_0073_delta_a,0.910684164081301,0.90032958984375,0.38481032848358154,,,,
panda_0074_delta_a,0.6969467465366636,0.6529758998325893,0.42958346009254456,,,,
panda_0075_delta_a,0.9443601423076221,0.9015415736607143,0.6025899052619934,,,,
panda_0076_delta_a,0.9119443425110408,0.9576328822544643,0.3698750138282776,,,,
panda_0077_delta_a,0.6715327364259532,0.7765023367745536,0.3349717855453491,,,,
panda_0078_delta_a,0.9755863079002925,0.95123291015625,0.4703209698200226,,,,
panda_0079_delta_a,0.9533653461507389,0.9040178571428571,0.45750728249549866,,,,
panda_0080_delta_a,0.9859462497489793,0.98126220703125,0.41426047682762146,,,,
panda_0081_delta_a,0.99448476093156,0.9855085100446429,0.5127299427986145,,,,
panda_0082_delta_a,0.9034061250942094,0.9730660574776786,0.4124305844306946,,,,
panda_0083_delta_a,0.981198716376509,0.9635794503348214,0.49248385429382324,,,,
panda_0084_delta_a,0.7189895723547254,0.8885759626116071,0.28418928384780884,,,,
panda_0085_delta_a,0.8266427048615047,0.8551112583705357,0.33180949091911316,,,,
panda_0086_delta_a,0.9545699049319539,0.9605015345982143,0.39109066128730774,,,,
panda_0087_delta_a,0.8818196920411927,0.9205147879464286,0.24120044708251953,,,,
panda_0088_delta_a,0.9563241505197116,0.9618966238839286,0.4735799729824066,,,,
panda_0089_delta_a,0.9860769137740135,0.9832850864955357,0.2980884611606598,,,,
panda_0090_delta_a,0.9254552700689861,0.9490966796875,0.39690056443214417,,,,
panda_0091_delta_a,0.8865907202873912,0.9389561244419643,0.37003418803215027,,,,
panda_0092_delta_a,0.8798368653016431,0.858062744140625,0.4810948967933655,,,,
panda_0093_delta_a,0.918106099324567,0.9094151088169643,0.30501729249954224,,,,
panda_0094_delta_a,0.7987872367458684,0.8407331194196429,0.337238609790802,,,,
panda_0095_delta_a,0.8869318557637078,0.9406563895089286,0.31625109910964966,,,,
panda_0096_delta_a,0.7982129627572638,0.9064767020089286,0.3678250014781952,,,,
panda_0097_delta_a,0.9740548133850098,0.9727870396205357,0.37989306449890137,,,,
panda_0098_delta_a,0.9832875824400357,0.97698974609375,0.19206027686595917,,,,
panda_0099_delta_a,0.9884621532899993,0.9772687639508929,0.37196245789527893,,,,
panda_0100_delta_a,0.7758668400347233,0.9338291713169643,0.34087300300598145,,,,
panda_0101_delta_a,0.8440783460225377,0.9169267926897321,0.41300347447395325,,,,
panda_0102_delta_a,0.9244139205132212,0.9339599609375,0.37788331508636475,,,,
panda_0103_delta_a,0.8693028246717793,0.9242117745535714,0.25783827900886536,,,,
panda_0104_delta_a,0.8387711229068893,0.9206978934151786,0.4479638338088989,,,,
panda_0105_delta_a,0.9815030151179859,0.9776611328125,0.44252103567123413,,,,
panda_0106_delta_a,0.8427842498889991,0.9016200474330357,0.23019441962242126,,,,
panda_0107_delta_a,0.9652300870844296,0.9713483537946429,0.39233022928237915,,,,
panda_0108_delta_a,0.8748710038406509,0.8016095842633929,0.2407846450805664,,,,
panda_0109_delta_a,0.7848798613995314,0.8805716378348214,0.4288718104362488,,,,
panda_0110_delta_a,0.886952665235315,0.8925955636160714,0.39128026366233826,,,,
panda_0111_delta_a,0.8516787093664918,0.8872855050223214,0.4752447307109833,,,,
panda_0112_delta_a,0.9564536586403847,0.9682704380580357,0.2518070340156555,,,,
panda_0113_delta_a,0.964499580008643,0.9432721819196429,0.5283065438270569,,,,
panda_0114_delta_a,0.9754309590373721,0.96966552734375,0.42029866576194763,,,,
panda_0115_delta_a,0.8548244828624385,0.9289289202008929,0.286915123462677,,,,
panda_0116_delta_a,0.9566258958407811,0.9164603097098214,0.20384743809700012,,,,
panda_0117_delta_a,0.9127426855266094,0.9297310965401786,0.4538164436817169,,,,
panda_0118_delta_a,0.8840494198458535,0.9452427455357143,0.3983009457588196,,,,
panda_0119_delta_a,0.8436637574008533,0.88641357421875,0.3053441345691681,,,,
panda_0120_delta_a,0.995803986276899,0.9921875,0.4306790232658386,,,,
panda_0121_delta_a,0.9587863215378353,0.9466901506696429,0.32289209961891174,,,,
panda_0122_delta_a,0.9637722958411489,0.97625732421875,0.4735109508037567,,,,
panda_0123_delta_a,0.996542187673705,0.9913766043526786,0.44466033577919006,,,,
panda_0124_delta_a,0.9318351128271648,0.9545375279017857,0.3911794126033783,,,,
panda_0125_delta_a,0.9804596230387688,0.9750453404017857,0.5872594714164734,,,,
panda_0126_delta_a,0.7758192084729671,0.9037388392857143,0.24339836835861206,,,,
panda_0127_delta_a,0.8416380499090467,0.8941650390625,0.2959560751914978,,,,
panda_0128_delta_a,0.9269254420484815,0.94427490234375,0.3751679062843323,,,,
panda_0129_delta_a,0.9103116584675652,0.9499947684151786,0.33186760544776917,,,,
panda_0130_delta_a,0.9952272368328912,0.9867030552455357,0.3439791202545166,,,,
panda_0131_delta_a,0.994039213018758,0.9803641183035714,0.30086222290992737,,,,
panda_0132_delta_a,0.9521753543189594,0.8194318498883929,0.04746224358677864,,,,
panda_0133_delta_a,0.9350702453936849,0.9036778041294643,0.21407252550125122,,,,
panda_0134_delta_a,0.836537551667009,0.7944684709821429,0.34568464756011963,,,,
panda_0135_delta_a,0.834900323833738,0.8677891322544643,0.27987217903137207,,,,
panda_0136_delta_a,0.8280835625316415,0.9144723074776786,0.515344500541687,,,,
panda_0137_delta_a,0.82333385518619,0.850433349609375,0.2767646908760071,,,,
panda_0138_delta_a,0.9948734428201403,0.9829886300223214,0.5301579236984253,,,,
panda_0139_delta_a,0.9748566214527402,0.9695696149553571,0.5905481576919556,,,,
panda_0140_delta_a,0.9926428997090885,0.9853341238839286,0.6129602789878845,,,,
panda_0141_delta_a,0.9417248730148587,0.9644513811383929,0.4320904016494751,,,,
panda_0142_delta_a,0.8986265744481768,0.8633510044642857,0.41116735339164734,,,,
panda_0143_delta_a,0.8492289749639375,0.8704659598214286,0.3789549171924591,,,,
panda_0144_delta_a,0.9823722700987544,0.9690290178571429,0.14897668361663818,,,,
panda_0145_delta_a,0.9074158242770604,0.9475272042410714,0.39511197805404663,,,,
panda_0146_delta_a,0.8352626115083694,0.8925301688058036,0.13160450756549835,,,,
panda_0147_delta_a,0.9211661475045341,0.9499337332589286,0.30064621567726135,,,,
panda_0148_delta_a,0.8557554999632495,0.89422607421875,0.3392091393470764,,,,
panda_0149_delta_a,0.993943357041904,0.9917864118303571,0.1030101627111435,,,,
panda_0150_delta_a,0.7911160237022808,0.8444475446428571,0.38013648986816406,,,,
panda_0151_delta_a,0.9278107455798558,0.9224679129464286,0.4055613875389099,,,,
panda_0152_delta_a,0.8590268407549176,0.9059622628348214,0.5175734758377075,,,,
panda_0153_delta_a,0.9919173387544495,0.9808523995535714,0.5085289478302002,,,,
panda_0154_delta_a,0.9682125853640693,0.9419904436383929,0.5249047875404358,,,,
panda_0155_delta_a,0.9718443176576069,0.9625418526785714,0.31851017475128174,,,,
panda_0156_delta_a,0.9479296175496918,0.92034912109375,0.47605350613594055,,,,
panda_0157_delta_a,0.8180830164679459,0.8490949358258929,0.2558111846446991,,,,
panda_0158_delta_a,0.9781762308308056,0.9747314453125,0.21176323294639587,,,,
panda_0159_delta_a,0.8868855589202472,0.9124407087053571,0.32862353324890137,,,,
panda_0160_delta_a,0.8316908617104802,0.9151436941964286,0.44138020277023315,,,,
panda_0161_delta_a,0.9928656901632037,0.9838605608258929,0.32479915022850037,,,,
panda_0162_delta_a,0.9791198223829269,0.9580950055803571,0.4594689607620239,,,,
panda_0163_delta_a,0.9196286510143962,0.93798828125,0.3658076822757721,,,,
panda_0164_delta_a,0.7571338670594352,0.8774850027901786,0.29969918727874756,,,,
panda_0165_delta_a,0.9530987633126122,0.9443272181919643,0.3525221049785614,,,,
panda_0166_delta_a,0.9470375797578267,0.8841901506696429,0.27159926295280457,,,,
panda_0167_delta_a,0.7832236353840146,0.9442138671875,0.4318690299987793,,,,
panda_0168_delta_a,0.9116959380252021,0.9222848074776786,0.43734049797058105,,,,
panda_0169_delta_a,0.9854224728686469,0.9601614815848214,0.44065916538238525,,,,
panda_0170_delta_a,0.9676426383001464,0.9469430106026786,0.4483080208301544,,,,
panda_0171_delta_a,0.9525968134403229,0.95501708984375,0.43331992626190186,,,,
panda_0172_delta_a,0.8689272781567914,0.9389125279017857,0.3951937258243561,,,,
panda_0173_delta_a,0.9634506691779409,0.9526192801339286,0.4005497992038727,,,,
panda_0174_delta_a,0.983301179749625,0.9842267717633929,0.41982439160346985,,,,
panda_0175_delta_a,0.7615832721016237,0.88720703125,0.2496263086795807,,,,
panda_0176_delta_a,0.9852250654782567,0.9748186383928571,0.5137448310852051,,,,
panda_0177_delta_a,0.8006889966449567,0.8902239118303571,0.4120175540447235,,,,
panda_0178_delta_a,0.8236308483672994,0.8362513950892857,0.4865925908088684,,,,
panda_0179_delta_a,0.988829221044268,0.9914114815848214,0.35687175393104553,,,,
panda_0180_delta_a,0.9767906261341912,0.9768589564732143,0.4912157952785492,,,,
panda_0181_delta_a,0.8391960747539997,0.9290597098214286,0.2741149663925171,,,,
panda_0182_delta_a,0.7782760305064065,0.9052298409598214,0.3141769766807556,,,,
panda_0183_delta_a,0.9227909711854798,0.9258946010044643,0.5067777037620544,,,,
panda_0184_delta_a,0.9946639740041324,0.9827968052455357,0.4264277219772339,,,,
panda_0185_delta_a,0.9437827542424202,0.96868896484375,0.45348799228668213,,,,
panda_0186_delta_a,0.8410777215446744,0.9059361049107143,0.3853692412376404,,,,
panda_0187_delta_a,0.9719883214150157,0.9732840401785714,0.4027370512485504,,,,
panda_0188_delta_a,0.8004388814525945,0.9153355189732143,0.21397699415683746,,,,
panda_0189_delta_a,0.9966546829257693,0.9912196568080357,0.3625294268131256,,,,
panda_0190_delta_a,0.9557485761387008,0.9725167410714286,0.3728591203689575,,,,
panda_0191_delta_a,0.9648251267416137,0.9255109514508929,0.31800198554992676,,,,
panda_0192_delta_a,0.9853578444038119,0.9688023158482143,0.3448505997657776,,,,
panda_0193_delta_a,0.9823532987918172,0.9745047433035714,0.4765711724758148,,,,
panda_0194_delta_a,0.9917569096599307,0.9861886160714286,0.5276462435722351,,,,
panda_0195_delta_a,0.6757563554814884,0.7161996023995536,0.31514862179756165,,,,
panda_0196_delta_a,0.9571849427052906,0.9606846400669643,0.29626941680908203,,,,
panda_0197_delta_a,0.8428897389343807,0.8288966587611607,0.22419653832912445,,,,
panda_0198_delta_a,0.9548099764755794,0.9689243861607143,0.4140737056732178,,,,
panda_0199_delta_a,0.9639752145324435,0.9751499720982143,0.3809449374675751,,,,
panda_0200_delta_a,0.8624667461429324,0.93804931640625,0.2715078592300415,,,,
panda_0201_delta_a,0.6621947357697147,0.753814697265625,0.2424410730600357,,,,
panda_0202_delta_a,0.7390308060816356,0.7922450474330357,0.511777400970459,,,,
panda_0203_delta_a,0.937503063252994,0.9249965122767857,0.5210995674133301,,,,
panda_0204_delta_a,0.6166014857590199,0.80084228515625,0.35491713881492615,,,,
panda_0205_delta_a,0.9530422048909324,0.9588099888392857,0.39137721061706543,,,,
panda_0206_delta_a,0.9011851932321276,0.8565499441964286,0.4176637828350067,,,,
panda_0207_delta_a,0.9448886077318873,0.9332624162946429,0.32638126611709595,,,,
panda_0208_delta_a,0.9895976749914033,0.98876953125,0.3758344352245331,,,,
panda_0209_delta_a,0.8324560749211481,0.9141060965401786,0.22918975353240967,,,,
panda_0210_delta_a,0.9709043694393975,0.9795096261160714,0.40255939960479736,,,,
panda_0211_delta_a,0.9472337439656258,0.9389822823660714,0.5876071453094482,,,,
panda_0212_delta_a,0.8733731423105512,0.8832310267857143,0.5002033710479736,,,,
panda_0213_delta_a,0.9319897975240435,0.9731968470982143,0.31624671816825867,,,,
panda_0214_delta_a,0.7909580229648522,0.8248291015625,0.3032543659210205,,,,
panda_0215_delta_a,0.9368802202599389,0.9228079659598214,0.2645972967147827,,,,
panda_0216_delta_a,0.9915608433740479,0.9814801897321429,0.22938169538974762,,,,
panda_0217_delta_a,0.9803285428455898,0.9798148018973214,0.4253317415714264,,,,
panda_0218_delta_a,0.9905163443514279,0.9778791155133929,0.28220999240875244,,,,
panda_0219_delta_a,0.9864663460424968,0.9794485909598214,0.4263927936553955,,,,
panda_0220_delta_a,0.9933468444006783,0.9962419782366071,0.20765429735183716,,,,
panda_0221_delta_a,0.8041233580027308,0.8153206961495536,0.4134003221988678,,,,
panda_0222_delta_a,0.9666407800146511,0.9642769949776786,0.464603453874588,,,,
panda_0223_delta_a,0.9900855858411107,0.9830845424107143,0.39163365960121155,,,,
panda_0224_delta_a,0.7633321567305497,0.8655657087053571,0.4535101652145386,,,,
panda_0225_delta_a,0.9383433376039777,0.9756382533482143,0.31033411622047424,,,,
panda_0226_delta_a,0.8200423792004585,0.8326851981026786,0.27846041321754456,,,,
panda_0227_delta_a,0.9949887033019748,0.9885341099330357,0.5225568413734436,,,,
panda_0228_delta_a,0.8428768419793674,0.8741542271205357,0.47687092423439026,,,,
panda_0229_delta_a,0.7693687491118908,0.8785400390625,0.5593104958534241,,,,
panda_0230_delta_a,0.875505659197058,0.9504830496651786,0.45417922735214233,,,,
panda_0231_delta_a,0.9597673267126083,0.8946097237723214,0.34394773840904236,,,,
panda_0232_delta_a,0.9807361449514117,0.9782278878348214,0.3548773527145386,,,,
panda_0233_delta_a,0.6284931331340756,0.8535505022321429,0.3850423991680145,,,,
panda_0234_delta_a,0.9789913541504315,0.9708251953125,0.48794999718666077,,,,
panda_0235_delta_a,0.9127787905079978,0.9377702985491071,0.20250435173511505,,,,
panda_0236_delta_a,0.8542814201542309,0.9207327706473214,0.5084192752838135,,,,
panda_0237_delta_a,0.7813966439238617,0.9107317243303571,0.4150486886501312,,,,
panda_0238_delta_a,0.9427595979401043,0.9288155691964286,0.29983168840408325,,,,
panda_0239_delta_a,0.6725717186927795,0.82269287109375,0.42912906408309937,,,,
panda_0240_delta_a,0.9702592630471502,0.9690290178571429,0.4536908268928528,,,,
panda_0241_delta_a,0.9904914796352386,0.99261474609375,0.35411813855171204,,,,
panda_0242_delta_a,0.8017536303294557,0.8944789341517857,0.4178200960159302,,,,
panda_0243_delta_a,0.9919533314449447,0.9893624441964286,0.4325724244117737,,,,
panda_0244_delta_a,0.8077102503074067,0.8658883231026786,0.42689669132232666,,,,
panda_0245_delta_a,0.9389148311955589,0.88702392578125,0.16121557354927063,,,,
panda_0246_delta_a,0.9905619429690498,0.98046875,0.445403128862381,,,,
panda_0247_delta_a,0.8453073395150048,0.7796805245535714,0.04689967259764671,,,,
panda_0248_delta_a,0.9353387909276145,0.9285975864955357,0.5032448172569275,,,,
panda_0249_delta_a,0.772036778873631,0.8732212611607143,0.3992690443992615,,,,
panda_0250_delta_a,0.8617002772433418,0.8731253487723214,0.5678560733795166,,,,
panda_0251_delta_a,0.7880095754350934,0.8568987165178571,0.2194642722606659,,,,
panda_0252_delta_a,0.8005025453333344,0.8588126046316964,0.30318886041641235,,,,
panda_0253_delta_a,0.9854279501097543,0.99298095703125,0.27764931321144104,,,,
panda_0254_delta_a,0.9140243168388095,0.93865966796875,0.2608480453491211,,,,
panda_0255_delta_a,0.958079779786723,0.950927734375,0.38893795013427734,,,,
panda_0256_delta_a,0.9712698172245707,0.9524361746651786,0.5456003546714783,,,,
panda_0257_delta_a,0.8689278108733041,0.9630039760044643,0.31130626797676086,,,,
panda_0258_delta_a,0.9843152165412903,0.9806256975446429,0.5589902400970459,,,,
panda_0259_delta_a,0.9463678396173886,0.9738507952008929,0.3496977686882019,,,,
panda_0260_delta_a,0.798998740634748,0.8968244280133929,0.4192601144313812,,,,
panda_0261_delta_a,0.9847780221274921,0.9893014090401786,0.5576832294464111,,,,
panda_0262_delta_a,0.753813026206834,0.8636300223214286,0.4501805305480957,,,,
panda_0263_delta_a,0.951211324759892,0.9612862723214286,0.25353944301605225,,,,
panda_0264_delta_a,0.976410659296172,0.9537615094866071,0.26597854495048523,,,,
panda_0265_delta_a,0.9808861198169845,0.9642857142857143,0.6336464881896973,,,,
panda_0266_delta_a,0.6466706661241395,0.8396257672991071,0.4417252540588379,,,,
panda_0267_delta_a,0.9927285388112068,0.9874529157366071,0.529825747013092,,,,
panda_0268_delta_a,0.8300264573522976,0.8975045340401786,0.4507715404033661,,,,
panda_0269_delta_a,0.9026043617299625,0.9072788783482143,0.3333311378955841,,,,
panda_0270_delta_a,0.9163823298045567,0.9407784598214286,0.406008780002594,,,,
panda_0271_delta_a,0.836479443524565,0.9370989118303571,0.24984772503376007,,,,
panda_0272_delta_a,0.8994013592600822,0.9233224051339286,0.41715824604034424,,,,
panda_0273_delta_a,0.9855746424623898,0.9661167689732143,0.3838999271392822,,,,
panda_0274_delta_a,0.97203336336783,0.9520786830357143,0.4339997470378876,,,,
panda_0275_delta_a,0.9796562428985324,0.9728131975446429,0.4362163841724396,,,,
panda_0276_delta_a,0.9890824088028499,0.9530988420758929,0.46294692158699036,,,,
panda_0277_delta_a,0.8454794511198997,0.8659493582589286,0.2959092855453491,,,,
panda_0278_delta_a,0.8726390248962811,0.9198695591517857,0.47621795535087585,,,,
panda_0279_delta_a,0.9139642417430878,0.8974173409598214,0.49742981791496277,,,,
panda_0280_delta_a,0.9526341035962105,0.9546160016741071,0.31816810369491577,,,,
panda_0281_delta_a,0.8974237867764064,0.9678693498883929,0.2970511317253113,,,,
panda_0282_delta_a,0.9804381302424839,0.9694649832589286,0.35163623094558716,,,,
panda_0283_delta_a,0.9145917046282973,0.9471348353794643,0.3500932455062866,,,,
panda_0284_delta_a,0.9325812735727855,0.9468296595982143,0.3642117977142334,,,,
panda_0285_delta_a,0.946913059268679,0.8735874720982143,0.4676460325717926,,,,
panda_0286_delta_a,0.9730911946722439,0.9661778041294643,0.28055649995803833,,,,
panda_0287_delta_a,0.8966184524553162,0.8338819231305804,0.24830889701843262,,,,
panda_0288_delta_a,0.987937151321343,0.9526279994419643,0.46759986877441406,,,,
panda_0289_delta_a,0.8371470235288143,0.8996930803571429,0.46932488679885864,,,,
panda_0290_delta_a,0.956068605184555,0.95849609375,0.4278297424316406,,,,
panda_0291_delta_a,0.9150126922343459,0.9432460239955357,0.4372839331626892,,,,
panda_0292_delta_a,0.93947441556624,0.9635445731026786,0.3322676420211792,,,,
panda_0293_delta_a,0.9263000605361802,0.9378226143973214,0.4566071629524231,,,,
panda_0294_delta_a,0.956076517701149,0.90802001953125,0.4250182509422302,,,,
panda_0295_delta_a,0.9066811842577798,0.9366716657366071,0.3873955309391022,,,,
panda_0296_delta_a,0.8715777801615852,0.9195033482142857,0.24559547007083893,,,,
panda_0297_delta_a,0.9860839705382075,0.9748011997767857,0.36172136664390564,,,,
panda_0298_delta_a,0.9280330208795411,0.8931361607142857,0.27496182918548584,,,,
panda_0299_delta_a,0.9807005258543151,0.9844970703125,0.3768480122089386,,,,
panda_0300_delta_a,0.782133690480675,0.808746337890625,0.3973303735256195,,,,
panda_0301_delta_a,0.9274191558361053,0.8768572126116071,0.5552974343299866,,,,
panda_0302_delta_a,0.9835931201066289,0.9787772042410714,0.5098385214805603,,,,
panda_0303_delta_a,0.8207877869052547,0.91302490234375,0.37864184379577637,,,,
panda_0304_delta_a,0.7145850296531405,0.8644060407366071,0.4176601469516754,,,,
panda_0305_delta_a,0.7843160469617162,0.8387625558035714,0.5354967713356018,,,,
panda_0306_delta_a,0.9670786974685532,0.9799455915178571,0.49606001377105713,,,,
panda_0307_delta_a,0.7922689321317843,0.9139578683035714,0.3067445456981659,,,,
panda_0308_delta_a,0.9036528787442616,0.8239571707589286,0.47858723998069763,,,,
panda_0309_delta_a,0.9687762324299131,0.9831978934151786,0.48632803559303284,,,,
panda_0310_delta_a,0.8900768426912171,0.7777491978236607,0.2381860464811325,,,,
panda_0311_delta_a,0.8948172745960099,0.8856026785714286,0.199519544839859,,,,
panda_0312_delta_a,0.9423338164176259,0.9025966099330357,0.3988257348537445,,,,
panda_0313_delta_a,0.9017996298415321,0.9109409877232143,0.5067325830459595,,,,
panda_0314_delta_a,0.9961848195110049,0.9780709402901786,0.44580352306365967,,,,
panda_0315_delta_a,0.9216688424348831,0.8799787248883929,0.3157830834388733,,,,
panda_0316_delta_a,0.9903902847852025,0.9850202287946429,0.29760998487472534,,,,
panda_0317_delta_a,0.9440346966896739,0.9112461635044643,0.6851524710655212,,,,
panda_0318_delta_a,0.979660801589489,0.95672607421875,0.5916315317153931,,,,
panda_0319_delta_a,0.9955221776451383,0.9887956891741071,0.5613545179367065,,,,
panda_0320_delta_a,0.9667045207960265,0.9448590959821429,0.4771498441696167,,,,
panda_0321_delta_a,0.925667268889291,0.9341169084821429,0.4610268473625183,,,,
panda_0322_delta_a,0.8241665400564671,0.8779820033482143,0.37806692719459534,,,,
panda_0323_delta_a,0.9978356372032847,0.9849766322544643,0.5816556811332703,,,,
panda_0324_delta_a,0.6272742354444095,0.7896641322544643,0.4506797790527344,,,,
panda_0325_delta_a,0.9812853229897363,0.9872523716517857,0.38737550377845764,,,,
panda_0326_delta_a,0.9566573564495359,0.9765973772321429,0.48921510577201843,,,,
panda_0327_delta_a,0.744180544678654,0.8626970563616071,0.34885334968566895,,,,
panda_0328_delta_a,0.8753821615661893,0.9197474888392857,0.3736458420753479,,,,
panda_0329_delta_a,0.9610964985830444,0.9055960518973214,0.520602822303772,,,,
panda_0330_delta_a,0.9678828098944255,0.9622105189732143,0.47083261609077454,,,,
panda_0331_delta_a,0.738148959087474,0.8591482979910714,0.4125887155532837,,,,
panda_0332_delta_a,0.9597664134843009,0.9639805385044643,0.47103363275527954,,,,
panda_0333_delta_a,0.9756939964635032,0.9628034319196429,0.5283701419830322,,,,
panda_0334_delta_a,0.7729734634714467,0.8942173549107143,0.36511513590812683,,,,
panda_0335_delta_a,0.8580353366477149,0.960693359375,0.35906732082366943,,,,
panda_0336_delta_a,0.988047467810767,0.9687674386160714,0.5082799196243286,,,,
panda_0337_delta_a,0.8175401772771563,0.8896658761160714,0.31004226207733154,,,,
panda_0338_delta_a,0.9691147112420627,0.9770943777901786,0.47339314222335815,,,,
panda_0339_delta_a,0.840351438415902,0.9076625279017857,0.3324037194252014,,,,
panda_0340_delta_a,0.9140687840325492,0.8919677734375,0.46643468737602234,,,,
panda_0341_delta_a,0.7998398010219846,0.9209856305803571,0.3161306381225586,,,,
panda_0342_delta_a,0.9316718982798713,0.9385899135044643,0.37077561020851135,,,,
panda_0343_delta_a,0.976808882185391,0.9662998744419643,0.3756600618362427,,,,
panda_0344_delta_a,0.9761366237487111,0.9714442661830357,0.4389508366584778,,,,
panda_0345_delta_a,0.9086173144834382,0.9482160295758929,0.4039757251739502,,,,
panda_0346_delta_a,0.9640152443732534,0.9812883649553571,0.528577983379364,,,,
panda_0347_delta_a,0.9844348718013082,0.9562465122767857,0.37840762734413147,,,,
panda_0348_delta_a,0.8311012334057263,0.9143763950892857,0.29757216572761536,,,,
panda_0349_delta_a,0.8127744447972093,0.803375244140625,0.32395491003990173,,,,
panda_0350_delta_a,0.7879569360188076,0.8343331473214286,0.3498743176460266,,,,
panda_0351_delta_a,0.9663333222270012,0.97393798828125,0.47337618470191956,,,,
panda_0352_delta_a,0.9942841700145176,0.9928850446428571,0.36466479301452637,,,,
panda_0353_delta_a,0.8861443059785026,0.9310302734375,0.3666272461414337,,,,
panda_0354_delta_a,0.9919258430600166,0.98565673828125,0.3882448375225067,,,,
panda_0355_delta_a,0.7190065155071872,0.8849705287388393,0.23111151158809662,,,,
panda_0356_delta_a,0.7681199083370822,0.8401925223214286,0.37087947130203247,,,,
panda_0357_delta_a,0.9932999238371849,0.98590087890625,0.4855532646179199,,,,
panda_0358_delta_a,0.9518783454384122,0.9405168805803571,0.3972528278827667,,,,
panda_0359_delta_a,0.9841471963695118,0.9724208286830357,0.40253472328186035,,,,
panda_0360_delta_a,0.9281462377735546,0.94561767578125,0.3400678336620331,,,,
panda_0361_delta_a,0.8496844747236797,0.9491925920758929,0.2772727906703949,,,,
panda_0362_delta_a,0.9705880018217223,0.9743565150669643,0.3518039286136627,,,,
panda_0363_delta_a,0.9572237080761364,0.9377877371651786,0.32601413130760193,,,,
panda_0364_delta_a,0.9907987021974155,0.9810703822544643,0.26682156324386597,,,,
panda_0365_delta_a,0.8333642232630935,0.8539690290178571,0.3256428837776184,,,,
panda_0366_delta_a,0.9679842271975109,0.9254237583705357,0.21930232644081116,,,,
panda_0367_delta_a,0.9285804661256927,0.9417375837053571,0.4385019838809967,,,,
panda_0368_delta_a,0.8639366584164756,0.8425816127232143,0.4087933301925659,,,,
panda_0369_delta_a,0.8941555023193359,0.9423479352678571,0.2428835779428482,,,,
panda_0370_delta_a,0.9970411104815347,0.9929896763392857,0.3525187075138092,,,,
panda_0371_delta_a,0.5970461943319866,0.8416224888392857,0.39284536242485046,,,,
panda_0372_delta_a,0.8038824951010091,0.8743722098214286,0.4049533009529114,,,,
panda_0373_delta_a,0.9567514594112124,0.96826171875,0.5809600949287415,,,,
panda_0374_delta_a,0.984888593001025,0.9744524274553571,0.42548510432243347,,,,
panda_0375_delta_a,0.8338894407664027,0.9418160574776786,0.413093626499176,,,,
panda_0376_delta_a,0.8212302529386112,0.8797999790736607,0.26037824153900146,,,,
panda_0377_delta_a,0.9943035851631846,0.9789167131696429,0.28663861751556396,,,,
panda_0378_delta_a,0.7142770835863692,0.81341552734375,0.41206419467926025,,,,
panda_0379_delta_a,0.8932441760386739,0.9630998883928571,0.43490955233573914,,,,
panda_0380_delta_a,0.9943606768335614,0.99041748046875,0.38700005412101746,,,,
panda_0381_delta_a,0.7204987199178764,0.9043230329241071,0.4560568630695343,,,,
panda_0382_delta_a,0.9967496043869427,0.9924054827008929,0.42670321464538574,,,,
panda_0383_delta_a,0.8955036540116582,0.93756103515625,0.3768492043018341,,,,
panda_0384_delta_a,0.6874008173389095,0.8405936104910714,0.3609462082386017,,,,
panda_0385_delta_a,0.9531287316765104,0.9712437220982143,0.6191145777702332,,,,
panda_0386_delta_a,0.9916611377682004,0.9824741908482143,0.4842483103275299,,,,
panda_0387_delta_a,0.8849511050752231,0.9577723911830357,0.35812991857528687,,,,
panda_0388_delta_a,0.9360569353614535,0.96734619140625,0.45496466755867004,,,,
panda_0389_delta_a,0.9963377831237656,0.9912283761160714,0.29508477449417114,,,,
panda_0390_delta_a,0.9807992290173259,0.9579119001116071,0.4588634967803955,,,,
panda_0391_delta_a,0.983282099877085,0.9843924386160714,0.4318739175796509,,,,
panda_0392_delta_a,0.6263308756585632,0.8442208426339286,0.5019972324371338,,,,
panda_0393_delta_a,0.9748775618416923,0.9766409737723214,0.5447300672531128,,,,
panda_0394_delta_a,0.8276948396648679,0.8556169782366071,0.36077138781547546,,,,
panda_0395_delta_a,0.9162792297346252,0.9497942243303571,0.48043811321258545,,,,
panda_0396_delta_a,0.8873260255370822,0.9266793387276786,0.330826073884964,,,,
panda_0397_delta_a,0.9932791633265359,0.9865548270089286,0.4524679183959961,,,,
panda_0398_delta_a,0.9888357243367604,0.9765886579241071,0.5064067244529724,,,,
panda_0399_delta_a,0.983497679233551,0.9710518973214286,0.47534698247909546,,,,
panda_0400_delta_a,0.560601885696607,0.7514386858258929,0.31188032031059265,,,,
panda_0401_delta_a,0.8801115889634404,0.86639404296875,0.38712161779403687,,,,
panda_0402_delta_a,0.8502116394894463,0.9113333565848214,0.3466463088989258,,,,
panda_0403_delta_a,0.9752335729343551,0.8704572405133929,0.37317901849746704,,,,
panda_0404_delta_a,0.8576640657016209,0.8903634207589286,0.44257453083992004,,,,
panda_0405_delta_a,0.9964545624596732,0.9845493861607143,0.49236616492271423,,,,
panda_0406_delta_a,0.8613908011466265,0.8394644601004464,0.38626617193222046,,,,
panda_0407_delta_a,0.8836172350815364,0.90557861328125,0.37673813104629517,,,,
panda_0408_delta_a,0.5876053356166396,0.7464250837053571,0.35941725969314575,,,,
panda_0409_delta_a,0.9591874576040677,0.97381591796875,0.392098993062973,,,,
panda_0410_delta_a,0.9785558198179517,0.9728829520089286,0.46554630994796753,,,,
panda_0411_delta_a,0.8241086245647499,0.9151436941964286,0.40880465507507324,,,,
panda_0412_delta_a,0.902301125228405,0.9386073521205357,0.4599144160747528,,,,
panda_0413_delta_a,0.9776734582015446,0.9624459402901786,0.3101077973842621,,,,
panda_0414_delta_a,0.9765237016337258,0.979736328125,0.5852638483047485,,,,
panda_0415_delta_a,0.9983806822981153,0.9891444614955357,0.4644204378128052,,,,
panda_0416_delta_a,0.9880796000361443,0.95819091796875,0.24427509307861328,,,,
panda_0417_delta_a,0.6519163431865829,0.7928859165736607,0.29027292132377625,,,,
panda_0418_delta_a,0.7905294794057097,0.8717825753348214,0.344300240278244,,,,
panda_0419_delta_a,0.9324759755815778,0.9294695172991071,0.4732801616191864,,,,
panda_0420_delta_a,0.9865109367030007,0.9888741629464286,0.4994440972805023,,,,
panda_0421_delta_a,0.9903034546545574,0.9912022181919643,0.5996807813644409,,,,
panda_0422_delta_a,0.9171698199851173,0.9082292829241071,0.3126693367958069,,,,
panda_0423_delta_a,0.9388648420572281,0.8360595703125,0.30200543999671936,,,,
panda_0424_delta_a,0.9910171287400382,0.97918701171875,0.3580986559391022,,,,
panda_0425_delta_a,0.9516783675977162,0.9791434151785714,0.39951634407043457,,,,
panda_0426_delta_a,0.8930832733001027,0.9621843610491071,0.26926395297050476,,,,
panda_0427_delta_a,0.8794082216918468,0.9184395926339286,0.42513445019721985,,,,
panda_0428_delta_a,0.8598553878920419,0.9348929268973214,0.4686134457588196,,,,
panda_0429_delta_a,0.9946926502244813,0.9721592494419643,0.5129683017730713,,,,
panda_0430_delta_a,0.8809297787291663,0.9261736188616071,0.44382402300834656,,,,
panda_0431_delta_a,0.9106238526957375,0.9698486328125,0.24211503565311432,,,,
panda_0432_delta_a,0.9897372765200478,0.9863019670758929,0.4375250041484833,,,,
panda_0433_delta_a,0.9513881791915212,0.97589111328125,0.41888895630836487,,,,
panda_0434_delta_a,0.9839464628270694,0.9638410295758929,0.3204350173473358,,,,
panda_0435_delta_a,0.9691321019615445,0.9637974330357143,0.4398390054702759,,,,
panda_0436_delta_a,0.9618874947939601,0.9530465262276786,0.44852250814437866,,,,
panda_0437_delta_a,0.6788962041693074,0.693878173828125,0.35622212290763855,,,,
panda_0438_delta_a,0.9788770941751344,0.9670322963169643,0.49426212906837463,,,,
panda_0439_delta_a,0.8696274996868202,0.9538138253348214,0.4424334764480591,,,,
panda_0440_delta_a,0.9537266961165837,0.9391566685267857,0.4438343346118927,,,,
panda_0441_delta_a,0.9630118502037865,0.9580252511160714,0.5054371953010559,,,,
panda_0442_delta_a,0.8936089021818978,0.8726109095982143,0.4393238127231598,,,,
panda_0443_delta_a,0.8020927379173892,0.8624049595424107,0.5277307629585266,,,,
panda_0444_delta_a,0.8155327567032405,0.8812168666294643,0.34954631328582764,,,,
panda_0445_delta_a,0.9775287604757718,0.9824480329241071,0.47244182229042053,,,,
panda_0446_delta_a,0.9835614764264652,0.9940883091517857,0.30283764004707336,,,,
panda_0447_delta_a,0.9850997616137777,0.9629952566964286,0.5279258489608765,,,,
panda_0448_delta_a,0.8339209982327053,0.8789411272321429,0.4640006124973297,,,,
panda_0449_delta_a,0.9467585108109883,0.9559326171875,0.5086613297462463,,,,
panda_0450_delta_a,0.9917171480400222,0.9582693917410714,0.4565986096858978,,,,
panda_0451_delta_a,0.9870727487972805,0.9834158761160714,0.19975408911705017,,,,
panda_0452_delta_a,0.8953583373555115,0.9330269949776786,0.5178934335708618,,,,
panda_0453_delta_a,0.9513902227793422,0.9363054547991071,0.31392404437065125,,,,
panda_0454_delta_a,0.9908342063426971,0.9822038922991071,0.279525488615036,,,,
panda_0455_delta_a,0.8136120076690402,0.8704921177455357,0.2652515172958374,,,,
panda_0456_delta_a,0.7268230148724147,0.8141305106026786,0.32047218084335327,,,,
panda_0457_delta_a,0.8047252536884376,0.8517804827008929,0.3763919770717621,,,,
panda_0458_delta_a,0.8771594698940005,0.9020734514508929,0.5615389347076416,,,,
panda_0459_delta_a,0.9781999215483665,0.9712175641741071,0.36604616045951843,,,,
panda_0460_delta_a,0.9398349885429654,0.9539446149553571,0.3869868218898773,,,,
panda_0461_delta_a,0.9379565098455974,0.8876255580357143,0.3875555396080017,,,,
panda_0462_delta_a,0.8719608421836581,0.7973284040178571,0.181030735373497,,,,
panda_0463_delta_a,0.9493387298924583,0.9444405691964286,0.3748915195465088,,,,
panda_0464_delta_a,0.9907054709536689,0.96661376953125,0.46677905321121216,,,,
panda_0465_delta_a,0.9899806188685554,0.9655500139508929,0.2413594126701355,,,,
panda_0466_delta_a,0.8419190187539373,0.8329554966517857,0.26195448637008667,,,,
panda_0467_delta_a,0.9453718821917262,0.9416416713169643,0.51731276512146,,,,
panda_0468_delta_a,0.7871290272367852,0.9026576450892857,0.3771647810935974,,,,
panda_0469_delta_a,0.8158558170710292,0.8522600446428571,0.4643809199333191,,,,
panda_0470_delta_a,0.9046606932367597,0.9505789620535714,0.39869242906570435,,,,
panda_0471_delta_a,0.738373421797795,0.8551810128348214,0.39854180812835693,,,,
panda_0472_delta_a,0.9183327305529799,0.9584089006696429,0.5503224730491638,,,,
panda_0474_delta_a,0.993120398904596,0.9893624441964286,0.3543699085712433,,,,
panda_0475_delta_a,0.823681756321873,0.8453499930245536,0.3152160048484802,,,,
panda_0476_delta_a,0.8046446330845356,0.8558000837053571,0.31840255856513977,,,,
panda_0477_delta_a,0.9704441864575658,0.9525582449776786,0.41213348507881165,,,,
panda_0478_delta_a,0.7114301664488656,0.7463858468191964,0.3581407368183136,,,,
panda_0479_delta_a,0.8255318605474063,0.9581298828125,0.27550673484802246,,,,
panda_0480_delta_a,0.9493818016988891,0.9578770228794643,0.36504217982292175,,,,
panda_0481_delta_a,0.7142106108367443,0.9057529994419643,0.35086026787757874,,,,
panda_0482_delta_a,0.8077581311975207,0.8864833286830357,0.3069215416908264,,,,
panda_0483_delta_a,0.9022993594408035,0.8267299107142857,0.3159950375556946,,,,
panda_0484_delta_a,0.9592294629131045,0.9415370396205357,0.2947981655597687,,,,
panda_0485_delta_a,0.9714383376496178,0.9480154854910714,0.49334779381752014,,,,
panda_0486_delta_a,0.769480615322079,0.9085518973214286,0.397783488035202,,,,
panda_0487_delta_a,0.9939187158431325,0.981689453125,0.42743536829948425,,,,
panda_0488_delta_a,0.940955139696598,0.9480154854910714,0.37366214394569397,,,,
panda_0489_delta_a,0.9887153144393649,0.9329049246651786,0.366706520318985,,,,
panda_0490_delta_a,0.7383386217323797,0.8887067522321429,0.3737536668777466,,,,
panda_0491_delta_a,0.9630335622600147,0.9620274135044643,0.6352489590644836,,,,
panda_0492_delta_a,0.9225851488964898,0.8968680245535714,0.16235943138599396,,,,
panda_0493_delta_a,0.9950135467307908,0.9956926618303571,0.15044870972633362,,,,
panda_0494_delta_a,0.9175939634442329,0.9223545619419643,0.340455025434494,,,,
panda_0495_delta_a,0.9820263662508556,0.9647303989955357,0.4591560959815979,,,,
panda_0496_delta_a,0.9923120034592492,0.9906964983258929,0.4040001928806305,,,,
panda_0497_delta_a,0.9441424139908382,0.9661952427455357,0.3148265480995178,,,,
panda_0498_delta_a,0.9963489600590297,0.9852120535714286,0.5476401448249817,,,,
panda_0499_delta_a,0.9868469621453967,0.978515625,0.5336448550224304,,,,
panda_0500_delta_a,0.9517152064612934,0.9592459542410714,0.3806605637073517,,,,
panda_0501_delta_a,0.8433089075343949,0.8964930943080357,0.368598997592926,,,,
panda_0502_delta_a,0.9495951969708715,0.9458356584821429,0.49135127663612366,,,,
panda_0503_delta_a,0.9784424219812665,0.9838692801339286,0.365477979183197,,,,
panda_0504_delta_a,0.6477625290197986,0.7531302315848214,0.33897101879119873,,,,
panda_0505_delta_a,0.9651878933821406,0.9669451032366071,0.41688072681427,,,,
panda_0506_delta_a,0.9272142627409526,0.9238194056919643,0.30746448040008545,,,,
panda_0507_delta_a,0.9363578919853482,0.9592372349330357,0.3425331115722656,,,,
panda_0508_delta_a,0.9857907199433872,0.9862409319196429,0.5064036846160889,,,,
panda_0509_delta_a,0.8447245173156261,0.8362601143973214,0.48425546288490295,,,,
panda_0510_delta_a,0.9946474954485893,0.9857003348214286,0.4118235409259796,,,,
panda_0511_delta_a,0.9873990235584122,0.9914114815848214,0.4062211215496063,,,,
panda_0512_delta_a,0.8906060946839196,0.9093889508928571,0.28990527987480164,,,,
panda_0513_delta_a,0.9417580025536674,0.9502127511160714,0.4666703939437866,,,,
panda_0514_delta_a,0.9753211619598525,0.9742693219866071,0.4818975627422333,,,,
panda_0515_delta_a,0.996328666806221,0.99072265625,0.387351393699646,,,,
panda_0516_delta_a,0.9208740730370794,0.9493669782366071,0.34220296144485474,,,,
panda_0517_delta_a,0.9246261832969529,0.9362357003348214,0.3710263967514038,,,,
panda_0518_delta_a,0.9406944598470416,0.9384852818080357,0.31022360920906067,,,,
panda_0519_delta_a,0.8295863302690643,0.8890206473214286,0.3616998493671417,,,,
panda_0520_delta_a,0.9958398693374225,0.9910452706473214,0.5762993097305298,,,,
panda_0521_delta_a,0.9389887835298266,0.9136526925223214,0.190042644739151,,,,
panda_0522_delta_a,0.9636586457490921,0.9724208286830357,0.2928205728530884,,,,
panda_0523_delta_a,0.8212262902941022,0.8558829171316964,0.40649351477622986,,,,
panda_0524_delta_a,0.993668679680143,0.9944022042410714,0.43380415439605713,,,,
panda_0525_delta_a,0.9926284179091454,0.9688546316964286,0.4650912284851074,,,,
panda_0526_delta_a,0.9866743779608181,0.9812273297991071,0.4185667335987091,,,,
panda_0527_delta_a,0.9659734261887414,0.9707467215401786,0.20361045002937317,,,,
panda_0528_delta_a,0.935284361243248,0.9293997628348214,0.44494006037712097,,,,
panda_0529_delta_a,0.8823092026369912,0.9174455915178571,0.28333747386932373,,,,
panda_0530_delta_a,0.9784734036241259,0.9796055385044643,0.5288888812065125,,,,
panda_0531_delta_a,0.9625244278992925,0.9328526088169643,0.5495151877403259,,,,
panda_0532_delta_a,0.854246262460947,0.8930838448660714,0.32643869519233704,,,,
panda_0533_delta_a,0.9841735033052308,0.9599260602678571,0.37904036045074463,,,,
panda_0534_delta_a,0.9354187377861568,0.8911307198660714,0.2786102294921875,,,,
panda_0535_delta_a,0.9455722687499863,0.9559326171875,0.48966604471206665,,,,
panda_0536_delta_a,0.8804141062178782,0.9253365652901786,0.5683839917182922,,,,
panda_0537_delta_a,0.7860703255449023,0.91290283203125,0.47037020325660706,,,,
panda_0538_delta_a,0.7873811881457057,0.8429827008928571,0.2636839747428894,,,,
panda_0539_delta_a,0.8719313272408077,0.9240548270089286,0.3834117352962494,,,,
panda_0540_delta_a,0.9785175493785313,0.9686017717633929,0.46890056133270264,,,,
panda_0541_delta_a,0.7472605242260865,0.8201206752232143,0.22957909107208252,,,,
panda_0542_delta_a,0.971858483340059,0.9744873046875,0.3359612226486206,,,,
panda_0543_delta_a,0.9715231273855481,0.9704764229910714,0.4201739728450775,,,,
panda_0544_delta_a,0.8429324174565929,0.8823111397879464,0.34992873668670654,,,,
panda_0545_delta_a,0.8235172129103115,0.9221976143973214,0.38467514514923096,,,,
panda_0546_delta_a,0.8164875667010035,0.8841029575892857,0.4814640283584595,,,,
panda_0547_delta_a,0.8303102941385337,0.8794032505580357,0.15238748490810394,,,,
panda_0548_delta_a,0.9271285076226506,0.9048287527901786,0.2957785725593567,,,,
panda_0549_delta_a,0.7832984099430698,0.8326590401785714,0.39587727189064026,,,,
panda_0550_delta_a,0.9979567240391459,0.9916207449776786,0.5145826935768127,,,,
panda_0551_delta_a,0.687810593949897,0.8003627232142857,0.19939734041690826,,,,
panda_0552_delta_a,0.9762378622378621,0.9205758231026786,0.4532734453678131,,,,
panda_0553_delta_a,0.9342830255627632,0.9665876116071429,0.700300395488739,,,,
panda_0554_delta_a,0.988831431737968,0.9909755161830357,0.383141428232193,,,,
panda_0555_delta_a,0.8645260286118303,0.9436558314732143,0.3625369369983673,,,,
panda_0556_delta_a,0.9553438339914594,0.76812744140625,0.25171616673469543,,,,
panda_0557_delta_a,0.9746176078915596,0.9204799107142857,0.27744898200035095,,,,
panda_0558_delta_a,0.9765291810035706,0.9604753766741071,0.4575806260108948,,,,
panda_0559_delta_a,0.9130409806966782,0.91656494140625,0.4069989025592804,,,,
panda_0560_delta_a,0.7053644968462842,0.8653128487723214,0.3594125807285309,,,,
panda_0561_delta_a,0.9856331955109324,0.9826834542410714,0.48187506198883057,,,,
panda_0562_delta_a,0.9940107081617627,0.9887346540178571,0.4650357663631439,,,,
panda_0563_delta_a,0.9250828730208533,0.94183349609375,0.41664648056030273,,,,
panda_0564_delta_a,0.8866050913929939,0.8460431780133929,0.3308679759502411,,,,
panda_0565_delta_a,0.9879968187638691,0.9803815569196429,0.08832456916570663,,,,
panda_0566_delta_a,0.9613738166434425,0.9470912388392857,0.22321289777755737,,,,
panda_0567_delta_a,0.9437901824712753,0.8743722098214286,0.3427680432796478,,,,
panda_0568_delta_a,0.9169954263738224,0.9532383510044643,0.3634750545024872,,,,
panda_0569_delta_a,0.8691941840308053,0.9286324637276786,0.3889351487159729,,,,
panda_0570_delta_a,0.990415979708944,0.9830583844866071,0.46170082688331604,,,,
panda_0571_delta_a,0.9259919705135482,0.88763427734375,0.21098506450653076,,,,
panda_0572_delta_a,0.9874757847615651,0.9151436941964286,0.15527896583080292,,,,
panda_0573_delta_a,0.8387821769075734,0.88909912109375,0.46904921531677246,,,,
panda_0574_delta_a,0.9797874540090561,0.9587663922991071,0.6181507706642151,,,,
panda_0575_delta_a,0.9811968579888344,0.9671718052455357,0.38269031047821045,,,,
panda_0576_delta_a,0.9943580638085093,0.9854649135044643,0.6213135123252869,,,,
panda_0577_delta_a,0.9560151547193527,0.9668404715401786,0.4580540657043457,,,,
panda_0578_delta_a,0.9842389449477196,0.9832938058035714,0.4184107780456543,,,,
panda_0579_delta_a,0.7054821948653885,0.8248988560267857,0.4339432418346405,,,,
panda_0580_delta_a,0.9013974155698504,0.8890816824776786,0.24972406029701233,,,,
panda_0581_delta_a,0.8004575840064457,0.9110020228794643,0.3791901767253876,,,,
panda_0582_delta_a,0.9490953715784209,0.9541102818080357,0.2913416922092438,,,,
panda_0583_delta_a,0.9911156988569668,0.9872698102678571,0.5717319846153259,,,,
panda_0584_delta_a,0.8932370000651905,0.8773018973214286,0.41528043150901794,,,,
panda_0585_delta_a,0.9608639563832965,0.9655848911830357,0.4984253942966461,,,,
panda_0586_delta_a,0.9913309876407895,0.99310302734375,0.42917710542678833,,,,
panda_0587_delta_a,0.8634139118450028,0.9078369140625,0.4280209243297577,,,,
panda_0588_delta_a,0.7191341460815498,0.8589739118303571,0.28521156311035156,,,,
panda_0589_delta_a,0.8550649226776191,0.8736659458705357,0.25811129808425903,,,,
panda_0590_delta_a,0.7994055705411094,0.9166521344866071,0.3999151885509491,,,,
panda_0591_delta_a,0.9881637447646686,0.9726736886160714,0.6637542843818665,,,,
panda_0592_delta_a,0.9807569980621338,0.9444580078125,0.3909842073917389,,,,
panda_0593_delta_a,0.9376351237297058,0.8806675502232143,0.3011375665664673,,,,
panda_0594_delta_a,0.9381510902728353,0.9667271205357143,0.22209282219409943,,,,
panda_0595_delta_a,0.9945055480514254,0.9846888950892857,0.506463348865509,,,,
panda_0596_delta_a,0.9444213488272258,0.9014107840401786,0.3018636703491211,,,,
panda_0597_delta_a,0.7400908350412335,0.8261369977678571,0.430721253156662,,,,
panda_0598_delta_a,0.960591876081058,0.9695696149553571,0.3494641184806824,,,,
panda_0599_delta_a,0.8655584103294781,0.9131208147321429,0.2263363152742386,,,,
panda_0600_delta_a,0.9938104748725891,0.9633091517857143,0.3783719539642334,,,,
panda_0601_delta_a,0.8511365657406194,0.8381783621651786,0.40924540162086487,,,,
panda_0602_delta_a,0.8116645238229206,0.9067470005580357,0.42948365211486816,,,,
panda_0603_delta_a,0.8380966995443616,0.8250732421875,0.33868125081062317,,,,
panda_0604_delta_a,0.9238848622356143,0.9285801478794643,0.36293378472328186,,,,
panda_0605_delta_a,0.9784047443951879,0.9768851143973214,0.5196031928062439,,,,
panda_0606_delta_a,0.9319660780685288,0.9726998465401786,0.43172308802604675,,,,
panda_0607_delta_a,0.9929647498897144,0.9893450055803571,0.34242314100265503,,,,
panda_0608_delta_a,0.908405487026487,0.9340297154017857,0.4791710376739502,,,,
panda_0609_delta_a,0.9280464723706245,0.9170096261160714,0.37456950545310974,,,,
panda_0610_delta_a,0.9811171250683921,0.9829450334821429,0.4434237480163574,,,,
panda_0611_delta_a,0.812813725322485,0.8860648018973214,0.42539989948272705,,,,
panda_0612_delta_a,0.9780017563274929,0.9006434849330357,0.4555828869342804,,,,
panda_0613_delta_a,0.9980980647461755,0.97674560546875,0.41552865505218506,,,,
panda_0614_delta_a,0.9769215094191688,0.97283935546875,0.38045239448547363,,,,
panda_0615_delta_a,0.9783314487763813,0.9539271763392857,0.4350534975528717,,,,
panda_0616_delta_a,0.9219437007393155,0.9416155133928571,0.3737644851207733,,,,
panda_0617_delta_a,0.9888169446161815,0.97857666015625,0.6571345329284668,,,,
panda_0618_delta_a,0.988813151206289,0.9665440150669643,0.46202555298805237,,,,
panda_0619_delta_a,0.9010252856782505,0.96282958984375,0.276618629693985,,,,
panda_0620_delta_a,0.7867179680615664,0.8754185267857143,0.37433338165283203,,,,
panda_0621_delta_a,0.9717839008995465,0.9667096819196429,0.41293835639953613,,,,
panda_0622_delta_a,0.8846362259771142,0.9296177455357143,0.3670777976512909,,,,
panda_0623_delta_a,0.9185352208358901,0.9302891322544643,0.3860115110874176,,,,
panda_0624_delta_a,0.860592317368303,0.9210553850446429,0.31045791506767273,,,,
panda_0625_delta_a,0.9127873629331589,0.9482945033482143,0.43242040276527405,,,,
panda_0626_delta_a,0.9935850107244083,0.9903477260044643,0.3552846908569336,,,,
panda_0627_delta_a,0.9843188683901515,0.970458984375,0.47692805528640747,,,,
panda_0628_delta_a,0.7968180631952626,0.8790631975446429,0.310797780752182,,,,
panda_0629_delta_a,0.9848690011671611,0.9621058872767857,0.43606558442115784,,,,
panda_0630_delta_a,0.9788053865943637,0.9612513950892857,0.5890246033668518,,,,
panda_0631_delta_a,0.8819756499890771,0.9405430385044643,0.49254220724105835,,,,
panda_0632_delta_a,0.9924500297222819,0.9796578543526786,0.3884908854961395,,,,
panda_0633_delta_a,0.9307212371911321,0.96905517578125,0.44908568263053894,,,,
panda_0634_delta_a,0.9832468937550273,0.9715488978794643,0.3407568335533142,,,,
panda_0635_delta_a,0.9648667339767728,0.9935825892857143,0.3146379292011261,,,,
panda_0636_delta_a,0.9913428606731551,0.97406005859375,0.5224500298500061,,,,
panda_0637_delta_a,0.8228706179984978,0.8887503487723214,0.36269089579582214,,,,
panda_0638_delta_a,0.9790300694959504,0.9712262834821429,0.46618080139160156,,,,
panda_0639_delta_a,0.9749867788382939,0.9665963309151786,0.29220035672187805,,,,
panda_0640_delta_a,0.9972561257226127,0.9881591796875,0.4321754574775696,,,,
panda_0641_delta_a,0.9920751729181835,0.9893711635044643,0.3023027777671814,,,,
panda_0642_delta_a,0.8501208978039878,0.8794381277901786,0.43004536628723145,,,,
panda_0643_delta_a,0.9614129002605166,0.9732753208705357,0.3367089629173279,,,,
panda_0644_delta_a,0.9798782648784774,0.9717058454241071,0.3852781653404236,,,,
panda_0645_delta_a,0.9901942663959095,0.9648001534598214,0.32236427068710327,,,,
panda_0646_delta_a,0.85666570227061,0.9433768136160714,0.3011147081851959,,,,
panda_0647_delta_a,0.8692334187882287,0.9223981584821429,0.23838527500629425,,,,
panda_0648_delta_a,0.8597913427012307,0.8419058663504464,0.40034911036491394,,,,
panda_0649_delta_a,0.9923265469925744,0.9842093331473214,0.26033031940460205,,,,
panda_0650_delta_a,0.9772056830780846,0.9873918805803571,0.39090806245803833,,,,
panda_0651_delta_a,0.9477118615593229,0.8635951450892857,0.2251218557357788,,,,
panda_0652_delta_a,0.9657619020768574,0.9623500279017857,0.46851518750190735,,,,
panda_0653_delta_a,0.8149407066937003,0.8693062918526786,0.3458141088485718,,,,
panda_0654_delta_a,0.8700396972043174,0.8581194196428571,0.24687375128269196,,,,
panda_0655_delta_a,0.8166308190141406,0.8780648367745536,0.44809532165527344,,,,
panda_0656_delta_a,0.9791327565908432,0.9592721121651786,0.4776999354362488,,,,
panda_0657_delta_a,0.9859003318207604,0.9809047154017857,0.3798929750919342,,,,
panda_0658_delta_a,0.7240434331553323,0.8315080915178571,0.2867913842201233,,,,
panda_0659_delta_a,0.9238575351025377,0.8881923130580357,0.5477840304374695,,,,
panda_0660_delta_a,0.9813719913363457,0.8892473493303571,0.43631646037101746,,,,
panda_0661_delta_a,0.8341968006321362,0.8799351283482143,0.28328177332878113,,,,
panda_0662_delta_a,0.9740661286881992,0.97479248046875,0.48739150166511536,,,,
panda_0663_delta_a,0.7512164900877646,0.8205086844308036,0.4611480236053467,,,,
panda_0664_delta_a,0.9941008165478706,0.9926845005580357,0.2582482397556305,,,,
panda_0665_delta_a,0.9359538917030606,0.9594988141741071,0.3260408639907837,,,,
panda_0666_delta_a,0.9384079894849232,0.9498552594866071,0.34480005502700806,,,,
panda_0667_delta_a,0.9355267882347107,0.9547991071428571,0.49231889843940735,,,,
panda_0668_delta_a,0.9970319707478795,0.9720720563616071,0.3328346610069275,,,,
panda_0669_delta_a,0.8797298318573407,0.9547903878348214,0.44296857714653015,,,,
panda_0670_delta_a,0.8475688472390175,0.94049072265625,0.3071339428424835,,,,
panda_0671_delta_a,0.9410859527332442,0.9045061383928571,0.40765783190727234,,,,
panda_0672_delta_a,0.9763793093817574,0.9806431361607143,0.4637862741947174,,,,
panda_0673_delta_a,0.9031608189855304,0.9277692522321429,0.20718073844909668,,,,
panda_0674_delta_a,0.7649859546550682,0.8916538783482143,0.3552533686161041,,,,
panda_0675_delta_a,0.8549226330859321,0.8800048828125,0.420574814081192,,,,
panda_0676_delta_a,0.8797009576644216,0.9645211356026786,0.40845397114753723,,,,
panda_0677_delta_a,0.9809453157441956,0.9645647321428571,0.41846925020217896,,,,
panda_0678_delta_a,0.6900450367746609,0.7872881208147321,0.38744616508483887,,,,
panda_0679_delta_a,0.9722716329353196,0.9556361607142857,0.4499009847640991,,,,
panda_0680_delta_a,0.9387324643986565,0.9252668108258929,0.502159595489502,,,,
panda_0681_delta_a,0.6429462557924646,0.8719133649553571,0.5451816916465759,,,,
panda_0682_delta_a,0.9738881481545312,0.9582345145089286,0.38727614283561707,,,,
panda_0683_delta_a,0.8417605709816728,0.8945486886160714,0.42496174573898315,,,,
panda_0684_delta_a,0.9956091716885567,0.9857177734375,0.6452531218528748,,,,
panda_0685_delta_a,0.9855100533791951,0.9519304547991071,0.290397584438324,,,,
panda_0686_delta_a,0.9284901959555489,0.9314488002232143,0.3856554925441742,,,,
panda_0687_delta_a,0.9946462363004684,0.9826747349330357,0.4557505249977112,,,,
panda_0688_delta_a,0.995672382414341,0.9906790597098214,0.480635404586792,,,,
panda_0689_delta_a,0.9546328059264592,0.9587315150669643,0.5082523822784424,,,,
panda_0690_delta_a,0.9420091488531658,0.9632306780133929,0.45968061685562134,,,,
panda_0691_delta_a,0.7831645714385169,0.8698207310267857,0.4138195812702179,,,,
panda_0692_delta_a,0.838213865778276,0.9049508231026786,0.4118034839630127,,,,
panda_0693_delta_a,0.7528590079663056,0.8969464983258929,0.36100825667381287,,,,
panda_0694_delta_a,0.9744975875530925,0.9262259347098214,0.3532324731349945,,,,
panda_0695_delta_a,0.9253337159752846,0.9137050083705357,0.2723737061023712,,,,
panda_0696_delta_a,0.9309076187866074,0.9701625279017857,0.4478849172592163,,,,
panda_0697_delta_a,0.933710688991206,0.9202183314732143,0.3691731095314026,,,,
panda_0698_delta_a,0.969891794025898,0.9680088588169643,0.4048827588558197,,,,
panda_0699_delta_a,0.9446569351213319,0.9611031668526786,0.2760712206363678,,,,
panda_0700_delta_a,0.9119792197431836,0.9132167271205357,0.4976397454738617,,,,
panda_0701_delta_a,0.9856299577014787,0.9843662806919643,0.437610924243927,,,,
panda_0702_delta_a,0.9783674478530884,0.9533255440848214,0.35898926854133606,,,,
panda_0703_delta_a,0.9637699372002057,0.9541451590401786,0.46161675453186035,,,,
panda_0704_delta_a,0.9487384174551282,0.9579031808035714,0.5394755005836487,,,,
panda_0705_delta_a,0.8173170488859925,0.9079764229910714,0.15099087357521057,,,,
panda_0706_delta_a,0.8814798167773655,0.8436104910714286,0.380244642496109,,,,
panda_0707_delta_a,0.9973895475268364,0.9926409040178571,0.417079895734787,,,,
panda_0708_delta_a,0.9788153171539307,0.9653843470982143,0.5134234428405762,,,,
panda_0709_delta_a,0.9035855382680893,0.9433070591517857,0.41034165024757385,,,,
panda_0710_delta_a,0.8921175631029266,0.9373866489955357,0.3673563301563263,,,,
panda_0711_delta_a,0.683080257581813,0.8540910993303571,0.39491522312164307,,,,
panda_0712_delta_a,0.9882583926830973,0.9682268415178571,0.4030568301677704,,,,
panda_0713_delta_a,0.9600845905286925,0.9398280552455357,0.2973594069480896,,,,
panda_0714_delta_a,0.964975834957191,0.9254499162946429,0.3214246928691864,,,,
panda_0715_delta_a,0.8507499481950488,0.9086478097098214,0.41579535603523254,,,,
panda_0716_delta_a,0.9516774745924133,0.9503871372767857,0.49869564175605774,,,,
panda_0717_delta_a,0.7656758925212281,0.8840506417410714,0.4410882592201233,,,,
panda_0718_delta_a,0.9900075420737267,0.9885428292410714,0.4630945026874542,,,,
panda_0719_delta_a,0.7709131741097995,0.8872244698660714,0.5303139686584473,,,,
panda_0720_delta_a,0.9536570502179009,0.9578334263392857,0.24734582006931305,,,,
panda_0721_delta_a,0.9913556916373116,0.9807041713169643,0.6461247205734253,,,,
panda_0722_delta_a,0.789632077727999,0.8744245256696429,0.47864675521850586,,,,
panda_0723_delta_a,0.6785642100231988,0.8162667410714286,0.5229564905166626,,,,
panda_0724_delta_a,0.8209725197936807,0.878173828125,0.3707249164581299,,,,
panda_0725_delta_a,0.9900347824607577,0.9824393136160714,0.45597195625305176,,,,
panda_0726_delta_a,0.9779663841639247,0.9761962890625,0.4204052686691284,,,,
panda_0727_delta_a,0.9838470390864781,0.97564697265625,0.35636448860168457,,,,
panda_0728_delta_a,0.9925333123121943,0.9842180524553571,0.29831379652023315,,,,
panda_0729_delta_a,0.9465947427919933,0.9603009905133929,0.461606502532959,,,,
panda_0730_delta_a,0.980122161763055,0.9826747349330357,0.4115316569805145,,,,
panda_0731_delta_a,0.7940392262701478,0.8680594308035714,0.3672429621219635,,,,
panda_0732_delta_a,0.9759517503636224,0.9720633370535714,0.4512423276901245,,,,
panda_0733_delta_a,0.802419299525874,0.9378400530133929,0.3015136420726776,,,,
panda_0734_delta_a,0.8196619650615113,0.8849574497767857,0.29192420840263367,,,,
panda_0735_delta_a,0.7834185936621257,0.8825770786830357,0.510064959526062,,,,
panda_0736_delta_a,0.7534179985523224,0.8240792410714286,0.431821346282959,,,,
panda_0737_delta_a,0.8177930731326342,0.8997541155133929,0.35879451036453247,,,,
panda_0738_delta_a,0.8746067961411816,0.9747052873883929,0.34784358739852905,,,,
panda_0739_delta_a,0.9456061103514263,0.9522617885044643,0.5150561928749084,,,,
panda_0740_delta_a,0.8944111136453492,0.9236798967633929,0.2784489691257477,,,,
panda_0741_delta_a,0.9887276217341423,0.9636579241071429,0.3892369568347931,,,,
panda_0742_delta_a,0.9805640344108854,0.9276820591517857,0.445338636636734,,,,
panda_0743_delta_a,0.8379632255860737,0.8782523018973214,0.49571406841278076,,,,
panda_0744_delta_a,0.8886558184666293,0.8951939174107143,0.39786383509635925,,,,
panda_0745_delta_a,0.9947847638811383,0.9911934988839286,0.19430871307849884,,,,
panda_0746_delta_a,0.9501723359738078,0.9702845982142857,0.4278373718261719,,,,
panda_0747_delta_a,0.9915808290243149,0.9837123325892857,0.521086573600769,,,,
panda_0748_delta_a,0.855789738042014,0.9172537667410714,0.3111356198787689,,,,
panda_0749_delta_a,0.8096702003053257,0.892822265625,0.48636284470558167,,,,
panda_0750_delta_a,0.9933530326400485,0.9872000558035714,0.6058762073516846,,,,
panda_0751_delta_a,0.8968059388654572,0.9310477120535714,0.45157766342163086,,,,
panda_0752_delta_a,0.8431518450379372,0.8668736049107143,0.4515642821788788,,,,
panda_0753_delta_a,0.9945421804274831,0.9873134068080357,0.38971322774887085,,,,
panda_0754_delta_a,0.8486964276858738,0.9032854352678571,0.3560749888420105,,,,
panda_0755_delta_a,0.9911530252013888,0.9818987165178571,0.7121270895004272,,,,
panda_0756_delta_a,0.9259376813258443,0.9551914760044643,0.32824209332466125,,,,
panda_0757_delta_a,0.9513957000204495,0.9658639090401786,0.3618360161781311,,,,
panda_0758_delta_a,0.9343328114066806,0.9523228236607143,0.4591025114059448,,,,
panda_0759_delta_a,0.9622552384223256,0.9528721400669643,0.3704748749732971,,,,
panda_0760_delta_a,0.9963281867759568,0.9942539760044643,0.4679620563983917,,,,
panda_0761_delta_a,0.8018780962697097,0.9291556222098214,0.23477376997470856,,,,
panda_0762_delta_a,0.9575741386839322,0.96417236328125,0.5328025817871094,,,,
panda_0763_delta_a,0.9760302911911692,0.9491228376116071,0.4001387655735016,,,,
panda_0764_delta_a,0.9916972869208881,0.9901384626116071,0.49961280822753906,,,,
panda_0765_delta_a,0.8989489908729281,0.9422084263392857,0.49647676944732666,,,,
panda_0766_delta_a,0.7827503707792077,0.8723231724330357,0.34494802355766296,,,,
panda_0767_delta_a,0.9651670296277318,0.9866768973214286,0.5006006956100464,,,,
panda_0768_delta_a,0.9879714708243098,0.99114990234375,0.2557291090488434,,,,
panda_0769_delta_a,0.9608379027673176,0.9658726283482143,0.46130895614624023,,,,
panda_0770_delta_a,0.9940342328378132,0.9824916294642857,0.4971837103366852,,,,
panda_0771_delta_a,0.7422106074435371,0.783721923828125,0.33899834752082825,,,,
panda_0772_delta_a,0.9851483202406338,0.9796491350446429,0.11794101446866989,,,,
panda_0773_delta_a,0.9799481523888451,0.9286411830357143,0.42021888494491577,,,,
panda_0774_delta_a,0.9595186540058681,0.9054914202008929,0.11727704852819443,,,,
panda_0775_delta_a,0.9863687817539487,0.9874965122767857,0.3578442335128784,,,,
panda_0776_delta_a,0.9931912017720086,0.9799455915178571,0.5601290464401245,,,,
panda_0777_delta_a,0.9885539348636355,0.9839913504464286,0.4390396773815155,,,,
panda_0778_delta_a,0.8309037472520556,0.8863438197544643,0.3967081308364868,,,,
panda_0779_delta_a,0.9690356914486203,0.9636666434151786,0.42045652866363525,,,,
panda_0780_delta_a,0.6945367825350591,0.8719046456473214,0.4401559829711914,,,,
panda_0781_delta_a,0.9760917542236192,0.9680350167410714,0.6373797655105591,,,,
panda_0782_delta_a,0.8427178274307933,0.9294346400669643,0.2641529440879822,,,,
panda_0783_delta_a,0.5739616880725537,0.8284999302455357,0.3869835138320923,,,,
panda_0784_delta_a,0.9846642773066249,0.9710780552455357,0.5259709358215332,,,,
panda_0785_delta_a,0.8367929932262216,0.9530901227678571,0.3621101975440979,,,,
panda_0786_delta_a,0.8391157857009343,0.9102521623883929,0.5092893242835999,,,,
panda_0787_delta_a,0.9673106617161206,0.8966413225446429,0.39246246218681335,,,,
panda_0788_delta_a,0.8397437648049423,0.9424787248883929,0.30683115124702454,,,,
panda_0789_delta_a,0.7850485603724208,0.8755057198660714,0.2989065945148468,,,,
panda_0790_delta_a,0.9792083565677915,0.9870692661830357,0.39224478602409363,,,,
panda_0791_delta_a,0.9513475511755262,0.9409005301339286,0.5855535268783569,,,,
panda_0792_delta_a,0.8458236988101687,0.90435791015625,0.3843722641468048,,,,
panda_0793_delta_a,0.9039738731724876,0.9299490792410714,0.3723274767398834,,,,
panda_0794_delta_a,0.7655548118054867,0.8723493303571429,0.2485966682434082,,,,
panda_0795_delta_a,0.9643943575876099,0.9655412946428571,0.5315349698066711,,,,
panda_0796_delta_a,0.8482217703546796,0.8574262346540179,0.3009376525878906,,,,
panda_0797_delta_a,0.8009013360632318,0.8199310302734375,0.34362557530403137,,,,
panda_0798_delta_a,0.8428314966814858,0.856048583984375,0.4097852408885956,,,,
panda_0799_delta_a,0.9976345460329737,0.9908970424107143,0.4765845835208893,,,,
panda_0800_delta_a,0.8037882692047528,0.9144810267857143,0.3519464433193207,,,,
panda_0801_delta_a,0.7341365705111197,0.8782958984375,0.33939266204833984,,,,
panda_0802_delta_a,0.9947438154901777,0.9880283900669643,0.4398472309112549,,,,
panda_0803_delta_a,0.8334375454911164,0.9224853515625,0.36288321018218994,,,,
panda_0804_delta_a,0.9812735212700707,0.98931884765625,0.39914241433143616,,,,
panda_0805_delta_a,0.9897103841815676,0.9806169782366071,0.45517900586128235,,,,
panda_0806_delta_a,0.9750077234847205,0.9670322963169643,0.4288923442363739,,,,
panda_0807_delta_a,0.8768164121678897,0.8635428292410714,0.4118190109729767,,,,
panda_0808_delta_a,0.9360003513949258,0.9193464006696429,0.28022629022598267,,,,
panda_0809_delta_a,0.9713502664651189,0.9667096819196429,0.43218836188316345,,,,
panda_0810_delta_a,0.8312240514372077,0.8989345005580357,0.39821282029151917,,,,
panda_0811_delta_a,0.985428053353514,0.9744960239955357,0.2665984332561493,,,,
panda_0812_delta_a,0.9823641745107514,0.9460536411830357,0.38484257459640503,,,,
panda_0813_delta_a,0.9907515474728176,0.97662353515625,0.4641273319721222,,,,
panda_0814_delta_a,0.8345399754387992,0.8421456473214286,0.3253119885921478,,,,
panda_0815_delta_a,0.8520624350224223,0.9285103934151786,0.39918163418769836,,,,
panda_0816_delta_a,0.8938152343034744,0.9080984933035714,0.5475538372993469,,,,
panda_0817_delta_a,0.8349339812994003,0.8156476702008929,0.3885137140750885,,,,
panda_0818_delta_a,0.9429801085165569,0.92657470703125,0.3899865746498108,,,,
panda_0819_delta_a,0.9874591124909264,0.99078369140625,0.43261080980300903,,,,
panda_0820_delta_a,0.9255164521081107,0.9554094587053571,0.5024555921554565,,,,
panda_0821_delta_a,0.9821533241442272,0.9778616768973214,0.3792777359485626,,,,
panda_0822_delta_a,0.9321249840515,0.898193359375,0.13264961540699005,,,,
panda_0823_delta_a,0.8978172806756837,0.9378836495535714,0.33736610412597656,,,,
panda_0824_delta_a,0.9821076233472142,0.9844796316964286,0.7443684339523315,,,,
panda_0825_delta_a,0.9456228890589305,0.96929931640625,0.45746326446533203,,,,
panda_0826_delta_a,0.9958056647862706,0.9878191266741071,0.43985095620155334,,,,
panda_0827_delta_a,0.9958587544304984,0.9876360212053571,0.22137151658535004,,,,
panda_0828_delta_a,0.8616772831550666,0.9153878348214286,0.35866987705230713,,,,
panda_0829_delta_a,0.9904205884252276,0.9749319893973214,0.6004526019096375,,,,
panda_0830_delta_a,0.857387221285275,0.8262154715401786,0.21448221802711487,,,,
panda_0831_delta_a,0.7581409032323531,0.8512747628348214,0.36810848116874695,,,,
panda_0832_delta_a,0.9784423825996262,0.9651576450892857,0.44841501116752625,,,,
panda_0833_delta_a,0.8921844554798943,0.9494280133928571,0.4511043131351471,,,,
panda_0834_delta_a,0.8201366529933044,0.9386683872767857,0.43927067518234253,,,,
panda_0835_delta_a,0.9131072195512908,0.9301932198660714,0.38138461112976074,,,,
panda_0836_delta_a,0.9526307540280479,0.9509974888392857,0.13301168382167816,,,,
panda_0837_delta_a,0.9550685361027718,0.9278738839285714,0.3093976080417633,,,,
panda_0838_delta_a,0.9320269993373326,0.9586443219866071,0.29639431834220886,,,,
panda_0839_delta_a,0.9435827391488212,0.9621669224330357,0.4819612503051758,,,,
panda_0840_delta_a,0.9440788413797107,0.9219185965401786,0.3794303238391876,,,,
panda_0841_delta_a,0.9243988479886737,0.9500906808035714,0.491674542427063,,,,
panda_0842_delta_a,0.7429913395483579,0.8204781668526786,0.4234522879123688,,,,
panda_0843_delta_a,0.7699299071516309,0.8892909458705357,0.39937788248062134,,,,
panda_0844_delta_a,0.6888045081868768,0.887451171875,0.2991345226764679,,,,
panda_0845_delta_a,0.6218255481549672,0.82135009765625,0.44345349073410034,,,,
panda_0846_delta_a,0.9915895015001297,0.9928327287946429,0.5765841007232666,,,,
panda_0847_delta_a,0.9564141343746867,0.9050118582589286,0.4347831904888153,,,,
panda_0848_delta_a,0.9818105985011373,0.9592023577008929,0.3775980472564697,,,,
panda_0849_delta_a,0.7747757094247001,0.8709803989955357,0.4412132203578949,,,,
panda_0850_delta_a,0.9838357514568737,0.9691859654017857,0.5460911393165588,,,,
panda_0851_delta_a,0.8779284145150866,0.9003034319196429,0.39083606004714966,,,,
panda_0852_delta_a,0.9606366806796619,0.9371163504464286,0.33764415979385376,,,,
panda_0853_delta_a,0.7522140288991588,0.8229282924107143,0.33476099371910095,,,,
panda_0854_delta_a,0.9777605778404644,0.9778703962053571,0.42734619975090027,,,,
panda_0855_delta_a,0.9766683897801808,0.9505964006696429,0.43151867389678955,,,,
panda_0856_delta_a,0.9919099094612258,0.9773210797991071,0.33413758873939514,,,,
panda_0857_delta_a,0.9872866666742733,0.9820382254464286,0.35009798407554626,,,,
panda_0858_delta_a,0.9791726065533501,0.9697440011160714,0.2956322431564331,,,,
panda_0859_delta_a,0.97979238735778,0.989501953125,0.3715367019176483,,,,
panda_0860_delta_a,0.890226357483438,0.917816162109375,0.5298407673835754,,,,
panda_0861_delta_a,0.9209187222378594,0.9446323939732143,0.460760235786438,,,,
panda_0862_delta_a,0.9874053129128048,0.9760044642857143,0.6291380524635315,,,,
panda_0863_delta_a,0.993632683796542,0.9901210239955357,0.32746386528015137,,,,
panda_0864_delta_a,0.9383204111031124,0.9547467912946429,0.46102607250213623,,,,
panda_0865_delta_a,0.9272432550787926,0.9346400669642857,0.5119493007659912,,,,
panda_0866_delta_a,0.9743242018989154,0.9750191824776786,0.5396102070808411,,,,
panda_0867_delta_a,0.888176687593971,0.9229213169642857,0.40756627917289734,,,,
panda_0868_delta_a,0.8066097077514444,0.8805629185267857,0.32177430391311646,,,,
panda_0869_delta_a,0.7593755487884793,0.8554164341517857,0.22839489579200745,,,,
panda_0870_delta_a,0.7111558576247522,0.8049360002790179,0.37344199419021606,,,,
panda_0871_delta_a,0.8903814096535955,0.9165475027901786,0.3455365300178528,,,,
panda_0872_delta_a,0.8787154001849038,0.8909476143973214,0.23148687183856964,,,,
panda_0873_delta_a,0.9007641257984298,0.9388078962053571,0.4846012592315674,,,,
panda_0874_delta_a,0.9389059117862156,0.9415370396205357,0.4410063922405243,,,,
panda_0875_delta_a,0.8903655031962054,0.9372209821428571,0.319754958152771,,,,
panda_0876_delta_a,0.8478506867374692,0.9361833844866071,0.3955717384815216,,,,
panda_0877_delta_a,0.9190517451081958,0.9080374581473214,0.39251792430877686,,,,
panda_0878_delta_a,0.7974487633577415,0.9338466099330357,0.3388073444366455,,,,
panda_0879_delta_a,0.8064099776425532,0.8703482491629464,0.34969374537467957,,,,
panda_0880_delta_a,0.9526368007063866,0.9571881975446429,0.3909779191017151,,,,
panda_0881_delta_a,0.9745097575443131,0.9753156389508929,0.5393166542053223,,,,
panda_0882_delta_a,0.8957148886152676,0.9408743722098214,0.5441060066223145,,,,
panda_0883_delta_a,0.8627734945288726,0.916015625,0.47455886006355286,,,,
panda_0884_delta_a,0.9293418931109565,0.9276907784598214,0.3831813931465149,,,,
panda_0885_delta_a,0.9658944457769394,0.9441789899553571,0.22388073801994324,,,,
panda_0886_delta_a,0.9852953787360873,0.9898856026785714,0.6758623719215393,,,,
panda_0887_delta_a,0.8799034750887326,0.8713466099330357,0.34399333596229553,,,,
panda_0888_delta_a,0.950911881668227,0.9215785435267857,0.3059523403644562,,,,
panda_0889_delta_a,0.8135294994073254,0.8903547014508929,0.4765045642852783,,,,
panda_0890_delta_a,0.9442618574414935,0.9504830496651786,0.464876264333725,,,,
panda_0891_delta_a,0.9500506530914988,0.9333844866071429,0.31932008266448975,,,,
panda_0892_delta_a,0.8730554325239999,0.9052908761160714,0.3288985788822174,,,,
panda_0893_delta_a,0.9598232635429927,0.88714599609375,0.37267693877220154,,,,
panda_0894_delta_a,0.8514956714851516,0.9144810267857143,0.3550204932689667,,,,
panda_0895_delta_a,0.7227232211402485,0.8407941545758929,0.43738457560539246,,,,
panda_0896_delta_a,0.702354708686471,0.79205322265625,0.19347572326660156,,,,
panda_0897_delta_a,0.808678791991302,0.91912841796875,0.26233795285224915,,,,
panda_0898_delta_a,0.8170431101960796,0.9152919224330357,0.3338492810726166,,,,
panda_0899_delta_a,0.926471760230405,0.9287981305803571,0.38557854294776917,,,,
panda_0900_delta_a,0.9952043805803571,0.98577880859375,0.26808494329452515,,,,
panda_0901_delta_a,0.995317708168711,0.98760986328125,0.3941710293292999,,,,
panda_0902_delta_a,0.9573308399745396,0.96875,0.38008689880371094,,,,
panda_0903_delta_a,0.9986137226223946,0.9887433733258929,0.5087022185325623,,,,
panda_0904_delta_a,0.6287225631198713,0.7815638950892857,0.3009274899959564,,,,
panda_0905_delta_a,0.9624858062182154,0.94775390625,0.4072495996952057,,,,
panda_0906_delta_a,0.8309604796980109,0.9220057896205357,0.2862662076950073,,,,
panda_0907_delta_a,0.9956350230744907,0.97772216796875,0.21987345814704895,,,,
panda_0908_delta_a,0.7369072378746101,0.8473772321428571,0.4993324279785156,,,,
panda_0909_delta_a,0.9672635006053107,0.9730573381696429,0.4454250931739807,,,,
panda_0910_delta_a,0.9893292252506528,0.9833025251116071,0.4671442210674286,,,,
panda_0911_delta_a,0.9062006420322827,0.9032156808035714,0.20469270646572113,,,,
panda_0912_delta_a,0.9717278203793934,0.9761526925223214,0.42835620045661926,,,,
panda_0913_delta_a,0.8801739295678479,0.9216047014508929,0.41293972730636597,,,,
panda_0914_delta_a,0.9448999890259334,0.9654453822544643,0.36356300115585327,,,,
panda_0915_delta_a,0.9765197272811618,0.9775913783482143,0.24745292961597443,,,,
panda_0916_delta_a,0.9976092906934875,0.9931902204241071,0.2886984050273895,,,,
panda_0917_delta_a,0.8284943651940141,0.9237234933035714,0.32457759976387024,,,,
panda_0918_delta_a,0.8575360695166248,0.8971732003348214,0.3885272741317749,,,,
panda_0919_delta_a,0.8992903136781284,0.9166608537946429,0.5137126445770264,,,,
panda_0920_delta_a,0.992828964122704,0.9893014090401786,0.42671775817871094,,,,
panda_0921_delta_a,0.8843597732484341,0.89056396484375,0.40917593240737915,,,,
panda_0922_delta_a,0.6518517932189363,0.8330775669642857,0.5391239523887634,,,,
panda_0923_delta_a,0.9040602009211268,0.8250383649553571,0.410907506942749,,,,
panda_0924_delta_a,0.8930999977248055,0.8659406389508929,0.3712267577648163,,,,
panda_0925_delta_a,0.9907074102333614,0.9886910574776786,0.4125668704509735,,,,
panda_0926_delta_a,0.9755524790712765,0.9535086495535714,0.24930651485919952,,,,
panda_0927_delta_a,0.7946618481406144,0.7856968470982143,0.1750677078962326,,,,
panda_0928_delta_a,0.9760850625378745,0.9739815848214286,0.20136389136314392,,,,
panda_0929_delta_a,0.8845307124512536,0.9547816685267857,0.4451674818992615,,,,
panda_0930_delta_a,0.95688994122403,0.9548165457589286,0.39557385444641113,,,,
panda_0931_delta_a,0.9878114642841476,0.9758213588169643,0.6705724596977234,,,,
panda_0932_delta_a,0.9077934558902468,0.9625069754464286,0.3421805799007416,,,,
panda_0933_delta_a,0.8276255221239158,0.9681309291294643,0.2393133044242859,,,,
panda_0934_delta_a,0.9131136834621429,0.9468645368303571,0.4717804491519928,,,,
panda_0935_delta_a,0.9916203447750637,0.9778616768973214,0.48463258147239685,,,,
panda_0936_delta_a,0.9883588914360318,0.9858136858258929,0.18474605679512024,,,,
panda_0937_delta_a,0.9907986532364573,0.9876883370535714,0.6854087710380554,,,,
panda_0938_delta_a,0.9839909204414913,0.9608415876116071,0.3771291971206665,,,,
panda_0939_delta_a,0.9576706194451877,0.9668753487723214,0.4571183919906616,,,,
panda_0940_delta_a,0.9930481644613403,0.9805908203125,0.37609896063804626,,,,
panda_0941_delta_a,0.8958698926227433,0.9406563895089286,0.28570687770843506,,,,
panda_0942_delta_a,0.8055878936180046,0.8772495814732143,0.41445392370224,,,,
panda_0943_delta_a,0.9939191224319595,0.98797607421875,0.4847458004951477,,,,
panda_0944_delta_a,0.9711312215243068,0.9809657505580357,0.49427926540374756,,,,
panda_0945_delta_a,0.9373100591557366,0.9565865652901786,0.3667789399623871,,,,
panda_0946_delta_a,0.9558457945074353,0.9540143694196429,0.508919358253479,,,,
panda_0947_delta_a,0.9970240954841886,0.99041748046875,0.5437840223312378,,,,
panda_0948_delta_a,0.8437647691794804,0.8184247698102679,0.28230375051498413,,,,
panda_0949_delta_a,0.8623574897646904,0.8983067103794643,0.4780321717262268,,,,
panda_0950_delta_a,0.832480823887246,0.9344918387276786,0.2299739271402359,,,,
panda_0951_delta_a,0.9725139385887555,0.9495064871651786,0.4199228584766388,,,,
panda_0952_delta_a,0.9910396656819752,0.9870692661830357,0.4238835871219635,,,,
panda_0953_delta_a,0.7054539128605809,0.8222917829241071,0.2702936828136444,,,,
panda_0954_delta_a,0.9685103265302522,0.9743913922991071,0.3576417565345764,,,,
panda_0955_delta_a,0.938737119947161,0.9701363699776786,0.4809945225715637,,,,
panda_0956_delta_a,0.7621785657746452,0.9041573660714286,0.2792647182941437,,,,
panda_0957_delta_a,0.8902711761849267,0.9590977260044643,0.5366501808166504,,,,
panda_0958_delta_a,0.9145558423229626,0.9501429966517857,0.3760091960430145,,,,
panda_0959_delta_a,0.7608981196369443,0.9100080217633929,0.3773244023323059,,,,
panda_0960_delta_a,0.9612194555146354,0.9442138671875,0.5959550142288208,,,,
panda_0961_delta_a,0.9870395479457719,0.983154296875,0.5091666579246521,,,,
panda_0962_delta_a,0.7453119180032185,0.7918352399553571,0.3931181728839874,,,,
panda_0963_delta_a,0.8581637963652611,0.9020908900669643,0.39705735445022583,,,,
panda_0964_delta_a,0.9501762720091003,0.9460362025669643,0.5611675977706909,,,,
panda_0965_delta_a,0.9045561573335102,0.94281005859375,0.3401285409927368,,,,
panda_0966_delta_a,0.8859433829784393,0.8882097516741071,0.41839757561683655,,,,
panda_0967_delta_a,0.9923804466213498,0.98980712890625,0.49511560797691345,,,,
panda_0968_delta_a,0.9888324503387723,0.9799107142857143,0.38035643100738525,,,,
panda_0969_delta_a,0.9169243723154068,0.9293387276785714,0.36613452434539795,,,,
panda_0970_delta_a,0.9946268775633403,0.9816371372767857,0.5522149205207825,,,,
panda_0971_delta_a,0.990759725017207,0.9914986746651786,0.3966887891292572,,,,
panda_0972_delta_a,0.676441250901137,0.7686070033482143,0.5569019913673401,,,,
panda_0973_delta_a,0.9804175261940274,0.9786812918526786,0.39802712202072144,,,,
panda_0974_delta_a,0.8165404432054076,0.86444091796875,0.49188029766082764,,,,
panda_0975_delta_a,0.9119588328259332,0.8685738699776786,0.19558432698249817,,,,
panda_0976_delta_a,0.9938293344208172,0.9575108119419643,0.3141646087169647,,,,
panda_0977_delta_a,0.9908019155263901,0.9809919084821429,0.3320918679237366,,,,
panda_0978_delta_a,0.983805527644498,0.9942714146205357,0.25253674387931824,,,,
panda_0979_delta_a,0.9968190076095718,0.9794398716517857,0.3259648382663727,,,,
panda_0980_delta_a,0.9813606898699488,0.9851335797991071,0.49732279777526855,,,,
panda_0981_delta_a,0.9917349496058055,0.9898245675223214,0.44938474893569946,,,,
panda_0982_delta_a,0.9978590458631516,0.9912632533482143,0.3621130883693695,,,,
panda_0983_delta_a,0.9874052362782615,0.9739467075892857,0.506570041179657,,,,
panda_0984_delta_a,0.8965947212917464,0.9475533621651786,0.3213277757167816,,,,
panda_0985_delta_a,0.7885517211897033,0.8417707170758929,0.3518432676792145,,,,
panda_0986_delta_a,0.7754667651440416,0.9213518415178571,0.2991867661476135,,,,
panda_0987_delta_a,0.8947254344820976,0.91497802734375,0.42884010076522827,,,,
panda_0988_delta_a,0.9892624169588089,0.9767630440848214,0.38021212816238403,,,,
panda_0989_delta_a,0.7641869551901307,0.8708060128348214,0.4773295223712921,,,,
panda_0990_delta_a,0.979776069521904,0.9628644670758929,0.4160267412662506,,,,
panda_0991_delta_a,0.9536848036306245,0.9565080915178571,0.37292683124542236,,,,
panda_0992_delta_a,0.7456722504326275,0.8377511160714286,0.39075061678886414,,,,
panda_0993_delta_a,0.854731485247612,0.9000418526785714,0.476541131734848,,,,
panda_0994_delta_a,0.9863033081804004,0.9702671595982143,0.35448792576789856,,,,
panda_0995_delta_a,0.7769765571824142,0.7619890485491071,0.30034366250038147,,,,
panda_0996_delta_a,0.945430688560009,0.9678083147321429,0.3818560540676117,,,,
panda_0997_delta_a,0.928136025688478,0.9349888392857143,0.462236225605011,,,,
panda_0998_delta_a,0.7525302677282265,0.8078351702008929,0.431995689868927,,,,
panda_0999_delta_a,0.962252853172166,0.9166346958705357,0.4433129131793976,,,,
