video_id,diffusion_loss_caption_t100,diffusion_loss_uncond_t100,mean_diffusion_loss_caption,mean_diffusion_loss_uncond,delta_caption_minus_uncond,latent_norm_mean,latent_norm_std,latent_kurtosis,n_visible_frames,n_gen_target_frames,seed
panda_0000,8.698125,8.688312,8.698125,8.688312,0.009813,4.691257,1.629086,-0.906645,48,14,1913954700
panda_0001,6.037652,6.028603,6.037652,6.028603,0.009049,3.320776,1.006974,-0.395640,48,14,1942069003
panda_0002,14.392104,14.376912,14.392104,14.376912,0.015192,6.030496,1.064060,-1.404277,48,14,1408946122
panda_0003,10.793583,10.782701,10.793583,10.782701,0.010882,4.976845,1.067812,-1.203723,48,14,1000432674
panda_0004,6.760481,6.752550,6.760481,6.752550,0.007931,3.902048,1.219120,-0.560727,48,14,1915972035
panda_0005,5.645391,5.644098,5.645391,5.644098,0.001293,2.946059,0.740704,-0.120018,48,14,2051865280
panda_0006,7.412234,7.401312,7.412234,7.401312,0.010922,4.016560,1.123308,-0.726417,48,14,201134557
panda_0007,6.999774,7.000401,6.999774,7.000401,-0.000628,3.464191,1.100495,0.136114,48,14,1169580382
panda_0008,6.313338,6.317499,6.313338,6.317499,-0.004160,3.234087,0.890779,-0.242192,48,14,1211180446
panda_0009,13.976453,13.958653,13.976453,13.958653,0.017799,5.906122,1.309475,-0.727220,48,14,160010420
panda_0010,8.028553,8.014575,8.028553,8.014575,0.013978,4.365661,1.057720,-0.477949,48,14,522207257
panda_0011,5.641427,5.631697,5.641427,5.631697,0.009730,2.607391,1.480577,0.981305,48,14,1967779292
panda_0012,17.468235,17.437954,17.468235,17.437954,0.030281,6.736013,1.535668,-1.220375,48,14,1114107373
panda_0013,8.927607,8.916864,8.927607,8.916864,0.010742,3.980943,1.471770,-0.445271,48,14,286456879
panda_0014,6.478322,6.468833,6.478322,6.468833,0.009488,3.747356,0.813658,-0.412378,48,14,1596810002
panda_0015,5.448214,5.446457,5.448214,5.446457,0.001757,2.904846,0.935590,-0.237507,48,14,305038198
panda_0016,5.743351,5.741917,5.743351,5.741917,0.001434,2.668710,1.001020,0.863836,48,14,12463168
panda_0017,7.259393,7.257686,7.259393,7.257686,0.001707,3.789938,1.067003,-0.419013,48,14,169299163
panda_0018,11.891389,11.880326,11.891389,11.880326,0.011063,5.111049,1.584338,-1.073939,48,14,940503874
panda_0019,6.204275,6.216073,6.204275,6.216073,-0.011797,3.073277,0.851305,0.024133,48,14,810630354
panda_0020,12.846455,12.826751,12.846455,12.826751,0.019704,5.521661,1.161697,-1.264167,48,14,1556995960
panda_0021,6.115396,6.120542,6.115396,6.120542,-0.005146,2.910467,0.878419,0.013018,48,14,749664387
panda_0022,5.197019,5.189452,5.197019,5.189452,0.007566,2.650386,0.826565,0.662591,48,14,721405936
panda_0023,10.548343,10.534338,10.548343,10.534338,0.014005,4.702832,1.163271,-0.969163,48,14,1251934304
panda_0024,8.644917,8.634588,8.644917,8.634588,0.010328,4.326019,1.112985,-0.280500,48,14,1378751083
panda_0025,14.906734,14.889006,14.906734,14.889006,0.017728,6.131294,1.050667,-1.423626,48,14,403135627
panda_0026,12.363717,12.344216,12.363717,12.344216,0.019501,5.214938,1.518528,-1.142487,48,14,100448184
panda_0027,6.252056,6.241458,6.252056,6.241458,0.010598,3.698206,0.778950,-0.529760,48,14,504131942
panda_0028,12.285182,12.268570,12.285182,12.268570,0.016612,5.619324,1.637678,-0.913815,48,14,1980767872
panda_0029,6.030402,6.036210,6.030402,6.036210,-0.005807,3.033877,0.870879,0.176472,48,14,220993467
panda_0030,7.770265,7.768706,7.770265,7.768706,0.001559,3.772052,1.536165,-0.167597,48,14,1529887524
panda_0031,12.021743,12.010866,12.021743,12.010866,0.010877,5.273238,1.290528,-1.082514,48,14,2143266674
panda_0032,5.273629,5.273955,5.273629,5.273955,-0.000326,2.906333,0.702533,-0.067494,48,14,926542004
panda_0033,6.717859,6.717786,6.717859,6.717786,0.000072,3.419802,1.038579,-0.234697,48,14,107835529
panda_0034,14.158950,14.140964,14.158950,14.140964,0.017986,5.928967,1.116953,-1.359368,48,14,769830241
panda_0035,11.957653,11.944924,11.957653,11.944924,0.012729,5.469844,0.605848,-0.404272,48,14,1715462938
panda_0036,6.105385,6.103779,6.105385,6.103779,0.001606,3.028936,0.940247,0.206013,48,14,1978803320
panda_0037,8.271709,8.260501,8.271709,8.260501,0.011209,3.744240,1.520361,-0.016933,48,14,290939675
panda_0038,12.210876,12.199677,12.210876,12.199677,0.011199,5.377219,1.340373,-1.181613,48,14,1614459246
panda_0039,11.973941,11.955173,11.973941,11.955173,0.018767,5.477933,1.141818,-0.836421,48,14,1407881693
panda_0040,11.559717,11.538748,11.559717,11.538748,0.020969,5.051154,1.398846,-0.656223,48,14,763419415
panda_0041,14.746916,14.732180,14.746916,14.732180,0.014736,5.811713,1.418983,-1.085419,48,14,2060045134
panda_0042,7.189112,7.185488,7.189112,7.185488,0.003623,3.653701,1.166191,0.473141,48,14,2094565117
panda_0043,5.319787,5.318721,5.319787,5.318721,0.001066,2.676138,0.914717,0.658883,48,14,276885055
panda_0044,5.851233,5.847046,5.851233,5.847046,0.004187,3.011795,0.970770,-0.065488,48,14,2048288907
panda_0045,11.343385,11.343825,11.343385,11.343825,-0.000441,5.077062,1.102510,-0.397862,48,14,831207109
panda_0046,7.198026,7.192664,7.198026,7.192664,0.005362,4.010294,1.005602,-0.251639,48,14,682931969
panda_0047,13.871331,13.852805,13.871331,13.852805,0.018526,5.904010,1.132762,-0.953387,48,14,70625335
panda_0048,7.322683,7.311203,7.322683,7.311203,0.011480,3.656078,1.315901,-0.384689,48,14,537239372
panda_0049,5.770276,5.765073,5.770276,5.765073,0.005203,2.926090,1.102193,-0.137969,48,14,1045598886
panda_0050,9.454061,9.443172,9.454061,9.443172,0.010889,4.976916,0.917127,-0.645511,48,14,1557566511
panda_0051,8.075421,8.063665,8.075421,8.063665,0.011756,3.872595,1.347207,-0.291439,48,14,1379731480
panda_0052,6.072551,6.060200,6.072551,6.060200,0.012351,3.464361,0.699329,-0.523074,48,14,1055501394
panda_0053,5.892794,5.889956,5.892794,5.889956,0.002839,3.097348,0.826758,-0.260580,48,14,2116672008
panda_0054,7.282502,7.279522,7.282502,7.279522,0.002980,4.053710,1.414020,-0.586565,48,14,1701145873
panda_0055,7.877119,7.865174,7.877119,7.865174,0.011945,4.139513,0.761751,-0.045310,48,14,1365336654
panda_0056,8.158061,8.148849,8.158061,8.148849,0.009212,4.008109,1.520317,-0.617899,48,14,1950333945
panda_0057,9.825638,9.817791,9.825638,9.817791,0.007847,4.427639,1.433835,-0.815020,48,14,125992470
panda_0058,8.550982,8.544078,8.550982,8.544078,0.006904,4.356418,1.330457,-0.890223,48,14,592985996
panda_0059,5.780369,5.777987,5.780369,5.777987,0.002381,2.977238,1.098402,0.504645,48,14,1325672927
panda_0060,5.972924,5.974239,5.972924,5.974239,-0.001315,3.025525,1.188011,0.792695,48,14,1734903107
panda_0061,13.233974,13.210443,13.233974,13.210443,0.023532,5.938629,1.472449,-0.897700,48,14,1898422359
panda_0062,7.499931,7.493141,7.499931,7.493141,0.006790,4.077754,0.914178,0.067395,48,14,1584949289
panda_0063,6.491395,6.482975,6.491395,6.482975,0.008420,3.543843,1.173462,-0.029420,48,14,499675471
panda_0064,6.376576,6.373460,6.376576,6.373460,0.003116,3.343036,1.144566,0.624718,48,14,112286103
panda_0065,10.700582,10.687919,10.700582,10.687919,0.012663,5.176301,1.237446,-1.102129,48,14,1247823208
panda_0066,6.187333,6.185668,6.187333,6.185668,0.001665,3.171659,1.000392,0.078020,48,14,1688861026
panda_0067,6.927452,6.932159,6.927452,6.932159,-0.004707,3.479068,0.954719,-0.219730,48,14,1560135488
panda_0068,5.652807,5.639784,5.652807,5.639784,0.013023,3.213101,0.821668,0.037583,48,14,1833438380
panda_0069,6.143412,6.137141,6.143412,6.137141,0.006271,3.632846,1.093006,-0.457280,48,14,854332134
panda_0070,16.528919,16.504044,16.528919,16.504044,0.024876,6.533900,1.504001,-1.116783,48,14,442609974
panda_0071,5.026903,5.022666,5.026903,5.022666,0.004237,2.462916,0.911979,0.586300,48,14,959280083
panda_0072,5.173076,5.168502,5.173076,5.168502,0.004574,2.537400,0.762790,0.007125,48,14,1017444321
panda_0073,5.113194,5.104998,5.113194,5.104998,0.008196,3.159909,0.676584,-0.422534,48,14,327554234
panda_0074,15.624447,15.613369,15.624447,15.613369,0.011078,6.476068,1.793799,-0.117205,48,14,235083279
panda_0075,6.894014,6.895653,6.894014,6.895653,-0.001639,3.337728,1.091378,-0.562648,48,14,1458038905
panda_0076,6.737684,6.728294,6.737684,6.728294,0.009390,3.362983,1.261031,0.101952,48,14,1583835199
panda_0077,7.353187,7.340809,7.353187,7.340809,0.012378,4.179017,0.899883,-0.561388,48,14,944957209
panda_0078,5.908254,5.902796,5.908254,5.902796,0.005458,3.300974,0.853417,-0.468836,48,14,1824565460
panda_0079,6.578247,6.584426,6.578247,6.584426,-0.006179,3.233638,0.812442,0.236780,48,14,1933610954
panda_0080,6.646719,6.638081,6.646719,6.638081,0.008638,3.309766,0.923537,0.110211,48,14,1013278643
panda_0081,5.728130,5.729276,5.728130,5.729276,-0.001145,3.002658,0.866939,0.018730,48,14,1049435281
panda_0082,8.304626,8.288785,8.304626,8.288785,0.015841,4.305849,1.076455,-0.665195,48,14,2034657414
panda_0083,6.635664,6.638864,6.635664,6.638864,-0.003200,3.122450,0.964978,-0.187133,48,14,905917444
panda_0084,8.583981,8.573431,8.583981,8.573431,0.010550,4.629199,1.042898,-0.202086,48,14,1453308074
panda_0085,12.921928,12.907418,12.921928,12.907418,0.014510,5.723449,1.111649,-1.243887,48,14,1914821022
panda_0086,8.048554,8.055144,8.048554,8.055144,-0.006590,3.832244,1.093732,0.072212,48,14,10050245
panda_0087,8.237620,8.226176,8.237620,8.226176,0.011444,4.246549,1.151490,-0.794152,48,14,1517932978
panda_0088,8.443893,8.436940,8.443893,8.436940,0.006953,4.047439,1.507534,-0.246022,48,14,8166081
panda_0089,12.879451,12.863717,12.879451,12.863717,0.015734,5.642020,1.128138,-0.699872,48,14,1235351781
panda_0090,7.556466,7.545211,7.556466,7.545211,0.011254,3.937966,1.436467,-0.193889,48,14,1498294145
panda_0091,8.271516,8.264178,8.271516,8.264178,0.007338,4.112253,1.486216,-0.419807,48,14,1101664658
panda_0092,9.103374,9.106480,9.103374,9.106480,-0.003105,4.417857,0.930428,-0.392427,48,14,45058667
panda_0093,7.344597,7.344747,7.344597,7.344747,-0.000149,3.512746,1.342079,0.529720,48,14,581258479
panda_0094,12.390372,12.373978,12.390372,12.373978,0.016395,5.598240,1.118785,-1.296511,48,14,375429092
panda_0095,14.410354,14.391423,14.410354,14.391423,0.018930,6.017951,1.087582,-1.391336,48,14,2097538649
panda_0096,8.359748,8.347903,8.359748,8.347903,0.011845,4.151145,1.263211,-0.753212,48,14,561608883
panda_0097,6.037692,6.032314,6.037692,6.032314,0.005378,3.064749,1.065531,0.227402,48,14,1508100236
panda_0098,17.829649,17.801458,17.829649,17.801458,0.028191,6.884593,1.409568,-1.248959,48,14,1040684477
panda_0099,6.734902,6.729998,6.734902,6.729998,0.004904,3.439349,1.084967,-0.589835,48,14,2135601696
panda_0100,11.686030,11.665447,11.686030,11.665447,0.020583,5.558999,1.012957,-1.290657,48,14,2144434971
panda_0101,12.327329,12.301332,12.327329,12.301332,0.025996,5.382965,1.080583,-1.241910,48,14,1177336514
panda_0102,11.981441,11.971103,11.981441,11.971103,0.010338,5.187741,1.723899,-1.113222,48,14,526088431
panda_0103,8.326003,8.311989,8.326003,8.311989,0.014014,4.211159,1.121525,-1.016649,48,14,1884150243
panda_0104,8.424417,8.412954,8.424417,8.412954,0.011463,4.515847,0.880770,-0.911538,48,14,2047821304
panda_0105,6.282022,6.290169,6.282022,6.290169,-0.008148,3.163611,0.918293,0.211157,48,14,1103440091
panda_0106,13.891809,13.869131,13.891809,13.869131,0.022678,5.819459,1.164227,-1.345694,48,14,881648490
panda_0107,6.376026,6.368798,6.376026,6.368798,0.007228,3.595535,0.997401,-0.428474,48,14,1711685616
panda_0108,11.006378,10.992399,11.006378,10.992399,0.013979,5.238786,1.517379,-1.143836,48,14,1295737665
panda_0109,13.370025,13.348448,13.370025,13.348448,0.021577,5.804585,0.927328,-1.330044,48,14,351418835
panda_0110,9.337742,9.341741,9.337742,9.341741,-0.003999,4.283145,1.268367,0.529940,48,14,1844586488
panda_0111,10.858657,10.831613,10.858657,10.831613,0.027044,4.925524,0.811732,-0.242648,48,14,277621709
panda_0112,9.166173,9.160254,9.166173,9.160254,0.005919,4.740320,1.128812,-0.360518,48,14,500396179
panda_0113,9.029816,9.020123,9.029816,9.020123,0.009692,4.802763,1.487272,-0.837310,48,14,1062070548
panda_0114,5.306380,5.298537,5.306380,5.298537,0.007843,2.806276,0.941843,0.461141,48,14,1741977595
panda_0115,13.993301,13.974088,13.993301,13.974088,0.019214,5.872475,1.150432,-1.350021,48,14,1478157900
panda_0116,15.525149,15.489404,15.525149,15.489404,0.035746,6.162499,1.376946,-0.401271,48,14,757474317
panda_0117,6.585524,6.578937,6.585524,6.578937,0.006588,3.400589,0.712562,0.220974,48,14,381228421
panda_0118,9.546302,9.532765,9.546302,9.532765,0.013536,5.122342,1.106229,-1.187244,48,14,1692613164
panda_0119,6.799246,6.787142,6.799246,6.787142,0.012104,3.983276,1.054218,-0.384806,48,14,2066016550
panda_0120,9.507513,9.500751,9.507513,9.500751,0.006763,4.380378,1.227055,-0.036579,48,14,1266630425
panda_0121,5.659033,5.660101,5.659033,5.660101,-0.001068,3.021198,0.836385,-0.195262,48,14,838517428
panda_0122,5.228505,5.222081,5.228505,5.222081,0.006424,2.765563,0.894321,0.095269,48,14,300570301
panda_0123,7.567318,7.564118,7.567318,7.564118,0.003201,3.222213,1.781915,0.440132,48,14,387147996
panda_0124,6.758702,6.749472,6.758702,6.749472,0.009230,3.634909,1.145690,-0.662208,48,14,1583705278
panda_0125,5.680309,5.676735,5.680309,5.676735,0.003574,3.759609,1.339168,-0.398862,48,14,1265355840
panda_0126,14.490929,14.474447,14.490929,14.474447,0.016481,6.048992,1.066988,-1.406960,48,14,580548328
panda_0127,17.602900,17.571194,17.602900,17.571194,0.031706,6.781732,1.463901,-1.234839,48,14,467335486
panda_0128,6.879837,6.879915,6.879837,6.879915,-0.000078,3.402848,1.142209,-0.212583,48,14,461950521
panda_0129,4.794600,4.792288,4.794600,4.792288,0.002311,2.543914,0.642951,-0.215698,48,14,1963585709
panda_0130,7.442563,7.432934,7.442563,7.432934,0.009628,4.289966,0.966750,-0.794044,48,14,1124296166
panda_0131,6.571440,6.576701,6.571440,6.576701,-0.005261,3.376680,1.127226,0.023336,48,14,293996756
panda_0132,14.034966,14.014631,14.034966,14.014631,0.020335,5.881456,1.221393,-1.355580,48,14,774027124
panda_0133,12.981177,12.964426,12.981177,12.964426,0.016751,5.541741,1.408269,-1.225690,48,14,1366400178
panda_0134,9.316594,9.308108,9.316594,9.308108,0.008486,4.608747,1.125167,-0.844989,48,14,698218167
panda_0135,12.875115,12.859665,12.875115,12.859665,0.015450,5.542555,1.334839,-1.260745,48,14,319358015
panda_0136,7.866823,7.866409,7.866823,7.866409,0.000414,3.621327,1.131313,-0.118417,48,14,922095186
panda_0137,14.647241,14.631583,14.647241,14.631583,0.015657,6.050735,1.094182,-1.399194,48,14,1118626165
panda_0138,7.718837,7.707846,7.718837,7.707846,0.010991,4.212383,1.088029,-0.361303,48,14,998901579
panda_0139,5.569564,5.563502,5.569564,5.563502,0.006062,2.890403,0.891031,-0.126953,48,14,1161237832
panda_0140,4.713445,4.709404,4.713445,4.709404,0.004041,2.936523,0.878234,-0.261745,48,14,1590732828
panda_0141,4.789861,4.792360,4.789861,4.792360,-0.002499,2.593477,0.707400,-0.174818,48,14,15159348
panda_0142,10.020596,10.004051,10.020596,10.004051,0.016544,4.719484,1.057813,-0.685092,48,14,1915390421
panda_0143,7.419981,7.407996,7.419981,7.407996,0.011985,4.068012,0.510991,-0.692032,48,14,773432062
panda_0144,14.306267,14.289624,14.306267,14.289624,0.016643,5.956763,1.114891,-1.370788,48,14,517356849
panda_0145,12.979626,12.957205,12.979626,12.957205,0.022421,5.768229,1.141039,-1.322818,48,14,1573557737
panda_0146,13.251667,13.230980,13.251667,13.230980,0.020687,5.641646,1.134224,-1.232154,48,14,358502427
panda_0147,7.144547,7.132432,7.144547,7.132432,0.012115,3.562397,1.171762,-0.512245,48,14,961126880
panda_0148,14.751553,14.734125,14.751553,14.734125,0.017427,5.879456,2.081478,-0.914111,48,14,389356264
panda_0149,6.979824,6.984669,6.979824,6.984669,-0.004845,3.451808,1.097098,-0.283643,48,14,1720261213
panda_0150,13.731005,13.717928,13.731005,13.717928,0.013077,5.735528,1.323668,-1.303556,48,14,1165005049
panda_0151,6.588834,6.580936,6.588834,6.580936,0.007898,3.576102,0.713695,-0.092780,48,14,1120333115
panda_0152,13.671733,13.657333,13.671733,13.657333,0.014400,5.808712,1.271635,-0.612916,48,14,2044187836
panda_0153,11.934850,11.914577,11.934850,11.914577,0.020272,5.629616,1.043666,-1.186141,48,14,2052968893
panda_0154,5.597440,5.594349,5.597440,5.594349,0.003090,2.725367,1.025225,0.443672,48,14,130835885
panda_0155,5.547914,5.548801,5.547914,5.548801,-0.000887,3.140893,0.957704,-0.112884,48,14,2020637274
panda_0156,5.824926,5.817997,5.824926,5.817997,0.006929,2.853393,1.050243,0.128792,48,14,1587599759
panda_0157,17.411940,17.385939,17.411940,17.385939,0.026001,6.913804,1.238081,-1.128479,48,14,1168764162
panda_0158,7.329751,7.339960,7.329751,7.339960,-0.010209,3.430812,0.940152,-0.326907,48,14,580497386
panda_0159,10.448153,10.433167,10.448153,10.433167,0.014986,4.810906,0.925341,-0.878656,48,14,1606325861
panda_0160,8.736889,8.737671,8.736889,8.737671,-0.000782,4.016569,1.460970,-0.452369,48,14,367189596
panda_0161,9.573718,9.574515,9.573718,9.574515,-0.000797,4.665130,1.594489,0.220363,48,14,179855023
panda_0162,7.019391,7.012145,7.019391,7.012145,0.007246,3.615428,1.298786,-0.572670,48,14,1479332154
panda_0163,5.642195,5.638195,5.642195,5.638195,0.004000,3.261544,0.818043,-0.169811,48,14,1997154285
panda_0164,6.569159,6.551781,6.569159,6.551781,0.017378,3.592906,0.909254,-0.099567,48,14,1860847875
panda_0165,9.375466,9.363611,9.375466,9.363611,0.011855,4.699052,0.970719,-0.799439,48,14,158855054
panda_0166,8.842896,8.833195,8.842896,8.833195,0.009701,4.645506,1.151723,-0.644427,48,14,1465366170
panda_0167,6.507883,6.494929,6.507883,6.494929,0.012954,3.842480,0.773737,-0.279836,48,14,786421602
panda_0168,9.724936,9.724061,9.724936,9.724061,0.000875,4.369112,1.546449,-0.497621,48,14,2094097419
panda_0169,12.552365,12.540967,12.552365,12.540967,0.011398,5.427747,1.291910,-0.832956,48,14,2031570120
panda_0170,5.746925,5.738433,5.746925,5.738433,0.008492,3.025949,0.712649,-0.306365,48,14,825637829
panda_0171,5.933583,5.925639,5.933583,5.925639,0.007945,3.115562,1.106819,-0.018967,48,14,191043281
panda_0172,14.014860,13.999482,14.014860,13.999482,0.015378,5.860206,1.158270,-1.350860,48,14,1747498562
panda_0173,8.352561,8.353736,8.352561,8.353736,-0.001175,4.034899,1.248849,-0.523578,48,14,1519887216
panda_0174,5.820539,5.816378,5.820539,5.816378,0.004161,2.902937,0.801147,-0.254863,48,14,1558484461
panda_0175,14.515977,14.497104,14.515977,14.497104,0.018873,5.987899,1.118448,-1.388966,48,14,1378383334
panda_0176,6.797439,6.795451,6.797439,6.795451,0.001987,4.174716,1.415954,-0.558102,48,14,1491749609
panda_0177,18.671488,18.638327,18.671488,18.638327,0.033161,7.065468,1.335968,-1.288898,48,14,1830003154
panda_0178,14.067276,14.052248,14.067276,14.052248,0.015028,5.925488,1.109656,-1.364518,48,14,617981913
panda_0179,14.459914,14.437378,14.459914,14.437378,0.022536,6.009241,1.110784,-1.394472,48,14,1645608377
panda_0180,6.812573,6.819884,6.812573,6.819884,-0.007311,3.420961,0.975523,-0.079254,48,14,2106614969
panda_0181,13.507794,13.490842,13.507794,13.490842,0.016953,5.823766,1.133686,-1.346225,48,14,1143924559
panda_0182,5.675811,5.661006,5.675811,5.661006,0.014805,3.196364,0.769414,-0.437085,48,14,1125005525
panda_0183,6.068704,6.062509,6.068704,6.062509,0.006195,3.474032,0.763715,-0.567503,48,14,229233039
panda_0184,15.264315,15.244371,15.264315,15.244371,0.019943,6.070585,1.795056,-1.101191,48,14,1544976011
panda_0185,7.061268,7.062858,7.061268,7.062858,-0.001590,3.643622,1.174832,-0.350397,48,14,829276377
panda_0186,10.960208,10.943730,10.960208,10.943730,0.016478,5.119389,0.974749,-0.605628,48,14,700754899
panda_0187,4.995143,4.995009,4.995143,4.995009,0.000134,2.687056,0.964347,0.660326,48,14,1789419093
panda_0188,13.814473,13.800024,13.814473,13.800024,0.014449,5.791357,1.217615,-1.349433,48,14,482198898
panda_0189,14.246635,14.234509,14.246635,14.234509,0.012126,5.938162,1.118323,-1.366427,48,14,1730846530
panda_0190,6.923501,6.920324,6.923501,6.920324,0.003178,3.448591,1.277283,0.663867,48,14,1045114513
panda_0191,6.902002,6.903459,6.902002,6.903459,-0.001457,3.468577,1.054043,0.301536,48,14,448183373
panda_0192,9.341476,9.340116,9.341476,9.340116,0.001361,4.750617,0.849600,-0.424036,48,14,408334456
panda_0193,9.270410,9.266076,9.270410,9.266076,0.004333,4.573686,1.242558,-0.379299,48,14,1624088818
panda_0194,6.570146,6.566131,6.570146,6.566131,0.004014,3.322634,0.980449,0.037599,48,14,1476394566
panda_0195,6.160517,6.155581,6.160517,6.155581,0.004937,3.628451,0.867857,-0.614270,48,14,352872586
panda_0196,5.805433,5.806735,5.805433,5.806735,-0.001302,2.916146,0.937078,0.070920,48,14,1843969673
panda_0197,13.061634,13.049652,13.061634,13.049652,0.011982,5.634929,1.203154,-1.262551,48,14,1415629383
panda_0198,9.584276,9.585357,9.584276,9.585357,-0.001081,4.427986,1.220479,0.048315,48,14,2030702542
panda_0199,6.590637,6.580751,6.590637,6.580751,0.009886,3.472736,1.369177,-0.189187,48,14,1376358494
panda_0200,11.252765,11.236304,11.252765,11.236304,0.016460,5.121473,1.504675,-1.110876,48,14,1162657393
panda_0201,10.467890,10.455794,10.467890,10.455794,0.012095,4.989239,1.516079,-1.058216,48,14,69684555
panda_0202,4.894939,4.884687,4.894939,4.884687,0.010252,2.991854,0.936146,0.438232,48,14,1256860222
panda_0203,5.386948,5.381867,5.386948,5.381867,0.005081,3.135818,0.855478,0.001899,48,14,1345542872
panda_0204,6.581234,6.568010,6.581234,6.568010,0.013224,3.701782,0.685864,-0.467655,48,14,1478289368
panda_0205,8.702019,8.697695,8.702019,8.697695,0.004324,4.468280,0.873050,-0.977651,48,14,686722327
panda_0206,7.852288,7.842446,7.852288,7.842446,0.009842,4.077127,1.055278,-0.809166,48,14,37763242
panda_0207,7.016947,7.023155,7.016947,7.023155,-0.006208,3.511097,0.939138,-0.078465,48,14,763758675
panda_0208,6.662303,6.661133,6.662303,6.661133,0.001170,3.380481,1.201356,0.083577,48,14,1172525560
panda_0209,9.896444,9.882015,9.896444,9.882015,0.014429,4.821870,0.854777,-0.511899,48,14,1841837224
panda_0210,6.737470,6.740036,6.737470,6.740036,-0.002565,3.000189,1.050162,-0.110367,48,14,1809756871
panda_0211,5.110200,5.101528,5.110200,5.101528,0.008672,2.819909,0.780349,-0.152677,48,14,770563178
panda_0212,11.016624,11.001945,11.016624,11.001945,0.014680,5.108396,0.844392,-0.806880,48,14,1291694800
panda_0213,7.433063,7.429224,7.433063,7.429224,0.003839,3.914798,1.042692,-0.720655,48,14,999829177
panda_0214,8.123496,8.105307,8.123496,8.105307,0.018189,4.614104,1.094668,-0.916437,48,14,1903234066
panda_0215,14.921100,14.901615,14.921100,14.901615,0.019485,6.130761,1.051082,-1.423473,48,14,1714290872
panda_0216,8.922016,8.913286,8.922016,8.913286,0.008730,4.258494,1.247947,-0.163701,48,14,1729933806
panda_0217,8.998583,8.999358,8.998583,8.999358,-0.000775,4.337431,0.689470,-1.042154,48,14,1357660157
panda_0218,7.990522,7.984181,7.990522,7.984181,0.006341,3.795015,1.333143,-0.055218,48,14,1365584972
panda_0219,6.530597,6.525045,6.530597,6.525045,0.005551,3.534811,1.267470,0.223410,48,14,1605071975
panda_0220,7.994811,7.998951,7.994811,7.998951,-0.004140,4.009926,1.011290,-0.587387,48,14,582632579
panda_0221,9.980039,9.962665,9.980039,9.962665,0.017374,4.709775,1.057041,-0.681300,48,14,1149834429
panda_0222,6.796807,6.783574,6.796807,6.783574,0.013233,3.790328,0.879485,-0.420854,48,14,55052393
panda_0223,7.524858,7.523649,7.524858,7.523649,0.001208,3.868834,1.065147,-0.538299,48,14,1171191769
panda_0224,6.733733,6.732011,6.733733,6.732011,0.001721,3.197317,1.096847,-0.261209,48,14,460017112
panda_0225,14.071835,14.047457,14.071835,14.047457,0.024378,5.781790,1.609415,-0.882008,48,14,337978571
panda_0226,17.510637,17.490776,17.510637,17.490776,0.019861,6.852044,1.417282,-1.242224,48,14,1358245304
panda_0227,5.947993,5.950851,5.947993,5.950851,-0.002858,2.897744,0.973738,0.227100,48,14,1493793350
panda_0228,12.271071,12.257324,12.271071,12.257324,0.013747,5.618834,0.974822,-1.377768,48,14,2123426556
panda_0229,5.695786,5.691678,5.695786,5.691678,0.004108,3.066939,0.803692,-0.164354,48,14,2117171618
panda_0230,8.909864,8.895795,8.909864,8.895795,0.014070,4.815017,1.395885,-0.886206,48,14,27044785
panda_0231,13.119940,13.107818,13.119940,13.107818,0.012122,5.875627,1.211236,-0.382585,48,14,1837509316
panda_0232,4.789280,4.781930,4.789280,4.781930,0.007350,2.504479,0.668035,0.195915,48,14,330368279
panda_0233,5.674748,5.667834,5.674748,5.667834,0.006914,3.056796,0.735530,-0.138975,48,14,1879378158
panda_0234,6.120961,6.116257,6.120961,6.116257,0.004704,3.272424,1.021585,-0.400815,48,14,687802095
panda_0235,11.091804,11.075138,11.091804,11.075138,0.016665,5.366686,1.145965,-1.124181,48,14,2118871310
panda_0236,7.045096,7.039920,7.045096,7.039920,0.005176,3.760443,1.006830,-0.701995,48,14,1373676193
panda_0237,8.935937,8.918384,8.935937,8.918384,0.017553,4.723327,0.926081,-0.236267,48,14,572108346
panda_0238,5.153117,5.140524,5.153117,5.140524,0.012593,2.895081,0.811047,0.411075,48,14,511266619
panda_0239,14.224599,14.203401,14.224599,14.203401,0.021198,6.031135,1.046292,-1.403866,48,14,267843629
panda_0240,6.706960,6.703874,6.706960,6.703874,0.003086,3.263145,1.370392,0.651237,48,14,323570458
panda_0241,7.703501,7.704955,7.703501,7.704955,-0.001454,3.831136,1.093741,-0.237173,48,14,1675462982
panda_0242,10.475508,10.446923,10.475508,10.446923,0.028584,5.253138,1.073355,-1.040638,48,14,1731160186
panda_0243,6.264504,6.271070,6.264504,6.271070,-0.006565,3.155569,0.839022,0.235469,48,14,22342366
panda_0244,9.849897,9.842899,9.849897,9.842899,0.006998,4.286786,1.804402,-0.565090,48,14,606934587
panda_0245,6.202273,6.200811,6.202273,6.200811,0.001462,3.430387,1.045742,0.227531,48,14,609568176
panda_0246,8.431497,8.432487,8.431497,8.432487,-0.000991,3.998073,1.043842,-0.316958,48,14,740303035
panda_0247,6.126798,6.111902,6.126798,6.111902,0.014896,3.344278,0.541584,-0.888296,48,14,1713070324
panda_0248,8.266192,8.258763,8.266192,8.258763,0.007429,3.928849,1.460684,-0.510924,48,14,1287059594
panda_0249,14.004012,13.990190,14.004012,13.990190,0.013823,5.963035,1.048545,-1.396077,48,14,558073244
panda_0250,9.530561,9.525513,9.530561,9.525513,0.005049,4.790527,1.305829,-0.783708,48,14,1528377815
panda_0251,8.096640,8.089906,8.096640,8.089906,0.006734,4.605235,0.932208,-0.671416,48,14,504551240
panda_0252,15.973226,15.935948,15.973226,15.935948,0.037277,6.415100,1.266728,-1.273443,48,14,1642721592
panda_0253,7.585804,7.581631,7.585804,7.581631,0.004173,3.855464,0.966879,0.023773,48,14,373299701
panda_0254,14.576535,14.558728,14.576535,14.558728,0.017807,6.029419,1.090139,-1.400983,48,14,260789396
panda_0255,6.516706,6.503602,6.516706,6.503602,0.013104,3.164338,0.455352,-0.467788,48,14,178701253
panda_0256,6.530115,6.528989,6.530115,6.528989,0.001125,3.264115,1.255356,0.408849,48,14,958974448
panda_0257,14.007835,13.992026,14.007835,13.992026,0.015809,5.859745,1.153557,-1.355816,48,14,721397512
panda_0258,5.640959,5.636382,5.640959,5.636382,0.004578,2.942281,0.920979,-0.020783,48,14,420604152
panda_0259,5.561945,5.552908,5.561945,5.552908,0.009037,3.050445,0.940799,-0.240220,48,14,458241051
panda_0260,11.345481,11.335073,11.345481,11.335073,0.010408,5.287677,1.189499,-0.522770,48,14,868840719
panda_0261,5.672841,5.670617,5.672841,5.670617,0.002223,2.910980,0.782489,-0.351614,48,14,689947436
panda_0262,14.909856,14.892289,14.909856,14.892289,0.017567,6.132834,1.050651,-1.423746,48,14,782463899
panda_0263,5.432948,5.424433,5.432948,5.424433,0.008515,3.520750,0.904326,-0.511138,48,14,772058502
panda_0264,10.172668,10.151219,10.172668,10.151219,0.021448,4.648775,1.189474,-0.328362,48,14,52979314
panda_0265,5.757416,5.752923,5.757416,5.752923,0.004493,2.897333,0.938408,0.497667,48,14,14464106
panda_0266,13.288056,13.271328,13.288056,13.271328,0.016728,5.787892,1.204102,-1.304587,48,14,1303896845
panda_0267,5.866476,5.863024,5.866476,5.863024,0.003452,3.141462,0.708832,0.158489,48,14,1365452615
panda_0268,7.248840,7.239120,7.248840,7.239120,0.009720,3.918737,0.704625,-0.887032,48,14,747176164
panda_0269,13.579357,13.571771,13.579357,13.571771,0.007586,5.726995,1.175425,-1.323843,48,14,549182892
panda_0270,5.585747,5.580227,5.585747,5.580227,0.005520,3.659701,0.779034,-0.705369,48,14,1136893779
panda_0271,14.316513,14.300798,14.316513,14.300798,0.015715,5.948192,1.133945,-1.375772,48,14,376642922
panda_0272,5.701242,5.710447,5.701242,5.710447,-0.009205,2.906511,0.823461,-0.147412,48,14,878042085
panda_0273,5.113108,5.102344,5.113108,5.102344,0.010764,2.776361,1.216342,0.929804,48,14,1437588038
panda_0274,5.067949,5.066386,5.067949,5.066386,0.001564,3.156089,0.855760,-0.178278,48,14,890439921
panda_0275,7.130085,7.123723,7.130085,7.123723,0.006361,3.127602,1.383698,0.333400,48,14,117238581
panda_0276,9.682461,9.674930,9.682461,9.674930,0.007531,4.825753,1.744482,-0.781862,48,14,1393215545
panda_0277,12.361443,12.337623,12.361443,12.337623,0.023820,5.389765,1.098844,-1.271594,48,14,1364861376
panda_0278,8.719917,8.705928,8.719917,8.705928,0.013989,4.515115,0.800799,-0.284758,48,14,1069238636
panda_0279,11.445408,11.431899,11.445408,11.431899,0.013509,5.233561,1.308288,-0.918970,48,14,27041557
panda_0280,7.145461,7.140188,7.145461,7.140188,0.005273,3.812914,1.011686,-0.104587,48,14,1260327536
panda_0281,7.370142,7.367611,7.370142,7.367611,0.002531,4.190498,0.834329,-0.982454,48,14,1079252033
panda_0282,7.011074,7.006119,7.011074,7.006119,0.004954,3.284062,1.471888,0.650085,48,14,2019295155
panda_0283,5.607041,5.605313,5.607041,5.605313,0.001728,3.263350,1.009562,-0.349133,48,14,329750246
panda_0284,14.139009,14.116863,14.139009,14.116863,0.022146,6.087163,1.401641,-0.549885,48,14,1176330874
panda_0285,5.137131,5.131607,5.137131,5.131607,0.005524,2.647623,0.996570,0.399492,48,14,401983814
panda_0286,6.086229,6.090129,6.086229,6.090129,-0.003900,3.337193,0.989220,-0.248494,48,14,414998434
panda_0287,8.951530,8.953240,8.951530,8.953240,-0.001710,4.135777,1.204365,-0.605149,48,14,1907179573
panda_0288,9.626351,9.614788,9.626351,9.614788,0.011563,4.317962,1.965183,-0.158259,48,14,1072673189
panda_0289,5.541874,5.548116,5.541874,5.548116,-0.006242,2.791729,0.687432,-0.008830,48,14,1595575657
panda_0290,6.829007,6.821424,6.829007,6.821424,0.007582,4.312174,1.123932,-0.920834,48,14,2133681863
panda_0291,5.371463,5.371175,5.371463,5.371175,0.000288,2.816879,0.781969,-0.184150,48,14,1918931466
panda_0292,6.517447,6.509092,6.517447,6.509092,0.008355,3.910746,1.810555,-0.491136,48,14,681564003
panda_0293,5.993477,5.988061,5.993477,5.988061,0.005416,3.052353,1.205533,0.869154,48,14,815572953
panda_0294,7.268939,7.269717,7.268939,7.269717,-0.000778,3.349958,1.355400,0.054353,48,14,1043853485
panda_0295,9.899834,9.892955,9.899834,9.892955,0.006879,5.048513,1.202813,-0.852919,48,14,1977036458
panda_0296,7.460501,7.443296,7.460501,7.443296,0.017205,3.806899,1.246321,0.082302,48,14,1898815140
panda_0297,9.623034,9.611139,9.623034,9.611139,0.011894,4.709902,1.042572,0.027334,48,14,1379872616
panda_0298,9.696424,9.687999,9.696424,9.687999,0.008425,5.108918,1.014930,-0.717525,48,14,1577850878
panda_0299,6.044867,6.038155,6.044867,6.038155,0.006712,3.582172,0.753629,-0.784387,48,14,1853672298
panda_0300,6.804657,6.805120,6.804657,6.805120,-0.000462,3.317714,0.893533,0.017563,48,14,1336261845
panda_0301,5.856338,5.860443,5.856338,5.860443,-0.004105,2.902516,0.847271,0.342034,48,14,128769446
panda_0302,12.218573,12.194682,12.218573,12.194682,0.023890,5.322579,1.211258,-0.790300,48,14,2092963976
panda_0303,6.463584,6.460641,6.463584,6.460641,0.002944,3.531615,0.925633,-0.488911,48,14,994209250
panda_0304,11.990014,11.972688,11.990014,11.972688,0.017326,5.338920,1.030042,-1.308223,48,14,1987864554
panda_0305,8.322652,8.312995,8.322652,8.312995,0.009657,4.546452,0.821193,-0.023817,48,14,40922637
panda_0306,5.317145,5.315843,5.317145,5.315843,0.001302,2.518597,0.923237,0.129586,48,14,309655583
panda_0307,6.142399,6.133705,6.142399,6.133705,0.008695,3.175084,0.698325,-0.181181,48,14,1465633019
panda_0308,13.727757,13.711674,13.727757,13.711674,0.016084,6.197254,1.557191,-1.122340,48,14,1586820585
panda_0309,5.650424,5.642874,5.650424,5.642874,0.007550,3.477683,0.843791,-0.654008,48,14,1602669010
panda_0310,13.294591,13.280757,13.294591,13.280757,0.013834,5.490104,1.479962,-0.921022,48,14,698640860
panda_0311,9.485658,9.476353,9.485658,9.476353,0.009305,4.315527,1.131987,-0.731740,48,14,405514457
panda_0312,9.180331,9.170623,9.180331,9.170623,0.009708,4.650683,1.552253,-0.806786,48,14,1880817967
panda_0313,5.858891,5.855791,5.858891,5.855791,0.003101,3.035778,0.803290,-0.345976,48,14,1613364612
panda_0314,5.667306,5.663147,5.667306,5.663147,0.004159,2.826790,0.690895,0.144741,48,14,1923531130
panda_0315,6.430743,6.422668,6.430743,6.422668,0.008076,3.458983,1.316399,0.076308,48,14,405931656
panda_0316,7.982798,7.972555,7.982798,7.972555,0.010243,3.842725,1.465614,-0.049747,48,14,1818074251
panda_0317,5.525307,5.517203,5.525307,5.517203,0.008104,2.690541,0.740098,0.274340,48,14,1099986279
panda_0318,8.934623,8.936961,8.934623,8.936961,-0.002338,4.274003,0.868940,-0.526071,48,14,1872604794
panda_0319,7.594382,7.604536,7.594382,7.604536,-0.010154,3.531825,1.193971,0.089726,48,14,552723336
panda_0320,4.997014,4.991550,4.997014,4.991550,0.005464,2.673147,1.192753,0.663355,48,14,2056693772
panda_0321,13.832695,13.807217,13.832695,13.807217,0.025478,5.747251,1.429493,-1.097543,48,14,866805303
panda_0322,14.411283,14.396526,14.411283,14.396526,0.014756,5.993124,1.074350,-1.358263,48,14,1007142190
panda_0323,8.964727,8.963280,8.964727,8.963280,0.001448,4.168861,1.279645,-0.551678,48,14,2010037022
panda_0324,8.531476,8.518520,8.531476,8.518520,0.012956,4.670990,1.139133,-0.955680,48,14,1346298057
panda_0325,9.568556,9.556098,9.568556,9.556098,0.012458,4.438829,1.538698,-0.518645,48,14,1340960864
panda_0326,5.769416,5.765971,5.769416,5.765971,0.003446,3.135838,0.936566,-0.530912,48,14,1002428327
panda_0327,13.406769,13.390773,13.406769,13.390773,0.015996,5.803663,1.169014,-1.218214,48,14,261479181
panda_0328,5.608953,5.604569,5.608953,5.604569,0.004383,2.891473,1.000428,0.391578,48,14,1583631729
panda_0329,10.958504,10.940172,10.958504,10.940172,0.018332,5.001296,1.670616,-0.711039,48,14,1205148501
panda_0330,8.786025,8.772731,8.786025,8.772731,0.013294,4.840575,1.273159,-0.981475,48,14,1538085551
panda_0331,11.730867,11.710284,11.730867,11.710284,0.020583,5.343626,1.445672,-0.857803,48,14,948514875
panda_0332,5.481559,5.479496,5.481559,5.479496,0.002063,2.863188,0.705373,-0.354939,48,14,1204839635
panda_0333,7.078950,7.072025,7.078950,7.072025,0.006925,3.548605,1.339518,-0.070465,48,14,568627258
panda_0334,14.908814,14.893621,14.908814,14.893621,0.015193,6.132839,1.050656,-1.423746,48,14,44917455
panda_0335,12.813384,12.792392,12.813384,12.792392,0.020992,5.764046,1.086619,-1.182893,48,14,1298894459
panda_0336,5.449136,5.444313,5.449136,5.444313,0.004823,2.758036,0.908206,0.433286,48,14,796692041
panda_0337,9.613806,9.604456,9.613806,9.604456,0.009350,4.754953,1.449170,-0.931134,48,14,1890723920
panda_0338,9.025517,9.018905,9.025517,9.018905,0.006612,4.268533,1.353638,-0.736629,48,14,1408742560
panda_0339,12.429575,12.407188,12.429575,12.407188,0.022387,5.620026,0.954792,-0.593111,48,14,554060037
panda_0340,10.445043,10.444042,10.445043,10.444042,0.001000,4.816625,1.042898,-0.562805,48,14,505303424
panda_0341,14.178824,14.156693,14.178824,14.156693,0.022131,5.926107,1.142818,-1.369986,48,14,1988436388
panda_0342,5.206663,5.201690,5.206663,5.201690,0.004973,2.784750,1.284874,0.696623,48,14,783099832
panda_0343,7.542490,7.551190,7.542490,7.551190,-0.008701,3.640790,0.973404,-0.217510,48,14,1846330384
panda_0344,6.412439,6.411829,6.412439,6.411829,0.000610,3.349031,1.053694,-0.209697,48,14,493602693
panda_0345,5.878177,5.867354,5.878177,5.867354,0.010822,3.322641,0.911893,-0.573570,48,14,116264045
panda_0346,5.461690,5.460779,5.461690,5.460779,0.000911,3.127245,0.904306,0.098847,48,14,1330384707
panda_0347,6.432302,6.431722,6.432302,6.431722,0.000580,3.199903,1.052236,0.272933,48,14,766408881
panda_0348,5.437696,5.424020,5.437696,5.424020,0.013676,3.029367,0.774431,0.358947,48,14,1977961548
panda_0349,8.894571,8.893228,8.894571,8.893228,0.001344,4.155896,1.330528,-0.669290,48,14,70126578
panda_0350,14.470826,14.454568,14.470826,14.454568,0.016258,6.042927,1.082146,-1.376353,48,14,1422240721
panda_0351,9.156564,9.146350,9.156564,9.146350,0.010214,4.317141,1.162631,0.227224,48,14,151276012
panda_0352,6.709587,6.713110,6.709587,6.713110,-0.003523,3.347079,1.025903,0.212972,48,14,1386899563
panda_0353,5.081175,5.072496,5.081175,5.072496,0.008679,2.726034,1.116331,0.514472,48,14,561316709
panda_0354,6.388291,6.386440,6.388291,6.386440,0.001851,3.200636,0.900719,-0.018412,48,14,1096547707
panda_0355,9.212138,9.200994,9.212138,9.200994,0.011144,4.583634,1.484297,-0.834162,48,14,535839016
panda_0356,6.339263,6.334958,6.339263,6.334958,0.004306,3.310481,1.055382,-0.259091,48,14,443362267
panda_0357,7.331995,7.329000,7.331995,7.329000,0.002995,3.778625,1.061098,-0.261540,48,14,1692676384
panda_0358,8.765507,8.754595,8.765507,8.754595,0.010912,4.188661,0.885871,-1.021624,48,14,260169240
panda_0359,6.581544,6.579343,6.581544,6.579343,0.002201,3.365918,1.245307,-0.326038,48,14,2133823775
panda_0360,6.342911,6.333818,6.342911,6.333818,0.009093,3.302669,1.237967,-0.051294,48,14,189918327
panda_0361,13.462425,13.449221,13.462425,13.449221,0.013205,5.683954,1.210589,-1.320182,48,14,976044876
panda_0362,6.373821,6.369943,6.373821,6.369943,0.003878,3.041130,1.134850,0.883001,48,14,1713635181
panda_0363,11.036635,11.030912,11.036635,11.030912,0.005723,5.048256,0.903191,-1.106979,48,14,2051083898
panda_0364,6.427189,6.420402,6.427189,6.420402,0.006788,3.188395,0.830656,-0.036170,48,14,1151902388
panda_0365,9.473228,9.458868,9.473228,9.458868,0.014359,4.636468,1.142487,-0.807001,48,14,140372986
panda_0366,7.698500,7.698132,7.698500,7.698132,0.000368,3.724632,1.031973,-0.030887,48,14,1427539756
panda_0367,5.228520,5.222828,5.228520,5.222828,0.005692,2.695296,0.846582,0.046346,48,14,784778532
panda_0368,5.527638,5.517859,5.527638,5.517859,0.009779,3.075222,0.885453,0.408737,48,14,1139125871
panda_0369,13.963224,13.948738,13.963224,13.948738,0.014486,5.848405,1.126353,-1.355900,48,14,670817160
panda_0370,13.532813,13.518508,13.532813,13.518508,0.014305,5.725487,1.210673,-1.277028,48,14,175906671
panda_0371,4.863657,4.847896,4.863657,4.847896,0.015762,2.963282,0.683289,0.143648,48,14,46352145
panda_0372,12.171414,12.157217,12.171414,12.157217,0.014197,5.247409,1.403136,-0.759636,48,14,314737418
panda_0373,6.555856,6.548521,6.555856,6.548521,0.007335,3.450709,1.140109,-0.291748,48,14,1106642363
panda_0374,5.379985,5.379465,5.379985,5.379465,0.000520,3.018475,0.781642,-0.092028,48,14,2070158914
panda_0375,7.253746,7.256166,7.253746,7.256166,-0.002420,3.605540,0.963567,-0.294955,48,14,1995321714
panda_0376,13.447599,13.425849,13.447599,13.425849,0.021750,5.767858,1.228769,-1.224464,48,14,1437340194
panda_0377,12.523613,12.508411,12.523613,12.508411,0.015202,5.513132,1.293348,-0.887082,48,14,1629491105
panda_0378,12.897243,12.875046,12.897243,12.875046,0.022197,5.787436,1.178509,-0.403059,48,14,1743670619
panda_0379,4.892821,4.888656,4.892821,4.888656,0.004165,3.343743,1.233288,-0.313777,48,14,1185022094
panda_0380,7.048945,7.056259,7.048945,7.056259,-0.007314,3.488736,1.218431,0.282152,48,14,1152805016
panda_0381,11.287660,11.282430,11.287660,11.282430,0.005230,5.069208,1.120723,-1.052934,48,14,1194721391
panda_0382,5.269764,5.277151,5.269764,5.277151,-0.007387,2.529990,0.574160,0.008821,48,14,219224311
panda_0383,6.180169,6.181686,6.180169,6.181686,-0.001517,3.273061,1.031400,0.089851,48,14,1449418747
panda_0384,4.963671,4.950005,4.963671,4.950005,0.013666,3.231724,0.721933,-0.167476,48,14,340841732
panda_0385,6.944289,6.947841,6.944289,6.947841,-0.003551,3.179940,1.151190,0.254980,48,14,1627196080
panda_0386,6.973883,6.970467,6.973883,6.970467,0.003416,3.361569,1.487710,0.231299,48,14,221036194
panda_0387,6.649237,6.643749,6.649237,6.643749,0.005488,3.228701,1.576915,0.674392,48,14,426688356
panda_0388,12.616211,12.601645,12.616211,12.601645,0.014566,5.729002,1.056012,-1.358233,48,14,1619332797
panda_0389,14.309744,14.288688,14.309744,14.288688,0.021056,5.917314,1.386768,-1.129867,48,14,978383012
panda_0390,6.373551,6.366851,6.373551,6.366851,0.006700,3.982961,0.918116,-0.684474,48,14,1527842689
panda_0391,5.780069,5.776066,5.780069,5.776066,0.004003,3.351112,0.688650,-0.595775,48,14,826538173
panda_0392,5.940368,5.931082,5.940368,5.931082,0.009286,3.529586,0.808116,-0.238614,48,14,275406787
panda_0393,4.637332,4.630998,4.637332,4.630998,0.006335,2.427242,0.691865,-0.075547,48,14,218930400
panda_0394,15.680890,15.661780,15.680890,15.661780,0.019110,6.091255,1.373669,-1.227217,48,14,2126207887
panda_0395,5.870635,5.868722,5.870635,5.868722,0.001912,2.884691,0.833739,0.255948,48,14,365394730
panda_0396,11.385349,11.369164,11.385349,11.369164,0.016186,4.750067,2.190401,-0.402826,48,14,1451098306
panda_0397,7.502708,7.499915,7.502708,7.499915,0.002794,3.748927,1.260447,-0.198255,48,14,1687154953
panda_0398,6.736454,6.741188,6.736454,6.741188,-0.004734,3.367584,1.191884,0.100453,48,14,2058457884
panda_0399,6.833568,6.828076,6.833568,6.828076,0.005491,3.456956,1.009190,-0.117828,48,14,1048213282
panda_0400,9.589274,9.583103,9.589274,9.583103,0.006171,4.683476,1.300181,-0.756140,48,14,732229774
panda_0401,5.157118,5.146093,5.157118,5.146093,0.011025,2.873425,1.061023,0.414371,48,14,2104590303
panda_0402,10.850466,10.837873,10.850466,10.837873,0.012592,5.201733,1.086177,-1.078321,48,14,980883125
panda_0403,6.921256,6.913487,6.921256,6.913487,0.007769,3.653821,0.764429,-0.601830,48,14,572364821
panda_0404,11.334540,11.318677,11.334540,11.318677,0.015863,5.369765,0.968059,-1.292391,48,14,1707978543
panda_0405,6.429411,6.423810,6.429411,6.423810,0.005601,3.295118,0.890005,0.084008,48,14,1050599592
panda_0406,6.378948,6.376789,6.378948,6.376789,0.002159,3.013054,0.837384,-0.378060,48,14,1780617295
panda_0407,7.458149,7.454293,7.458149,7.454293,0.003856,3.761472,0.987666,-0.447061,48,14,1324304096
panda_0408,5.794833,5.790672,5.794833,5.790672,0.004161,2.955582,0.965274,0.312108,48,14,172920902
panda_0409,4.941875,4.936183,4.941875,4.936183,0.005692,2.627446,0.881148,0.322419,48,14,430781688
panda_0410,5.841044,5.839585,5.841044,5.839585,0.001459,2.965157,0.893263,0.074372,48,14,162675430
panda_0411,6.968374,6.957753,6.968374,6.957753,0.010621,3.659276,1.313699,0.360776,48,14,1242362935
panda_0412,17.911373,17.885614,17.911373,17.885614,0.025759,6.884877,1.492319,-1.260282,48,14,1993312366
panda_0413,7.816563,7.810023,7.816563,7.810023,0.006540,4.068253,0.951484,-0.695712,48,14,2147205300
panda_0414,6.726721,6.721118,6.726721,6.721118,0.005603,3.466990,1.102315,-0.368582,48,14,1011467104
panda_0415,7.581477,7.580428,7.581477,7.580428,0.001049,3.780288,1.253736,-0.229875,48,14,717487684
panda_0416,6.350555,6.347749,6.350555,6.347749,0.002806,3.136521,0.645703,-0.439917,48,14,2032940844
panda_0417,12.811471,12.797529,12.811471,12.797529,0.013942,5.676261,1.309619,-1.273504,48,14,1016846034
panda_0418,14.350756,14.334699,14.350756,14.334699,0.016057,5.993662,1.041713,-1.413110,48,14,1124514608
panda_0419,5.140913,5.134142,5.140913,5.134142,0.006771,2.953591,1.114476,0.594842,48,14,1387112182
panda_0420,6.291942,6.287010,6.291942,6.287010,0.004932,3.195829,0.889235,0.234694,48,14,844355824
panda_0421,8.438748,8.444720,8.438748,8.444720,-0.005972,3.919961,1.503808,0.440663,48,14,1290580414
panda_0422,12.762983,12.749843,12.762983,12.749843,0.013141,5.385346,1.658056,-0.770698,48,14,1395229445
panda_0423,12.563293,12.526113,12.563293,12.526113,0.037180,5.605450,0.924512,-0.863102,48,14,723278350
panda_0424,5.624207,5.620921,5.624207,5.620921,0.003286,2.629060,0.507764,-0.145730,48,14,567481971
panda_0425,5.173286,5.165452,5.173286,5.165452,0.007834,2.513551,1.236764,1.205417,48,14,2047424071
panda_0426,8.321492,8.311637,8.321492,8.311637,0.009855,4.181345,1.122742,-0.471253,48,14,191471686
panda_0427,9.405017,9.386507,9.405017,9.386507,0.018510,4.382520,0.933647,-1.029932,48,14,256799499
panda_0428,6.044353,6.035110,6.044353,6.035110,0.009244,3.247430,1.235829,0.071018,48,14,209699618
panda_0429,7.633704,7.642021,7.633704,7.642021,-0.008317,3.714273,1.273285,0.308918,48,14,378257990
panda_0430,6.128003,6.124023,6.128003,6.124023,0.003980,3.211965,1.085080,0.101310,48,14,1766174044
panda_0431,18.263947,18.228065,18.263947,18.228065,0.035881,6.975511,1.444594,-1.268921,48,14,548354945
panda_0432,5.641284,5.645165,5.641284,5.645165,-0.003881,2.632227,0.745589,0.236560,48,14,326621161
panda_0433,7.583410,7.571690,7.583410,7.571690,0.011720,4.420132,1.443502,-0.850693,48,14,527786837
panda_0434,6.129812,6.126102,6.129812,6.126102,0.003710,3.262668,0.752468,-0.234846,48,14,42104565
panda_0435,5.251311,5.243634,5.251311,5.243634,0.007677,2.746208,1.023431,0.007629,48,14,1035825597
panda_0436,10.421637,10.410851,10.421637,10.410851,0.010785,5.023107,1.104837,-0.963884,48,14,821972299
panda_0437,11.983572,11.974321,11.983572,11.974321,0.009251,5.470334,1.281564,-0.924798,48,14,349312156
panda_0438,6.714478,6.713683,6.714478,6.713683,0.000795,3.329057,0.953909,0.129483,48,14,11440623
panda_0439,8.245902,8.239400,8.245902,8.239400,0.006502,4.090690,1.171893,-0.842085,48,14,153915094
panda_0440,7.328311,7.327329,7.328311,7.327329,0.000982,3.709723,1.045646,-0.305024,48,14,14018306
panda_0441,6.464396,6.457726,6.464396,6.457726,0.006670,3.361369,1.286208,0.195230,48,14,2063533477
panda_0442,12.350657,12.339431,12.350657,12.339431,0.011226,5.085163,1.763310,-0.556823,48,14,892431283
panda_0443,10.540237,10.521951,10.540237,10.521951,0.018287,5.081701,1.156632,-0.865252,48,14,1794830690
panda_0444,15.924908,15.890706,15.924908,15.890706,0.034202,6.407594,1.266159,-1.271675,48,14,1894828807
panda_0445,6.081000,6.065708,6.081000,6.065708,0.015292,3.545798,0.999229,0.747437,48,14,1401623899
panda_0446,10.847266,10.836369,10.847266,10.836369,0.010898,4.811574,1.691470,-0.988422,48,14,1847357856
panda_0447,5.733722,5.735727,5.733722,5.735727,-0.002005,2.922798,0.974389,-0.189080,48,14,19856947
panda_0448,11.197245,11.166167,11.197245,11.166167,0.031077,5.004139,0.986209,-0.351695,48,14,1857578622
panda_0449,7.252055,7.247120,7.252055,7.247120,0.004935,3.732242,0.898998,-0.440185,48,14,1898991349
panda_0450,6.977094,6.979487,6.977094,6.979487,-0.002393,3.363471,0.956762,-0.278200,48,14,392819538
panda_0451,14.415665,14.401134,14.415665,14.401134,0.014531,5.978127,1.138772,-1.386364,48,14,1520996618
panda_0452,7.629666,7.629192,7.629666,7.629192,0.000473,3.657645,1.405095,-0.101264,48,14,778963081
panda_0453,8.220138,8.212929,8.220138,8.212929,0.007209,4.186639,1.055018,-0.600155,48,14,587160802
panda_0454,13.492879,13.476001,13.492879,13.476001,0.016878,5.737494,1.327104,-1.323830,48,14,863515489
panda_0455,7.178561,7.169031,7.178561,7.169031,0.009530,3.873997,0.860959,-0.487714,48,14,1613989889
panda_0456,6.106022,6.099501,6.106022,6.099501,0.006522,3.287231,1.147960,0.488707,48,14,1895234230
panda_0457,14.121878,14.105587,14.121878,14.105587,0.016291,6.311731,1.156106,-0.943840,48,14,1524746713
panda_0458,6.623013,6.621073,6.623013,6.621073,0.001940,3.049427,1.175889,0.165698,48,14,1841708846
panda_0459,6.671454,6.677204,6.671454,6.677204,-0.005750,3.456315,0.902928,-0.138133,48,14,677771323
panda_0460,5.845791,5.842884,5.845791,5.842884,0.002907,2.976711,0.950838,-0.037105,48,14,708233912
panda_0461,10.080621,10.082117,10.080621,10.082117,-0.001496,4.482881,1.489366,-0.373938,48,14,758888164
panda_0462,17.394203,17.375437,17.394203,17.375437,0.018766,6.788526,1.347110,-1.307813,48,14,1258461051
panda_0463,13.180771,13.168805,13.180771,13.168805,0.011966,5.539454,1.592313,-0.914290,48,14,893452552
panda_0464,5.963336,5.971237,5.963336,5.971237,-0.007900,2.998328,0.730350,0.033350,48,14,554151824
panda_0465,12.204449,12.188635,12.204449,12.188635,0.015814,5.192368,1.876098,-0.757321,48,14,422551818
panda_0466,9.900219,9.884552,9.900219,9.884552,0.015667,4.967577,1.201723,-0.902381,48,14,831280582
panda_0467,5.482899,5.478849,5.482899,5.478849,0.004050,2.876256,0.837038,-0.233453,48,14,817530508
panda_0468,14.454015,14.427030,14.454015,14.427030,0.026985,6.018166,1.082459,-1.390220,48,14,835930761
panda_0469,6.275904,6.268214,6.275904,6.268214,0.007690,2.966551,1.407668,0.368485,48,14,751161759
panda_0470,11.338983,11.324474,11.338983,11.324474,0.014508,5.043984,1.440704,-1.156088,48,14,1971261784
panda_0471,14.914865,14.894882,14.914865,14.894882,0.019982,6.132367,1.050790,-1.423554,48,14,573411130
panda_0472,5.892662,5.881347,5.892662,5.881347,0.011315,2.917349,1.026079,0.271744,48,14,1701840884
panda_0474,8.115591,8.117151,8.115591,8.117151,-0.001560,3.962928,1.088440,-0.267351,48,14,1910632005
panda_0475,10.730329,10.696253,10.730329,10.696253,0.034076,4.893093,0.875472,-0.584632,48,14,1204831434
panda_0476,13.313232,13.291847,13.313232,13.291847,0.021385,5.768830,1.107780,-1.237266,48,14,39331258
panda_0477,5.559744,5.559566,5.559744,5.559566,0.000178,3.149223,0.687199,-0.427446,48,14,869492136
panda_0478,8.847128,8.839321,8.847128,8.839321,0.007807,4.368049,1.153272,-0.870805,48,14,1441019120
panda_0479,14.021188,13.998025,14.021188,13.998025,0.023163,5.871325,1.126089,-1.349174,48,14,1710682038
panda_0480,5.723193,5.717853,5.723193,5.717853,0.005340,3.052299,0.933149,-0.430260,48,14,796595890
panda_0481,6.734162,6.728263,6.734162,6.728263,0.005899,3.579531,1.050167,-0.174607,48,14,1855800964
panda_0482,4.733061,4.726898,4.733061,4.726898,0.006163,2.566338,0.712100,-0.231116,48,14,370325512
panda_0483,13.068566,13.050612,13.068566,13.050612,0.017954,5.641814,1.231429,-1.264430,48,14,415891312
panda_0484,6.382979,6.368779,6.382979,6.368779,0.014200,3.563423,0.728256,-1.083888,48,14,664576970
panda_0485,5.731671,5.724829,5.731671,5.724829,0.006843,2.976844,0.807216,-0.285592,48,14,1058773845
panda_0486,7.359326,7.361389,7.359326,7.361389,-0.002063,3.680591,0.843701,-0.417320,48,14,347332598
panda_0487,8.106024,8.114717,8.106024,8.114717,-0.008693,3.949413,1.222398,0.526938,48,14,808129294
panda_0488,6.275382,6.272153,6.275382,6.272153,0.003228,3.316316,1.187314,0.013113,48,14,222174443
panda_0489,6.124843,6.119956,6.124843,6.119956,0.004886,3.702024,0.886178,-0.839098,48,14,656497525
panda_0490,14.552804,14.531316,14.552804,14.531316,0.021488,6.039771,1.104420,-1.402462,48,14,497693403
panda_0491,8.636701,8.631275,8.636701,8.631275,0.005425,4.319019,1.241543,-0.405882,48,14,562689594
panda_0492,8.642873,8.635785,8.642873,8.635785,0.007088,3.999451,1.230933,-0.435456,48,14,1032940451
panda_0493,13.392056,13.381175,13.392056,13.381175,0.010880,5.627638,1.349040,-1.280621,48,14,676942185
panda_0494,13.611244,13.599991,13.611244,13.599991,0.011253,5.651495,1.279791,-1.189051,48,14,1245996093
panda_0495,6.337645,6.330125,6.337645,6.330125,0.007520,3.103016,0.883507,-0.167609,48,14,994966310
panda_0496,9.505461,9.500158,9.505461,9.500158,0.005302,4.316771,1.594765,-0.330737,48,14,1935515382
panda_0497,7.919628,7.915447,7.919628,7.915447,0.004180,4.095830,1.320210,-0.778456,48,14,552239579
panda_0498,5.774383,5.771821,5.774383,5.771821,0.002563,2.869403,0.666382,0.116486,48,14,859042038
panda_0499,5.410170,5.399948,5.410170,5.399948,0.010222,3.059291,1.155929,0.118852,48,14,441334290
panda_0500,5.197099,5.192953,5.197099,5.192953,0.004146,3.331891,0.935302,-0.553751,48,14,227708897
panda_0501,5.058022,5.053251,5.058022,5.053251,0.004771,2.647458,0.773961,0.227764,48,14,1952238821
panda_0502,6.724270,6.712293,6.724270,6.712293,0.011977,3.685532,1.009078,-0.108441,48,14,1062765844
panda_0503,11.046246,11.033908,11.046246,11.033908,0.012338,4.739200,1.857228,-0.328489,48,14,2025801842
panda_0504,18.198383,18.167980,18.198383,18.167980,0.030403,6.991898,1.407168,-1.272713,48,14,1700218025
panda_0505,6.432947,6.431281,6.432947,6.431281,0.001666,3.413609,1.234625,0.136343,48,14,1748393363
panda_0506,5.977449,5.966988,5.977449,5.966988,0.010461,3.201311,0.982411,0.464878,48,14,1229196667
panda_0507,8.770310,8.772555,8.770310,8.772555,-0.002245,4.178153,1.155314,-0.402968,48,14,1433568215
panda_0508,7.808451,7.805642,7.808451,7.805642,0.002810,3.736528,1.569832,-0.060589,48,14,1373217608
panda_0509,7.513062,7.508040,7.513062,7.508040,0.005022,3.986922,0.987508,-0.480126,48,14,1515816310
panda_0510,7.555037,7.558413,7.555037,7.558413,-0.003376,3.477840,1.281568,0.130446,48,14,46507637
panda_0511,7.051918,7.055915,7.051918,7.055915,-0.003997,3.351346,0.836785,0.297663,48,14,1760769999
panda_0512,14.134177,14.115629,14.134177,14.115629,0.018548,6.000376,1.066841,-1.381782,48,14,2043372089
panda_0513,5.240394,5.233462,5.240394,5.233462,0.006932,2.692200,0.697861,0.318946,48,14,959458547
panda_0514,4.407271,4.400913,4.407271,4.400913,0.006358,3.185972,1.393693,-0.068927,48,14,1835209548
panda_0515,9.924703,9.920729,9.924703,9.920729,0.003974,4.382613,1.546043,-0.763725,48,14,1997707653
panda_0516,7.608823,7.600137,7.608823,7.600137,0.008686,3.900712,0.690650,-0.327498,48,14,1344202040
panda_0517,6.341812,6.334222,6.341812,6.334222,0.007590,3.559644,1.154386,-0.516171,48,14,1283302969
panda_0518,8.670966,8.665751,8.670966,8.665751,0.005216,4.348006,1.265451,-1.042366,48,14,1128639151
panda_0519,14.409223,14.388956,14.409223,14.388956,0.020267,6.019040,1.091948,-1.397326,48,14,1337808307
panda_0520,6.958159,6.954803,6.958159,6.954803,0.003356,3.528678,1.200264,-0.621244,48,14,61287497
panda_0521,14.116549,14.099115,14.116549,14.099115,0.017433,5.876772,1.201885,-1.347361,48,14,348211397
panda_0522,5.575415,5.572893,5.575415,5.572893,0.002522,2.783566,0.605079,0.543612,48,14,1220148231
panda_0523,6.984313,6.981454,6.984313,6.981454,0.002859,3.477869,0.919326,-0.682198,48,14,1555488439
panda_0524,5.641491,5.645249,5.641491,5.645249,-0.003757,2.801102,0.768428,0.181437,48,14,1413606368
panda_0525,12.921938,12.915833,12.921938,12.915833,0.006104,5.594237,1.869734,0.511987,48,14,1558138562
panda_0526,6.817681,6.816475,6.817681,6.816475,0.001206,3.435940,1.197874,-0.071781,48,14,578347014
panda_0527,6.229588,6.220346,6.229588,6.220346,0.009241,3.492339,0.786211,-0.743087,48,14,1284261069
panda_0528,6.520024,6.515924,6.520024,6.515924,0.004100,3.305513,1.464540,0.671370,48,14,1367559485
panda_0529,4.632225,4.627445,4.632225,4.627445,0.004780,2.892279,0.828024,-0.174473,48,14,622791839
panda_0530,5.651005,5.649499,5.651005,5.649499,0.001506,3.069353,0.798257,-0.418926,48,14,1207127272
panda_0531,6.446543,6.442374,6.446543,6.442374,0.004169,3.292531,1.046865,-0.098937,48,14,523498196
panda_0532,11.283377,11.270870,11.283377,11.270870,0.012506,4.657182,2.175922,-0.285906,48,14,526852315
panda_0533,5.504066,5.501796,5.504066,5.501796,0.002270,2.862727,0.797833,0.511510,48,14,738830283
panda_0534,3.734381,3.727773,3.734381,3.727773,0.006608,2.405968,0.510650,0.269547,48,14,1228639932
panda_0535,5.097173,5.090278,5.097173,5.090278,0.006896,2.523789,0.729797,0.172301,48,14,1257379453
panda_0536,7.736239,7.730585,7.736239,7.730585,0.005655,4.498426,1.490950,-0.860774,48,14,1101416786
panda_0537,5.702867,5.698177,5.702867,5.698177,0.004690,3.103692,0.693158,-0.103199,48,14,777991693
panda_0538,6.330897,6.323500,6.330897,6.323500,0.007398,3.654294,0.882999,0.356752,48,14,2115866486
panda_0539,7.733421,7.705890,7.733421,7.705890,0.027532,4.087987,1.043255,-0.305482,48,14,1356635128
panda_0540,6.180317,6.186054,6.180317,6.186054,-0.005737,3.024965,0.913565,0.218668,48,14,1611070692
panda_0541,7.988508,7.971795,7.988508,7.971795,0.016713,4.460189,0.925327,-0.043447,48,14,351223358
panda_0542,5.217611,5.211185,5.217611,5.211185,0.006426,2.474919,0.982233,1.115553,48,14,1984894742
panda_0543,6.459472,6.449648,6.459472,6.449648,0.009823,3.471221,0.774945,-0.027437,48,14,922681760
panda_0544,18.818050,18.782551,18.818050,18.782551,0.035500,7.107798,1.336219,-1.300585,48,14,1336026855
panda_0545,7.105765,7.098442,7.105765,7.098442,0.007323,3.664839,1.354299,-0.362317,48,14,1525636297
panda_0546,6.658745,6.655018,6.658745,6.655018,0.003727,3.227129,1.068463,-0.509832,48,14,1623389143
panda_0547,8.615907,8.602687,8.615907,8.602687,0.013220,4.389168,0.878364,-1.020171,48,14,1730851077
panda_0548,4.912078,4.904505,4.912078,4.904505,0.007573,2.753587,0.657323,-0.254203,48,14,390298484
panda_0549,8.100653,8.092181,8.100653,8.092181,0.008471,3.779064,1.025942,-0.076281,48,14,1245719720
panda_0550,7.143829,7.154907,7.143829,7.154907,-0.011078,3.381693,0.736928,-0.394181,48,14,674158575
panda_0551,9.224329,9.214220,9.224329,9.214220,0.010109,4.684074,1.144135,0.015758,48,14,644267607
panda_0552,7.225385,7.223752,7.225385,7.223752,0.001633,3.753225,1.146965,-0.312828,48,14,1154703414
panda_0553,5.778773,5.776557,5.778773,5.776557,0.002216,2.952663,0.721841,-0.224387,48,14,1780597752
panda_0554,8.785921,8.779918,8.785921,8.779918,0.006003,4.303494,1.265308,-0.478454,48,14,1942615105
panda_0555,14.771003,14.750524,14.771003,14.750524,0.020479,6.087964,1.065161,-1.410422,48,14,1101079603
panda_0556,5.664962,5.658873,5.664962,5.658873,0.006089,2.917145,0.757950,0.021764,48,14,1521190450
panda_0557,12.843953,12.828411,12.843953,12.828411,0.015542,5.598651,1.193401,-1.253467,48,14,1488177289
panda_0558,8.670645,8.664557,8.670645,8.664557,0.006087,4.564075,1.603118,-0.711480,48,14,866263065
panda_0559,10.030043,10.011415,10.030043,10.011415,0.018628,4.720584,1.054775,-0.687014,48,14,775392271
panda_0560,18.175592,18.151548,18.175592,18.151548,0.024044,7.017487,1.371461,-1.285964,48,14,1603921358
panda_0561,7.426122,7.417450,7.426122,7.417450,0.008672,3.638987,1.238988,-0.209707,48,14,1965473966
panda_0562,6.426078,6.425718,6.426078,6.425718,0.000360,3.198404,0.970794,-0.222537,48,14,1244407761
panda_0563,6.136822,6.136242,6.136822,6.136242,0.000580,3.150298,1.008113,-0.074667,48,14,2062820691
panda_0564,14.452859,14.441013,14.452859,14.441013,0.011846,6.006726,1.097674,-1.387869,48,14,1172551217
panda_0565,9.605323,9.597215,9.605323,9.597215,0.008108,4.318882,1.451511,-0.366944,48,14,1314764619
panda_0566,5.719112,5.712067,5.719112,5.712067,0.007045,2.745141,1.041286,0.883717,48,14,257747864
panda_0567,7.662275,7.657115,7.662275,7.657115,0.005159,4.080034,1.149108,0.656103,48,14,70931287
panda_0568,6.940877,6.946376,6.940877,6.946376,-0.005499,3.437243,0.915285,0.108185,48,14,676084157
panda_0569,5.044760,5.032157,5.044760,5.032157,0.012603,2.851025,0.825606,0.285607,48,14,607484626
panda_0570,7.434366,7.435719,7.434366,7.435719,-0.001354,3.659186,1.313241,-0.434477,48,14,449831725
panda_0571,12.022404,12.002196,12.022404,12.002196,0.020207,5.632216,1.061447,-1.323533,48,14,540184289
panda_0572,14.210511,14.195868,14.210511,14.195868,0.014644,5.958376,1.075070,-1.348022,48,14,1596078372
panda_0573,16.722303,16.693968,16.722303,16.693968,0.028336,6.550894,1.562946,-1.175517,48,14,1707736098
panda_0574,6.993332,6.996730,6.993332,6.996730,-0.003398,3.447069,1.143282,-0.040683,48,14,302477231
panda_0575,6.852188,6.849274,6.852188,6.849274,0.002913,3.339480,1.143473,0.231822,48,14,1989706913
panda_0576,5.656549,5.649955,5.656549,5.649955,0.006594,3.162163,1.053773,-0.059012,48,14,1152541802
panda_0577,5.062405,5.057734,5.062405,5.057734,0.004671,2.669223,0.805840,0.142680,48,14,716272659
panda_0578,6.507001,6.505758,6.507001,6.505758,0.001243,3.349934,1.152684,0.652179,48,14,657337175
panda_0579,11.518507,11.502408,11.518507,11.502408,0.016099,5.739203,1.019583,-0.817739,48,14,1757558505
panda_0580,6.855860,6.848556,6.855860,6.848556,0.007304,3.741678,0.892718,-0.196490,48,14,6524582
panda_0581,8.015665,8.005114,8.015665,8.005114,0.010551,4.174067,1.130754,-0.905447,48,14,791648036
panda_0582,6.351071,6.343711,6.351071,6.343711,0.007360,3.283030,1.065393,0.223186,48,14,1694734830
panda_0583,6.320214,6.314613,6.320214,6.314613,0.005600,3.226191,1.006851,-0.166308,48,14,2054298452
panda_0584,14.075097,14.055652,14.075097,14.055652,0.019445,5.928271,1.150168,-1.369800,48,14,1048122034
panda_0585,7.851574,7.841188,7.851574,7.841188,0.010386,4.151370,1.308116,0.177043,48,14,476391143
panda_0586,6.170431,6.178220,6.170431,6.178220,-0.007789,3.106152,0.899678,0.733362,48,14,73168722
panda_0587,11.256215,11.230014,11.256215,11.230014,0.026201,4.983959,1.033437,-1.166191,48,14,1133815877
panda_0588,7.877663,7.867212,7.877663,7.867212,0.010451,4.192257,1.541299,-0.754939,48,14,949594534
panda_0589,14.912941,14.893852,14.912941,14.893852,0.019089,6.132836,1.050655,-1.423745,48,14,1333407141
panda_0590,7.419324,7.417530,7.419324,7.417530,0.001794,3.756470,1.227129,-0.210428,48,14,59400588
panda_0591,6.450148,6.446010,6.450148,6.446010,0.004138,3.344600,0.992345,0.091160,48,14,1113607564
panda_0592,5.682096,5.675798,5.682096,5.675798,0.006298,3.612989,1.194792,0.129259,48,14,1465933375
panda_0593,5.673676,5.666911,5.673676,5.666911,0.006764,3.362847,0.941794,-0.318447,48,14,76834249
panda_0594,5.908319,5.908918,5.908319,5.908918,-0.000600,2.977689,1.263486,0.707057,48,14,651421688
panda_0595,6.145777,6.141221,6.145777,6.141221,0.004556,3.306595,1.107583,0.164984,48,14,1217511481
panda_0596,7.532276,7.528560,7.532276,7.528560,0.003716,3.898930,1.395200,0.926091,48,14,212828594
panda_0597,9.394874,9.379826,9.394874,9.379826,0.015048,4.600574,1.151619,-0.793407,48,14,1683703927
panda_0598,9.483685,9.470746,9.483685,9.470746,0.012939,4.652587,1.138882,-0.212632,48,14,609321196
panda_0599,7.470330,7.467039,7.470330,7.467039,0.003292,3.871039,0.679324,-0.904399,48,14,855465599
panda_0600,6.899227,6.892627,6.899227,6.892627,0.006599,3.498927,1.056638,0.085992,48,14,371241529
panda_0601,14.160272,14.141707,14.160272,14.141707,0.018564,5.905949,1.119106,-1.346098,48,14,1069602751
panda_0602,8.154539,8.141404,8.154539,8.141404,0.013135,4.462073,1.332400,-0.797459,48,14,1308324443
panda_0603,9.601963,9.588544,9.601963,9.588544,0.013419,4.682642,1.144858,-0.824760,48,14,1224904156
panda_0604,7.026171,7.026531,7.026171,7.026531,-0.000360,3.359367,1.296529,-0.138033,48,14,755815321
panda_0605,8.364402,8.360989,8.364402,8.360989,0.003413,4.216632,1.137023,-0.885685,48,14,551669926
panda_0606,5.851057,5.852889,5.851057,5.852889,-0.001832,2.852613,0.665119,0.608120,48,14,992888440
panda_0607,8.698410,8.691294,8.698410,8.691294,0.007116,4.354474,1.299950,0.057524,48,14,89408341
panda_0608,5.030181,5.021528,5.030181,5.021528,0.008653,2.949499,0.737808,-0.222071,48,14,1968589720
panda_0609,8.995287,8.981563,8.995287,8.981563,0.013724,4.287780,1.219113,-0.025956,48,14,1596052956
panda_0610,5.434270,5.430747,5.434270,5.430747,0.003523,2.800230,0.919710,-0.175908,48,14,55176342
panda_0611,17.273003,17.244476,17.273003,17.244476,0.028526,6.644113,1.674442,-1.187233,48,14,475082095
panda_0612,6.831126,6.823280,6.831126,6.823280,0.007846,4.212545,1.526505,-0.718527,48,14,850566889
panda_0613,14.112322,14.096777,14.112322,14.096777,0.015545,5.900068,1.120779,-1.245303,48,14,1458699527
panda_0614,4.777966,4.772293,4.777966,4.772293,0.005673,2.620085,0.781757,0.008388,48,14,14004314
panda_0615,6.935503,6.935732,6.935503,6.935732,-0.000230,3.418977,1.300766,0.114484,48,14,1433663071
panda_0616,4.779801,4.771770,4.779801,4.771770,0.008032,2.532909,0.780863,-0.029871,48,14,1546120151
panda_0617,5.752439,5.756353,5.752439,5.756353,-0.003914,2.857136,0.899532,-0.093926,48,14,1895890976
panda_0618,6.487006,6.483222,6.487006,6.483222,0.003784,3.527070,1.224794,-0.131903,48,14,958897745
panda_0619,6.691125,6.678198,6.691125,6.678198,0.012927,3.667071,1.041562,0.245294,48,14,1098072383
panda_0620,14.899050,14.880953,14.899050,14.880953,0.018097,6.130359,1.050093,-1.423569,48,14,462052595
panda_0621,7.871979,7.867502,7.871979,7.867502,0.004477,4.130455,0.882689,-0.630973,48,14,1629295138
panda_0622,5.695638,5.689907,5.695638,5.689907,0.005731,3.198533,1.003713,-0.211089,48,14,172058046
panda_0623,5.583580,5.577703,5.583580,5.577703,0.005877,3.003446,0.735056,0.279760,48,14,1670321446
panda_0624,5.119095,5.113018,5.119095,5.113018,0.006077,3.145886,0.880180,0.023562,48,14,1487039917
panda_0625,6.200055,6.199487,6.200055,6.199487,0.000568,3.222113,0.961145,-0.322943,48,14,159461275
panda_0626,6.342213,6.351190,6.342213,6.351190,-0.008977,3.120209,0.888355,0.252273,48,14,2065451786
panda_0627,5.937438,5.928149,5.937438,5.928149,0.009289,3.172365,0.727325,-0.422326,48,14,973961184
panda_0628,7.996711,7.985467,7.996711,7.985467,0.011244,4.202970,1.219082,-0.466552,48,14,872895387
panda_0629,6.219013,6.216084,6.219013,6.216084,0.002930,3.083313,0.922743,-0.055791,48,14,1626651696
panda_0630,6.137784,6.137610,6.137784,6.137610,0.000174,2.948256,0.816047,0.122113,48,14,680920109
panda_0631,5.726382,5.720384,5.726382,5.720384,0.005998,3.052123,1.334216,0.209119,48,14,1730646759
panda_0632,5.898887,5.905190,5.898887,5.905190,-0.006302,3.005865,0.828764,0.241659,48,14,237493131
panda_0633,7.499572,7.491884,7.499572,7.491884,0.007688,3.659648,1.633614,-0.252172,48,14,358881655
panda_0634,7.035976,7.023965,7.035976,7.023965,0.012011,3.857465,0.951814,-0.685370,48,14,136534013
panda_0635,10.592804,10.584112,10.592804,10.584112,0.008692,4.846334,1.516309,-1.042672,48,14,15680587
panda_0636,6.528436,6.535313,6.528436,6.535313,-0.006877,3.281279,1.036391,-0.013174,48,14,791499360
panda_0637,9.386801,9.372941,9.386801,9.372941,0.013860,4.749936,1.151751,-1.162861,48,14,598240441
panda_0638,5.267429,5.265915,5.267429,5.265915,0.001514,2.788233,0.822105,0.083169,48,14,2050703102
panda_0639,5.917816,5.913313,5.917816,5.913313,0.004503,3.057692,1.295532,-0.260626,48,14,1246387393
panda_0640,5.862176,5.861736,5.862176,5.861736,0.000440,2.920034,0.840826,-0.115185,48,14,1740997546
panda_0641,11.634587,11.614778,11.634587,11.614778,0.019810,5.152048,1.006574,-1.264328,48,14,119105686
panda_0642,12.003224,11.978427,12.003224,11.978427,0.024797,5.401798,0.922397,-0.746758,48,14,239134467
panda_0643,11.088370,11.078559,11.088370,11.078559,0.009811,5.023881,1.457873,-0.658553,48,14,1145576643
panda_0644,9.618422,9.612487,9.618422,9.612487,0.005935,4.708468,0.956640,-0.919703,48,14,185725783
panda_0645,7.290747,7.280959,7.290747,7.280959,0.009789,3.741827,1.351277,-0.087868,48,14,1028167174
panda_0646,14.668351,14.649232,14.668351,14.649232,0.019119,6.057088,1.071178,-1.393327,48,14,300816260
panda_0647,15.679196,15.649709,15.679196,15.649709,0.029488,6.399729,1.484211,-1.105667,48,14,373494727
panda_0648,13.295270,13.265607,13.295270,13.265607,0.029663,5.420553,1.539548,-0.765983,48,14,1199957144
panda_0649,8.719735,8.718575,8.719735,8.718575,0.001161,4.116518,1.569963,-0.604043,48,14,2049847270
panda_0650,6.685662,6.685927,6.685662,6.685927,-0.000265,3.331851,0.856054,-0.699108,48,14,404139856
panda_0651,8.689327,8.676737,8.689327,8.676737,0.012590,4.651449,1.135955,-0.451347,48,14,1965836949
panda_0652,5.396558,5.391099,5.396558,5.391099,0.005458,2.968117,0.878912,-0.237978,48,14,88164646
panda_0653,9.191176,9.180309,9.191176,9.180309,0.010867,4.434062,0.663525,-0.316472,48,14,230475883
panda_0654,15.037984,15.013585,15.037984,15.013585,0.024399,6.152700,1.241362,-1.274731,48,14,766309976
panda_0655,10.450143,10.418025,10.450143,10.418025,0.032118,4.792975,0.959174,-0.135504,48,14,345748870
panda_0656,5.687908,5.688107,5.687908,5.688107,-0.000198,2.932214,0.956632,-0.215896,48,14,1666242553
panda_0657,6.144687,6.141280,6.144687,6.141280,0.003407,3.127337,0.844946,0.064100,48,14,2093446253
panda_0658,7.530704,7.513046,7.530704,7.513046,0.017658,3.960511,0.936280,-0.520802,48,14,1316795370
panda_0659,7.116863,7.116085,7.116863,7.116085,0.000779,3.683698,1.234835,-0.206969,48,14,289979887
panda_0660,8.394016,8.397440,8.394016,8.397440,-0.003424,3.991440,1.642681,1.261764,48,14,104153236
panda_0661,15.836017,15.815035,15.836017,15.815035,0.020982,6.131309,1.363603,-1.229044,48,14,714469899
panda_0662,7.329667,7.328925,7.329667,7.328925,0.000741,3.516246,1.269467,-0.147327,48,14,600335021
panda_0663,14.907889,14.889331,14.907889,14.889331,0.018559,6.132838,1.050655,-1.423744,48,14,2136523247
panda_0664,6.566780,6.563700,6.566780,6.563700,0.003080,3.314111,0.627436,-0.452660,48,14,736030732
panda_0665,5.964037,5.953905,5.964037,5.953905,0.010133,3.511192,0.706108,-0.313163,48,14,585268765
panda_0666,11.108925,11.098608,11.108925,11.098608,0.010317,5.139703,1.294504,-0.830925,48,14,2065516386
panda_0667,7.098207,7.092477,7.098207,7.092477,0.005729,3.828593,1.024975,-0.415475,48,14,411666239
panda_0668,6.246162,6.253169,6.246162,6.253169,-0.007007,2.908398,0.699960,-0.266097,48,14,1281268329
panda_0669,10.389720,10.377136,10.389720,10.377136,0.012584,4.708485,1.037823,-0.930087,48,14,2014538713
panda_0670,11.192503,11.188309,11.192503,11.188309,0.004194,5.077204,0.937746,-0.772377,48,14,272807057
panda_0671,5.907184,5.905312,5.907184,5.905312,0.001873,3.037597,0.971931,-0.144022,48,14,884840167
panda_0672,6.681904,6.682779,6.681904,6.682779,-0.000875,3.465234,0.964017,-0.160978,48,14,2130625079
panda_0673,13.997442,13.980262,13.997442,13.980262,0.017180,5.938235,1.143443,-1.322698,48,14,648461308
panda_0674,14.268783,14.249023,14.268783,14.249023,0.019759,6.022123,1.036824,-1.389599,48,14,851742284
panda_0675,8.513573,8.500740,8.513573,8.500740,0.012833,4.185419,1.177378,-0.722165,48,14,1828123008
panda_0676,4.365502,4.354813,4.365502,4.354813,0.010690,2.553644,0.671838,0.109068,48,14,1399974385
panda_0677,6.547735,6.557388,6.547735,6.557388,-0.009653,3.248643,0.989706,0.436502,48,14,1177009495
panda_0678,13.935714,13.919764,13.935714,13.919764,0.015950,5.912462,1.108987,-1.341512,48,14,1628416658
panda_0679,9.287645,9.282621,9.287645,9.282621,0.005024,4.717218,1.195156,0.004683,48,14,1610111787
panda_0680,6.518493,6.520391,6.518493,6.520391,-0.001898,3.385215,1.142430,0.965108,48,14,153819543
panda_0681,8.168412,8.160545,8.168412,8.160545,0.007867,4.441762,1.225060,0.142602,48,14,388564
panda_0682,4.760667,4.752082,4.760667,4.752082,0.008585,2.481621,0.535631,0.007961,48,14,929294022
panda_0683,14.359426,14.338695,14.359426,14.338695,0.020732,5.989784,1.094477,-1.393231,48,14,562708736
panda_0684,6.098218,6.105052,6.098218,6.105052,-0.006834,2.899515,0.874013,0.336005,48,14,1271945852
panda_0685,8.202384,8.189072,8.202384,8.189072,0.013312,4.270958,0.471884,-0.886778,48,14,1478902510
panda_0686,7.850138,7.854416,7.850138,7.854416,-0.004278,3.697887,1.042216,-0.146769,48,14,268184783
panda_0687,6.634853,6.637535,6.634853,6.637535,-0.002682,3.231220,0.936846,-0.700952,48,14,1561945956
panda_0688,6.146060,6.151325,6.146060,6.151325,-0.005265,2.792783,0.752881,0.265023,48,14,1802220568
panda_0689,5.132426,5.120356,5.132426,5.120356,0.012070,2.817985,0.644491,-0.159280,48,14,1095070117
panda_0690,5.595194,5.589233,5.595194,5.589233,0.005961,3.499511,0.826994,-0.506296,48,14,1465587266
panda_0691,10.796202,10.784931,10.796202,10.784931,0.011271,5.154671,1.478365,-1.067730,48,14,1760853136
panda_0692,11.572698,11.545673,11.572698,11.545673,0.027024,5.132529,0.982123,-1.324063,48,14,719760883
panda_0693,8.191400,8.182613,8.191400,8.182613,0.008786,3.942471,0.869460,-0.809024,48,14,568261137
panda_0694,5.363573,5.353959,5.363573,5.353959,0.009614,2.923091,0.896925,0.016834,48,14,923131084
panda_0695,7.222369,7.211775,7.222369,7.211775,0.010594,4.127558,1.107842,-0.341926,48,14,773526032
panda_0696,5.062331,5.059687,5.062331,5.059687,0.002644,2.473309,0.670726,0.370792,48,14,617219257
panda_0697,8.017737,8.006962,8.017737,8.006962,0.010776,3.953276,1.370784,-0.595259,48,14,375107444
panda_0698,8.480849,8.474556,8.480849,8.474556,0.006293,4.114304,1.486929,-0.557646,48,14,1140015739
panda_0699,10.713035,10.694751,10.713035,10.694751,0.018284,5.290150,1.264907,-1.219365,48,14,1015517575
panda_0700,6.483131,6.483558,6.483131,6.483558,-0.000427,3.161580,1.019139,0.073306,48,14,242930614
panda_0701,5.344350,5.346657,5.344350,5.346657,-0.002307,2.453593,0.619094,0.207548,48,14,1741145019
panda_0702,9.521417,9.516868,9.521417,9.516868,0.004549,4.421985,1.285598,-0.093656,48,14,1413243958
panda_0703,6.963406,6.958057,6.963406,6.958057,0.005348,3.486220,1.059412,-0.249596,48,14,1843248945
panda_0704,5.260002,5.259105,5.260002,5.259105,0.000897,2.799535,0.824485,0.478529,48,14,1744462848
panda_0705,13.853141,13.840107,13.853141,13.840107,0.013034,5.843243,1.159977,-1.346631,48,14,135872074
panda_0706,6.530277,6.517121,6.530277,6.517121,0.013156,3.778400,0.798077,0.187999,48,14,125126023
panda_0707,12.645113,12.626559,12.645113,12.626559,0.018554,5.444618,1.220195,-0.853393,48,14,85986664
panda_0708,5.493728,5.490484,5.493728,5.490484,0.003244,2.857752,0.698991,0.061515,48,14,980670604
panda_0709,11.725912,11.709836,11.725912,11.709836,0.016076,5.384384,1.239598,-1.112846,48,14,152082663
panda_0710,7.106720,7.098727,7.106720,7.098727,0.007994,4.011460,0.846825,-0.915123,48,14,1605976504
panda_0711,10.734153,10.717529,10.734153,10.717529,0.016623,5.264229,1.288672,-1.141428,48,14,1486237160
panda_0712,13.983016,13.969398,13.983016,13.969398,0.013618,5.863671,1.246347,-1.357830,48,14,256185195
panda_0713,7.417376,7.408277,7.417376,7.408277,0.009099,4.015787,0.805951,-0.638111,48,14,276653774
panda_0714,5.400849,5.396547,5.400849,5.396547,0.004302,2.847029,0.994292,0.110662,48,14,341938277
panda_0715,11.162696,11.150326,11.162696,11.150326,0.012370,5.096106,1.180815,-0.881069,48,14,891428749
panda_0716,7.378913,7.373081,7.378913,7.373081,0.005832,3.889366,1.407075,-0.828797,48,14,994390192
panda_0717,14.905964,14.888115,14.905964,14.888115,0.017849,6.132650,1.050573,-1.423733,48,14,1830974373
panda_0718,5.266335,5.265775,5.266335,5.265775,0.000560,2.583408,0.608080,0.142707,48,14,1820917376
panda_0719,12.854107,12.840018,12.854107,12.840018,0.014089,5.741522,1.213515,-1.278584,48,14,559253034
panda_0720,5.467166,5.463276,5.467166,5.463276,0.003890,2.981366,0.656686,1.185821,48,14,1592607013
panda_0721,6.261605,6.268217,6.261605,6.268217,-0.006612,3.087491,1.049700,0.225997,48,14,1222897695
panda_0722,14.917616,14.901470,14.917616,14.901470,0.016146,6.132838,1.050654,-1.423747,48,14,1900580218
panda_0723,7.237730,7.233076,7.237730,7.233076,0.004654,3.819360,1.255252,-0.535496,48,14,633551034
panda_0724,11.000339,10.972226,11.000339,10.972226,0.028112,4.973098,0.854318,-1.022046,48,14,1976420940
panda_0725,7.775444,7.768450,7.775444,7.768450,0.006994,4.474135,1.498628,-0.650552,48,14,502164095
panda_0726,5.418941,5.414014,5.418941,5.414014,0.004928,2.764201,1.012028,0.322003,48,14,1069681352
panda_0727,5.426420,5.422929,5.426420,5.422929,0.003491,2.568510,0.857551,0.801925,48,14,719014826
panda_0728,8.731432,8.733332,8.731432,8.733332,-0.001900,4.174130,1.356405,-0.230954,48,14,1827976154
panda_0729,5.787321,5.790929,5.787321,5.790929,-0.003608,3.010307,0.831903,-0.052377,48,14,163370644
panda_0730,5.871778,5.868073,5.871778,5.868073,0.003705,2.994011,0.906802,-0.100981,48,14,1470799966
panda_0731,10.529465,10.506247,10.529465,10.506247,0.023218,4.733471,1.359243,-0.778401,48,14,909805945
panda_0732,6.684067,6.676009,6.684067,6.676009,0.008058,4.050588,1.286124,-0.632295,48,14,226974318
panda_0733,14.365892,14.348042,14.365892,14.348042,0.017851,5.966595,1.111172,-1.367785,48,14,1211089581
panda_0734,13.751515,13.732105,13.751515,13.732105,0.019410,5.782259,1.164904,-1.332783,48,14,606549541
panda_0735,13.654292,13.633188,13.654292,13.633188,0.021104,5.798050,1.263923,-1.327998,48,14,1169323272
panda_0736,17.863132,17.832087,17.863132,17.832087,0.031046,6.853708,1.535284,-1.251792,48,14,364234951
panda_0737,13.827992,13.807237,13.827992,13.807237,0.020756,5.846197,1.175454,-1.356944,48,14,1862940256
panda_0738,7.825065,7.820963,7.825065,7.820963,0.004101,3.592077,1.222202,-0.185263,48,14,2133036631
panda_0739,6.199248,6.203807,6.199248,6.203807,-0.004559,3.365652,0.864584,-0.472805,48,14,1025678289
panda_0740,4.305824,4.294500,4.305824,4.294500,0.011323,2.452444,0.505095,-0.047982,48,14,462944813
panda_0741,5.319148,5.313818,5.319148,5.313818,0.005329,2.573064,0.573074,-0.102575,48,14,2126451441
panda_0742,8.912790,8.902205,8.912790,8.902205,0.010585,4.734018,1.567935,-0.763175,48,14,1761801869
panda_0743,10.264565,10.255167,10.264565,10.255167,0.009398,4.459758,2.107205,-0.201292,48,14,1856404311
panda_0744,5.553251,5.550054,5.553251,5.550054,0.003197,2.827233,0.977105,0.013648,48,14,682983428
panda_0745,10.558277,10.546854,10.558277,10.546854,0.011423,5.114041,0.874809,-0.829618,48,14,428824240
panda_0746,11.293497,11.284363,11.293497,11.284363,0.009134,5.372008,1.271076,-0.259807,48,14,2045124290
panda_0747,7.617193,7.609593,7.617193,7.609593,0.007600,3.835752,1.253620,-0.476756,48,14,1276980835
panda_0748,10.411461,10.398069,10.411461,10.398069,0.013391,4.793478,0.986630,-1.227273,48,14,36682971
panda_0749,6.680981,6.676322,6.680981,6.676322,0.004659,3.379559,0.982439,-0.430356,48,14,141411596
panda_0750,5.298818,5.294464,5.298818,5.294464,0.004354,3.246549,0.784860,-0.338941,48,14,151241651
panda_0751,7.016271,7.006867,7.016271,7.006867,0.009404,4.260207,1.085900,-0.514529,48,14,1799500763
panda_0752,12.465170,12.446319,12.465170,12.446319,0.018851,5.423972,1.329166,-0.525153,48,14,337368011
panda_0753,6.044370,6.040173,6.044370,6.040173,0.004197,3.135091,0.890961,0.074540,48,14,891408081
panda_0754,17.605675,17.569944,17.605675,17.569944,0.035730,6.687517,1.624874,-0.137041,48,14,2016228289
panda_0755,6.047611,6.040879,6.047611,6.040879,0.006732,3.029908,0.947584,-0.109082,48,14,111504568
panda_0756,7.032881,7.021431,7.032881,7.021431,0.011450,3.969070,1.045465,-0.416274,48,14,1586886715
panda_0757,8.444043,8.439331,8.444043,8.439331,0.004712,4.468975,1.733441,-0.554711,48,14,1544041369
panda_0758,5.632917,5.635919,5.632917,5.635919,-0.003002,2.722786,0.876105,0.497990,48,14,4839137
panda_0759,6.209756,6.197199,6.209756,6.197199,0.012557,3.413658,1.040393,-0.355397,48,14,1170976639
panda_0760,6.642063,6.645051,6.642063,6.645051,-0.002988,3.528394,0.934638,-0.471304,48,14,1853701578
panda_0761,6.223855,6.213356,6.223855,6.213356,0.010498,2.947338,0.377587,-0.454629,48,14,1247745105
panda_0762,6.410620,6.408130,6.410620,6.408130,0.002490,3.259903,1.006593,-0.083157,48,14,1060581392
panda_0763,5.895044,5.891461,5.895044,5.891461,0.003583,2.898972,1.318429,0.731537,48,14,951273551
panda_0764,6.852960,6.852208,6.852960,6.852208,0.000752,3.368465,0.878913,-0.034446,48,14,1904261163
panda_0765,6.596077,6.598018,6.596077,6.598018,-0.001940,3.219347,0.887593,-0.464709,48,14,1165779868
panda_0766,14.420035,14.402282,14.420035,14.402282,0.017754,5.988434,1.079909,-1.360432,48,14,1834223848
panda_0767,6.286375,6.281201,6.286375,6.281201,0.005173,3.986352,1.564369,-0.509899,48,14,1895508856
panda_0768,14.279067,14.259961,14.279067,14.259961,0.019106,5.942226,1.179751,-1.376459,48,14,1236521142
panda_0769,5.813195,5.795061,5.813195,5.795061,0.018134,3.318021,0.811683,-0.210311,48,14,923135698
panda_0770,6.159926,6.156176,6.159926,6.156176,0.003750,3.144144,1.075616,-0.119869,48,14,1580482524
panda_0771,6.204899,6.198640,6.204899,6.198640,0.006259,3.549712,1.160472,-0.028344,48,14,1679241631
panda_0772,11.655096,11.638417,11.655096,11.638417,0.016679,5.586481,1.022720,-0.783617,48,14,1027982834
panda_0773,6.098794,6.098874,6.098794,6.098874,-0.000080,3.061340,0.904190,-0.273400,48,14,1018010084
panda_0774,12.828559,12.806083,12.828559,12.806083,0.022476,5.659372,1.538916,-0.237528,48,14,1139969970
panda_0775,6.756911,6.751904,6.756911,6.751904,0.005007,4.209044,1.137882,-0.775733,48,14,1721461119
panda_0776,6.001074,6.002554,6.001074,6.002554,-0.001480,3.403938,0.850978,-0.397967,48,14,1112784422
panda_0777,5.435018,5.433739,5.435018,5.433739,0.001278,2.809028,0.708727,-0.033535,48,14,1003532913
panda_0778,14.356636,14.333046,14.356636,14.333046,0.023590,6.004564,1.240350,-0.357346,48,14,1646901722
panda_0779,9.696258,9.694128,9.696258,9.694128,0.002130,4.554498,1.139591,-0.693691,48,14,1543198440
panda_0780,7.167900,7.157093,7.167900,7.157093,0.010807,3.914331,1.137247,0.212969,48,14,1497428091
panda_0781,4.979702,4.971487,4.979702,4.971487,0.008215,2.637725,0.772355,-0.232045,48,14,144476749
panda_0782,10.838393,10.828293,10.838393,10.828293,0.010100,5.098600,1.537988,-1.072088,48,14,683748770
panda_0783,7.327954,7.321324,7.327954,7.321324,0.006630,3.691317,1.385616,-0.323865,48,14,157979023
panda_0784,7.176564,7.167604,7.176564,7.167604,0.008960,3.660081,1.151507,-0.668833,48,14,1014363594
panda_0785,15.042547,15.015591,15.042547,15.015591,0.026957,5.804788,1.659590,-0.891221,48,14,462255592
panda_0786,8.714993,8.716144,8.714993,8.716144,-0.001150,3.907823,1.519732,-0.433060,48,14,477257433
panda_0787,13.221760,13.208750,13.221760,13.208750,0.013010,5.762865,1.272645,-1.022738,48,14,1552151569
panda_0788,12.444207,12.424395,12.444207,12.424395,0.019813,5.633558,1.047160,-1.323355,48,14,792044617
panda_0789,6.870879,6.858953,6.870879,6.858953,0.011926,3.787812,0.876421,-0.426700,48,14,1867419527
panda_0790,6.492283,6.492925,6.492283,6.492925,-0.000642,3.402404,0.786013,-0.730788,48,14,259213383
panda_0791,5.671112,5.672743,5.671112,5.672743,-0.001632,2.922751,0.918017,0.071668,48,14,1057740792
panda_0792,6.119208,6.119884,6.119208,6.119884,-0.000677,2.995483,0.991829,0.551298,48,14,1253003074
panda_0793,4.986687,4.975897,4.986687,4.975897,0.010790,2.638789,0.774974,0.073678,48,14,1126291414
panda_0794,18.594461,18.564756,18.594461,18.564756,0.029705,7.049860,1.319542,-1.283491,48,14,1695562818
panda_0795,6.319973,6.325094,6.319973,6.325094,-0.005121,3.059747,0.883484,0.326733,48,14,1401757844
panda_0796,8.798857,8.797626,8.798857,8.797626,0.001231,3.924849,1.689551,-0.047310,48,14,1937397500
panda_0797,11.568760,11.569712,11.568760,11.569712,-0.000952,5.142594,0.948717,-0.578511,48,14,296882662
panda_0798,8.410427,8.396929,8.410427,8.396929,0.013498,4.518047,1.115194,-0.840101,48,14,482380596
panda_0799,5.637350,5.638524,5.637350,5.638524,-0.001173,2.731628,0.711652,0.451397,48,14,572767745
panda_0800,15.204941,15.186446,15.204941,15.186446,0.018495,6.342570,1.473295,-1.127638,48,14,1900821312
panda_0801,18.955309,18.936216,18.955309,18.936216,0.019093,7.158998,1.290382,-1.315684,48,14,621708813
panda_0802,6.229524,6.234851,6.229524,6.234851,-0.005327,3.207695,0.791833,-0.056325,48,14,1540692260
panda_0803,18.228580,18.191984,18.228580,18.191984,0.036596,6.921846,1.519645,-1.254557,48,14,228047407
panda_0804,13.702570,13.683800,13.702570,13.683800,0.018770,5.614459,2.084242,-0.834395,48,14,219978956
panda_0805,6.140334,6.136079,6.140334,6.136079,0.004254,3.028495,1.268543,0.205607,48,14,1283841256
panda_0806,4.760749,4.757952,4.760749,4.757952,0.002798,2.833700,0.760534,-0.103790,48,14,1940408718
panda_0807,9.207833,9.195571,9.207833,9.195571,0.012262,4.765303,0.996308,-0.635254,48,14,1884293356
panda_0808,5.526127,5.521999,5.526127,5.521999,0.004128,3.100463,0.697009,-0.392133,48,14,98040633
panda_0809,5.726200,5.716059,5.726200,5.716059,0.010140,3.066527,1.021742,-0.335669,48,14,1649529825
panda_0810,12.009280,11.979510,12.009280,11.979510,0.029770,5.403286,0.920904,-0.747954,48,14,1388762050
panda_0811,9.603173,9.594046,9.603173,9.594046,0.009128,4.899291,1.538090,-1.034204,48,14,1490707789
panda_0812,5.819574,5.818359,5.819574,5.818359,0.001215,2.815633,0.730394,0.140270,48,14,1607220997
panda_0813,6.480453,6.481039,6.480453,6.481039,-0.000586,3.184218,1.011749,-0.136214,48,14,1702492780
panda_0814,17.062508,17.037643,17.062508,17.037643,0.024864,6.720148,1.279815,-1.271424,48,14,1837908999
panda_0815,8.795254,8.784195,8.795254,8.784195,0.011059,3.903022,1.670834,-0.167570,48,14,1682250156
panda_0816,5.852294,5.845477,5.852294,5.845477,0.006817,2.937018,1.275343,0.215870,48,14,1389936645
panda_0817,14.582145,14.561387,14.582145,14.561387,0.020758,6.056319,1.085350,-1.407602,48,14,962967351
panda_0818,6.147720,6.143723,6.147720,6.143723,0.003998,3.205552,0.939394,-0.089732,48,14,1341262917
panda_0819,6.472166,6.470828,6.472166,6.470828,0.001338,3.155565,1.007077,0.294780,48,14,122752766
panda_0820,8.495498,8.493871,8.495498,8.493871,0.001627,4.336888,1.256294,-0.052510,48,14,2146434445
panda_0821,5.378942,5.376601,5.378942,5.376601,0.002341,2.926111,0.727527,-0.306488,48,14,1743915110
panda_0822,9.946803,9.930170,9.946803,9.930170,0.016633,4.805100,1.199595,-0.383024,48,14,587028245
panda_0823,7.657377,7.646645,7.657377,7.646645,0.010732,4.546664,1.320585,-0.783938,48,14,959064452
panda_0824,6.396268,6.386311,6.396268,6.386311,0.009957,3.192983,1.065064,0.123492,48,14,1623755397
panda_0825,7.292713,7.280245,7.292713,7.280245,0.012468,3.685919,1.244578,-0.107193,48,14,925389801
panda_0826,6.513485,6.512754,6.513485,6.512754,0.000731,3.467594,0.920655,-0.460671,48,14,528270019
panda_0827,14.111856,14.098771,14.111856,14.098771,0.013084,5.879142,1.169682,-1.365805,48,14,1074925659
panda_0828,8.781786,8.778384,8.781786,8.778384,0.003402,4.198933,1.414451,-0.820264,48,14,530855926
panda_0829,5.897348,5.902966,5.897348,5.902966,-0.005617,2.761382,0.696404,0.096144,48,14,359182237
panda_0830,10.729746,10.720202,10.729746,10.720202,0.009543,5.149333,1.341038,-0.384689,48,14,809346011
panda_0831,8.781504,8.767714,8.781504,8.767714,0.013790,4.577994,0.897176,-0.836182,48,14,944860756
panda_0832,4.921242,4.909967,4.921242,4.909967,0.011275,2.684029,0.856230,0.052015,48,14,2085513979
panda_0833,10.328689,10.311990,10.328689,10.311990,0.016699,4.760713,1.866996,-0.565209,48,14,1426113000
panda_0834,13.934361,13.911193,13.934361,13.911193,0.023168,5.901845,1.305514,-0.529129,48,14,515283389
panda_0835,7.131875,7.116102,7.131875,7.116102,0.015773,4.595203,1.398006,-0.581092,48,14,1461621182
panda_0836,5.166180,5.159527,5.166180,5.159527,0.006653,2.597579,0.640747,-0.208762,48,14,2138723115
panda_0837,7.131835,7.140270,7.131835,7.140270,-0.008435,3.498160,1.012133,0.095716,48,14,905521747
panda_0838,11.790811,11.784719,11.790811,11.784719,0.006091,5.207910,1.460382,-1.148314,48,14,1253309069
panda_0839,7.700549,7.695597,7.700549,7.695597,0.004951,3.878133,1.595512,-0.386089,48,14,1814247665
panda_0840,7.261628,7.251689,7.261628,7.251689,0.009939,3.924592,0.823580,-0.502381,48,14,429844326
panda_0841,5.020483,5.017307,5.020483,5.017307,0.003176,2.640341,0.867818,-0.172669,48,14,210000371
panda_0842,9.669359,9.647285,9.669359,9.647285,0.022075,4.833779,1.071677,-0.411476,48,14,1544609605
panda_0843,19.127968,19.116537,19.127968,19.116537,0.011431,7.202873,1.273935,-1.325979,48,14,228286218
panda_0844,6.744452,6.730421,6.744452,6.730421,0.014032,4.257807,0.866326,-0.799400,48,14,1988976398
panda_0845,8.003161,7.997009,8.003161,7.997009,0.006152,4.746937,1.320479,-0.715974,48,14,727388554
panda_0846,7.493740,7.485069,7.493740,7.485069,0.008671,3.693119,1.285823,-0.198671,48,14,761272699
panda_0847,12.065670,12.049189,12.065670,12.049189,0.016481,5.162394,1.523825,-0.962317,48,14,1632542181
panda_0848,5.397115,5.395964,5.397115,5.395964,0.001151,2.636050,0.817147,0.393895,48,14,1643327552
panda_0849,10.159952,10.135947,10.159952,10.135947,0.024005,4.722745,0.937871,-0.522941,48,14,1181271960
panda_0850,5.107795,5.101569,5.107795,5.101569,0.006227,2.649393,0.898714,0.176599,48,14,1385846682
panda_0851,9.073915,9.055424,9.073915,9.055424,0.018491,4.915074,1.126941,-0.854608,48,14,1761125747
panda_0852,12.832142,12.818888,12.832142,12.818888,0.013254,5.389997,2.032300,-0.728706,48,14,509116850
panda_0853,8.657509,8.640991,8.657509,8.640991,0.016518,4.365706,1.081817,-0.026489,48,14,333245456
panda_0854,6.294477,6.294085,6.294477,6.294085,0.000393,3.207378,0.920253,0.111777,48,14,1280035677
panda_0855,5.934672,5.929151,5.934672,5.929151,0.005521,3.185005,0.941320,-0.046869,48,14,1957919522
panda_0856,11.858910,11.851673,11.858910,11.851673,0.007236,5.164364,1.258435,-0.904467,48,14,133230357
panda_0857,6.164252,6.162146,6.164252,6.162146,0.002106,3.117284,0.953832,-0.214208,48,14,1575530109
panda_0858,5.368153,5.359277,5.368153,5.359277,0.008876,2.747679,0.800442,0.156321,48,14,1831355553
panda_0859,8.652411,8.650929,8.652411,8.650929,0.001482,4.367203,0.821099,-1.151804,48,14,1010600280
panda_0860,7.080458,7.082754,7.080458,7.082754,-0.002296,3.630774,1.225793,-0.423741,48,14,1484972702
panda_0861,7.369956,7.353745,7.369956,7.353745,0.016212,4.093809,1.152271,-0.521904,48,14,1467552166
panda_0862,8.226801,8.221306,8.226801,8.221306,0.005495,4.098608,0.841696,-0.295014,48,14,405437294
panda_0863,9.413089,9.407226,9.413089,9.407226,0.005863,4.461080,1.189690,-0.517320,48,14,1343946793
panda_0864,5.937229,5.934570,5.937229,5.934570,0.002658,3.033674,0.849972,0.210050,48,14,1821998498
panda_0865,6.467940,6.467543,6.467940,6.467543,0.000398,3.412557,1.266431,-0.327952,48,14,327301110
panda_0866,7.137182,7.125996,7.137182,7.125996,0.011186,4.058964,1.173119,-0.744829,48,14,1415663706
panda_0867,5.826546,5.826147,5.826546,5.826147,0.000399,3.208845,0.779515,-0.289945,48,14,315250451
panda_0868,7.481050,7.483397,7.481050,7.483397,-0.002347,3.956263,0.975062,-0.763961,48,14,1976385967
panda_0869,5.991150,5.988001,5.991150,5.988001,0.003150,3.351735,0.982478,-0.183830,48,14,1825845668
panda_0870,7.742120,7.729830,7.742120,7.729830,0.012290,4.242011,1.150490,-0.294043,48,14,1481608089
panda_0871,8.353479,8.349972,8.353479,8.349972,0.003508,4.469666,1.256150,-0.080326,48,14,649146449
panda_0872,16.265911,16.249411,16.265911,16.249411,0.016500,6.190613,1.463259,-1.209719,48,14,1334966877
panda_0873,8.932196,8.930120,8.932196,8.930120,0.002076,4.180974,1.109834,-1.101978,48,14,1807414500
panda_0874,5.988979,5.990539,5.988979,5.990539,-0.001560,3.095908,0.778805,-0.315272,48,14,1068255697
panda_0875,4.697690,4.686539,4.697690,4.686539,0.011151,2.355730,0.479415,0.320445,48,14,1798391722
panda_0876,8.029415,8.024727,8.029415,8.024727,0.004688,3.877761,1.021363,-0.576209,48,14,1511514578
panda_0877,6.203303,6.182408,6.203303,6.182408,0.020895,3.747519,0.823222,-0.120753,48,14,1178391333
panda_0878,11.150802,11.130219,11.150802,11.130219,0.020583,5.065692,1.032947,-1.010645,48,14,555024809
panda_0879,8.240326,8.238468,8.240326,8.238468,0.001858,3.733256,1.424889,-0.196223,48,14,925818629
panda_0880,7.017246,7.007672,7.017246,7.007672,0.009573,3.915966,1.037174,-1.012702,48,14,1227984377
panda_0881,8.529187,8.526999,8.529187,8.526999,0.002189,4.060346,1.418574,-0.408831,48,14,172428648
panda_0882,8.887227,8.881226,8.887227,8.881226,0.006001,3.967577,1.905218,-0.453468,48,14,648481287
panda_0883,7.712694,7.712500,7.712694,7.712500,0.000194,3.792667,1.250431,-0.404747,48,14,730554718
panda_0884,7.034871,7.028840,7.034871,7.028840,0.006031,3.430654,1.300637,0.295951,48,14,1096290054
panda_0885,5.134171,5.132596,5.134171,5.132596,0.001576,3.300648,0.835536,-0.545711,48,14,1597185176
panda_0886,7.113340,7.113132,7.113340,7.113132,0.000207,3.501666,0.688152,-0.097025,48,14,343339130
panda_0887,11.232450,11.208859,11.232450,11.208859,0.023590,5.217528,0.857312,-0.796490,48,14,1973369365
panda_0888,9.876173,9.863421,9.876173,9.863421,0.012752,4.981521,1.112266,-1.209182,48,14,880997334
panda_0889,5.997433,6.004724,5.997433,6.004724,-0.007291,2.863530,0.940159,0.008879,48,14,2022208325
panda_0890,5.965986,5.968723,5.965986,5.968723,-0.002738,3.061461,0.876266,-0.243813,48,14,1571767130
panda_0891,11.006825,10.997406,11.006825,10.997406,0.009419,5.045826,0.901651,-1.104988,48,14,200609052
panda_0892,5.289293,5.282771,5.289293,5.282771,0.006522,3.093866,0.803054,-0.280014,48,14,234522507
panda_0893,6.938291,6.944511,6.938291,6.944511,-0.006220,3.565919,1.124291,0.471677,48,14,1655204048
panda_0894,7.839396,7.830545,7.839396,7.830545,0.008851,4.097289,1.519650,0.332523,48,14,1891915740
panda_0895,11.363888,11.349483,11.363888,11.349483,0.014404,5.192205,1.607788,-0.824068,48,14,1580608131
panda_0896,11.409038,11.393270,11.409038,11.393270,0.015768,5.196722,1.460781,-1.141536,48,14,1875816604
panda_0897,18.724829,18.688490,18.724829,18.688490,0.036339,7.084164,1.311346,-1.292377,48,14,930874777
panda_0898,8.552995,8.551350,8.552995,8.551350,0.001645,4.210464,1.101066,-0.977133,48,14,493734210
panda_0899,9.973524,9.959577,9.973524,9.959577,0.013947,4.556163,1.662588,-0.809625,48,14,1794813863
panda_0900,7.001456,6.998921,7.001456,6.998921,0.002535,3.554433,1.052495,0.359667,48,14,860857560
panda_0901,7.582345,7.588344,7.582345,7.588344,-0.006000,3.860011,1.114918,0.392018,48,14,1226214942
panda_0902,6.420052,6.420845,6.420052,6.420845,-0.000793,3.319809,1.005473,-0.031805,48,14,1506477842
panda_0903,6.683062,6.689414,6.683062,6.689414,-0.006352,3.202933,1.078068,-0.308393,48,14,2016093772
panda_0904,6.558550,6.546295,6.558550,6.546295,0.012256,3.689284,0.679720,-0.481245,48,14,1434906260
panda_0905,4.835367,4.827422,4.835367,4.827422,0.007946,2.620222,0.790546,0.035977,48,14,1513886958
panda_0906,5.376642,5.366287,5.376642,5.366287,0.010355,3.220054,0.878779,-0.366524,48,14,295469006
panda_0907,12.643590,12.627579,12.643590,12.627579,0.016011,5.478429,1.294836,-1.233450,48,14,539739525
panda_0908,5.004738,5.001015,5.004738,5.001015,0.003724,2.765513,0.766589,-0.158932,48,14,1679421982
panda_0909,6.995489,6.987622,6.995489,6.987622,0.007867,3.658040,1.045560,-0.407689,48,14,1134783949
panda_0910,6.256405,6.255630,6.256405,6.255630,0.000775,3.231948,1.107957,0.162427,48,14,1382724390
panda_0911,7.261937,7.251557,7.261937,7.251557,0.010380,4.133802,1.132627,-0.065839,48,14,2138582486
panda_0912,4.686354,4.681292,4.686354,4.681292,0.005062,2.509554,0.710445,-0.132035,48,14,2078606467
panda_0913,8.356068,8.350028,8.356068,8.350028,0.006040,3.950262,1.053980,-0.867243,48,14,1856643894
panda_0914,5.963503,5.963656,5.963503,5.963656,-0.000153,3.068341,0.912000,0.145219,48,14,499570118
panda_0915,5.180734,5.174210,5.180734,5.174210,0.006525,2.944191,0.703236,0.126664,48,14,567647123
panda_0916,14.012335,13.998823,14.012335,13.998823,0.013512,5.849517,1.142078,-1.356249,48,14,1083941411
panda_0917,10.350564,10.333202,10.350564,10.333202,0.017362,4.745226,0.961249,-0.684856,48,14,143361276
panda_0918,8.855886,8.849537,8.855886,8.849537,0.006349,4.115330,1.166619,-0.854548,48,14,2071516765
panda_0919,6.201623,6.194663,6.201623,6.194663,0.006960,3.186867,0.645408,0.035416,48,14,1718672985
panda_0920,6.945222,6.944913,6.945222,6.944913,0.000309,3.708357,0.920403,-0.730861,48,14,1393333941
panda_0921,7.893780,7.886307,7.893780,7.886307,0.007473,4.191131,1.006184,-0.544882,48,14,1636768850
panda_0922,17.154673,17.134586,17.154673,17.134586,0.020086,6.812981,1.463017,-1.253351,48,14,309809867
panda_0923,6.725283,6.719380,6.725283,6.719380,0.005903,4.227132,1.523646,-0.632395,48,14,801853235
panda_0924,10.490741,10.480304,10.490741,10.480304,0.010437,4.553876,1.827300,-0.296167,48,14,1828420557
panda_0925,5.679249,5.674084,5.679249,5.674084,0.005166,3.240448,0.853711,-0.347046,48,14,373965551
panda_0926,14.461936,14.448938,14.461936,14.448938,0.012998,6.011323,1.065744,-1.355279,48,14,220165056
panda_0927,14.042824,14.023020,14.042824,14.023020,0.019804,5.873655,1.227224,-1.353520,48,14,1777226903
panda_0928,14.628049,14.607056,14.628049,14.607056,0.020993,6.070339,1.067783,-1.407712,48,14,1235812058
panda_0929,6.448240,6.439691,6.448240,6.439691,0.008550,3.783724,1.369657,0.395775,48,14,228863554
panda_0930,10.716299,10.714458,10.716299,10.714458,0.001842,5.100452,1.322196,-0.648649,48,14,1595847761
panda_0931,8.571628,8.564397,8.571628,8.564397,0.007231,4.628815,1.578444,-0.843750,48,14,2091464484
panda_0932,6.855736,6.852710,6.855736,6.852710,0.003026,4.301206,1.245099,-0.760521,48,14,1346980434
panda_0933,13.915663,13.899340,13.915663,13.899340,0.016323,5.848011,1.137567,-1.332451,48,14,651064004
panda_0934,6.776625,6.779924,6.776625,6.779924,-0.003299,3.597128,1.169569,-0.436249,48,14,1370319567
panda_0935,5.768274,5.760975,5.768274,5.760975,0.007299,3.245169,0.862949,-0.180535,48,14,1297159302
panda_0936,7.112521,7.105453,7.112521,7.105453,0.007068,3.534930,1.339962,-0.227856,48,14,306508869
panda_0937,6.045562,6.048642,6.045562,6.048642,-0.003079,3.210074,0.882244,0.118985,48,14,1976266449
panda_0938,6.621338,6.614854,6.621338,6.614854,0.006484,3.050491,1.624790,0.072754,48,14,411982303
panda_0939,7.969285,7.958301,7.969285,7.958301,0.010984,4.104638,1.391807,-0.364438,48,14,1474887239
panda_0940,8.591101,8.598312,8.591101,8.598312,-0.007212,4.105976,1.575399,0.853299,48,14,1082161895
panda_0941,5.525018,5.518640,5.525018,5.518640,0.006378,2.727289,0.979211,0.010470,48,14,268730836
panda_0942,13.110620,13.089203,13.110620,13.089203,0.021417,5.952318,1.020528,-1.394344,48,14,1729655743
panda_0943,7.927419,7.926051,7.927419,7.926051,0.001368,3.674533,0.938652,-0.602931,48,14,1666251794
panda_0944,8.502811,8.507739,8.502811,8.507739,-0.004928,3.943507,1.205518,-0.278954,48,14,14029595
panda_0945,11.125098,11.115166,11.125098,11.115166,0.009933,4.954725,1.655241,-1.051799,48,14,1511167928
panda_0946,6.223508,6.217299,6.223508,6.217299,0.006209,3.210412,1.035193,0.020664,48,14,621684274
panda_0947,6.529043,6.529518,6.529043,6.529518,-0.000475,3.437762,1.000885,-0.199873,48,14,1805204487
panda_0948,12.344662,12.334335,12.344662,12.334335,0.010326,5.589598,1.174548,-0.953805,48,14,614279050
panda_0949,6.214368,6.204907,6.214368,6.204907,0.009461,3.575997,1.327113,0.565930,48,14,2125295503
panda_0950,13.985820,13.967603,13.985820,13.967603,0.018217,5.849113,1.146138,-1.353795,48,14,610656063
panda_0951,4.372540,4.361192,4.372540,4.361192,0.011348,2.197427,0.511043,-0.039644,48,14,1703367571
panda_0952,8.614784,8.604235,8.614784,8.604235,0.010550,4.638241,1.337835,-0.985739,48,14,416282075
panda_0953,4.915963,4.910728,4.915963,4.910728,0.005236,2.794810,0.804880,0.184381,48,14,67361703
panda_0954,6.980083,6.983190,6.980083,6.983190,-0.003106,3.534032,1.178201,-0.286248,48,14,1027538159
panda_0955,5.548496,5.536236,5.548496,5.536236,0.012260,2.891793,0.874123,0.088424,48,14,2139972369
panda_0956,5.278402,5.277120,5.278402,5.277120,0.001283,2.839153,0.966529,1.016079,48,14,1758836165
panda_0957,7.744868,7.735800,7.744868,7.735800,0.009068,4.641328,1.295053,-0.985046,48,14,199638435
panda_0958,8.626549,8.609186,8.626549,8.609186,0.017363,4.504610,1.189660,-0.609133,48,14,15457498
panda_0959,8.243943,8.226765,8.243943,8.226765,0.017179,4.588861,1.011102,-0.605319,48,14,1141892736
panda_0960,5.780323,5.774126,5.780323,5.774126,0.006197,3.117626,0.907684,0.004226,48,14,1805725526
panda_0961,6.440055,6.442165,6.440055,6.442165,-0.002110,3.227436,0.916473,-0.260434,48,14,917113360
panda_0962,9.802405,9.783698,9.802405,9.783698,0.018707,4.740670,1.482646,-0.545952,48,14,266478883
panda_0963,9.031062,9.030644,9.031062,9.030644,0.000418,4.394767,0.912507,-0.213996,48,14,1260139522
panda_0964,6.948276,6.940899,6.948276,6.940899,0.007377,3.560925,1.322506,-0.274999,48,14,1833506364
panda_0965,8.691596,8.684450,8.691596,8.684450,0.007146,4.209560,0.873241,-0.590676,48,14,1016421385
panda_0966,5.968810,5.959592,5.968810,5.959592,0.009218,3.270810,0.763260,-0.216449,48,14,2115732495
panda_0967,6.454145,6.452107,6.454145,6.452107,0.002038,3.291861,1.010767,-0.330768,48,14,1750660267
panda_0968,6.844243,6.839789,6.844243,6.839789,0.004454,3.508253,0.838637,-0.369511,48,14,498117067
panda_0969,6.694317,6.690295,6.694317,6.690295,0.004022,3.681095,0.772561,-0.244451,48,14,606721570
panda_0970,4.716456,4.720011,4.716456,4.720011,-0.003555,2.244403,0.628360,0.828505,48,14,562972133
panda_0971,7.055527,7.053175,7.055527,7.053175,0.002351,3.690148,1.143663,-0.051600,48,14,1103504924
panda_0972,10.832535,10.819368,10.832535,10.819368,0.013166,5.087420,1.296369,-0.049027,48,14,288051734
panda_0973,6.520545,6.512413,6.520545,6.512413,0.008133,4.030957,1.642806,-0.523768,48,14,1589689729
panda_0974,17.055574,17.027700,17.055574,17.027700,0.027874,6.641442,1.489568,-1.153174,48,14,546281505
panda_0975,8.302526,8.287102,8.302526,8.287102,0.015425,4.693555,1.142255,-0.931759,48,14,804899265
panda_0976,6.884929,6.890354,6.884929,6.890354,-0.005424,3.401229,1.040285,0.526867,48,14,1652350813
panda_0977,6.185374,6.188432,6.185374,6.188432,-0.003058,3.007890,1.138466,-0.039314,48,14,599882086
panda_0978,9.801567,9.788781,9.801567,9.788781,0.012786,4.781489,0.485094,0.280742,48,14,913869937
panda_0979,9.952540,9.954984,9.952540,9.954984,-0.002443,4.518868,1.267723,-0.645451,48,14,1175076979
panda_0980,7.304741,7.308021,7.304741,7.308021,-0.003279,3.651078,0.949610,-0.398759,48,14,318834299
panda_0981,7.832150,7.831450,7.832150,7.831450,0.000700,3.841980,1.057378,-0.088691,48,14,608961092
panda_0982,10.086940,10.091533,10.086940,10.091533,-0.004593,4.559818,1.259842,-0.501882,48,14,2044147112
panda_0983,6.286487,6.282049,6.286487,6.282049,0.004437,3.131758,1.351051,0.277361,48,14,462212762
panda_0984,6.877989,6.864205,6.877989,6.864205,0.013784,4.185419,1.378525,-0.474909,48,14,1973608400
panda_0985,9.690162,9.679334,9.690162,9.679334,0.010828,4.993277,1.318875,-0.921048,48,14,456622359
panda_0986,9.835633,9.822406,9.835633,9.822406,0.013227,4.628414,0.882428,-0.991246,48,14,742321648
panda_0987,11.577540,11.563924,11.577540,11.563924,0.013617,5.175846,1.437708,-1.131376,48,14,475686086
panda_0988,6.021631,6.019256,6.021631,6.019256,0.002375,2.992233,0.951433,-0.110366,48,14,1866645488
panda_0989,5.505279,5.509068,5.505279,5.509068,-0.003789,2.642716,0.998252,0.374403,48,14,267080309
panda_0990,5.862927,5.860641,5.862927,5.860641,0.002285,3.120089,0.829517,0.059836,48,14,590026051
panda_0991,5.749804,5.738691,5.749804,5.738691,0.011113,3.262994,0.854326,0.016940,48,14,2052111715
panda_0992,5.824382,5.817020,5.824382,5.817020,0.007362,3.278299,0.867584,0.237674,48,14,1032146691
panda_0993,11.427546,11.408842,11.427546,11.408842,0.018703,5.492173,1.068939,-1.271418,48,14,232443197
panda_0994,4.971362,4.961401,4.971362,4.961401,0.009961,2.475993,0.464598,-0.221892,48,14,1331467465
panda_0995,18.829941,18.815580,18.829941,18.815580,0.014360,7.157304,1.271283,-1.316053,48,14,1843344254
panda_0996,5.207331,5.204865,5.207331,5.204865,0.002465,2.826997,0.845427,-0.033839,48,14,1678031367
panda_0997,7.810965,7.794370,7.810965,7.794370,0.016595,4.286341,0.811747,-0.583617,48,14,67842112
panda_0998,12.293925,12.272567,12.293925,12.272567,0.021358,5.614845,0.971593,-0.592897,48,14,336816921
panda_0999,6.799692,6.791814,6.799692,6.791814,0.007878,3.534256,0.843146,-0.315043,48,14,898394884
