video_id,n_visible_frames,tta_visible_range,n_latent_frames,n_context_latents,tta_context_frames,vae_full_ch0_mean,vae_full_ch0_std,vae_full_ch1_mean,vae_full_ch1_std,vae_full_ch2_mean,vae_full_ch2_std,vae_full_ch3_mean,vae_full_ch3_std,vae_full_ch4_mean,vae_full_ch4_std,vae_full_ch5_mean,vae_full_ch5_std,vae_full_ch6_mean,vae_full_ch6_std,vae_full_ch7_mean,vae_full_ch7_std,vae_full_ch8_mean,vae_full_ch8_std,vae_full_ch9_mean,vae_full_ch9_std,vae_full_ch10_mean,vae_full_ch10_std,vae_full_ch11_mean,vae_full_ch11_std,vae_full_ch12_mean,vae_full_ch12_std,vae_full_ch13_mean,vae_full_ch13_std,vae_full_ch14_mean,vae_full_ch14_std,vae_full_ch15_mean,vae_full_ch15_std,vae_full_toknorm_mean,vae_full_toknorm_std,vae_full_toknorm_p90,vae_full_dt_mean,vae_full_dt_std,vae_full_dt_p90,vae_ctx_ch0_mean,vae_ctx_ch0_std,vae_ctx_ch1_mean,vae_ctx_ch1_std,vae_ctx_ch2_mean,vae_ctx_ch2_std,vae_ctx_ch3_mean,vae_ctx_ch3_std,vae_ctx_ch4_mean,vae_ctx_ch4_std,vae_ctx_ch5_mean,vae_ctx_ch5_std,vae_ctx_ch6_mean,vae_ctx_ch6_std,vae_ctx_ch7_mean,vae_ctx_ch7_std,vae_ctx_ch8_mean,vae_ctx_ch8_std,vae_ctx_ch9_mean,vae_ctx_ch9_std,vae_ctx_ch10_mean,vae_ctx_ch10_std,vae_ctx_ch11_mean,vae_ctx_ch11_std,vae_ctx_ch12_mean,vae_ctx_ch12_std,vae_ctx_ch13_mean,vae_ctx_ch13_std,vae_ctx_ch14_mean,vae_ctx_ch14_std,vae_ctx_ch15_mean,vae_ctx_ch15_std,vae_ctx_toknorm_mean,vae_ctx_toknorm_std,vae_ctx_toknorm_p90,vae_ctx_dt_mean,vae_ctx_dt_std,vae_ctx_dt_p90,vae_tgt_ch0_mean,vae_tgt_ch0_std,vae_tgt_ch1_mean,vae_tgt_ch1_std,vae_tgt_ch2_mean,vae_tgt_ch2_std,vae_tgt_ch3_mean,vae_tgt_ch3_std,vae_tgt_ch4_mean,vae_tgt_ch4_std,vae_tgt_ch5_mean,vae_tgt_ch5_std,vae_tgt_ch6_mean,vae_tgt_ch6_std,vae_tgt_ch7_mean,vae_tgt_ch7_std,vae_tgt_ch8_mean,vae_tgt_ch8_std,vae_tgt_ch9_mean,vae_tgt_ch9_std,vae_tgt_ch10_mean,vae_tgt_ch10_std,vae_tgt_ch11_mean,vae_tgt_ch11_std,vae_tgt_ch12_mean,vae_tgt_ch12_std,vae_tgt_ch13_mean,vae_tgt_ch13_std,vae_tgt_ch14_mean,vae_tgt_ch14_std,vae_tgt_ch15_mean,vae_tgt_ch15_std,vae_tgt_toknorm_mean,vae_tgt_toknorm_std,vae_tgt_toknorm_p90,vae_tgt_dt_mean,vae_tgt_dt_std,vae_tgt_dt_p90,vae_ctx_tgt_ch0_ratio,vae_ctx_tgt_ch1_ratio,vae_ctx_tgt_ch2_ratio,vae_ctx_tgt_ch3_ratio,vae_ctx_tgt_ch4_ratio,vae_ctx_tgt_ch5_ratio,vae_ctx_tgt_ch6_ratio,vae_ctx_tgt_ch7_ratio,vae_ctx_tgt_ch8_ratio,vae_ctx_tgt_ch9_ratio,vae_ctx_tgt_ch10_ratio,vae_ctx_tgt_ch11_ratio,vae_ctx_tgt_ch12_ratio,vae_ctx_tgt_ch13_ratio,vae_ctx_tgt_ch14_ratio,vae_ctx_tgt_ch15_ratio
panda_0002,48,0:48,12,4,14,-1.006204,0.377218,-0.156296,0.294682,-1.700215,0.281540,-2.015674,0.315073,1.242261,0.203953,-0.393430,0.242105,1.186097,0.247826,0.108938,0.243035,2.042119,0.445805,1.444944,0.502149,-1.674134,0.304629,-1.618592,0.560821,0.934344,0.396909,1.805506,0.362774,-2.118329,0.489942,-1.965817,0.459180,6.030499,1.064055,6.678691,76.291702,27.422943,120.655418,-0.623317,0.427574,0.041403,0.313070,-1.491373,0.311485,-1.900678,0.279985,1.198389,0.270940,-0.380878,0.105755,0.951416,0.274367,0.052877,0.236560,1.653307,0.556841,0.967564,0.574640,-1.387861,0.370336,-1.325808,0.625517,0.567012,0.347118,1.702156,0.429648,-1.800832,0.571868,-1.796193,0.437817,5.160291,1.339349,6.493585,54.209991,22.033335,83.511948,-1.197648,0.109902,-0.255146,0.227895,-1.804636,0.194098,-2.073172,0.315900,1.264197,0.155716,-0.399707,0.286726,1.303438,0.114811,0.136968,0.241374,2.236525,0.172325,1.683635,0.205440,-1.817270,0.095706,-1.764984,0.460274,1.118010,0.273606,1.857181,0.311606,-2.277077,0.347772,-2.050629,0.445924,6.465603,0.483163,6.684021,48.059292,28.694668,84.453186,0.521220,0.839425,0.826412,0.916772,0.947860,0.952892,0.729928,0.907480,0.739230,0.576128,0.763707,0.748658,0.509042,0.916519,0.790853,0.873911
panda_0011,48,0:48,12,4,14,-0.016312,0.511139,-0.267467,0.558358,-0.522940,0.628245,-0.590560,0.730552,0.213747,0.560633,0.473515,0.472073,-0.104592,0.405830,0.379532,0.497407,0.239164,0.701825,0.152699,0.547115,-0.232156,0.548587,-0.716926,0.839632,-0.162212,0.399839,0.367853,0.616710,-0.436499,0.843602,-0.776187,0.876491,2.607391,1.480568,5.462380,85.702087,16.761990,107.160049,0.058208,0.453649,-0.148094,0.500352,-0.518830,0.526894,-0.637109,0.659365,0.144696,0.539658,0.373282,0.439069,-0.159545,0.361989,0.283553,0.478555,0.042358,0.628137,0.026385,0.466737,-0.178079,0.472306,-0.586745,0.752480,-0.126536,0.336405,0.410168,0.591297,-0.320762,0.757446,-0.758161,0.791339,2.363217,1.303534,4.677760,43.888603,10.464316,57.101624,-0.053572,0.533695,-0.327153,0.576005,-0.524995,0.673213,-0.567286,0.762597,0.248273,0.567690,0.523632,0.479951,-0.077116,0.423396,0.427521,0.499704,0.337567,0.715899,0.215856,0.572812,-0.259195,0.581112,-0.782016,0.872725,-0.180049,0.426928,0.346695,0.627964,-0.494367,0.877831,-0.785200,0.915971,2.729477,1.547193,5.630046,69.350922,14.086664,90.324219,0.889342,0.771455,0.892041,1.000114,0.898609,0.771602,0.886591,0.813640,0.798387,0.783556,0.772603,0.786554,0.783043,0.991541,0.785201,0.934632
panda_0013,48,0:48,12,4,14,-0.452184,0.747757,-1.018515,0.683792,-0.125626,0.954329,-0.162709,1.122642,0.127273,0.894505,0.832776,0.896978,-0.381387,1.015860,0.272293,0.632138,0.077686,1.188055,-0.156523,0.945505,-0.018805,1.051434,-0.513543,0.758349,0.048324,0.865575,-0.354471,1.340190,-0.683124,0.965863,-0.717127,0.835881,3.980943,1.471759,6.641294,48.308640,14.266141,67.703239,-0.205779,0.654924,-0.775201,0.707790,-0.117421,0.828760,-0.265338,0.969811,0.025158,0.892604,0.716023,0.856123,-0.395568,0.890085,0.198772,0.608612,0.006558,1.013029,-0.194244,0.753412,0.017798,0.907000,-0.446589,0.638317,-0.119195,0.732552,-0.228409,1.187471,-0.607885,0.815346,-0.681712,0.730722,3.429555,1.425529,5.888513,43.357468,11.021642,57.977531,-0.575387,0.760731,-1.140171,0.637553,-0.129729,1.011258,-0.111395,1.188411,0.178331,0.891076,0.891152,0.911130,-0.374296,1.073164,0.309054,0.640421,0.113250,1.265031,-0.137663,1.027662,-0.037106,1.116218,-0.547020,0.809662,0.132084,0.913491,-0.417501,1.406130,-0.720744,1.030872,-0.734834,0.883249,4.256637,1.415988,6.672910,17.851974,11.017032,33.173107,0.676019,0.753789,0.792811,0.733818,0.964556,0.859479,0.854981,0.859237,0.803107,0.712364,0.808909,0.789431,0.773190,0.772055,0.798569,0.900348
panda_0020,48,0:48,12,4,14,1.387615,0.453462,-0.220131,0.426973,1.424343,0.367989,1.649071,0.510117,-0.987352,0.377878,0.989050,0.360604,-1.657316,0.510820,0.262328,0.315910,-2.095675,0.518950,-1.683252,0.555839,1.597236,0.589898,0.629561,0.367964,-1.179773,0.429799,-1.196462,0.437289,1.771014,0.433494,1.015302,0.376173,5.521663,1.161689,6.653287,56.573757,12.815802,68.874680,1.237783,0.452086,-0.177026,0.409712,1.218380,0.385698,1.287843,0.514193,-1.038754,0.397871,0.833889,0.428155,-1.457182,0.518932,0.176196,0.375829,-1.783232,0.553843,-1.197888,0.657272,1.323000,0.599086,0.394534,0.311695,-1.009022,0.488666,-0.977461,0.406190,1.435383,0.480155,0.797745,0.341868,4.640791,1.331536,6.252868,50.890244,12.756851,62.513489,1.462531,0.435217,-0.241684,0.433743,1.527324,0.311332,1.829685,0.400334,-0.961650,0.364768,1.066630,0.292127,-1.757383,0.476151,0.305393,0.271130,-2.251897,0.421161,-1.925934,0.265988,1.734353,0.534896,0.747075,0.336290,-1.265148,0.368548,-1.305962,0.410324,1.938830,0.286556,1.124080,0.343984,5.962099,0.745543,6.725605,20.251713,9.317683,35.033916,0.843945,0.865299,0.797721,0.704019,1.081662,0.783532,0.828934,1.001776,0.791880,0.622254,0.769382,0.553702,0.797428,0.753861,0.740335,0.710325
panda_0043,48,0:48,12,4,14,-0.470276,0.590978,-0.173369,0.686191,-0.435284,0.596500,-0.108332,0.604667,-0.158850,0.723786,-0.281942,0.691704,0.297446,0.501965,0.052982,0.628500,0.374430,0.444925,0.347291,0.597431,-0.267505,0.501740,0.346588,0.719242,0.458464,0.805375,-0.158894,0.782517,-0.225259,0.585077,0.047335,0.700729,2.676139,0.914713,3.792029,108.310074,28.129061,136.336914,-0.286199,0.495564,0.000681,0.638629,-0.382359,0.522087,-0.233222,0.558624,-0.072928,0.671457,-0.268957,0.662076,0.293256,0.418868,0.019937,0.558283,0.381499,0.364802,0.245206,0.502880,-0.231624,0.452599,0.309988,0.635138,0.091631,0.751969,0.003158,0.804429,-0.308470,0.535734,-0.056126,0.630062,2.388964,0.840647,3.376237,56.233986,23.418900,75.345505,-0.562315,0.612925,-0.260394,0.692563,-0.461747,0.628754,-0.045886,0.617013,-0.201811,0.744873,-0.288434,0.705963,0.299541,0.538717,0.069504,0.660197,0.370895,0.479958,0.398333,0.633344,-0.285445,0.523666,0.364889,0.757138,0.641880,0.767652,-0.239920,0.758452,-0.183653,0.603966,0.099065,0.728021,2.819727,0.916436,4.043545,89.863960,19.227520,116.323326,0.624122,0.857918,0.837280,0.992409,0.866130,0.953034,0.813902,0.895015,0.894054,0.742179,0.874002,0.794270,0.713102,0.993202,1.021301,0.841356
panda_0044,48,0:48,12,4,14,0.056268,0.619142,-0.216418,0.667488,-0.476693,0.813910,-0.239365,0.908805,0.015559,0.696776,-0.029894,0.554442,-0.023829,0.439910,0.271177,0.691882,0.414160,0.545784,0.581249,0.578486,-0.057939,0.440461,-0.124274,0.978140,0.056296,0.787453,-0.086207,0.942411,-0.505474,0.795880,-0.278512,1.012099,3.011794,0.970766,4.412444,73.583740,19.959579,100.078384,0.138360,0.548952,-0.154475,0.629499,-0.434425,0.726222,-0.289548,0.829528,-0.038212,0.674997,-0.086028,0.520975,-0.083299,0.388310,0.173217,0.621719,0.251744,0.478312,0.480928,0.503744,-0.029621,0.390785,-0.152303,0.819080,0.014824,0.681071,-0.052867,0.894360,-0.442478,0.709389,-0.301331,0.890335,2.669198,0.942548,4.030922,43.240612,12.084682,59.206635,0.015223,0.647516,-0.247389,0.683592,-0.497828,0.853602,-0.214274,0.944957,0.042445,0.705880,-0.001827,0.568365,0.005907,0.460692,0.320157,0.719436,0.495368,0.559147,0.631409,0.606252,-0.072098,0.462657,-0.110260,1.048380,0.077032,0.834808,-0.102877,0.965109,-0.536972,0.833993,-0.267102,1.067603,3.183093,0.938803,4.590054,56.158707,15.526063,76.833817,0.852478,0.853208,0.847258,0.879968,0.954509,0.935671,0.854417,0.796372,0.665196,0.771508,0.860725,0.726003,0.782422,0.913574,0.829371,0.816009
panda_0047,48,0:48,12,4,14,-0.576402,1.124049,-0.305530,0.878494,-0.753704,1.565326,-1.077560,1.572960,0.846161,0.856778,-0.020324,1.090705,0.423117,1.084831,-0.001772,0.922309,1.046796,1.468367,0.758943,1.552321,-0.857498,1.188590,-1.073109,1.083244,0.258402,1.013053,1.154053,1.549915,-1.270568,1.397325,-1.157640,1.317056,5.904012,1.132756,6.683456,193.252686,29.824232,237.692596,-0.625312,0.430777,0.042001,0.321979,-1.486786,0.325394,-1.897020,0.299767,1.189655,0.292346,-0.374185,0.095496,0.954130,0.274723,0.054537,0.235895,1.656290,0.560393,0.979103,0.572512,-1.385285,0.372611,-1.328844,0.626409,0.542390,0.332063,1.712976,0.437690,-1.797758,0.578062,-1.787599,0.472668,5.163167,1.340957,6.504087,56.028679,21.591072,85.004555,-0.551946,1.341883,-0.479296,1.007576,-0.387163,1.794260,-0.667830,1.778410,0.674414,0.984823,0.156607,1.298455,0.157610,1.231287,-0.029927,1.116145,0.742049,1.672879,0.648863,1.847786,-0.593605,1.356754,-0.945241,1.230805,0.116408,1.193229,0.874591,1.809219,-1.006972,1.597889,-0.842660,1.480746,6.274434,0.783570,6.917662,182.674454,27.689583,229.204697,0.483758,0.348053,0.870978,1.082991,1.114680,0.411971,0.809669,0.305012,0.973940,0.545038,1.057752,0.955208,0.503597,0.936304,1.069629,1.188035
panda_0048,48,0:48,12,4,14,0.666187,0.819525,0.457381,0.684561,0.576673,0.777745,0.638719,0.846529,-0.228637,0.695956,-0.042940,0.751846,-0.492279,0.906564,-0.155165,0.768228,-0.889839,0.883250,-0.431200,0.714253,0.593754,0.861024,0.392926,0.693052,-0.572143,0.965739,-0.100458,0.776732,0.963948,0.788405,0.624535,0.806326,3.656081,1.315888,5.700932,104.753540,20.158108,135.645645,0.543514,0.734750,0.306959,0.578754,0.353896,0.731354,0.440862,0.769718,-0.297595,0.687852,-0.128219,0.705169,-0.450229,0.803746,-0.186549,0.765944,-0.785186,0.789180,-0.403219,0.580024,0.435545,0.760265,0.392813,0.664608,-0.148850,0.815899,-0.132291,0.725530,0.796394,0.725252,0.437856,0.748585,3.154455,1.246000,5.206876,53.569595,8.772061,67.768982,0.727524,0.852183,0.532591,0.720061,0.688062,0.776317,0.737647,0.865635,-0.194158,0.697420,-0.000301,0.770599,-0.513304,0.953130,-0.139473,0.768887,-0.942166,0.922268,-0.445190,0.772292,0.672858,0.896811,0.392982,0.706844,-0.783789,0.965271,-0.084541,0.800632,1.047725,0.805185,0.717875,0.817872,3.906895,1.277639,5.781768,85.542168,17.602795,110.501923,0.809471,0.733773,0.739177,0.753792,0.990438,0.895310,0.805368,1.009560,0.833448,0.774243,0.735158,0.976228,0.599152,0.884989,0.784124,0.765087
panda_0049,48,0:48,12,4,14,0.228983,0.607917,0.289901,0.583707,-0.257448,0.812625,-0.203315,0.871014,0.190039,0.686807,-0.147677,0.706053,-0.011880,0.807335,0.035001,0.490293,-0.153225,0.964011,-0.071284,0.756427,-0.004454,0.834234,-0.051706,0.632685,0.108934,0.695066,0.384084,0.934702,0.264618,0.837995,-0.199935,0.724108,2.926088,1.102185,4.537178,103.430138,27.785160,131.122833,0.342850,0.537598,0.246930,0.530704,-0.253457,0.721826,-0.283410,0.775824,-0.037444,0.662184,-0.111897,0.656831,-0.067507,0.732251,0.007587,0.477624,-0.101623,0.838534,-0.151087,0.628131,-0.056048,0.740630,-0.004888,0.550545,0.080808,0.591186,0.221459,0.844068,0.157429,0.728072,-0.216544,0.659036,2.595817,1.034619,4.107985,50.153145,13.553481,60.911945,0.172050,0.632546,0.311386,0.607341,-0.259443,0.854407,-0.163267,0.912268,0.303781,0.670449,-0.165567,0.728761,0.015933,0.840993,0.048708,0.495938,-0.179026,1.020005,-0.031383,0.810075,0.021344,0.876161,-0.075115,0.668762,0.122997,0.741169,0.465396,0.966665,0.318213,0.883002,-0.191630,0.754405,3.091224,1.097811,4.705166,86.739716,24.869902,112.189857,0.956357,0.854202,0.846627,0.849694,0.931475,0.881594,0.871926,0.965737,0.790587,0.754598,0.825399,0.788178,0.767627,0.799480,0.759059,0.867985
panda_0060,48,0:48,12,4,14,-0.001972,0.746872,0.220194,0.785785,0.064816,0.968475,0.197892,0.856394,-0.019540,0.716385,-0.449827,0.705257,0.057807,0.506352,-0.329315,0.834346,-0.247481,0.603262,-0.260474,0.579838,0.035977,0.482526,0.642199,0.935051,0.482785,0.650940,-0.091603,0.810322,0.436072,0.764447,0.345687,0.884912,3.025522,1.188004,4.870845,74.145828,21.776384,103.564735,0.087129,0.672726,0.272246,0.719146,0.038208,0.877995,0.111338,0.779743,-0.067336,0.658343,-0.450215,0.659903,0.010691,0.462081,-0.382746,0.779617,-0.244760,0.520777,-0.243627,0.506740,-0.000450,0.433380,0.607719,0.823161,0.386577,0.567565,-0.081373,0.744853,0.363102,0.672776,0.310179,0.815665,2.739811,1.114735,4.381999,41.692184,12.990796,58.619514,-0.046522,0.777492,0.194167,0.815824,0.078120,1.010419,0.241168,0.889099,0.004358,0.742556,-0.449632,0.726874,0.081365,0.525513,-0.302599,0.859160,-0.248841,0.640530,-0.268898,0.612954,0.054190,0.504324,0.659439,0.985795,0.530888,0.683796,-0.096718,0.841102,0.472557,0.803903,0.363441,0.917062,3.168378,1.197701,5.128502,55.912926,15.464033,74.476501,0.880980,0.922285,0.841318,0.817765,0.890760,0.947799,0.843467,1.006147,0.821823,0.821413,0.837990,0.844915,0.772500,0.872281,0.785710,0.867840
panda_0067,48,0:48,12,4,14,0.901097,0.429289,-0.022425,0.704183,-0.758064,0.630992,-0.768431,0.576626,-0.271582,0.521664,0.670012,0.823090,-0.435185,0.500637,0.899017,0.815565,-0.320059,0.407304,-0.903091,0.543560,0.042159,0.360657,-0.674481,0.957600,-0.000437,0.707146,0.627688,0.508101,0.412044,0.604717,-0.988666,0.832482,3.479073,0.954712,4.762326,55.627853,19.618631,79.670425,0.931173,0.392769,0.160382,0.639284,-0.661848,0.579301,-0.789720,0.550272,-0.257158,0.496702,0.546079,0.767411,-0.401066,0.448249,0.666018,0.813041,-0.313611,0.341569,-0.824903,0.517460,-0.002416,0.322707,-0.537153,0.866406,-0.060166,0.643783,0.625172,0.466592,0.359019,0.531251,-0.917134,0.785884,3.166938,0.997895,4.477979,40.266808,17.358330,59.561043,0.886059,0.445669,-0.113828,0.717219,-0.806172,0.649991,-0.757787,0.589073,-0.278794,0.533561,0.731978,0.842755,-0.452245,0.524041,1.015517,0.791508,-0.323283,0.436439,-0.942185,0.552013,0.064447,0.376232,-0.743145,0.992987,0.029427,0.734969,0.628946,0.527628,0.438556,0.636633,-1.024432,0.852581,3.635140,0.892325,4.905334,34.885277,10.909087,49.269176,1.042352,0.892782,0.825464,1.011477,0.913555,0.800216,0.847756,0.763959,0.891822,0.866618,0.826524,0.778686,0.880117,0.972782,0.809400,0.882470
panda_0074,48,0:48,12,4,14,2.161747,1.493240,0.606091,0.963910,-2.257763,1.050888,-1.858302,0.812535,-0.879418,0.881352,0.164383,0.922331,-0.326228,0.659028,2.317367,1.385664,0.272426,0.532485,0.444401,0.433218,-0.006001,0.525546,-1.876983,1.276359,-0.588369,0.925148,1.795261,0.949412,0.196868,0.971475,-1.741505,0.932964,6.476068,1.793787,8.524115,152.166473,61.434978,229.247589,2.441031,1.210432,1.189126,0.434050,-2.461101,0.739636,-2.046844,0.666690,-0.736498,0.644576,-0.158120,0.570959,-0.136615,0.511459,2.180427,1.320228,0.104411,0.486723,0.415503,0.307793,-0.140412,0.469476,-1.365076,1.164117,-0.293676,0.702330,1.834343,0.696934,0.576024,0.665435,-1.719034,0.889395,6.167950,1.797717,8.398867,59.741699,33.659161,107.180283,2.022105,1.597991,0.314573,1.022025,-2.156095,1.162759,-1.764032,0.861057,-0.950878,0.970625,0.325634,1.017368,-0.421035,0.702649,2.385837,1.412278,0.356433,0.534499,0.458850,0.483241,0.061204,0.539022,-2.132936,1.252804,-0.735716,0.985942,1.775719,1.052649,0.007290,1.042317,-1.752741,0.953804,6.630127,1.771838,8.610621,137.692688,56.911701,204.415527,1.162623,1.238922,1.138585,1.152545,0.757864,0.555229,0.591513,0.910137,0.736900,0.821112,0.874427,0.665605,0.559622,1.019119,0.844122,0.969631
panda_0077,48,0:48,12,4,14,-0.575956,0.351548,0.691312,0.536362,-0.065342,0.745059,-1.010080,0.547090,1.173972,0.620652,0.323991,0.862795,0.686467,0.387962,-0.839302,0.553558,0.819879,0.561032,-0.483970,1.011144,-1.301036,0.443974,-0.756901,0.690478,-0.181646,0.782580,1.634084,0.811292,-0.522370,0.656479,-0.798351,0.656186,4.179017,0.899877,5.269438,180.116119,54.584778,245.736115,-0.386283,0.321037,0.455876,0.411466,-0.859340,0.431819,-1.408772,0.383465,1.310600,0.513981,-0.421992,0.535070,0.843855,0.301093,-0.372184,0.382292,1.360681,0.427471,0.564657,0.506430,-1.209353,0.417830,-0.987335,0.584092,0.146952,0.637461,1.743303,0.678380,-1.216914,0.399704,-1.208819,0.469251,4.365078,0.988789,5.593706,87.519768,25.972385,118.625984,-0.670792,0.326902,0.809029,0.552542,0.331657,0.516343,-0.810735,0.506185,1.105658,0.657058,0.696982,0.745724,0.607774,0.402324,-1.072862,0.472141,0.549478,0.401770,-1.008283,0.762017,-1.346878,0.449526,-0.641685,0.710446,-0.345944,0.796547,1.579474,0.865011,-0.175098,0.452518,-0.593117,0.639851,4.085988,0.836572,5.032429,147.138840,45.333523,192.986298,0.566617,0.597459,1.699404,1.628610,1.123147,0.661687,1.292033,0.387351,2.361130,0.552326,0.890414,1.220980,0.669873,1.070988,3.119993,1.598880
panda_0078,48,0:48,12,4,14,0.814000,0.739609,-0.025112,0.661597,0.263304,0.648995,0.035004,0.641484,-0.186098,0.583179,0.890363,0.591478,-0.730445,0.462738,0.405081,0.777301,-0.682744,0.497635,-0.831371,0.577777,0.452844,0.453950,-0.552680,0.823678,-0.854962,0.588527,0.079086,0.723917,0.486212,0.678814,-0.350269,0.692024,3.300973,0.853410,4.399195,105.766312,24.367474,132.245728,0.848525,0.642944,0.092761,0.575549,0.262379,0.578009,-0.064162,0.583965,-0.202502,0.596359,0.726947,0.504926,-0.709115,0.400715,0.248865,0.712635,-0.645068,0.451756,-0.632592,0.525075,0.409369,0.422261,-0.594909,0.714070,-0.834145,0.554888,0.206703,0.677746,0.389051,0.612712,-0.371775,0.607127,2.985848,0.874300,4.165251,62.713615,14.607173,77.610870,0.796738,0.782911,-0.084049,0.693193,0.263766,0.681721,0.084587,0.662850,-0.177896,0.576301,0.972071,0.614220,-0.741110,0.490472,0.483189,0.796284,-0.701582,0.518030,-0.930761,0.577280,0.474581,0.467479,-0.531566,0.872573,-0.865370,0.604376,0.015278,0.737699,0.534793,0.704552,-0.339516,0.730545,3.458536,0.797361,4.480195,78.879845,18.693226,100.551285,0.941618,0.807532,0.863449,0.914331,1.031210,0.745155,0.923115,0.788169,0.898952,0.695181,0.863879,0.846890,0.920514,0.928414,0.799989,0.858252
panda_0083,48,0:48,12,4,14,0.168491,0.705728,-0.220241,0.806448,-0.280609,0.575718,0.131434,0.608854,-0.727657,0.792223,0.333068,0.873061,-0.252424,0.725280,0.549745,0.674132,-0.246742,0.726997,-0.232482,0.679147,0.196660,0.628240,0.279528,0.862140,-0.104731,0.897015,-0.409030,0.611635,0.387874,0.894879,0.069674,0.779808,3.122449,0.964973,4.402895,49.852264,17.132444,75.477066,0.263024,0.602148,-0.095481,0.720691,-0.252560,0.508060,0.058642,0.545670,-0.753242,0.742796,0.278888,0.797100,-0.253008,0.641875,0.418469,0.663552,-0.261662,0.623041,-0.217675,0.573761,0.153939,0.552423,0.228941,0.789536,-0.163403,0.800055,-0.329161,0.552764,0.322072,0.790494,0.029769,0.712928,2.775223,0.980583,4.105353,37.461868,11.102446,52.354149,0.121224,0.747720,-0.282622,0.839146,-0.294634,0.606237,0.167831,0.634983,-0.714865,0.815513,0.360158,0.907451,-0.252133,0.763574,0.615384,0.669780,-0.239283,0.773647,-0.239885,0.726013,0.218021,0.661872,0.304821,0.895168,-0.075395,0.940387,-0.448964,0.635285,0.420775,0.941023,0.089627,0.810446,3.296062,0.908605,4.497640,29.588459,13.046946,49.997002,0.828827,0.796619,0.816964,0.826360,0.985897,0.836946,0.837696,0.835928,0.785824,0.759298,0.812819,0.854648,0.842260,0.800944,0.801778,0.872045
panda_0086,48,0:48,12,4,14,-0.415030,1.420238,-0.508663,1.088116,-0.175093,0.514289,0.212121,0.478127,-0.119266,0.857427,-0.341875,0.734858,0.012835,0.870212,-0.060262,0.900224,0.054300,1.028945,0.208397,1.165142,0.071318,0.810160,0.549340,0.762087,0.744011,0.883356,-0.568645,0.717606,-0.174693,1.432049,0.160133,0.646515,3.832245,1.093724,5.202030,50.408089,16.794592,69.278664,-0.226612,1.219143,-0.392775,0.989664,-0.156049,0.478361,0.144488,0.423594,-0.217936,0.786227,-0.322190,0.660406,-0.049688,0.757460,-0.100308,0.834117,-0.000915,0.890925,0.145991,1.000160,0.074756,0.696454,0.491515,0.695260,0.533521,0.773206,-0.524422,0.654198,-0.168963,1.261098,0.140643,0.596307,3.323386,1.085513,4.770228,40.011410,11.042716,51.934937,-0.509238,1.501943,-0.566607,1.129693,-0.184614,0.531087,0.245938,0.499761,-0.069930,0.886788,-0.351717,0.769199,0.044097,0.919836,-0.040239,0.930875,0.081908,1.090381,0.239600,1.238246,0.069599,0.861397,0.578253,0.791810,0.849257,0.915600,-0.590756,0.746314,-0.177557,1.510277,0.169878,0.669997,4.086674,1.005474,5.372689,26.673941,14.300156,47.348267,0.759524,0.821834,0.871605,0.777723,0.882925,0.856266,0.789765,0.884996,0.783010,0.776187,0.756459,0.869896,0.701416,0.889060,0.811507,0.907599
panda_0088,48,0:48,12,4,14,0.152418,0.867665,0.349002,0.708937,-0.005597,1.086925,0.005313,1.330578,0.142459,1.010522,-0.450851,0.728581,0.100810,0.845589,-0.336461,0.607369,-0.132470,1.245466,-0.330484,0.894354,-0.085254,1.034128,0.323268,1.101351,0.441959,1.057943,0.339711,1.068769,0.354525,1.374052,0.102704,1.360419,4.047443,1.507524,6.110617,122.106071,27.773102,152.176849,0.126884,0.597717,0.530328,0.672211,-0.120408,0.846440,-0.271642,1.086437,0.362156,0.940288,-0.623659,0.772658,0.277855,0.660151,-0.496337,0.570042,0.177370,0.935902,-0.033710,0.738598,-0.320373,0.749575,0.028686,0.967900,0.322442,0.831191,0.671416,1.007185,0.021822,1.074044,-0.085638,1.144023,3.551740,1.161333,5.074425,91.817078,20.555643,111.356552,0.165185,0.974752,0.258339,0.709433,0.051809,1.184902,0.143790,1.417024,0.032611,1.026382,-0.364447,0.689455,0.012288,0.911659,-0.256523,0.609673,-0.287390,1.347895,-0.478871,0.927892,0.032305,1.132139,0.470558,1.134004,0.501718,1.150092,0.173859,1.060032,0.520877,1.473848,0.196875,1.447449,4.295295,1.596967,6.739752,67.516014,15.660011,85.649673,0.561746,1.092717,0.728050,0.810338,0.956877,1.250657,0.785972,1.141600,0.711886,0.703098,0.729040,0.758669,0.637863,1.099655,0.687994,0.781044
panda_0094,48,0:48,12,4,14,-0.875973,0.386996,-0.137255,0.432069,-1.624005,0.333114,-1.861140,0.435507,1.004026,0.549216,-0.328014,0.447218,1.067733,0.337213,0.196603,0.389669,1.846930,0.494043,1.307248,0.538688,-1.501156,0.369199,-1.466940,0.678445,0.776728,0.496438,1.653448,0.504830,-1.886776,0.621642,-1.795325,0.584472,5.598244,1.118780,6.676723,77.882645,19.085032,107.710968,-0.624521,0.428366,0.044722,0.323401,-1.488878,0.305938,-1.890762,0.301152,1.179423,0.323692,-0.387597,0.158987,0.958588,0.279011,0.056656,0.231539,1.654872,0.552511,0.984030,0.575139,-1.384036,0.369934,-1.324545,0.618200,0.541596,0.319033,1.701519,0.441665,-1.791952,0.562818,-1.775419,0.467781,5.150258,1.331151,6.504087,56.794025,20.708429,84.900223,-1.001698,0.292369,-0.228244,0.450438,-1.691568,0.325506,-1.846330,0.488359,0.916328,0.614000,-0.298222,0.533577,1.122305,0.350302,0.266576,0.431589,1.942960,0.431067,1.468857,0.437644,-1.559717,0.354609,-1.538137,0.695800,0.894294,0.526612,1.629413,0.531990,-1.934187,0.643841,-1.805278,0.634590,5.822237,0.917062,6.678691,45.963585,14.761025,60.129143,0.624044,0.677620,0.879491,1.021725,1.173877,0.859275,0.853973,0.571169,0.851722,0.667776,0.887363,0.813815,0.587621,1.036872,0.910791,0.964339
panda_0095,48,0:48,12,4,14,-0.893566,0.572325,-0.100603,0.442101,-1.556342,0.750334,-1.862881,0.844779,1.155015,0.471831,-0.393507,0.309042,1.099594,0.446695,0.084011,0.345348,1.852655,0.894151,1.310010,0.739074,-1.531878,0.629667,-1.500649,0.882066,0.850368,0.425675,1.754919,0.580520,-1.925041,1.042909,-1.823160,0.921978,6.017951,1.087575,6.680203,87.535049,21.666481,116.978134,-0.608732,0.437618,0.045962,0.313031,-1.457158,0.447357,-1.862113,0.461470,1.165573,0.381700,-0.364382,0.074492,0.930992,0.327226,0.046575,0.245740,1.619455,0.637404,0.974195,0.564446,-1.365270,0.407848,-1.322799,0.618478,0.554441,0.327928,1.676134,0.498846,-1.768527,0.639492,-1.761956,0.541258,5.139778,1.339459,6.504087,65.928596,24.437130,94.198105,-1.035984,0.578559,-0.173886,0.477572,-1.605934,0.858521,-1.863265,0.981834,1.149736,0.510888,-0.408070,0.373964,1.183895,0.473758,0.102728,0.384257,1.969256,0.977410,1.477917,0.758596,-1.615182,0.700523,-1.589574,0.975746,0.998332,0.390321,1.794311,0.613535,-2.003299,1.186862,-1.853761,1.061026,6.457038,0.546591,6.682048,49.803429,10.939992,65.619781,0.530120,0.681823,0.828246,0.910908,0.967399,0.897060,0.753303,0.774752,0.762304,0.596252,0.792618,0.719909,0.535084,0.908404,0.780919,0.847734
panda_0105,48,0:48,12,4,14,0.691831,0.635132,0.400850,0.751365,-0.297803,0.809332,-0.175588,0.739295,-0.303555,0.731813,0.086058,0.678080,-0.180090,0.537222,0.273520,0.798505,-0.441067,0.474204,-0.851247,0.724260,0.033212,0.553981,0.262887,0.757248,0.187030,0.756642,0.286908,0.857849,0.836135,0.678749,-0.101617,0.761583,3.163611,0.918286,4.380703,64.500504,21.426033,97.680855,0.712248,0.546005,0.530966,0.673087,-0.202654,0.754343,-0.195513,0.665401,-0.243938,0.718643,0.013726,0.622725,-0.163989,0.476518,0.059169,0.781689,-0.401172,0.404785,-0.723561,0.707933,-0.030248,0.505851,0.222472,0.690592,0.077800,0.706832,0.303015,0.792041,0.717928,0.621170,-0.086490,0.688373,2.895565,0.905395,4.093603,48.615398,15.921926,70.122856,0.681622,0.675067,0.335793,0.779490,-0.345378,0.831396,-0.165626,0.773407,-0.333364,0.736503,0.122225,0.701336,-0.188140,0.564962,0.380695,0.785135,-0.461014,0.504167,-0.915090,0.723890,0.064942,0.573916,0.283095,0.787688,0.241645,0.774601,0.278854,0.888819,0.895239,0.698315,-0.109181,0.795558,3.297634,0.895051,4.494289,38.367386,13.828598,61.690708,0.988061,1.034053,0.859642,0.854320,0.932921,0.859481,0.828503,0.925685,0.831349,0.821367,0.878814,0.855439,0.863277,0.891786,0.809100,0.847371
panda_0107,48,0:48,12,4,14,0.821607,0.794911,-0.141861,0.869496,-0.034591,0.886579,0.047425,0.906076,-0.089136,0.705775,0.375927,0.725538,-0.698333,0.829067,0.522880,0.804082,-0.405924,0.797504,0.215253,0.849350,0.606685,0.893519,-0.716657,0.684714,-0.721713,0.656511,0.003428,1.146803,0.036330,0.638851,-0.308951,0.686334,3.595535,0.997393,4.723948,148.717529,37.802830,178.796692,0.821120,0.631396,-0.148928,0.811178,-0.084304,0.806229,-0.072892,0.750634,-0.213774,0.703113,0.245479,0.754742,-0.753800,0.718432,0.381224,0.691443,-0.384805,0.661750,0.278600,0.668195,0.565727,0.746913,-0.534916,0.692075,-0.593840,0.700126,-0.005985,1.148617,-0.037709,0.508452,-0.222198,0.635927,3.205782,1.099406,4.561724,93.762848,32.083500,114.682266,0.821850,0.865156,-0.138327,0.897214,-0.009734,0.923134,0.107584,0.968958,-0.026817,0.698816,0.441151,0.701447,-0.670600,0.877865,0.593708,0.846006,-0.416483,0.857163,0.183580,0.925117,0.627164,0.957792,-0.807528,0.662565,-0.785649,0.623826,0.008135,1.145865,0.073350,0.691970,-0.352327,0.706212,3.790411,0.879723,4.794505,107.618652,20.819458,133.932968,0.897065,0.912603,0.861548,0.786399,1.034993,0.959587,0.920267,0.729928,0.780038,0.714549,0.787452,0.788354,0.824428,1.028986,0.697197,0.808247
panda_0108,48,0:48,12,4,14,-0.669450,0.606483,-0.052925,0.382357,-1.433883,0.490647,-1.807500,0.517769,0.953723,0.587777,-0.250632,0.460260,0.878662,0.535052,0.253506,0.319318,1.628306,0.757596,1.237153,0.596913,-1.263229,0.649396,-1.456465,0.606187,0.500879,0.595011,1.665624,0.541245,-1.734539,0.777883,-1.707237,0.614139,5.238785,1.517367,6.673405,107.529831,20.470188,132.635529,-0.627060,0.429677,0.034703,0.310849,-1.496760,0.303336,-1.907639,0.276823,1.197163,0.268153,-0.368589,0.049839,0.955118,0.269773,0.059309,0.224196,1.662369,0.557378,0.979361,0.567633,-1.389503,0.371914,-1.337639,0.616937,0.550695,0.319173,1.708109,0.428244,-1.811051,0.564338,-1.802276,0.440536,5.171742,1.341738,6.504087,54.267090,22.255390,83.798492,-0.690645,0.676811,-0.096740,0.406476,-1.402444,0.558686,-1.757430,0.596901,0.832003,0.661682,-0.191653,0.553247,0.840433,0.623416,0.350604,0.315484,1.611274,0.839478,1.366049,0.568780,-1.200092,0.742600,-1.515878,0.591860,0.475970,0.691564,1.644382,0.588530,-1.696283,0.862567,-1.659718,0.679662,5.272307,1.596903,6.676889,90.882149,16.357718,108.325958,0.727762,0.766945,1.057986,1.075613,1.243847,0.760875,1.014121,0.587592,1.015068,0.710397,1.113992,0.867055,0.749423,1.035268,1.041961,1.063766
panda_0109,48,0:48,12,4,14,-0.960011,0.401907,-0.136147,0.287574,-1.526378,0.231099,-2.011751,0.198280,1.213746,0.198241,-0.065323,0.205421,1.052924,0.208400,0.090117,0.196522,1.889852,0.404699,1.082373,0.394693,-1.668515,0.299383,-1.799157,0.479237,0.594917,0.254170,1.999885,0.373256,-1.995244,0.391763,-1.988064,0.306967,5.804589,0.927321,6.406919,66.957100,22.454834,94.280792,-0.522944,0.409189,0.114157,0.316009,-1.456060,0.292748,-1.932224,0.269878,1.134237,0.232655,-0.208341,0.122011,0.866893,0.230381,0.087770,0.234934,1.528458,0.507910,0.755597,0.475790,-1.389246,0.365036,-1.458361,0.672924,0.384581,0.243546,1.871197,0.475148,-1.663948,0.513273,-1.831334,0.439565,5.076197,1.269817,6.255046,53.144020,20.945454,81.871002,-1.178544,0.123717,-0.261299,0.164707,-1.561537,0.183169,-2.051515,0.133460,1.253501,0.164755,0.006186,0.201278,1.145939,0.112484,0.091291,0.174156,2.070549,0.136863,1.245762,0.200994,-1.808150,0.096574,-1.969556,0.176016,0.700085,0.184567,2.064229,0.289270,-2.160892,0.127180,-2.066429,0.162207,6.168785,0.292835,6.440536,37.710014,16.822340,46.267776,0.454573,1.033967,0.932453,0.941852,0.904832,1.375088,0.756492,1.454743,0.738190,0.606651,0.768324,0.740478,0.554891,0.906487,0.770028,0.886231
panda_0115,48,0:48,12,4,14,-0.949725,0.402867,-0.100076,0.415047,-1.660861,0.410104,-1.927398,0.480825,1.158069,0.373020,-0.473057,0.438167,1.173362,0.264587,0.087631,0.309673,1.917598,0.552720,1.312109,0.592847,-1.595461,0.373353,-1.427457,0.832566,0.993532,0.505349,1.771915,0.417584,-1.938360,0.764344,-1.846131,0.682703,5.872473,1.150424,6.682687,58.333900,17.311300,81.698196,-0.600995,0.423123,0.079996,0.349902,-1.456175,0.358321,-1.821925,0.376998,1.148687,0.345944,-0.453826,0.297086,0.955097,0.285752,0.011222,0.276629,1.587748,0.553920,0.901612,0.571004,-1.351061,0.376172,-1.166956,0.714580,0.630916,0.462821,1.623903,0.469291,-1.673483,0.639171,-1.671744,0.564388,5.001029,1.330763,6.498404,55.302063,17.678278,79.096413,-1.124090,0.250454,-0.190113,0.415765,-1.763204,0.395802,-1.980135,0.517090,1.162760,0.385761,-0.482672,0.493537,1.282495,0.168680,0.125835,0.318129,2.082523,0.472477,1.517357,0.487644,-1.717661,0.305839,-1.557707,0.856470,1.174841,0.421126,1.845922,0.367446,-2.070798,0.787047,-1.933325,0.719061,6.308195,0.728141,6.684021,16.212807,4.794205,22.467293,0.534792,0.797101,0.822915,0.915994,0.968609,0.940285,0.744680,0.871280,0.762365,0.589182,0.786509,0.703283,0.538852,0.879069,0.786610,0.839084
panda_0117,48,0:48,12,4,14,0.315013,0.294928,0.358412,0.594551,0.616246,0.692437,0.278891,0.649339,-0.037351,0.418040,0.575021,0.678250,-0.400275,0.363680,-0.372323,0.399562,-0.861617,0.592117,-1.685337,0.739113,0.106976,0.401146,0.556486,0.759258,-0.196005,0.583521,0.111377,0.483373,1.070987,0.745517,0.265450,0.742268,3.400590,0.712556,4.252396,51.969040,17.591658,78.431427,0.326014,0.241737,0.390530,0.520007,0.590970,0.621057,0.175696,0.588546,-0.051021,0.405986,0.527161,0.646161,-0.378420,0.336158,-0.454117,0.410114,-0.771451,0.520908,-1.483006,0.708436,0.046105,0.357058,0.425355,0.642399,-0.234040,0.526924,0.129743,0.447219,0.879148,0.673958,0.168686,0.658762,3.032327,0.726645,3.968477,34.599464,13.447323,44.793015,0.309512,0.318064,0.342353,0.627900,0.628883,0.725167,0.330489,0.671774,-0.030516,0.423774,0.598951,0.692499,-0.411203,0.376212,-0.331427,0.387763,-0.906700,0.619786,-1.786502,0.733341,0.137412,0.418154,0.622052,0.803414,-0.176987,0.608963,0.102194,0.500219,1.166907,0.760908,0.313831,0.776167,3.584721,0.629194,4.325663,35.503757,12.368338,51.220501,0.955464,0.930134,0.896262,0.790970,0.965717,0.889236,0.895617,1.192778,0.833335,0.823298,0.779207,0.711484,0.914470,0.913087,0.758189,0.785562
panda_0119,48,0:48,12,4,14,0.750298,0.925882,0.814632,0.694733,0.802111,0.922872,0.504114,0.896713,-0.077524,0.857487,0.220608,0.782824,-0.339619,0.655400,-0.305909,0.912859,-0.690894,0.801979,-0.640088,0.714705,0.375436,0.806300,-0.018007,1.016209,-1.023468,0.866640,0.384368,0.833224,0.838470,0.864447,0.422849,0.921281,3.983277,1.054210,5.265659,191.835495,32.061947,236.132080,1.168498,0.596764,1.040144,0.605671,1.091650,0.726657,0.798488,0.771782,-0.318693,0.744443,0.104241,0.622948,-0.555158,0.519943,-0.325275,0.632865,-1.019381,0.557334,-0.660204,0.509081,0.758794,0.678981,0.237647,0.887763,-1.096272,0.835446,0.191627,0.774553,1.099688,0.611031,0.615818,0.784489,4.019468,1.070785,5.187909,109.650192,23.605804,141.793732,0.541198,0.988258,0.701875,0.708816,0.657342,0.975012,0.356927,0.918327,0.043061,0.884425,0.278791,0.845596,-0.231849,0.688703,-0.296226,1.024416,-0.526652,0.853533,-0.630031,0.797696,0.183756,0.796523,-0.145834,1.051638,-0.987067,0.879567,0.480738,0.844728,0.707860,0.939705,0.326365,0.968245,3.965181,1.045354,5.344879,145.905029,24.548889,180.214569,1.254158,1.304502,1.191951,1.198395,0.936794,0.678447,1.130549,0.624230,1.303173,0.823579,1.261098,0.891632,1.012733,0.810620,1.184221,1.018724
panda_0132,48,0:48,12,4,14,-0.934461,0.426085,-0.105422,0.405450,-1.621170,0.437900,-1.943272,0.486672,1.195703,0.311653,-0.413171,0.329260,1.152122,0.298867,0.093188,0.286199,1.939956,0.564852,1.377997,0.556228,-1.587789,0.409946,-1.560333,0.685868,0.860732,0.426234,1.807279,0.414319,-2.008735,0.697455,-1.888421,0.611333,5.881459,1.221386,6.680537,80.746101,16.139198,101.817078,-0.577621,0.431789,0.049996,0.347170,-1.415108,0.374015,-1.830366,0.374576,1.152986,0.337775,-0.428718,0.257876,0.918933,0.319859,0.036846,0.243460,1.583344,0.574642,0.954616,0.566283,-1.315574,0.419493,-1.290016,0.620526,0.489479,0.382383,1.681736,0.487045,-1.709870,0.604750,-1.697677,0.514166,5.001870,1.367733,6.499431,63.385300,17.498693,86.496880,-1.112881,0.289138,-0.183131,0.410127,-1.724200,0.431098,-1.999725,0.524939,1.217062,0.295426,-0.405398,0.359426,1.268716,0.205047,0.121359,0.301410,2.118263,0.467012,1.589688,0.411470,-1.723896,0.329424,-1.695491,0.676974,1.046358,0.309894,1.870050,0.356459,-2.158168,0.692686,-1.983793,0.633342,6.321254,0.849749,6.682048,44.259636,8.330591,53.898579,0.523991,0.791047,0.815848,0.908703,0.943718,1.060058,0.728307,0.854409,0.746776,0.595451,0.764127,0.725022,0.502674,0.898338,0.776225,0.837437
panda_0134,48,0:48,12,4,14,1.514716,0.504786,0.463731,0.774847,0.545080,0.950228,0.901144,0.923609,-0.748359,0.846009,0.019364,0.803910,-0.903403,0.672445,0.402188,0.898870,-1.298824,0.657844,-0.738509,0.640258,1.126569,0.661220,0.368671,0.884116,-0.766506,0.969813,-0.372007,0.760277,1.469061,0.754278,0.724389,0.959711,4.608748,1.125160,6.001191,167.224487,27.840332,196.451248,1.364639,0.445011,0.237173,0.534699,0.098588,0.626676,0.500701,0.691802,-1.125236,0.681274,0.218527,0.710678,-0.874637,0.464673,0.659021,0.857896,-1.153019,0.465354,-0.622242,0.592367,0.874865,0.451379,0.327185,0.871972,-0.450245,0.734933,-0.522201,0.483567,1.265688,0.667092,0.404017,0.869860,3.878069,1.125122,5.287972,44.934826,11.622262,63.208927,1.589754,0.516046,0.577011,0.848017,0.768325,1.004252,1.101365,0.959177,-0.559920,0.857322,-0.080217,0.828931,-0.917787,0.754780,0.273772,0.891339,-1.371726,0.724512,-0.796643,0.655216,1.252421,0.711639,0.389415,0.889401,-0.924636,1.032341,-0.296910,0.856267,1.570748,0.774517,0.884575,0.962425,4.974087,0.930382,6.154887,159.835358,28.531248,187.234772,0.855532,0.577059,0.448088,0.524819,1.357907,0.901241,0.820825,1.203771,0.802065,0.747464,0.657675,0.966773,0.589561,0.821613,0.790335,0.689498
panda_0140,48,0:48,12,4,14,0.210853,0.405669,-0.329409,0.608635,-0.495365,0.579964,-0.511217,0.759341,0.017537,0.715276,0.365428,0.761197,-0.247933,0.716665,0.518854,0.503873,0.165236,0.762341,0.003382,0.631307,-0.008056,0.643108,-0.510890,0.786330,-0.281156,0.717099,0.250045,0.901446,-0.256531,0.693383,-0.572896,0.566133,2.936519,0.878232,4.140275,83.133240,30.916422,121.272568,-0.050334,0.211756,-0.082314,0.559019,-1.004291,0.221435,-1.359019,0.268305,0.667626,0.622187,-0.180074,0.597198,0.300253,0.442209,0.289063,0.504178,0.997086,0.281881,0.614126,0.344410,-0.635077,0.292008,-0.979091,0.677208,-0.248292,0.502185,1.187124,0.693500,-1.020813,0.281831,-1.076638,0.346751,3.567085,0.737985,4.619434,61.042988,32.235500,98.214722,0.341447,0.416252,-0.452957,0.594652,-0.240902,0.534571,-0.087315,0.538356,-0.307507,0.506862,0.638179,0.683834,-0.522025,0.668774,0.633749,0.462742,-0.250689,0.559497,-0.301990,0.508683,0.305455,0.531865,-0.276790,0.730587,-0.297588,0.802771,-0.218495,0.565551,0.125611,0.493315,-0.321025,0.479921,2.621236,0.765779,3.662682,49.663551,11.081192,63.902786,0.347070,0.738538,2.158468,2.982533,1.636476,0.673713,0.653139,0.681735,2.000692,1.283099,1.251561,1.656700,0.604028,2.412060,2.422652,2.318220
panda_0141,48,0:48,12,4,14,-0.212622,0.470082,-0.533136,0.530874,-0.137555,0.642420,-0.367403,0.556409,0.351822,0.557637,0.616260,0.527829,-0.223296,0.477702,0.051255,0.450520,0.070448,0.593189,-0.277788,0.704635,-0.148962,0.454604,-0.540730,0.533501,0.087198,0.662088,0.031055,0.574857,-0.461356,0.617775,-0.718098,0.563361,2.593476,0.707394,3.484097,63.315865,16.075304,79.770355,0.001277,0.407293,-0.306927,0.502414,-0.044128,0.573500,-0.390918,0.496504,0.317039,0.526327,0.493389,0.492136,-0.257991,0.415401,-0.092420,0.432976,-0.006964,0.506751,-0.275649,0.607036,-0.101938,0.387705,-0.497882,0.514084,-0.091571,0.572630,0.115666,0.542515,-0.399802,0.534923,-0.646660,0.524916,2.281800,0.701609,3.167902,41.587418,9.539237,52.195213,-0.319572,0.462826,-0.646240,0.508088,-0.184269,0.669372,-0.355645,0.583706,0.369213,0.571858,0.677695,0.534306,-0.205948,0.505091,0.123092,0.441857,0.109153,0.628425,-0.278857,0.748676,-0.172474,0.482888,-0.562154,0.541680,0.176582,0.685288,-0.011250,0.585799,-0.492133,0.653113,-0.753817,0.578331,2.749314,0.656981,3.616665,43.078392,12.202278,55.654228,0.677430,0.657910,0.803800,0.932918,0.888863,0.774752,0.896339,0.961843,0.775097,0.802936,0.758033,0.869113,0.808473,0.931240,0.801750,0.860581
panda_0148,48,0:48,12,4,14,1.525795,0.504177,0.678787,0.358315,1.123842,1.574921,1.613523,1.278691,-1.065186,0.397733,-0.186439,0.477600,-1.034649,0.799376,0.028691,0.786037,-1.853585,1.212041,-1.184931,1.160895,1.360793,0.800161,1.321875,0.689289,-0.681916,0.846088,-0.776852,0.577555,2.199268,1.012972,1.578079,1.010510,5.879457,2.081464,7.895104,58.137886,12.835879,73.797997,1.313556,0.455906,0.550196,0.309120,0.925020,1.409863,1.334541,1.117443,-1.128565,0.401064,-0.177156,0.462926,-0.920126,0.738577,-0.002868,0.714845,-1.592281,1.073562,-0.814834,0.980430,1.098118,0.733420,1.035367,0.540462,-0.480003,0.754383,-0.730607,0.508362,1.847366,0.896093,1.319883,0.871404,5.001108,1.872618,7.710222,51.912666,13.701570,70.097336,1.631914,0.493541,0.743083,0.363875,1.223253,1.642273,1.753015,1.330362,-1.033497,0.392235,-0.191080,0.484704,-1.091911,0.822143,0.044471,0.818860,-1.984238,1.255424,-1.369980,1.199235,1.492130,0.799804,1.465128,0.710679,-0.782872,0.871020,-0.799975,0.607893,2.375220,1.022156,1.707178,1.049774,6.318630,2.041267,7.897480,21.957720,8.600672,34.586617,0.804660,0.736914,0.807628,0.778065,1.079910,1.043084,0.838411,0.835264,0.797274,0.640624,0.735852,0.707140,0.686138,0.882757,0.777767,0.779290
panda_0150,48,0:48,12,4,14,-0.942435,0.442965,-0.163914,0.427385,-1.612978,0.490059,-1.852807,0.597378,1.091607,0.440861,-0.405680,0.389979,1.110500,0.380937,0.112730,0.329286,1.844371,0.677745,1.258888,0.659464,-1.535017,0.479695,-1.381959,0.877764,0.974172,0.508180,1.667352,0.582104,-1.892187,0.836780,-1.798844,0.728511,5.735525,1.323660,6.680212,52.750099,18.479248,76.522278,-0.583128,0.452147,0.057596,0.423970,-1.390044,0.480841,-1.695387,0.580569,1.037470,0.471048,-0.433576,0.348291,0.904208,0.374498,0.009960,0.348153,1.476489,0.681752,0.818164,0.645596,-1.276783,0.470186,-1.057477,0.853681,0.657512,0.509426,1.519416,0.618078,-1.559420,0.807547,-1.572876,0.718391,4.855362,1.449208,6.504214,51.616383,18.443724,75.380630,-1.122088,0.308678,-0.274669,0.383812,-1.724445,0.455366,-1.931517,0.590064,1.118675,0.422370,-0.391732,0.408520,1.213646,0.340040,0.164115,0.306786,2.028312,0.595912,1.479249,0.546137,-1.664134,0.429663,-1.544200,0.844010,1.132502,0.427092,1.741320,0.548492,-2.058571,0.800739,-1.911828,0.706933,6.175607,0.998498,6.681275,8.147919,4.937767,14.943555,0.533342,0.838606,0.807507,0.878123,0.929367,1.083306,0.748654,0.964780,0.730119,0.574413,0.767176,0.707179,0.585721,0.874704,0.761065,0.826026
panda_0152,48,0:48,12,4,14,0.945296,1.231924,-0.322971,1.307003,0.824407,1.032861,1.453546,0.756786,-0.697459,0.806159,-0.029513,1.244094,-1.137084,0.444484,0.230110,0.909176,-1.303331,0.903436,-0.077763,2.392476,1.370173,0.529028,0.685220,0.788068,-0.581126,1.144343,-1.223027,1.235730,0.924537,1.719886,1.043533,0.763475,5.808713,1.271626,7.660410,96.191368,35.941017,138.381165,0.728207,1.015259,-0.505799,1.159676,0.700498,1.045943,1.321708,0.675600,-0.800539,0.656852,-0.195761,1.116642,-1.028331,0.393250,0.155746,0.832171,-1.059764,0.788537,0.428264,2.068944,1.239815,0.514140,0.564786,0.639229,-0.366775,1.003791,-1.319480,1.134007,0.555627,1.457297,0.940435,0.658383,5.139926,1.214361,7.015272,62.384052,20.424995,85.978531,1.053840,1.313671,-0.231557,1.365610,0.886361,1.020632,1.519465,0.786025,-0.645918,0.866685,0.053612,1.295177,-1.191460,0.458428,0.267292,0.943133,-1.425115,0.932150,-0.330777,2.500720,1.435353,0.524301,0.745437,0.846399,-0.688302,1.194162,-1.174800,1.280851,1.108991,1.809167,1.095082,0.806000,6.143106,1.163081,7.813847,67.013252,29.437355,108.362518,0.730653,0.905707,0.963818,0.864965,1.041220,0.873388,0.858170,0.873294,0.743666,0.801241,0.860457,0.747205,0.763460,1.015669,0.681357,0.824925
panda_0156,48,0:48,12,4,14,0.252831,0.871475,0.358261,0.773170,0.180525,0.597274,0.090552,0.690140,0.028328,0.614401,0.181543,0.829708,-0.073087,0.712824,-0.220666,0.779785,-0.254329,0.677866,-0.495296,0.527655,-0.054682,0.660441,0.016359,0.838252,-0.029021,0.731806,0.257880,0.613565,0.350496,0.785954,-0.085437,0.796454,2.853388,1.050238,4.428969,109.942238,23.559204,137.701370,0.247612,0.814498,0.091966,0.667501,0.093994,0.531969,-0.010502,0.623598,-0.186190,0.574557,0.418741,0.731486,-0.254339,0.619742,-0.066320,0.712626,-0.338571,0.595756,-0.616507,0.434003,0.001338,0.573775,-0.046351,0.753148,-0.037976,0.655185,0.055790,0.524637,0.257057,0.734906,-0.227726,0.725600,2.583778,1.024706,4.103407,46.850685,12.363981,61.211151,0.255441,0.898599,0.491409,0.787861,0.223790,0.622891,0.141080,0.715781,0.135587,0.605525,0.062944,0.850230,0.017540,0.738578,-0.297839,0.800195,-0.212208,0.711666,-0.434691,0.558956,-0.082692,0.698077,0.047715,0.876033,-0.024543,0.767213,0.358925,0.629635,0.397215,0.806222,-0.014293,0.820412,2.988193,1.036809,4.541359,94.219681,20.168190,115.780945,0.921818,0.692395,0.775606,0.883991,0.944634,0.976039,0.850700,0.808612,0.903232,1.152518,0.790923,0.849081,0.864514,0.721205,0.853296,0.956217
panda_0165,48,0:48,12,4,14,-0.231598,0.241710,0.437352,0.627538,1.328098,0.527092,1.544145,0.570599,-0.192766,0.597425,-0.883314,0.484102,-0.059025,0.402114,-1.247604,0.431844,-0.844745,0.390044,-0.776841,0.591200,0.522152,0.431168,2.089113,0.598114,0.431678,0.520946,-0.942793,0.776902,1.191778,0.465999,1.848542,0.503560,4.699053,0.970715,5.807863,119.264969,39.477375,173.092850,-0.189338,0.195884,0.141566,0.568441,1.406758,0.390565,1.648704,0.465971,-0.508777,0.549788,-0.643445,0.424673,-0.261425,0.364173,-1.117135,0.354633,-0.919165,0.357933,-0.891327,0.461870,0.587528,0.370492,1.870456,0.590463,0.181667,0.424305,-1.028232,0.738568,1.149243,0.422695,1.820309,0.385009,4.512747,0.967996,5.668092,64.058922,22.677401,92.387360,-0.252727,0.259058,0.585245,0.602931,1.288768,0.579507,1.491866,0.609599,-0.034761,0.556187,-1.003249,0.467124,0.042175,0.381456,-1.312839,0.451757,-0.807536,0.399987,-0.719598,0.638579,0.489464,0.454996,2.198441,0.571339,0.556684,0.519789,-0.900074,0.791927,1.213046,0.484810,1.862658,0.552852,4.792206,0.958587,5.859210,90.975708,28.420099,129.235870,0.709764,0.564254,1.088174,1.091469,1.637373,0.650350,1.280397,0.850803,1.133104,1.060921,1.065043,0.852124,0.537704,1.056440,0.944522,0.974571
panda_0166,48,0:48,12,4,14,-0.214392,0.580204,0.762273,0.720991,-0.885809,0.692324,-1.376198,0.652246,0.850192,0.681333,-0.277925,0.721761,0.904836,0.519815,-0.162006,0.597040,1.223585,0.743944,0.686715,0.884686,-1.178434,0.526422,-1.160005,0.746298,0.036848,0.761476,1.756000,0.757630,-0.900604,0.941670,-1.112236,0.732559,4.645510,1.151713,6.276832,164.257019,38.702011,197.252777,-0.173881,0.398240,0.816561,0.669813,-0.789003,0.574607,-1.354568,0.520449,1.138565,0.551590,-0.558078,0.606130,0.876843,0.359066,-0.455952,0.497598,1.182181,0.551075,0.626816,0.683342,-1.178121,0.362164,-1.083050,0.797657,0.134163,0.628974,1.803238,0.866963,-0.937359,0.663460,-1.071471,0.590972,4.454555,1.129077,5.824319,98.965157,26.663164,120.898048,-0.234647,0.651481,0.735129,0.743778,-0.934212,0.739495,-1.387012,0.708769,0.706006,0.694138,-0.137849,0.734063,0.918833,0.583317,-0.015033,0.588286,1.244287,0.822831,0.716665,0.968418,-1.178591,0.591692,-1.198483,0.716151,-0.011809,0.815391,1.732382,0.695354,-0.882227,1.053096,-1.132619,0.793153,4.740988,1.151048,6.450371,114.107422,24.991177,141.840424,0.557110,1.017424,0.830401,0.953635,1.360207,1.136559,0.883056,1.158339,0.889154,0.711005,0.965345,0.884641,0.700957,1.036401,0.869670,0.901078
panda_0167,48,0:48,12,4,14,-0.270488,1.141980,0.102808,0.985858,0.323506,0.661282,0.296132,0.880993,0.538314,0.975887,-0.869756,0.693213,0.235728,0.642615,-0.624157,0.909918,0.366814,0.771117,0.849460,0.791419,0.046533,0.667676,-0.043916,0.942751,-0.082215,0.935125,0.330995,0.988109,-0.391235,1.069737,0.374243,0.782407,3.842476,0.773729,4.780372,239.823273,52.416618,314.510498,0.126824,0.900681,-0.112205,0.768510,-0.311250,0.632390,-0.495932,0.886794,0.467690,0.872923,-0.736165,0.612956,0.126112,0.709515,-0.007005,0.823699,0.670018,0.717175,0.959270,0.718768,-0.102404,0.742347,-0.637100,0.687746,-0.495315,0.785137,0.748121,0.991673,-0.601961,0.859695,-0.192016,0.764845,3.679192,0.698676,4.633079,122.376480,20.784754,146.163345,-0.469144,1.196734,0.210314,1.062024,0.640884,0.392169,0.692164,0.548176,0.573627,1.021662,-0.936551,0.720814,0.290535,0.598928,-0.932733,0.785511,0.215212,0.752205,0.794555,0.819852,0.121001,0.613606,0.252676,0.912562,0.124335,0.935671,0.122432,0.917790,-0.285872,1.146152,0.657373,0.620693,3.924119,0.796187,4.872968,184.605408,48.632961,255.296112,0.571277,0.729302,0.932230,1.201098,0.880110,0.784155,1.099649,0.556428,1.311682,0.984053,1.338147,1.016877,0.894339,1.440494,0.908237,0.960950
panda_0170,48,0:48,12,4,14,0.097549,0.540060,-0.543604,0.486200,-0.177263,0.436339,0.278103,0.618590,0.202119,0.487713,-0.675783,0.820453,-0.290385,0.423175,0.047027,0.814031,0.135874,0.210834,1.265717,0.380664,0.495267,0.279297,0.080209,1.084985,0.207128,0.623418,-0.660800,0.598300,-0.580360,0.322032,0.192203,0.890016,3.025949,0.712643,3.972631,93.103035,28.072865,130.834625,0.120662,0.501894,-0.403412,0.423888,-0.127647,0.414202,0.161103,0.577533,0.107257,0.495157,-0.794012,0.687167,-0.208128,0.351072,-0.099798,0.709862,0.067146,0.165839,1.180328,0.384934,0.400676,0.250002,0.011429,0.896534,0.167996,0.525916,-0.535268,0.621969,-0.480313,0.284987,0.166323,0.782900,2.691227,0.695910,3.686312,51.957047,19.270412,77.901428,0.085993,0.557806,-0.613700,0.500004,-0.202071,0.444927,0.336602,0.630033,0.249550,0.476924,-0.616669,0.873574,-0.331513,0.449349,0.120440,0.851967,0.170238,0.222222,1.308412,0.371217,0.542563,0.281156,0.114599,1.166342,0.226694,0.665982,-0.723566,0.575936,-0.630384,0.327783,0.205143,0.938735,3.193311,0.660012,4.057453,71.678223,19.925558,97.826523,0.842244,0.717854,0.855302,0.821298,0.966535,0.973810,0.710924,0.842170,0.617664,0.902235,0.747177,0.677961,0.756597,0.872910,0.768607,0.799652
panda_0172,48,0:48,12,4,14,-0.795772,0.647387,0.000106,0.528637,-1.434636,0.948722,-1.652873,1.101404,1.035799,0.681420,-0.477585,0.375238,1.034116,0.540481,0.018454,0.411843,1.648141,1.092293,1.142195,0.852638,-1.406853,0.750168,-1.200062,1.181252,0.892722,0.468020,1.623619,0.734288,-1.634457,1.357664,-1.568337,1.235548,5.860205,1.158261,6.681733,51.724026,18.493113,75.509369,-0.473476,0.562647,0.185526,0.453318,-1.238171,0.854572,-1.514114,1.016916,0.981108,0.682530,-0.497061,0.323536,0.838142,0.496607,-0.070877,0.395202,1.312899,0.990671,0.743685,0.744861,-1.173725,0.664808,-0.912242,1.057405,0.606304,0.441821,1.477327,0.751957,-1.338329,1.210838,-1.369713,1.129947,4.976582,1.341117,6.505717,51.141708,18.522898,75.286530,-0.956920,0.626477,-0.092603,0.539122,-1.532868,0.977759,-1.722252,1.134961,1.063145,0.679215,-0.467846,0.398225,1.132103,0.534852,0.063120,0.412728,1.815762,1.102112,1.341450,0.833048,-1.523417,0.763139,-1.343973,1.213199,1.035931,0.411625,1.696766,0.714142,-1.782521,1.402157,-1.667649,1.273534,6.302016,0.726267,6.684021,5.274674,3.524234,10.009809,0.542572,0.862455,0.810994,0.873500,0.927226,1.062793,0.752020,0.965589,0.737003,0.585204,0.766615,0.711170,0.588329,0.879584,0.761049,0.823408
panda_0180,48,0:48,12,4,14,0.671791,0.897020,0.374711,0.674586,-0.569281,0.586041,-0.626873,0.556232,-0.159414,0.801107,0.313047,0.717922,-0.113438,0.605203,0.453694,0.813162,-0.267998,0.685801,-1.031777,0.853157,-0.208859,0.522007,-0.182632,0.634524,0.228979,0.868617,0.710317,0.677875,0.659673,0.896606,-0.601478,0.669311,3.420961,0.975518,4.673913,61.447952,18.395987,87.294235,0.724368,0.747841,0.486420,0.639086,-0.474519,0.538405,-0.619309,0.503547,-0.154647,0.743284,0.275896,0.655430,-0.125073,0.532629,0.272748,0.782071,-0.248121,0.628510,-0.989467,0.741349,-0.235697,0.450288,-0.101599,0.568921,0.125763,0.743789,0.641444,0.609530,0.568042,0.806703,-0.556656,0.625602,3.093667,0.991002,4.417481,41.931465,14.377548,64.250603,0.645502,0.961904,0.318856,0.684854,-0.616662,0.602902,-0.630655,0.580749,-0.161798,0.828496,0.331623,0.746518,-0.107621,0.638324,0.544168,0.813311,-0.277937,0.712513,-1.052932,0.903146,-0.195440,0.553911,-0.223148,0.661189,0.280587,0.920403,0.744754,0.707072,0.705489,0.934971,-0.623888,0.689035,3.584607,0.925241,4.761665,41.016701,11.863304,57.828884,0.887407,1.100914,0.807074,0.953727,0.878017,0.833464,0.814910,0.822525,0.868244,0.874012,0.851594,0.796369,0.760697,0.860510,0.822716,0.884198
panda_0181,48,0:48,12,4,14,-0.955069,0.387706,-0.094043,0.396258,-1.672186,0.396499,-1.907096,0.499941,1.108764,0.448316,-0.475663,0.418266,1.179037,0.263323,0.111035,0.267647,1.913187,0.527688,1.311368,0.554650,-1.594220,0.358342,-1.374238,0.865879,0.999436,0.515343,1.741386,0.453920,-1.907222,0.761495,-1.793518,0.739269,5.823767,1.133679,6.679189,67.197220,23.631826,99.945496,-0.627080,0.429732,0.034653,0.310842,-1.495842,0.304713,-1.907692,0.276829,1.197346,0.268107,-0.368495,0.049619,0.955141,0.269687,0.059056,0.224478,1.662437,0.557439,0.979456,0.567642,-1.389586,0.371929,-1.337864,0.617019,0.550551,0.318995,1.707486,0.429689,-1.811174,0.564380,-1.802322,0.440435,5.171450,1.342723,6.504087,54.298195,22.283718,83.936508,-1.119063,0.229033,-0.158391,0.418088,-1.760357,0.407516,-1.906799,0.580167,1.064474,0.509564,-0.529247,0.502569,1.290985,0.173337,0.137024,0.283250,2.038561,0.463849,1.477324,0.466607,-1.696538,0.303384,-1.392424,0.966060,1.223878,0.443130,1.758336,0.464636,-1.955247,0.838827,-1.789115,0.850135,6.149925,0.840982,6.682020,36.656464,16.463877,61.220757,0.560867,0.731091,0.848870,0.996624,1.058601,0.696075,0.739855,0.803262,0.815432,0.657847,0.819038,0.836633,0.451570,0.968657,0.898385,0.951992
panda_0185,48,0:48,12,4,14,1.139365,0.774767,0.042379,0.676934,0.077924,0.625330,0.360951,0.737365,-0.431347,0.828251,0.420543,0.480420,-0.851753,0.680753,0.564981,0.606635,-1.016301,0.770482,-0.837567,0.655403,0.778446,0.778271,0.063946,0.648315,-0.282754,0.739054,-0.179601,0.868974,0.991185,0.860332,0.015541,0.735357,3.643623,1.174822,5.310991,88.528122,20.311680,121.345680,1.097809,0.653749,0.148802,0.635406,0.105164,0.545048,0.226985,0.631665,-0.439179,0.796087,0.316348,0.460972,-0.775146,0.594533,0.361939,0.624448,-0.912268,0.658319,-0.602379,0.630215,0.636144,0.687684,-0.015342,0.636423,-0.318372,0.657694,-0.135275,0.811989,0.840389,0.748626,-0.005283,0.628434,3.220207,1.115143,4.842025,64.819443,14.965798,88.584991,1.160143,0.827893,-0.010832,0.690649,0.064304,0.661409,0.427934,0.776273,-0.427432,0.843846,0.472640,0.481472,-0.890056,0.716939,0.666502,0.571072,-1.068318,0.815876,-0.955161,0.635814,0.849597,0.810503,0.103590,0.650566,-0.264945,0.775931,-0.201765,0.895286,1.066583,0.901655,0.025952,0.783158,3.855331,1.146332,5.424994,55.060867,13.423491,73.263901,0.910546,0.949835,0.818913,0.722511,0.930682,0.806359,0.848750,0.785335,0.829875,0.714028,0.767032,0.892474,0.823859,0.877921,0.784784,0.786509
panda_0200,48,0:48,12,4,14,-0.444453,0.873598,0.054304,0.507858,-1.437083,0.686060,-1.554354,0.881442,0.797060,0.789652,-0.437680,0.427192,0.853794,0.587365,0.246054,0.491885,1.430684,0.969132,1.015797,0.792243,-1.155083,0.796121,-1.098259,0.968300,0.684993,0.595122,1.435543,0.772003,-1.315614,1.247485,-1.422792,0.992397,5.121479,1.504666,6.678604,94.102684,19.934654,120.743225,-0.350615,0.585369,0.122546,0.369087,-1.341116,0.450448,-1.661444,0.557798,1.005951,0.580634,-0.488917,0.423712,0.792952,0.470630,0.113768,0.378865,1.408695,0.629566,0.907919,0.561155,-1.126387,0.559321,-1.142446,0.630440,0.366668,0.542667,1.575051,0.569673,-1.404288,0.775362,-1.469239,0.674448,4.694420,1.285258,6.376823,78.228233,19.017279,101.712479,-0.491371,0.983273,0.020182,0.561493,-1.485067,0.773083,-1.500808,1.000619,0.692615,0.856757,-0.412062,0.426621,0.884215,0.635589,0.312197,0.527288,1.441679,1.100130,1.069737,0.880509,-1.169431,0.890885,-1.076165,1.098279,0.844155,0.554990,1.365789,0.846831,-1.271277,1.424021,-1.399568,1.117237,5.335009,1.559904,6.681365,35.874977,8.206458,45.801285,0.536435,0.721285,0.867790,1.022377,1.094761,1.111867,0.866835,0.699664,0.881135,0.727082,0.890469,0.828887,0.560098,1.075257,0.852455,0.928858
panda_0211,48,0:48,12,4,14,0.155955,0.607598,0.273108,0.665649,0.461602,0.662032,0.196060,0.685109,0.436372,0.689731,0.023440,0.705005,-0.192459,0.712983,-0.467515,0.600821,-0.362219,0.671326,-0.173970,0.611179,0.170589,0.679899,-0.247167,0.657529,-0.296412,0.836009,0.323160,0.748462,0.185759,0.569255,-0.026122,0.648601,2.819911,0.780341,3.832865,153.915558,33.132576,198.283905,0.357746,0.510790,0.319480,0.583037,0.525043,0.579078,0.221463,0.619571,0.339233,0.674609,-0.046406,0.630742,-0.285606,0.604483,-0.518323,0.532262,-0.371210,0.578904,-0.140353,0.502998,0.227070,0.601648,-0.321385,0.681106,-0.389146,0.746343,0.348407,0.744810,0.189607,0.500385,0.008196,0.574132,2.637281,0.784628,3.629769,89.279305,22.987799,128.427185,0.055059,0.626714,0.249922,0.702178,0.429881,0.697671,0.183358,0.715292,0.484941,0.692074,0.058362,0.736866,-0.145885,0.757173,-0.442111,0.630787,-0.357723,0.713016,-0.190779,0.657996,0.142348,0.714151,-0.210058,0.642209,-0.250045,0.873730,0.310537,0.749963,0.183835,0.600727,-0.043281,0.682149,2.911226,0.761947,3.923151,114.674942,23.057459,143.586380,0.990619,0.858646,0.946301,0.876504,0.884923,0.830779,0.861599,0.986759,0.864675,0.733020,0.860306,1.080599,0.865104,0.959262,0.837458,0.839706
panda_0212,48,0:48,12,4,14,0.986538,0.205693,-1.783919,0.942260,-0.994213,0.668938,0.093675,0.529427,-0.522378,0.452847,0.023020,0.552667,-1.350916,0.452912,1.748090,0.794907,-0.282942,0.409593,1.877624,0.778751,1.443576,0.328966,-0.978469,0.900733,-0.058995,0.385062,-1.365536,0.398915,-0.991352,0.889004,-0.725920,0.824581,5.108395,0.844387,5.875587,68.380486,16.310560,92.258102,1.089484,0.209899,-1.419808,0.887124,-0.862155,0.863812,0.007461,0.696891,-0.761186,0.376351,-0.069442,0.446300,-1.225506,0.393118,1.510289,0.840921,-0.386569,0.585552,1.644253,0.993647,1.314332,0.333575,-0.696874,0.922358,-0.104379,0.389756,-1.270524,0.321396,-0.686225,1.052674,-0.564012,0.907916,4.736249,1.052000,5.881185,46.732285,16.727888,74.068100,0.935065,0.182994,-1.965976,0.915889,-1.060243,0.533903,0.136783,0.414772,-0.402974,0.440469,0.069251,0.593429,-1.413621,0.467577,1.866991,0.742853,-0.231128,0.268626,1.994309,0.612508,1.508198,0.306861,-1.119266,0.855649,-0.036302,0.380670,-1.413043,0.424596,-1.143915,0.749403,-0.806874,0.766867,5.294468,0.642077,5.874466,44.365360,11.158792,55.790703,1.165091,0.727280,1.017807,1.680469,1.650847,0.834545,0.849811,0.813926,1.629841,0.919718,0.870847,0.755633,1.123036,0.888663,0.859206,0.921103
panda_0213,48,0:48,12,4,14,-0.083840,0.463503,0.040259,0.689298,-1.183776,0.559426,-1.023145,0.664594,0.322925,0.730211,-0.460437,0.623297,0.484638,0.504149,0.379404,0.661593,0.969330,0.619931,1.082637,0.728072,-0.551031,0.464624,-0.692339,1.110859,0.569843,0.634555,0.725145,0.695946,-0.881055,0.942429,-0.888381,0.867523,3.914801,1.042683,5.232433,100.530960,26.448498,136.158279,0.107175,0.414470,0.271045,0.555482,-0.981313,0.505188,-0.972943,0.644365,0.366411,0.689465,-0.611810,0.528047,0.456366,0.452157,0.158545,0.571299,0.793426,0.567804,0.861547,0.696369,-0.481549,0.418214,-0.575306,1.017000,0.377652,0.578601,0.773738,0.630034,-0.722809,0.824919,-0.780703,0.798986,3.456501,1.048773,4.843235,63.088226,16.085781,83.185822,-0.179348,0.457160,-0.075134,0.720049,-1.285007,0.557750,-1.048246,0.673078,0.301183,0.748808,-0.384750,0.652799,0.498773,0.527661,0.489834,0.675857,1.057281,0.626150,1.193182,0.718336,-0.585772,0.482433,-0.750856,1.150476,0.665938,0.639451,0.700849,0.725443,-0.960179,0.986525,-0.942219,0.894990,4.143951,0.960879,5.361294,67.470963,20.005951,88.473816,0.819101,0.817568,0.768550,0.929888,0.956571,1.146686,0.854888,0.668862,0.756648,0.746336,0.813373,0.802226,0.682886,0.995633,0.780306,0.845697
panda_0216,48,0:48,12,4,14,-0.095331,0.989387,-1.542129,1.122724,0.550000,0.566382,0.694202,0.691477,-0.226063,0.668702,1.225871,0.622011,-1.194594,0.320450,0.426218,0.425669,-0.680770,0.782242,-0.222511,0.705239,0.887879,0.452644,-0.362295,0.928848,-0.519180,0.447684,-1.321379,0.393001,-0.425028,1.416087,-0.220111,0.993623,4.258493,1.247939,5.789420,48.011826,13.210317,63.439789,0.081423,0.795179,-1.317137,1.012565,0.413926,0.502030,0.442049,0.653091,-0.450428,0.598264,1.078873,0.615412,-1.098839,0.329540,0.419413,0.433293,-0.627011,0.671912,-0.143519,0.576243,0.805334,0.381723,-0.355543,0.795659,-0.532563,0.370110,-1.112340,0.423533,-0.412091,1.230199,-0.279222,0.886789,3.703652,1.283127,5.247659,41.728474,11.616768,54.286606,-0.183708,1.062423,-1.654625,1.157650,0.618036,0.584191,0.820279,0.675471,-0.113880,0.673817,1.299369,0.612189,-1.242472,0.304724,0.429620,0.421763,-0.707649,0.830634,-0.262007,0.758509,0.929151,0.478919,-0.365671,0.988720,-0.512489,0.481670,-1.425898,0.330473,-0.431497,1.500379,-0.190555,1.041687,4.535914,1.132224,6.220292,20.901936,8.520154,34.961754,0.643109,0.781668,0.701807,0.647182,1.050157,0.829977,0.884397,0.971422,0.862241,0.724137,0.866711,0.818010,0.981408,0.780134,0.821849,0.907687
panda_0218,48,0:48,12,4,14,-0.153496,0.564677,-0.448301,0.919072,0.588373,1.065665,0.499566,1.051751,-0.102160,0.617529,0.738858,1.113408,-0.513159,0.864568,-0.214059,0.724145,-0.588508,0.817612,-0.974875,0.751840,0.229904,0.723471,0.289088,1.063638,-0.169028,0.885849,-0.484189,0.971466,0.327688,0.820841,0.149378,1.038625,3.795015,1.333135,5.648207,51.280941,14.944608,75.015076,-0.014745,0.496042,-0.292214,0.815645,0.552362,0.935755,0.353849,0.927672,-0.173548,0.582926,0.642823,1.007414,-0.487100,0.762972,-0.277139,0.650091,-0.543623,0.694342,-0.830709,0.653201,0.192033,0.640364,0.202470,0.931978,-0.278825,0.802632,-0.390403,0.869604,0.246711,0.715294,0.103505,0.922322,3.314240,1.269457,5.098893,40.557423,10.065286,54.123764,-0.222872,0.583801,-0.526345,0.957146,0.606378,1.124576,0.572424,1.101389,-0.066467,0.631101,0.786876,1.159809,-0.526188,0.910848,-0.182519,0.756496,-0.610951,0.871875,-1.046958,0.786748,0.248840,0.760925,0.332396,1.121191,-0.114130,0.919751,-0.531082,1.015341,0.368176,0.865984,0.172315,1.091419,4.035401,1.298752,5.938217,28.625813,11.445573,46.487946,0.812964,0.765689,0.844584,0.745525,0.954971,0.830017,0.844575,0.903926,0.817403,0.763592,0.829843,0.805328,0.904285,0.775407,0.780489,0.848023
panda_0219,48,0:48,12,4,14,0.079665,0.492589,-0.033891,0.704146,-0.324685,0.952520,-0.419823,1.150680,0.067715,0.905691,0.194110,0.807960,-0.051309,0.694605,0.244140,0.584994,0.117053,0.961419,-0.113885,0.798928,-0.163336,0.750408,-0.358497,1.063735,-0.267903,0.934462,0.485772,1.079962,-0.061404,1.094036,-0.378903,1.144305,3.534812,1.267462,5.023256,108.617294,32.149113,143.959076,-0.044630,0.300806,0.024104,0.586016,-0.828275,0.447150,-1.208602,0.531676,0.674552,0.767063,-0.149205,0.629561,0.260366,0.592409,0.194068,0.503945,0.865882,0.496771,0.482359,0.464748,-0.589005,0.523011,-0.906798,0.635299,-0.379225,0.774847,1.294492,0.833295,-0.860872,0.486644,-0.952167,0.523372,3.605972,0.894149,4.864677,71.807182,30.677633,104.494217,0.141812,0.554199,-0.062889,0.754654,-0.072890,1.034778,-0.025434,1.173936,-0.235704,0.812424,0.365767,0.832241,-0.207146,0.689481,0.269176,0.620053,-0.257361,0.917899,-0.412006,0.763416,0.049499,0.756308,-0.084346,1.126952,-0.212242,1.000170,0.081411,0.954864,0.338330,1.094348,-0.092272,1.257266,3.499232,1.416383,5.355637,69.976707,14.593880,87.154488,0.548593,0.766381,1.031614,1.323235,1.372913,0.761629,0.969913,0.752263,1.300104,0.825924,1.190184,1.017835,0.718378,1.621138,1.050010,0.979963
panda_0238,48,0:48,12,4,14,0.547226,0.384382,0.516386,0.785572,0.324083,0.583772,0.220390,0.707531,0.102503,0.710914,-0.214042,0.773267,-0.166989,0.537152,-0.164841,0.629267,-0.278385,0.532166,0.121001,0.512279,0.284861,0.485833,-0.323545,0.818489,-0.690532,0.840697,0.470747,0.653182,0.354495,0.638930,0.138750,0.836384,2.895085,0.811040,3.941433,164.466705,43.452782,217.616791,0.669190,0.426299,0.157677,0.618015,0.239406,0.640292,0.063874,0.705133,-0.126512,0.610996,0.218172,0.616663,-0.497038,0.550316,0.099209,0.480455,-0.436312,0.613371,-0.135437,0.472606,0.431731,0.565796,-0.512078,0.792270,-0.673558,0.933812,0.256208,0.625855,0.213093,0.618703,-0.169163,0.709486,2.788983,0.884427,3.881147,75.005836,19.470253,99.757874,0.486244,0.345836,0.695741,0.798881,0.366421,0.548470,0.298648,0.695643,0.217010,0.729454,-0.430149,0.752774,-0.001964,0.446849,-0.296865,0.652882,-0.199421,0.466888,0.249219,0.482334,0.211426,0.421675,-0.229279,0.815096,-0.699020,0.789897,0.578017,0.640002,0.425197,0.637145,0.292706,0.852357,2.948136,0.766244,3.975590,137.610107,37.669296,182.955750,1.359846,0.553696,1.017866,0.928346,0.844196,0.721946,1.878746,0.696949,1.534259,0.882261,1.584173,1.110580,0.978446,0.753456,0.815293,0.832786
panda_0247,48,0:48,12,4,14,-0.314659,0.255297,0.430903,0.244334,-1.188623,0.360932,-0.847057,0.487683,0.337463,0.514431,-1.109711,0.384629,0.861375,0.302740,0.033136,0.248409,0.884234,0.400000,0.406647,0.377908,-0.761599,0.338831,0.468517,0.707753,0.986189,0.523854,1.004590,0.449808,-0.150192,0.609761,-0.221557,0.589801,3.344276,0.541579,4.034641,78.719025,29.531471,121.540375,-0.410650,0.268595,0.344880,0.178351,-1.206168,0.187695,-1.291602,0.298855,0.767348,0.419999,-0.875772,0.360676,0.892240,0.246056,-0.081077,0.213792,1.131778,0.244384,0.581852,0.364058,-1.004924,0.155346,-0.230622,0.693983,0.695589,0.489920,1.177990,0.525944,-0.823488,0.407741,-0.807526,0.555572,3.662162,0.610528,4.607907,57.837032,29.076635,100.461334,-0.266664,0.234056,0.473915,0.260948,-1.179850,0.421381,-0.624785,0.404821,0.122521,0.412503,-1.226680,0.340324,0.845943,0.326330,0.090243,0.244793,0.760462,0.405191,0.319044,0.353455,-0.639937,0.340203,0.818087,0.379432,1.131489,0.477795,0.917891,0.377666,0.186457,0.366866,0.071427,0.331585,3.185333,0.421664,3.593526,47.543678,14.716338,68.080780,1.252524,0.727920,0.993716,1.825762,2.465606,0.707974,1.015227,1.091617,1.386716,1.495397,1.455342,0.747325,0.590644,1.234587,3.002976,4.221698
panda_0249,48,0:48,12,4,14,-0.999640,0.373133,-0.144776,0.286367,-1.704909,0.261872,-2.010604,0.259244,1.179202,0.285391,-0.398939,0.216090,1.195136,0.248011,0.147541,0.194327,2.021816,0.437947,1.426683,0.486991,-1.647587,0.301981,-1.599731,0.541793,0.897488,0.367633,1.823591,0.335072,-2.083557,0.479771,-1.941594,0.416414,5.963036,1.048535,6.679391,62.690498,20.327427,91.684372,-0.627045,0.429815,0.034591,0.310859,-1.496655,0.303335,-1.907291,0.277055,1.197591,0.268795,-0.368998,0.050835,0.955120,0.269780,0.057883,0.224217,1.662096,0.557489,0.979055,0.567438,-1.390528,0.371726,-1.336278,0.617814,0.550156,0.320057,1.707880,0.428523,-1.812784,0.565806,-1.802456,0.440581,5.172156,1.342681,6.504087,54.259556,22.281330,83.853821,-1.185937,0.111140,-0.234459,0.224862,-1.809036,0.155987,-2.062261,0.233294,1.170008,0.292905,-0.413909,0.260918,1.315143,0.112551,0.192370,0.159621,2.201676,0.187751,1.650497,0.210877,-1.776117,0.134680,-1.731458,0.444304,1.071153,0.247049,1.881448,0.257977,-2.218944,0.360851,-2.011163,0.385391,6.358476,0.527848,6.681365,28.092920,9.586557,40.975655,0.529394,0.908865,0.827322,0.924854,1.019239,0.891354,0.726247,0.951683,0.754923,0.593189,0.782903,0.767652,0.515594,0.907739,0.816847,0.895129
panda_0258,48,0:48,12,4,14,0.322515,0.634364,0.200423,0.817060,-0.042182,0.624440,0.004002,0.590046,-0.153222,0.779260,0.139155,0.912816,-0.163532,0.654915,0.075286,0.947762,-0.235747,0.642852,-0.347722,0.616344,0.054047,0.577073,0.112225,0.827680,-0.116633,0.993219,0.063622,0.682474,0.359236,0.735866,0.018084,0.751176,2.942284,0.920972,4.107412,86.964722,19.869280,109.687729,0.373851,0.541031,0.369855,0.690150,0.014404,0.556091,-0.041252,0.533865,-0.105212,0.734258,-0.016050,0.806356,-0.129629,0.571782,-0.126926,0.868147,-0.208834,0.527077,-0.220878,0.527819,-0.003729,0.501125,0.077296,0.753640,-0.166207,0.888130,0.164237,0.604241,0.285265,0.597533,0.051037,0.670179,2.606969,0.855680,3.727279,54.294167,12.220986,68.476837,0.296847,0.674754,0.115708,0.861218,-0.070476,0.654116,0.026629,0.614971,-0.177226,0.799733,0.216758,0.952197,-0.180484,0.692128,0.176391,0.969471,-0.249203,0.693138,-0.411145,0.646881,0.082936,0.609469,0.129689,0.861789,-0.091846,1.040911,0.013314,0.713098,0.396222,0.793488,0.001608,0.788044,3.109940,0.906567,4.248053,59.478191,14.672630,75.785339,0.879796,0.860344,0.857736,0.914232,0.897168,0.823171,0.800550,0.885452,0.776070,0.742342,0.796263,0.867002,0.822578,0.826595,0.748484,0.849169
panda_0269,48,0:48,12,4,14,-0.848162,0.476975,0.042403,0.583859,-1.508759,0.767979,-1.700731,0.897514,1.045073,0.568889,-0.583794,0.541316,1.125056,0.356742,-0.012015,0.452610,1.699142,0.827004,1.151249,0.708167,-1.468835,0.529445,-1.103980,1.178961,1.046666,0.507820,1.661991,0.601554,-1.629801,1.169652,-1.565715,1.131837,5.726999,1.175418,6.681184,50.601532,16.382383,70.191872,-0.522045,0.446972,0.224181,0.504952,-1.305534,0.706593,-1.544111,0.853668,0.993838,0.565176,-0.587652,0.477843,0.917971,0.360366,-0.098373,0.431005,1.355513,0.784549,0.736581,0.663755,-1.229824,0.496034,-0.825244,1.067501,0.742529,0.522141,1.524916,0.625690,-1.333893,1.063093,-1.366297,1.052712,4.882667,1.320233,6.509494,49.619011,16.402401,69.717270,-1.011220,0.401997,-0.048486,0.599222,-1.610371,0.777223,-1.779041,0.908585,1.070691,0.569008,-0.581864,0.570400,1.228598,0.306271,0.031163,0.456954,1.870957,0.793463,1.358583,0.634826,-1.588341,0.504578,-1.243348,1.207011,1.198734,0.425595,1.730528,0.577031,-1.777754,1.192215,-1.665424,1.156570,6.149167,0.816230,6.682974,7.089614,4.794449,13.576107,0.531812,0.896398,0.814979,0.872256,0.921196,1.010038,0.750392,0.964876,0.732748,0.578732,0.773462,0.722009,0.621163,0.884570,0.762995,0.828569
panda_0281,48,0:48,12,4,14,-0.649487,0.318899,0.186200,0.458257,-1.261641,0.439105,-1.314270,0.495713,0.641636,0.544099,-0.578650,0.459687,0.971206,0.288053,0.032810,0.380415,1.384165,0.416293,0.859725,0.654875,-1.185484,0.267266,-0.643369,0.644853,0.751160,0.637362,1.257317,0.545604,-1.073963,0.547148,-0.989083,0.678875,4.190498,0.834324,5.315223,112.077469,37.357788,159.233429,-0.345260,0.247061,0.495887,0.450180,-1.144342,0.344634,-1.227972,0.511763,0.854751,0.629350,-0.664357,0.501089,0.874598,0.291846,-0.055750,0.370038,1.465000,0.435556,1.195084,0.792683,-1.139768,0.260738,-0.971611,0.541024,0.050461,0.377103,1.559786,0.575218,-1.131254,0.399244,-0.877842,0.751331,4.307160,0.873873,5.315223,88.063499,34.131233,124.679321,-0.801601,0.229368,0.031357,0.376484,-1.320291,0.468524,-1.357419,0.481727,0.535078,0.460392,-0.535797,0.431178,1.019510,0.273632,0.077090,0.377792,1.343748,0.400243,0.692046,0.494742,-1.208342,0.267558,-0.479248,0.629756,1.101510,0.412321,1.106083,0.460947,-1.045317,0.605720,-1.044704,0.632279,4.132168,0.807534,5.200877,38.005211,12.292467,54.491287,0.439737,1.842835,0.860746,0.896840,1.575279,1.202854,0.856903,0.901487,1.087441,1.559206,0.942643,1.476366,0.256071,1.400663,1.016694,0.850642
panda_0283,48,0:48,12,4,14,-0.529864,0.544076,-0.321635,0.460321,-0.542775,0.419414,-0.710984,0.401379,0.720778,0.616760,-0.329238,0.530194,0.347485,0.456405,-0.222136,0.426303,0.830754,0.609007,0.889768,0.698861,-0.518636,0.405233,-0.730876,0.691038,0.527736,0.618257,0.458150,0.550174,-1.178839,0.774113,-0.756354,0.519151,3.263352,1.009556,4.455869,79.819275,23.712656,103.535294,-0.278961,0.476016,-0.157343,0.449430,-0.496996,0.372389,-0.667043,0.371139,0.561794,0.558815,-0.481044,0.466996,0.243219,0.404800,-0.289540,0.401412,0.587725,0.562212,0.578755,0.611160,-0.404558,0.351470,-0.508263,0.667165,0.490114,0.538177,0.609500,0.547634,-0.925421,0.689215,-0.666693,0.499886,2.767081,0.987822,4.125647,48.257416,17.842913,66.408035,-0.655316,0.532464,-0.403781,0.443402,-0.565665,0.439264,-0.732955,0.413929,0.800270,0.628885,-0.253335,0.543444,0.399619,0.471565,-0.188434,0.434313,0.952269,0.594975,1.045275,0.687971,-0.575676,0.418085,-0.842182,0.675706,0.546547,0.653823,0.382475,0.535635,-1.305548,0.783073,-0.801184,0.522785,3.511488,0.925308,4.531434,55.648338,16.237547,75.911438,0.591741,0.733670,0.876674,0.907211,0.750112,1.161631,0.725623,1.075378,0.672847,0.597240,0.730037,0.694655,0.853666,1.250828,0.717803,0.822500
panda_0288,48,0:48,12,4,14,0.513155,0.986614,0.384986,0.667607,0.273587,1.244210,0.374909,1.488117,0.116976,1.096587,-0.198776,0.715843,-0.293490,0.900596,-0.268691,0.498555,-0.539352,1.374299,-0.660085,0.953512,0.233962,1.136455,0.490499,1.049780,-0.011377,1.117410,0.208253,1.062242,0.831341,1.481079,0.426286,1.418342,4.317961,1.965170,7.860214,139.267075,38.598553,199.491913,0.535058,0.819368,0.498156,0.535880,-0.036189,1.043407,0.054031,1.436463,0.504023,1.122153,-0.372596,0.625206,-0.144530,0.836618,-0.302960,0.476429,-0.003303,1.140572,-0.172765,0.767772,-0.019324,0.978365,0.233314,0.897715,-0.266933,0.952034,0.663439,1.027459,0.443178,1.344780,0.259980,1.338251,3.944855,1.498314,6.109874,126.759949,39.762859,184.972198,0.502204,1.060221,0.328400,0.717885,0.428475,1.306050,0.535347,1.487549,-0.076547,1.030431,-0.111866,0.741988,-0.367970,0.921956,-0.251557,0.508393,-0.807377,1.402528,-0.903744,0.943892,0.360605,1.187678,0.619091,1.095675,0.116401,1.170787,-0.019340,1.004641,1.025423,1.507704,0.509438,1.449599,4.504515,2.136811,7.888435,49.284622,11.157265,66.336746,0.735886,0.908139,0.803721,0.977838,1.243485,1.039400,0.879075,0.985744,0.718719,0.533750,0.824147,0.704352,0.753532,1.246721,0.804083,0.904274
panda_0290,48,0:48,12,4,14,-0.447247,0.422056,0.047572,0.438252,-1.049578,0.417202,-1.423820,0.458613,0.914554,0.556553,-0.357153,0.537915,0.698736,0.466464,0.000004,0.427537,1.285744,0.533749,0.925285,0.533270,-0.997719,0.443816,-1.237047,0.577780,0.419926,0.628600,1.462485,0.590445,-1.351568,0.533508,-1.322630,0.515609,4.312174,1.123921,5.803075,102.779770,23.793039,132.793167,-0.531888,0.365978,0.124475,0.298638,-1.338627,0.234670,-1.782153,0.238191,1.167430,0.320421,-0.492728,0.248030,0.921050,0.269286,0.005222,0.242862,1.578166,0.489997,0.967909,0.558377,-1.259439,0.289413,-1.270964,0.595180,0.402798,0.287946,1.731465,0.471258,-1.679319,0.474632,-1.632002,0.397721,4.896203,1.152965,5.977753,57.192894,19.721197,83.357208,-0.404926,0.441422,0.009120,0.488947,-0.905053,0.413387,-1.244653,0.436828,0.788115,0.604427,-0.289365,0.624086,0.587579,0.503048,-0.002606,0.494641,1.139532,0.493103,0.903973,0.518951,-0.866859,0.449673,-1.220088,0.568123,0.428490,0.742314,1.327995,0.598025,-1.187692,0.483468,-1.167943,0.497900,4.020159,0.987075,5.350491,80.895935,20.009968,106.019440,1.032358,0.714883,1.471230,1.430892,1.367673,0.847432,1.367404,0.537318,1.379242,1.041200,1.423920,1.030861,0.580605,1.296466,1.411265,1.390765
panda_0292,48,0:48,12,4,14,-0.424774,0.559290,-0.028053,0.423869,-1.077822,0.618861,-1.221985,0.820108,0.572290,0.673817,-0.428600,0.409181,0.676879,0.499848,0.139912,0.299718,1.096880,0.875049,0.632758,0.847297,-0.875890,0.675923,-0.606331,1.015851,0.601665,0.533560,1.045901,0.891283,-0.961576,1.100674,-1.006141,0.918429,3.910748,1.810544,6.488959,107.200943,28.163197,146.388611,-0.603483,0.429923,0.025542,0.333969,-1.484627,0.311371,-1.868989,0.283529,1.106505,0.318348,-0.329732,0.124812,0.928852,0.274396,0.092388,0.253297,1.616901,0.547986,0.950367,0.560796,-1.355887,0.369100,-1.309106,0.611296,0.524167,0.351022,1.637724,0.428264,-1.766846,0.557488,-1.771991,0.447227,5.047663,1.322161,6.496069,53.568699,21.100471,81.748863,-0.335419,0.594003,-0.054850,0.459973,-0.874419,0.633948,-0.898483,0.809142,0.305182,0.645238,-0.478034,0.485823,0.550893,0.538060,0.163674,0.317762,0.836869,0.891967,0.473953,0.918677,-0.635892,0.666628,-0.254944,0.995324,0.640414,0.600764,0.749990,0.914977,-0.558942,1.084197,-0.623217,0.851686,3.342291,1.753174,6.341178,91.663696,23.491558,121.145821,1.092738,0.778983,1.622825,1.929434,1.938750,0.609985,1.496785,0.859858,1.717657,1.138093,1.909915,1.522529,0.704149,1.750330,1.897005,2.254157
panda_0296,48,0:48,12,4,14,0.207799,0.770142,0.459774,0.697277,0.731575,0.905426,0.235934,1.160710,0.364552,0.837887,0.347109,0.752270,-0.188699,0.588869,-0.473547,0.515419,-0.257009,0.965206,-0.337092,0.697724,0.024335,0.835206,-0.532483,0.967595,-1.127504,0.912216,0.689960,0.845556,0.289447,1.163149,0.114545,1.140198,3.806899,1.246311,5.717815,192.880600,43.370651,244.000061,-0.160608,0.504805,0.204119,0.457389,0.298366,0.754367,-0.342331,0.815512,0.692855,0.730153,0.317951,0.645719,0.013543,0.560415,-0.514964,0.403076,0.191887,0.729947,-0.105274,0.637292,-0.369864,0.572212,-0.812986,0.618815,-0.728243,0.802011,0.923420,0.763289,-0.367891,0.797729,-0.460889,0.702893,3.143736,0.971554,4.524267,88.584984,19.353382,112.446045,0.392002,0.812695,0.587601,0.758730,0.948179,0.896888,0.525066,1.198978,0.200401,0.840049,0.361688,0.799845,-0.289819,0.576577,-0.452838,0.562107,-0.481458,0.989895,-0.453000,0.697749,0.221435,0.875269,-0.392232,1.074189,-1.327135,0.898354,0.573230,0.860386,0.618116,1.177760,0.402263,1.206111,4.138480,1.236179,6.141410,163.164200,39.193840,213.470856,0.569462,0.514147,0.618070,0.711496,1.145199,0.829559,0.892396,1.003480,0.698114,0.757113,0.764903,0.879179,0.599436,1.195736,0.643222,0.674226
panda_0306,48,0:48,12,4,14,0.445167,0.433678,-0.331760,0.554996,-0.242225,0.585650,-0.048473,0.590850,-0.312714,0.583264,0.241161,0.662295,-0.418169,0.604988,0.450852,0.604657,-0.375772,0.540982,-0.490281,0.473847,0.295054,0.527519,-0.126360,0.712157,0.045036,0.730403,-0.130600,0.604384,0.357261,0.516800,-0.256169,0.654421,2.518596,0.923230,3.921256,63.502731,18.338526,87.717728,0.498000,0.380809,-0.207223,0.518933,-0.233595,0.518929,-0.122886,0.527649,-0.367065,0.544848,0.178803,0.596450,-0.398321,0.530866,0.336626,0.585624,-0.364676,0.460732,-0.441465,0.434425,0.239454,0.466071,-0.093645,0.642957,-0.007191,0.621319,-0.077835,0.548358,0.299969,0.451467,-0.266999,0.602684,2.260365,0.881027,3.527638,39.201298,12.491035,52.924637,0.418750,0.455536,-0.394028,0.561919,-0.246540,0.616263,-0.011267,0.616682,-0.285538,0.599709,0.272341,0.690767,-0.428093,0.638600,0.507966,0.605930,-0.381320,0.576856,-0.514689,0.490557,0.322854,0.553611,-0.142717,0.743808,0.071150,0.777926,-0.156982,0.628875,0.385907,0.544289,-0.250753,0.678747,2.647712,0.916740,4.077628,46.012665,13.007643,64.789558,1.102694,0.778037,0.834048,0.864326,0.978527,0.823333,0.856274,0.852515,0.847235,0.831443,0.803721,0.824885,0.750633,0.839038,0.780436,0.892516
panda_0309,48,0:48,12,4,14,-0.449361,0.447751,0.433376,0.467626,-0.832817,0.478869,-1.000870,0.501318,0.550319,0.727301,-0.409994,0.645323,0.733156,0.380675,-0.139570,0.480168,0.910123,0.502489,0.518007,0.597741,-0.937601,0.347326,-0.343226,0.734922,0.330434,0.928259,1.118073,0.610297,-0.580960,0.615218,-0.580643,0.679666,3.477685,0.843788,4.643129,111.150795,35.360058,152.649231,-0.485814,0.376072,0.355636,0.330702,-1.036301,0.280878,-1.333106,0.312865,0.845319,0.585089,-0.636001,0.455307,0.858408,0.292156,-0.157725,0.334461,1.256286,0.375120,0.799762,0.504959,-1.100378,0.268842,-0.743029,0.573345,0.239499,0.654637,1.460096,0.560245,-1.083376,0.384557,-0.938646,0.496723,3.980777,0.762083,4.962278,62.803551,23.330767,92.347717,-0.431134,0.478550,0.472246,0.518456,-0.731074,0.522946,-0.834752,0.495230,0.402819,0.746335,-0.296990,0.694767,0.670530,0.403641,-0.130492,0.538203,0.737042,0.467454,0.377130,0.590686,-0.856212,0.353472,-0.143324,0.725205,0.375902,1.035384,0.947062,0.560376,-0.329752,0.551798,-0.401641,0.688060,3.226139,0.766652,4.246361,85.154068,27.732376,106.654999,0.923724,0.724230,1.369828,1.564418,1.338745,1.082634,1.218722,0.662033,1.633173,1.372342,1.277000,1.360855,0.538244,1.506318,2.101743,1.500123
panda_0313,48,0:48,12,4,14,0.261712,0.720045,0.038086,0.554149,-0.113162,0.751513,-0.144216,0.740687,0.359348,0.582557,-0.296768,0.623541,-0.141780,0.676781,-0.227074,0.467613,-0.290185,0.908137,-0.550527,0.756835,0.088976,0.766493,0.225181,0.742583,0.864815,0.758629,0.200390,0.677354,0.244660,0.809043,-0.275451,0.727976,3.035775,0.803286,4.016268,67.196564,17.279291,90.686432,0.212073,0.566452,0.053003,0.477912,-0.026059,0.662762,-0.131893,0.675405,0.262019,0.560290,-0.229208,0.567273,-0.158890,0.596759,-0.351121,0.438528,-0.345190,0.823885,-0.619241,0.642817,0.049765,0.663505,0.298061,0.647396,0.745717,0.661432,0.073674,0.601195,0.221641,0.730531,-0.230431,0.676143,2.705666,0.801630,3.750376,35.399849,9.448890,46.053551,0.286531,0.784484,0.030628,0.588434,-0.156713,0.788570,-0.150377,0.771185,0.408012,0.587360,-0.330548,0.647211,-0.133225,0.713280,-0.165050,0.469360,-0.262682,0.946260,-0.516170,0.805637,0.108581,0.812400,0.188741,0.783326,0.924363,0.796173,0.263748,0.703883,0.256169,0.845334,-0.297961,0.751545,3.200830,0.751578,4.126835,55.181572,14.626642,71.204132,0.712037,0.818063,0.842380,0.866892,0.825960,0.843584,0.835186,1.165217,0.867235,0.914047,0.793446,0.892308,0.782156,0.797298,0.844673,0.882601
panda_0315,48,0:48,12,4,14,0.031751,0.806400,0.069795,0.960855,0.033116,0.972598,-0.061435,1.045005,0.208063,0.708547,-0.072152,0.758846,-0.051244,0.750334,-0.088037,0.828907,0.087554,0.965278,0.238206,0.807042,-0.014918,0.813591,-0.368489,0.976268,-0.377272,0.856987,0.397117,0.765303,-0.123169,1.187785,-0.071865,1.112879,3.458982,1.316390,5.195974,133.770111,27.484385,165.357330,-0.243923,0.574918,-0.381651,0.605662,-0.873562,0.377180,-0.953983,0.340263,0.217077,0.524761,0.174729,0.657418,0.132932,0.615825,0.370195,0.588173,0.652488,0.506499,0.363665,0.520979,-0.485831,0.498631,-0.702041,0.736670,0.131394,0.712101,0.524577,0.453627,-0.897481,0.525389,-0.975980,0.557657,3.067144,1.023722,4.469345,48.400837,8.969005,60.229229,0.169588,0.867847,0.295517,1.024010,0.486454,0.855126,0.384838,0.991303,0.203555,0.784418,-0.195593,0.775860,-0.143332,0.793373,-0.317153,0.836764,-0.194914,1.014893,0.175476,0.910747,0.220539,0.838009,-0.201712,1.036757,-0.631605,0.808729,0.333387,0.873762,0.263987,1.236351,0.380193,1.043643,3.654902,1.400060,5.839900,121.321625,27.536282,152.508606,0.697927,0.623013,1.138646,1.204103,0.660462,0.797555,0.826352,0.741976,0.834389,0.610078,0.849706,0.892336,0.711306,0.734695,0.926982,1.135632
panda_0317,48,0:48,12,4,14,-0.612592,0.633014,0.023892,0.696538,0.282342,0.574577,0.292867,0.563131,0.392753,0.566180,-0.589404,0.482731,0.136899,0.333386,-0.777401,0.605735,-0.013395,0.355035,0.409887,0.415241,-0.012111,0.309730,0.629488,0.683628,0.643149,0.551277,-0.174906,0.737884,-0.260228,0.522869,0.364494,0.602467,2.690539,0.740095,3.418565,112.075974,33.429302,153.454590,-0.583413,0.558327,-0.201731,0.468404,0.124780,0.495877,0.267469,0.532164,0.052906,0.405836,-0.438576,0.385417,-0.002779,0.270416,-0.621518,0.501185,-0.137226,0.306700,0.213557,0.279620,0.003127,0.258680,0.532265,0.584414,0.759991,0.486200,-0.285916,0.537817,-0.272378,0.423858,0.239421,0.545844,2.248715,0.642829,2.932866,37.921165,10.937780,55.627811,-0.627181,0.666751,0.136704,0.761490,0.361123,0.594678,0.305566,0.577574,0.562677,0.558450,-0.664817,0.508143,0.206738,0.339888,-0.855343,0.637616,0.048520,0.361305,0.508053,0.436618,-0.019731,0.332065,0.678100,0.723300,0.584727,0.572211,-0.119401,0.814152,-0.254153,0.565817,0.427031,0.619470,2.911451,0.684537,3.678286,104.180573,32.376225,143.983368,0.848472,0.777129,0.674030,0.913129,0.465056,0.683920,0.656025,0.752913,0.944945,0.475856,0.809742,0.789762,1.086075,0.805783,0.788606,0.752179
panda_0319,48,0:48,12,4,14,0.113731,0.860724,-0.028363,0.919853,-1.019437,0.728761,-0.794033,0.726579,-0.172480,0.879436,-0.135145,0.793805,0.230421,0.640067,0.571863,0.831203,0.383878,0.680277,0.113007,0.756228,-0.357068,0.575209,-0.177579,0.987071,0.564216,0.840731,0.450984,0.875895,-0.165847,0.885092,-0.667526,0.852285,3.531825,1.193963,5.265893,47.633644,16.982691,71.367752,0.229238,0.726808,0.123966,0.852087,-0.893550,0.678383,-0.771347,0.674235,-0.189935,0.811698,-0.176550,0.724142,0.178988,0.564277,0.392078,0.784491,0.270933,0.593859,-0.004781,0.656262,-0.334646,0.505412,-0.058700,0.860313,0.411769,0.745097,0.399064,0.792862,-0.128673,0.786030,-0.584893,0.795149,3.124957,1.150782,4.755869,38.757004,12.227716,51.765945,0.055977,0.914952,-0.104527,0.942744,-1.082381,0.744749,-0.805377,0.751127,-0.163753,0.911294,-0.114442,0.825658,0.256138,0.673306,0.661755,0.839281,0.440351,0.712926,0.171901,0.795032,-0.368279,0.606795,-0.237019,1.039613,0.640439,0.874774,0.476944,0.913484,-0.184434,0.930121,-0.708843,0.876545,3.735259,1.162761,5.462831,24.364584,12.924314,43.527992,0.789559,0.898238,0.829533,0.941574,0.884367,0.889498,0.803546,0.802932,0.746031,0.773604,0.858498,0.786101,0.751929,0.833266,0.829010,0.853020
panda_0322,48,0:48,12,4,14,-1.015743,0.392721,-0.114522,0.409260,-1.621221,0.523438,-1.892503,0.604548,1.214173,0.322336,-0.494294,0.510356,1.190081,0.264770,0.011138,0.507895,1.937721,0.543911,1.352326,0.615895,-1.620820,0.355278,-1.380921,1.005636,1.023410,0.570699,1.741514,0.577256,-1.982117,0.715556,-1.802880,0.817193,5.993124,1.074339,6.681275,55.077877,19.149086,79.961449,-0.644204,0.441498,0.099713,0.408028,-1.393251,0.515376,-1.727645,0.602372,1.162548,0.353228,-0.514389,0.453632,0.967931,0.302635,-0.085837,0.497077,1.557144,0.595412,0.893254,0.639961,-1.349929,0.391466,-1.043879,0.971005,0.696373,0.567134,1.573087,0.636544,-1.636842,0.720666,-1.565780,0.807495,5.083333,1.309003,6.499867,53.451309,19.078316,78.455116,-1.201512,0.174224,-0.221640,0.365478,-1.735207,0.489078,-1.974933,0.588564,1.239985,0.302435,-0.484247,0.536191,1.301156,0.149494,0.059626,0.506300,2.128010,0.397330,1.581862,0.454042,-1.756266,0.240155,-1.549443,0.979965,1.186929,0.497504,1.825727,0.525326,-2.154754,0.647256,-1.921430,0.795940,6.448020,0.503759,6.684039,10.489820,5.437688,19.836514,0.538203,0.890902,0.808229,0.878110,0.935853,1.062247,0.744023,0.985895,0.731813,0.582008,0.768654,0.715761,0.588606,0.868965,0.761111,0.824959
panda_0324,48,0:48,12,4,14,-0.589344,0.457347,0.228053,0.511184,-0.990762,0.454913,-1.467521,0.472614,0.880572,0.604031,-0.275109,0.462001,0.867494,0.401746,-0.015265,0.413695,1.434213,0.549415,1.202907,0.581330,-1.102302,0.490730,-1.424210,0.676199,0.199198,0.648673,1.535401,0.609574,-1.517511,0.648757,-1.368103,0.543631,4.670992,1.139126,6.026720,142.378281,29.231236,186.152740,-0.531410,0.396814,0.232397,0.342279,-1.103522,0.317401,-1.671035,0.277879,1.037071,0.425472,-0.428043,0.287445,0.838433,0.280765,-0.105438,0.263550,1.387445,0.441760,0.999249,0.611062,-1.162690,0.329442,-1.325312,0.669070,0.349466,0.409932,1.608278,0.497825,-1.581270,0.473183,-1.507622,0.425582,4.640634,1.052541,5.701144,72.220634,18.618389,99.596680,-0.618310,0.482184,0.225880,0.577384,-0.934382,0.500510,-1.365765,0.515145,0.802322,0.662116,-0.198643,0.511189,0.882024,0.449502,0.029821,0.464637,1.457596,0.594617,1.304735,0.537690,-1.072109,0.551564,-1.473659,0.674318,0.124065,0.728153,1.498962,0.655341,-1.485631,0.718560,-1.298343,0.581500,4.686171,1.179745,6.139793,113.570786,24.866711,150.500748,0.786059,0.705189,1.149133,1.222061,1.167052,1.022285,0.925739,0.653860,0.948822,0.751403,1.078082,0.887659,0.704971,1.060806,1.038363,1.147759
panda_0328,48,0:48,12,4,14,0.053439,0.731802,0.236771,1.064959,0.158329,0.547987,-0.077154,0.638187,0.409919,0.698510,-0.020897,0.782847,0.048045,0.489035,-0.370275,0.620327,0.185375,0.534669,0.098461,0.598486,-0.122898,0.499249,-0.141710,1.024372,-0.099390,0.675886,0.306285,0.713028,-0.256767,0.987928,-0.166855,0.837318,2.891474,1.000421,4.109755,140.317535,33.226788,175.737000,0.121632,0.611704,0.203615,0.938402,0.090070,0.497804,-0.114710,0.591489,0.291802,0.683555,-0.068644,0.703652,-0.043547,0.437416,-0.339960,0.558983,0.074622,0.508047,0.003814,0.541981,-0.081233,0.438970,-0.045485,0.924000,-0.047939,0.585230,0.252489,0.645624,-0.192694,0.908809,-0.146104,0.795889,2.569499,0.978235,3.814971,66.170227,15.293826,81.927879,0.019342,0.782766,0.253350,1.122533,0.192459,0.568362,-0.058376,0.659498,0.468978,0.698417,0.002977,0.818536,0.093841,0.506730,-0.385433,0.648297,0.240752,0.539027,0.145785,0.619426,-0.143730,0.525571,-0.189822,1.067789,-0.125116,0.715542,0.333183,0.742986,-0.288803,1.023697,-0.177231,0.857093,3.052463,0.972132,4.226763,115.060966,27.659517,146.491516,0.783270,0.817786,0.813209,0.939829,0.856640,0.849174,0.854150,0.860507,0.808289,0.801854,0.798705,0.832190,0.804882,0.841699,0.854158,0.932029
panda_0330,48,0:48,12,4,14,-0.121872,0.582439,0.166901,0.646205,-1.449381,0.545565,-1.679256,0.602423,0.859770,0.493676,-0.253992,0.575812,0.619775,0.553686,0.458461,0.601092,1.238757,0.713914,1.072194,0.593005,-0.939840,0.604962,-1.403169,0.908556,0.296168,0.572275,1.612733,0.600763,-1.221179,0.793794,-1.559001,0.715711,4.840578,1.273150,6.417041,107.098000,21.006317,141.416870,-0.627080,0.429732,0.034659,0.310842,-1.495842,0.304713,-1.907692,0.276829,1.197341,0.268102,-0.368496,0.049615,0.955142,0.269687,0.059056,0.224478,1.662437,0.557439,0.979456,0.567642,-1.389586,0.371929,-1.337863,0.617019,0.550555,0.319001,1.707491,0.429689,-1.811174,0.564380,-1.802322,0.440435,5.171452,1.342722,6.504087,54.298153,22.283821,83.936432,0.130733,0.474437,0.233022,0.751627,-1.426151,0.631204,-1.565038,0.683312,0.690984,0.494135,-0.196740,0.697335,0.452091,0.582351,0.658163,0.630182,1.026917,0.688848,1.118564,0.599937,-0.714968,0.572801,-1.435821,1.022084,0.168974,0.625965,1.565354,0.665074,-0.926181,0.724452,-1.437340,0.791812,4.675140,1.203248,6.134788,82.160217,15.697999,104.639229,1.506992,0.461960,1.016018,1.200110,1.659393,0.628127,1.519662,0.292817,1.483982,0.840246,1.728299,0.852930,1.067823,1.080755,1.748460,1.217445
panda_0331,48,0:48,12,4,14,1.316252,0.496415,0.847467,0.766002,1.678163,0.639420,1.581798,0.821938,-0.324915,0.869824,-0.057597,0.757896,-0.945258,0.577786,-0.617237,0.503309,-1.622148,0.733393,-1.174354,0.570837,1.189494,0.651586,0.633957,0.943719,-1.180682,0.956239,-0.184430,0.884327,1.809994,0.762333,1.396218,0.847829,5.343626,1.445661,7.182525,192.257355,55.492256,271.995850,1.194918,0.397595,0.587803,0.727654,1.504468,0.658870,1.328522,0.682310,-0.511708,0.822094,0.040380,0.607538,-0.993307,0.366967,-0.486721,0.465437,-1.461346,0.564437,-0.817159,0.433491,1.095879,0.530185,0.258558,0.768162,-1.032073,0.886052,-0.117604,0.835549,1.416122,0.579459,1.063297,0.657187,4.514914,1.342550,6.370245,107.099243,28.911491,144.727386,1.376918,0.528734,0.977299,0.751552,1.765010,0.611232,1.708436,0.855854,-0.231519,0.877953,-0.106586,0.818449,-0.921234,0.657032,-0.682495,0.508811,-1.702549,0.792534,-1.352951,0.546933,1.236301,0.699804,0.821656,0.967047,-1.254987,0.981062,-0.217843,0.905888,2.006929,0.766479,1.562678,0.882692,5.757982,1.310958,7.388775,144.788727,42.565811,206.960938,0.867470,0.641455,0.846904,0.773015,1.108030,0.688405,0.987840,0.751001,0.855396,0.604183,0.868113,0.597088,0.774382,0.876603,0.706181,0.680317
panda_0333,48,0:48,12,4,14,0.741679,0.550819,0.885071,0.734176,0.595290,0.857611,0.555834,0.895676,-0.027666,0.636952,-0.384314,0.659005,-0.210156,0.608110,-0.453343,0.575666,-0.723059,0.837977,-0.552450,0.657512,0.397536,0.658045,0.597881,0.812655,-0.283997,0.803359,0.191357,0.775744,1.054440,0.878544,0.670249,0.895443,3.548607,1.339505,5.287731,139.801941,30.707727,176.444244,0.672552,0.470351,0.808721,0.635934,0.548002,0.749193,0.449837,0.804396,-0.005182,0.612670,-0.400506,0.623333,-0.198582,0.556659,-0.490467,0.512513,-0.636450,0.689160,-0.363346,0.541738,0.310147,0.583680,0.431458,0.720315,-0.313072,0.739402,0.148543,0.770508,0.908173,0.760538,0.578183,0.775577,3.137939,1.191675,4.652654,73.770538,17.226524,94.890793,0.776242,0.583869,0.923246,0.775850,0.618934,0.906048,0.608833,0.933489,-0.038908,0.648461,-0.376217,0.675991,-0.215943,0.632187,-0.434782,0.603920,-0.766363,0.900118,-0.647001,0.689147,0.441231,0.688088,0.681092,0.842860,-0.269459,0.833119,0.212764,0.777465,1.127573,0.923313,0.716282,0.946367,3.753941,1.361940,5.534411,109.449493,24.335583,140.920364,0.842509,0.841457,0.834707,0.820719,0.947288,0.938087,0.874746,0.956740,0.791442,0.657532,0.789708,0.758237,0.889230,0.960508,0.795854,0.801718
panda_0337,48,0:48,12,4,14,-0.577599,0.530219,0.293797,0.747965,-1.146741,0.649744,-1.369289,0.780590,0.781636,0.700459,-0.664118,0.663561,0.969330,0.456687,-0.061306,0.476355,1.429210,0.721035,1.229721,0.587785,-1.146666,0.595067,-0.991989,0.889348,0.509132,0.663660,1.491329,0.719430,-1.271982,0.913224,-1.100967,0.946761,4.754953,1.449162,6.639522,144.537415,33.736694,185.277039,-0.414601,0.452632,0.277813,0.530422,-1.198827,0.489976,-1.372618,0.693439,0.803034,0.660849,-0.645266,0.555989,0.867215,0.385612,-0.046312,0.423712,1.271760,0.668694,0.821031,0.630049,-1.090574,0.495899,-0.862984,0.803527,0.532374,0.455902,1.489171,0.643716,-1.172792,0.847209,-1.187269,0.806874,4.311675,1.521459,6.190028,67.895195,13.173479,85.399231,-0.659099,0.547114,0.301788,0.835651,-1.120698,0.714968,-1.367625,0.820697,0.770937,0.719208,-0.673545,0.711085,1.020388,0.480287,-0.068803,0.500437,1.507935,0.733259,1.434067,0.441004,-1.174713,0.637056,-1.056491,0.922551,0.497512,0.745880,1.492408,0.754441,-1.321577,0.940588,-1.057817,1.006690,4.976593,1.358423,6.667543,120.499573,31.726080,159.615112,0.645530,0.683559,1.013675,0.967142,0.997768,0.882554,0.835837,0.861048,0.841145,0.591127,0.914807,0.792432,0.746963,0.980170,0.867827,0.982562
panda_0341,48,0:48,12,4,14,-0.975665,0.387843,-0.143254,0.337668,-1.691821,0.346565,-1.978142,0.386646,1.182273,0.327841,-0.427188,0.340784,1.174716,0.248645,0.118826,0.249311,1.965024,0.508429,1.357661,0.555327,-1.620203,0.349940,-1.512186,0.726197,0.959256,0.454033,1.799127,0.384491,-2.018197,0.650256,-1.910663,0.574752,5.926101,1.142807,6.681568,56.066914,19.018314,81.020561,-0.610514,0.423164,0.070149,0.334018,-1.465629,0.339214,-1.848156,0.336805,1.160338,0.319752,-0.434660,0.254328,0.959331,0.280625,0.026336,0.253598,1.610116,0.549554,0.927304,0.563322,-1.362312,0.372672,-1.219740,0.674522,0.600371,0.412141,1.652293,0.457213,-1.715892,0.603453,-1.709366,0.521806,5.043626,1.330409,6.498640,54.860886,19.132769,80.224731,-1.158241,0.189994,-0.249955,0.284763,-1.804918,0.290268,-2.043134,0.393512,1.193241,0.331268,-0.423452,0.376586,1.282408,0.136267,0.165070,0.233800,2.142478,0.377194,1.572839,0.406215,-1.749149,0.253700,-1.658409,0.706689,1.138699,0.357336,1.872544,0.317896,-2.169349,0.619379,-2.011311,0.573566,6.367339,0.699963,6.683050,9.620100,3.061664,13.488420,0.527765,0.840599,0.811886,0.904385,0.958531,1.026307,0.748070,0.911204,0.751521,0.586604,0.778827,0.708909,0.529144,0.881953,0.784409,0.839122
panda_0344,48,0:48,12,4,14,0.706769,0.683052,0.277874,0.643732,0.199723,0.670996,0.046455,0.694465,-0.196282,0.694862,0.581309,0.920647,-0.442880,0.799783,0.129069,0.694854,-0.613618,0.767730,-1.092169,0.727155,0.164806,0.772214,-0.028828,0.653933,-0.396989,0.967801,0.148712,0.752781,0.784959,0.648125,-0.092597,0.620136,3.349030,1.053688,4.771212,109.416809,20.640116,139.695618,0.685448,0.607203,0.227832,0.527109,0.149965,0.620581,0.025280,0.590843,-0.296058,0.619002,0.502942,0.833750,-0.458083,0.740040,0.099140,0.654175,-0.614293,0.691188,-0.922942,0.624216,0.169693,0.684085,-0.044206,0.577113,-0.346949,0.906938,0.108852,0.612247,0.682771,0.566101,-0.115654,0.513748,2.965864,1.032166,4.408381,45.543213,10.135812,60.023384,0.717430,0.717741,0.302895,0.693387,0.224602,0.693496,0.057043,0.740634,-0.146394,0.724708,0.620493,0.958755,-0.435279,0.827934,0.144034,0.713855,-0.613280,0.803270,-1.176782,0.759493,0.162363,0.812692,-0.021139,0.689011,-0.422009,0.995898,0.168641,0.813268,0.836053,0.679730,-0.081069,0.666697,3.540613,1.011233,4.892116,97.065521,19.076319,124.904083,0.915901,0.773471,0.877106,0.779778,0.931583,0.825424,0.934598,0.909847,0.919192,0.778219,0.833262,0.812888,0.864984,0.750351,0.820125,0.755055
panda_0363,48,0:48,12,4,14,0.254265,0.128362,0.152589,0.455601,1.678940,0.473201,1.802173,0.423936,-0.584166,0.489302,0.321963,0.620062,-0.768034,0.444257,-0.755503,0.328231,-1.551715,0.425977,-1.682942,0.534949,0.928010,0.357428,1.675128,0.503751,-0.221428,0.454309,-1.225083,0.467568,1.592107,0.372765,1.559240,0.383966,5.048259,0.903183,5.968828,65.111374,19.587915,89.829422,0.259904,0.096949,0.012310,0.311685,1.534615,0.367904,1.585101,0.427323,-0.755220,0.392399,0.468999,0.303744,-0.812890,0.252005,-0.641019,0.249302,-1.413070,0.386569,-1.420392,0.588868,0.836519,0.297762,1.318235,0.489095,-0.306369,0.294342,-1.168703,0.373566,1.304906,0.440502,1.313453,0.368157,4.372510,1.092778,5.662963,41.614891,17.332420,61.294853,0.251445,0.141392,0.222729,0.498022,1.751102,0.502573,1.910709,0.378074,-0.498639,0.510090,0.248445,0.717196,-0.745607,0.512625,-0.812745,0.347416,-1.621038,0.427843,-1.814217,0.451856,0.973756,0.375530,1.853575,0.406830,-0.178958,0.510749,-1.253273,0.505736,1.735707,0.222589,1.682133,0.328735,5.386134,0.532963,6.046184,47.300816,15.236273,68.377380,0.986682,0.676759,0.868754,0.829588,1.261544,0.802540,0.947043,0.789522,0.866252,0.781789,0.834651,0.711182,0.814744,0.907284,0.751801,0.780823
panda_0364,48,0:48,12,4,14,0.033297,0.342579,0.533600,0.762261,-0.480641,0.396265,-0.532204,0.588446,-0.007990,0.642159,-0.136647,1.014879,0.354208,0.690585,-0.062053,0.594780,0.071072,0.482312,-0.741945,0.597179,-0.549390,0.581318,0.326083,0.996871,0.513923,0.932312,0.725964,0.717106,0.488835,0.715346,-0.220198,0.758028,3.188395,0.830651,4.456356,74.201691,21.843403,100.847473,0.012074,0.304381,0.506154,0.600948,-0.621339,0.354211,-0.833827,0.601838,0.252856,0.680052,-0.224040,0.753534,0.362908,0.541265,-0.129726,0.507870,0.353078,0.418065,-0.375941,0.572279,-0.688190,0.488537,-0.010724,0.903910,0.287027,0.841714,0.933069,0.711519,0.019853,0.787054,-0.432682,0.711474,3.056415,0.748341,4.129849,65.334396,19.188709,87.942764,0.043908,0.359693,0.547323,0.830921,-0.410292,0.397442,-0.381393,0.519679,-0.138413,0.579901,-0.092951,1.120418,0.349858,0.754202,-0.028216,0.631066,-0.069931,0.449335,-0.924948,0.520301,-0.479990,0.610829,0.494486,0.998510,0.627372,0.954440,0.622412,0.697181,0.723327,0.541197,-0.113957,0.758254,3.254385,0.861337,4.609413,29.710537,14.407214,50.742737,0.794228,0.805432,1.317222,1.719742,1.291093,0.684771,0.822218,0.874512,1.544000,0.569301,1.127272,0.741448,0.701460,1.252154,0.874237,1.151434
panda_0367,48,0:48,12,4,14,0.666992,0.377012,0.506043,0.678906,-0.076695,0.647888,-0.123606,0.708941,-0.091396,0.564208,-0.052067,0.729427,-0.067369,0.557369,0.049761,0.651201,-0.020520,0.560084,-0.189849,0.594093,0.017491,0.507421,-0.104154,0.898629,-0.323022,0.695041,0.406052,0.681023,0.312893,0.620222,-0.047187,0.806500,2.695299,0.846578,3.840951,133.953583,29.804207,165.732941,0.692746,0.349280,0.375263,0.577800,-0.054069,0.554045,-0.085916,0.580067,-0.191463,0.504936,-0.001113,0.684082,-0.218086,0.462255,0.020307,0.612275,-0.145480,0.427085,-0.275500,0.481116,0.058819,0.422005,-0.128084,0.826448,-0.312944,0.682342,0.330839,0.591058,0.323988,0.518789,-0.054043,0.729466,2.417211,0.779051,3.440163,63.308067,15.274512,79.300247,0.654115,0.389502,0.571433,0.715274,-0.088008,0.689762,-0.142452,0.764587,-0.041363,0.585240,-0.077544,0.749775,0.007989,0.584905,0.064488,0.669331,0.041960,0.606324,-0.147024,0.638891,-0.003173,0.543957,-0.092188,0.932397,-0.328061,0.701250,0.443659,0.718868,0.307345,0.665093,-0.043758,0.842358,2.834344,0.844738,4.011159,110.554520,24.333281,136.326248,1.042076,0.709992,0.800199,0.775538,0.930205,0.926807,0.867264,0.917674,0.736945,0.852416,0.761132,0.865276,0.938640,0.783684,0.811853,0.862868
panda_0368,48,0:48,12,4,14,-0.263164,0.412494,-0.509524,0.805486,0.236272,0.685194,-0.246880,0.599314,0.488199,0.464650,0.870799,0.902120,-0.331353,0.648109,-0.101913,0.487802,0.040089,0.518730,-0.278185,0.575567,-0.097476,0.469620,-0.996290,0.704080,-0.522948,0.771835,0.323234,0.736752,-0.585499,0.492043,-0.746340,0.535773,3.075220,0.885446,4.293322,115.504272,30.623741,153.079132,-0.140834,0.378635,-0.536208,0.725567,-0.001082,0.625140,-0.429359,0.500938,0.253338,0.398921,0.799749,0.819465,-0.365014,0.595212,0.014303,0.427715,-0.075908,0.427853,-0.539029,0.474651,-0.103575,0.444546,-0.689815,0.664561,-0.262488,0.716164,0.264967,0.569178,-0.454724,0.528096,-0.815712,0.489859,2.698711,0.960614,4.088420,36.673687,11.394634,52.015163,-0.324328,0.415115,-0.496182,0.842290,0.354949,0.683069,-0.155640,0.623155,0.605629,0.450457,0.906324,0.938714,-0.314523,0.672368,-0.160020,0.505298,0.098087,0.549546,-0.147763,0.577269,-0.094427,0.481639,-1.149527,0.672553,-0.653177,0.765682,0.352368,0.806026,-0.650887,0.459227,-0.711654,0.554065,3.263475,0.779944,4.360794,108.040680,29.270767,145.571075,0.731759,0.907672,0.842375,1.009713,0.576778,0.854602,0.918270,0.800744,0.763178,1.288916,0.918557,0.670551,0.718370,0.700140,0.820952,1.086669
panda_0373,48,0:48,12,4,14,-0.433104,0.331979,-0.265623,0.619133,-0.697818,0.725398,-0.986158,0.710561,0.517977,0.587597,0.294103,0.685081,0.234105,0.361874,0.164968,0.637512,0.568742,0.623687,0.112724,0.774044,-0.661337,0.328023,-0.876248,0.923915,0.111731,0.629206,0.892479,0.623949,-0.711454,0.846346,-1.038413,0.889101,3.450707,1.140100,5.598004,87.019943,24.564621,111.227097,-0.234607,0.297034,-0.075869,0.547573,-0.870232,0.447985,-1.295805,0.434120,0.649231,0.537790,0.060126,0.593570,0.340407,0.322051,0.129332,0.478877,0.896020,0.330097,0.313148,0.471217,-0.769792,0.244978,-0.918001,0.715902,-0.094526,0.524402,1.127758,0.603670,-1.025503,0.503780,-1.149110,0.638513,3.484591,0.926232,4.760725,53.100555,21.381310,78.631622,-0.532353,0.302737,-0.360500,0.630925,-0.611611,0.816495,-0.831334,0.768897,0.452350,0.600313,0.411092,0.697698,0.180954,0.368912,0.182785,0.702864,0.405103,0.669823,0.012512,0.870382,-0.607109,0.350099,-0.855371,1.011367,0.214860,0.651494,0.774840,0.600202,-0.554429,0.934658,-0.983065,0.986261,3.433765,1.232854,5.660536,65.048309,16.755478,82.310936,0.532804,0.761542,1.058124,1.329502,1.143458,0.734615,1.149847,0.644681,1.473772,0.633673,1.238210,0.891778,0.750311,1.312038,1.236466,1.001645
panda_0375,48,0:48,12,4,14,0.416347,1.014467,-0.255301,0.870312,0.287180,0.863611,0.540632,0.791499,-0.271060,0.927576,0.157932,0.899311,-0.580601,0.705214,0.111165,0.993825,-0.675730,0.657823,-0.512949,0.751944,0.567868,0.599559,0.264562,0.771007,0.041005,0.899987,-0.463514,0.917790,0.511907,0.845502,0.201840,0.776779,3.605540,0.963560,4.858794,125.702599,35.065559,178.033417,0.502998,0.853932,-0.245017,0.765434,0.157491,0.699799,0.371501,0.629101,-0.438389,0.788253,0.194188,0.802849,-0.623646,0.621449,0.165281,0.854029,-0.701372,0.571469,-0.450811,0.682158,0.531428,0.543508,0.257256,0.640416,-0.002352,0.795887,-0.501482,0.766822,0.487960,0.744258,0.133630,0.647124,3.157558,0.988268,4.474087,48.442661,12.137191,66.724113,0.373022,1.083274,-0.260443,0.918228,0.352024,0.928042,0.625198,0.848746,-0.187396,0.979248,0.139804,0.943330,-0.559078,0.742631,0.084107,1.055772,-0.662909,0.696646,-0.544018,0.782666,0.586088,0.624908,0.268216,0.828596,0.062684,0.947014,-0.444530,0.984083,0.523880,0.891584,0.235945,0.831988,3.829531,0.868228,4.983573,112.671494,33.893242,163.456696,0.864386,0.825987,0.733368,0.696191,0.901860,0.843311,0.950931,0.814446,0.970980,0.827934,0.870770,0.771354,0.820735,0.829547,0.850456,0.746504
panda_0380,48,0:48,12,4,14,0.852693,0.867066,0.234637,0.617377,-0.981335,0.837747,-0.611105,0.883488,-0.451542,0.799990,-0.101400,0.659415,-0.113225,0.628656,0.883251,0.948924,-0.103231,0.622914,-0.122332,0.582214,0.051719,0.686715,-0.160123,0.907019,0.323850,0.793728,0.369886,0.953001,0.427334,0.632342,-0.508773,0.920797,3.488735,1.218423,5.325675,52.810589,18.787066,81.818405,0.875177,0.761377,0.360880,0.600758,-0.870349,0.769914,-0.610042,0.807054,-0.414171,0.777707,-0.144221,0.609681,-0.122599,0.542679,0.659141,0.910375,-0.137341,0.540976,-0.118172,0.548968,0.007744,0.601024,-0.073421,0.794703,0.237192,0.683169,0.322092,0.889460,0.387954,0.557332,-0.460569,0.840211,3.160425,1.177309,4.998274,40.045399,14.151796,53.434456,0.841450,0.915139,0.171516,0.615892,-1.036828,0.864354,-0.611636,0.919325,-0.470228,0.810256,-0.079990,0.681917,-0.108538,0.667455,0.995306,0.947959,-0.086176,0.659419,-0.124412,0.598134,0.073706,0.724777,-0.203474,0.955306,0.367179,0.840247,0.393783,0.982362,0.447023,0.665817,-0.532875,0.957644,3.652891,1.205390,5.414040,31.058056,13.220344,53.683167,0.929690,1.116257,0.843746,0.909270,0.913820,0.909240,0.808902,0.783692,0.812052,0.907688,0.815962,0.782666,0.762152,0.877938,0.837150,0.849861
panda_0385,48,0:48,12,4,14,-0.313783,0.658757,0.003745,0.559769,0.314681,0.802676,0.195018,0.830237,-0.171697,0.599786,0.563719,0.918106,-0.045955,0.759137,-0.278528,0.533444,-0.306526,0.798104,-1.112953,0.837119,-0.239348,0.725863,0.472544,0.749684,0.073339,0.853433,-0.087846,0.822838,0.496502,0.611301,0.140418,0.729434,3.179938,1.151182,4.746295,44.718307,17.728344,65.038849,-0.178329,0.583333,0.101382,0.550673,0.322381,0.704964,0.121443,0.727429,-0.200410,0.588631,0.512472,0.843373,-0.088286,0.673024,-0.362430,0.518692,-0.309382,0.681009,-1.037769,0.733828,-0.238263,0.638485,0.377006,0.657724,-0.049631,0.760935,-0.034386,0.763188,0.392857,0.524074,0.093177,0.652281,2.846192,1.092565,4.360278,36.038559,11.795064,48.788017,-0.381510,0.683404,-0.045073,0.557891,0.310831,0.847291,0.231806,0.874816,-0.157340,0.604775,0.589342,0.952244,-0.024790,0.797878,-0.236577,0.535765,-0.305098,0.850625,-1.150545,0.881850,-0.239891,0.765823,0.520313,0.787333,0.134824,0.889758,-0.114576,0.849837,0.548324,0.644321,0.164038,0.764004,3.346811,1.143434,5.006720,23.317160,13.699195,40.709343,0.757163,1.031469,0.851248,0.819317,0.995318,0.864494,0.812357,1.147579,0.793472,0.886791,0.839666,0.778470,0.799010,0.872638,0.746028,0.827838
panda_0389,48,0:48,12,4,14,1.407906,0.468829,0.418122,0.399740,1.405544,0.718364,1.838200,0.691364,-1.145921,0.712385,0.190293,0.625047,-1.218768,0.596006,-0.033437,0.453827,-2.033188,0.733897,-1.566023,0.709191,1.459103,0.599364,1.419815,0.474943,-0.783713,0.800452,-1.098572,0.549414,2.253343,0.674418,1.657959,0.595761,5.917314,1.386758,7.450887,53.903057,15.153851,74.927109,1.214920,0.451679,0.318004,0.356057,1.192624,0.657020,1.526263,0.642229,-1.210687,0.681807,0.174224,0.587463,-1.090309,0.564269,-0.062013,0.456126,-1.748537,0.713242,-1.144731,0.724043,1.191196,0.594530,1.096112,0.442765,-0.604487,0.739016,-0.976134,0.502515,1.874648,0.689292,1.379672,0.542736,5.022156,1.477186,6.871467,50.189453,13.733238,69.122543,1.504400,0.446947,0.468181,0.410832,1.512004,0.724038,1.994169,0.661641,-1.113537,0.725026,0.198328,0.642865,-1.282998,0.601048,-0.019149,0.451996,-2.175514,0.701983,-1.776668,0.599328,1.593057,0.555241,1.581667,0.402180,-0.873326,0.814814,-1.159791,0.561497,2.442690,0.580637,1.797103,0.571868,6.364893,1.092075,7.537625,15.316307,11.095765,29.857115,0.807331,0.733985,0.792956,0.766457,1.051766,0.890661,0.843585,1.050877,0.802641,0.652498,0.751771,0.692844,0.734573,0.837522,0.767315,0.768344
panda_0390,48,0:48,12,4,14,-0.312341,0.345140,-0.419149,0.568602,-0.901135,0.324257,-1.300556,0.405630,0.624310,0.490708,0.444692,0.682518,0.191623,0.524979,0.401328,0.472626,0.955419,0.458001,0.514854,0.423615,-0.714865,0.447152,-1.593182,0.638045,-0.212605,0.448138,1.146223,0.617146,-1.252017,0.439656,-1.446204,0.458991,3.982961,0.918112,5.207981,80.243416,25.903570,116.164482,-0.329074,0.237402,-0.005482,0.475172,-1.184257,0.191551,-1.697582,0.230772,0.999391,0.363403,-0.194953,0.401099,0.583082,0.226195,0.131026,0.381181,1.300882,0.344242,0.748219,0.383354,-1.040863,0.215877,-1.437071,0.719264,0.027279,0.257648,1.691217,0.531422,-1.469016,0.371750,-1.562008,0.393070,4.484949,0.929341,5.420437,57.284187,24.605894,90.789841,-0.303975,0.387676,-0.625983,0.493688,-0.759573,0.281513,-1.102044,0.319302,0.436769,0.435484,0.764515,0.558073,-0.004106,0.522390,0.536478,0.455649,0.782688,0.407293,0.398172,0.393510,-0.551866,0.443745,-1.671238,0.577672,-0.332547,0.474228,0.873726,0.455340,-1.143518,0.430733,-1.388302,0.478225,3.731967,0.802223,4.806679,50.413986,12.260741,66.534561,0.778438,0.579705,1.558967,1.540378,1.913123,0.457261,1.394557,0.581233,1.639116,1.635031,1.668708,0.858290,0.433708,1.919309,1.276486,1.119143
panda_0405,48,0:48,12,4,14,-0.400332,0.708633,0.227499,0.793481,-0.314651,0.669940,-0.179037,0.834875,-0.150224,0.791526,-0.579243,0.633033,0.509574,0.509918,-0.189065,0.547415,0.281988,0.717497,-0.106516,0.758283,-0.363091,0.536392,0.780724,0.836636,0.649985,0.898385,0.148741,0.936377,0.145897,1.009413,0.201476,0.818405,3.295117,0.889999,4.481863,96.334885,35.935776,123.046326,-0.341974,0.506321,0.060870,0.667937,-0.675082,0.468774,-0.846918,0.699300,0.142066,0.806081,-0.672014,0.575312,0.586990,0.446716,0.053865,0.435893,0.751756,0.479284,0.243686,0.558056,-0.548240,0.442183,0.144069,0.752890,0.114365,0.791817,0.746895,1.013979,-0.485569,0.747763,-0.333653,0.743298,3.224660,0.655898,4.099596,82.104012,33.195587,105.298981,-0.429512,0.788990,0.310814,0.836974,-0.134435,0.682585,0.154903,0.682983,-0.296370,0.742167,-0.532857,0.655095,0.470867,0.534558,-0.310530,0.556985,0.047103,0.701309,-0.281617,0.784088,-0.270517,0.555070,1.099052,0.680089,0.917795,0.825826,-0.150336,0.729921,0.461629,0.974544,0.469040,0.716702,3.330346,0.984542,4.684277,41.744904,17.754490,66.676315,0.586525,0.763776,1.365477,1.814023,1.159504,1.049497,1.073851,0.640018,1.591689,0.753251,1.278273,0.529309,0.549010,1.704764,0.962774,1.070303
panda_0406,48,0:48,12,4,14,0.206914,0.401126,0.292568,0.325125,0.345040,0.433118,0.681861,0.457190,-0.676224,0.415811,-0.378120,0.301155,-0.095549,0.376062,-0.199388,0.269295,-0.689887,0.470255,-0.921949,0.369289,0.380817,0.421434,1.329440,0.357872,0.428936,0.457238,-0.536012,0.403159,1.148853,0.504146,0.873319,0.442979,3.013053,0.837378,3.880221,57.465652,17.503250,82.503342,0.186573,0.273863,0.215952,0.241164,0.247534,0.275729,0.566558,0.353500,-0.759598,0.407985,-0.310018,0.255222,-0.111426,0.305181,-0.194102,0.285246,-0.599187,0.369432,-0.830175,0.372457,0.274198,0.335862,1.162998,0.337532,0.380084,0.336206,-0.544295,0.359668,0.952429,0.440966,0.740510,0.334992,2.629444,0.660551,3.497268,30.755577,14.035864,48.868469,0.217084,0.451156,0.330876,0.353662,0.393793,0.486048,0.739512,0.491001,-0.634537,0.413411,-0.412171,0.316219,-0.087610,0.406666,-0.202031,0.260914,-0.735237,0.507247,-0.967836,0.359003,0.434127,0.448868,1.412661,0.338182,0.453362,0.505265,-0.531871,0.423171,1.247065,0.505056,0.939724,0.474348,3.204858,0.850454,4.024149,46.012787,11.714391,62.996090,0.733396,0.736467,0.660529,0.768352,1.161309,0.782752,0.808238,1.077122,0.800628,0.857000,0.689156,0.822730,0.698768,0.972683,0.763800,0.787234
panda_0417,48,0:48,12,4,14,-0.922762,0.435817,-0.292978,0.474520,-1.545588,0.427569,-1.894208,0.444600,1.063548,0.501244,-0.430288,0.540629,1.038580,0.503540,0.152079,0.305838,1.837341,0.625756,1.297543,0.604129,-1.476983,0.516862,-1.532324,0.665513,0.766007,0.574992,1.718853,0.567677,-1.925357,0.641068,-1.784807,0.602834,5.676259,1.309611,6.676466,103.599564,30.461382,142.413177,-0.627080,0.429733,0.034661,0.310845,-1.495842,0.304713,-1.907692,0.276829,1.197337,0.268101,-0.368493,0.049624,0.955142,0.269687,0.059055,0.224481,1.662437,0.557439,0.979457,0.567641,-1.389586,0.371929,-1.337863,0.617020,0.550549,0.318995,1.707487,0.429684,-1.811174,0.564380,-1.802322,0.440435,5.171450,1.342716,6.504087,54.298244,22.283514,83.936172,-1.070604,0.356370,-0.456798,0.457090,-1.570461,0.475334,-1.887466,0.507986,0.996654,0.572280,-0.461186,0.659033,1.080299,0.582016,0.198591,0.329574,1.924792,0.639565,1.456586,0.557195,-1.520681,0.570811,-1.629555,0.667564,0.873735,0.640490,1.724536,0.625279,-1.982448,0.668889,-1.776049,0.669247,5.928664,1.216575,6.676889,85.470818,29.938808,114.603104,0.575479,0.552942,0.951426,1.010545,1.104591,0.625228,0.807505,0.770606,0.859718,0.660732,0.896685,0.797996,0.546085,0.980604,0.911317,1.010706
panda_0425,48,0:48,12,4,14,0.135698,0.340616,0.131225,0.550461,0.260630,0.730171,0.393435,0.737426,-0.083747,0.549790,-0.037954,0.580561,-0.181320,0.371698,-0.296032,0.689633,-0.348564,0.454602,-0.568639,0.530591,0.156361,0.336698,0.695370,0.890147,0.291218,0.600793,-0.263291,0.543395,0.518511,0.594226,0.399558,0.878873,2.513549,1.236759,4.691188,74.248459,19.740604,100.648819,0.346321,0.275149,0.248904,0.511460,0.340123,0.659195,0.362343,0.702414,-0.043707,0.502239,0.055021,0.524835,-0.281272,0.333688,-0.366732,0.636902,-0.275327,0.372982,-0.414959,0.465158,0.160297,0.293934,0.547958,0.807649,-0.043384,0.464579,-0.262386,0.504199,0.356619,0.523876,0.383023,0.814735,2.264641,1.117927,4.082466,49.619946,12.348586,65.729019,0.030386,0.320786,0.072386,0.559759,0.220884,0.760076,0.408981,0.753842,-0.103767,0.571033,-0.084442,0.601138,-0.131344,0.379569,-0.260683,0.711912,-0.385183,0.486224,-0.645479,0.544417,0.154393,0.356143,0.769077,0.919835,0.458518,0.591221,-0.263743,0.561968,0.599456,0.610555,0.407826,0.909134,2.638003,1.273975,4.885609,48.572868,14.708531,65.551918,1.496230,1.006274,0.941352,0.950621,0.847528,0.867951,1.148459,0.995378,0.762957,0.704538,0.899062,0.793182,0.609005,0.900787,0.725455,0.914897
panda_0432,48,0:48,12,4,14,0.041714,0.379163,-0.251751,0.676960,-0.249327,0.539153,0.163249,0.630457,-0.487454,0.704962,-0.075862,0.663269,-0.122766,0.542593,0.252576,0.594951,-0.214214,0.509326,-0.218766,0.470751,0.175282,0.520222,0.520961,0.752244,0.477780,0.683080,-0.478152,0.643398,0.337460,0.638857,0.127396,0.737404,2.632225,0.745585,3.564500,46.978504,20.401337,74.015274,0.147392,0.334821,-0.157116,0.622129,-0.229907,0.482328,0.105899,0.573381,-0.561146,0.668744,-0.079108,0.605450,-0.150049,0.484295,0.162833,0.600961,-0.229591,0.438441,-0.225140,0.432534,0.136074,0.464785,0.475783,0.662965,0.358686,0.617418,-0.451978,0.582593,0.283730,0.565538,0.105922,0.670866,2.384807,0.749474,3.345613,32.150780,12.612314,53.248047,-0.011125,0.388868,-0.299069,0.697978,-0.259037,0.565178,0.191924,0.655259,-0.450608,0.719565,-0.074240,0.690359,-0.109124,0.569018,0.297448,0.586798,-0.206525,0.541134,-0.215579,0.488710,0.194886,0.544776,0.543551,0.792159,0.537328,0.706157,-0.491239,0.671357,0.364326,0.670915,0.138134,0.768291,2.755934,0.712095,3.635186,31.417988,15.834661,55.537151,0.942797,0.831212,0.840289,0.847575,1.035096,0.866597,0.864184,0.944365,0.821787,0.889532,0.817561,0.835944,0.777434,0.869819,0.798944,0.854636
panda_0433,48,0:48,12,4,14,-0.428299,0.507562,-0.103875,0.408684,-1.287194,0.389473,-1.471439,0.599642,0.608222,0.744390,-0.070613,0.463384,0.641561,0.457984,0.420717,0.464453,1.308268,0.677294,0.993208,0.647699,-0.983923,0.557879,-1.270584,0.773401,0.215468,0.636486,1.260165,0.697842,-1.314301,0.848901,-1.381034,0.749212,4.420131,1.443492,6.398723,100.545395,23.083488,132.586670,-0.580869,0.434667,-0.018851,0.344286,-1.471488,0.304776,-1.893113,0.265417,1.144115,0.253516,-0.245064,0.065580,0.889676,0.248179,0.118624,0.238483,1.608977,0.536941,0.936353,0.544704,-1.335252,0.358374,-1.396661,0.627574,0.493497,0.305401,1.636308,0.408135,-1.810984,0.564031,-1.847355,0.452156,5.087950,1.316978,6.398687,54.076088,22.325151,83.631302,-0.352014,0.523931,-0.146388,0.431098,-1.195047,0.394483,-1.260603,0.608913,0.340275,0.763972,0.016613,0.545079,0.517503,0.487500,0.571764,0.476122,1.157914,0.690013,1.021636,0.691734,-0.808259,0.556825,-1.207545,0.829684,0.076453,0.709269,1.072094,0.735579,-1.065960,0.858408,-1.147873,0.759384,4.086223,1.387012,6.531091,82.942078,17.962214,110.176758,1.138582,0.825849,1.229545,1.480921,1.646500,0.572917,1.480777,0.410963,1.370669,0.866832,1.596521,1.068625,0.835700,1.443179,1.565076,1.514100
panda_0448,48,0:48,12,4,14,0.210374,0.453685,-1.501516,0.672962,-0.782084,0.348602,-1.017831,0.376868,0.205798,0.458860,1.746400,0.944302,-0.901511,0.747289,1.299925,0.634724,0.206149,0.598803,0.058740,0.423327,0.099755,0.612657,-2.130472,0.576619,-0.740682,0.810977,0.251429,0.592850,-1.281056,0.376126,-2.030042,0.349115,5.004139,0.986202,5.429798,45.786568,24.908707,75.727921,0.414080,0.403039,-1.084940,0.717061,-0.680351,0.316116,-1.108783,0.298134,0.105755,0.458566,1.424172,0.909616,-0.801237,0.657860,1.043461,0.658710,0.105988,0.517808,0.015582,0.316132,0.120283,0.534752,-1.773528,0.735350,-0.778675,0.708607,0.333221,0.531752,-1.092778,0.402417,-1.826987,0.475078,4.334594,1.257065,5.429159,45.112442,25.160259,75.357605,0.108521,0.443174,-1.709805,0.540442,-0.832950,0.352928,-0.972356,0.402987,0.255820,0.450757,1.907514,0.919776,-0.951648,0.783409,1.428157,0.581406,0.256229,0.629492,0.080318,0.466307,0.089491,0.647863,-2.308945,0.364427,-0.721686,0.856960,0.210533,0.617097,-1.375195,0.323496,-2.131570,0.197607,5.338912,0.576685,5.641004,5.518796,2.175444,8.623685,1.490664,0.655292,0.817002,1.140306,0.885950,0.759810,0.817935,0.751185,0.858036,0.777927,0.878313,0.768310,0.918083,1.316655,0.794635,0.857109
panda_0449,48,0:48,12,4,14,0.343488,0.551392,0.064253,0.866858,0.246674,0.814192,0.359315,0.881655,-0.468589,0.825456,0.426811,0.944292,-0.415385,0.839941,0.077514,0.681189,-0.669555,0.844517,-0.856612,0.949942,0.267644,0.778587,0.397437,0.950885,-0.058986,0.937557,-0.318302,0.899915,0.751106,0.903397,0.231364,0.917628,3.732241,0.898994,4.883900,117.616402,29.706268,153.435852,0.300531,0.505818,0.267800,0.761122,0.104995,0.917060,0.033282,1.031190,-0.395712,0.957887,0.331620,0.901482,-0.263331,0.805113,-0.109025,0.675285,-0.470856,0.935067,-0.480047,0.904367,-0.016016,0.779391,0.055163,0.888905,0.077728,0.871330,-0.114553,0.987513,0.428371,0.989076,-0.018668,0.946315,3.568270,0.848426,4.759592,110.984886,30.445604,151.332764,0.364967,0.571611,-0.037520,0.898018,0.317514,0.747534,0.522331,0.744697,-0.505027,0.747869,0.474406,0.961457,-0.491412,0.846645,0.170783,0.664775,-0.768905,0.776548,-1.044894,0.915584,0.409474,0.738392,0.568574,0.934523,-0.127342,0.961714,-0.420176,0.834292,0.912474,0.810515,0.356380,0.876595,3.814227,0.912254,4.934177,33.112495,11.599786,51.904556,0.775898,0.887821,1.206277,1.159552,1.222869,0.857651,0.874291,0.962142,0.984551,0.616669,0.985693,0.803559,0.809092,1.103566,0.907679,1.061775
panda_0464,48,0:48,12,4,14,-0.058672,0.419413,0.289509,0.632360,-0.710286,0.635188,-0.608098,0.557954,-0.143851,0.704811,-0.138982,0.847815,0.417338,0.482744,0.196989,0.635663,0.286867,0.477928,-0.390083,0.815769,-0.565075,0.385864,0.192965,0.811295,0.535395,0.836239,0.541720,0.624152,0.221130,0.654109,-0.325220,0.788762,2.998329,0.730346,3.972327,47.418781,18.104362,71.859146,0.069725,0.381177,0.392978,0.582092,-0.591047,0.604439,-0.574148,0.534207,-0.139291,0.668160,-0.128637,0.782309,0.325660,0.440239,0.050810,0.644628,0.185547,0.424854,-0.466772,0.730954,-0.523868,0.353364,0.187048,0.741418,0.354600,0.770558,0.510388,0.598739,0.192387,0.581177,-0.304438,0.744291,2.743701,0.754071,3.776445,35.769608,11.885628,51.530281,-0.122871,0.422905,0.237774,0.649904,-0.769906,0.641763,-0.625072,0.568698,-0.146131,0.722429,-0.144155,0.878693,0.463177,0.496340,0.270079,0.618306,0.337527,0.494645,-0.351739,0.852444,-0.585679,0.399537,0.195924,0.844052,0.625792,0.852965,0.557387,0.635900,0.235501,0.687230,-0.335611,0.809883,3.125644,0.683498,4.036012,28.135511,13.760429,50.048473,0.847674,1.050047,0.822683,0.920781,0.920544,0.875165,0.782155,0.982348,0.743665,0.915438,0.886092,0.868266,0.767951,0.917101,0.815197,0.901723
panda_0478,48,0:48,12,4,14,1.051171,0.483103,-0.184245,0.910441,0.458464,0.941403,0.756065,0.834123,-0.618828,0.890032,0.599190,0.955092,-1.080744,0.575108,0.489456,0.939517,-1.204525,0.696610,-0.847968,0.948436,1.012012,0.602921,0.170449,0.897934,-0.683316,0.852239,-0.639339,0.781809,0.973666,0.868325,0.338629,0.984819,4.368050,1.153265,5.750564,135.131256,31.312445,181.522583,1.123874,0.352049,-0.242729,0.661169,0.608496,0.684499,0.753714,0.711067,-0.905533,0.558778,0.701883,0.792321,-1.153360,0.380641,0.469222,0.716029,-1.285547,0.516748,-0.691420,0.743658,1.086453,0.371252,0.049206,0.743940,-0.780034,0.684142,-0.841580,0.389052,0.924866,0.744384,0.276356,0.858576,3.981573,1.177823,5.484885,49.855015,6.517130,56.165634,1.014820,0.533056,-0.155003,1.011047,0.383447,1.038368,0.757240,0.889286,-0.475476,0.985124,0.547844,1.022988,-1.044437,0.647862,0.499572,1.033142,-1.164014,0.767763,-0.926242,1.026841,0.974791,0.687168,0.231070,0.960042,-0.634956,0.921101,-0.538219,0.900267,0.998066,0.923116,0.369766,1.040826,4.561289,1.090583,5.861746,124.002121,32.423874,172.432709,1.080939,0.635222,0.802034,0.854120,1.048274,0.884147,1.050673,0.725000,1.078363,0.671113,0.996832,0.753256,0.904692,0.903206,0.856585,0.804582
panda_0481,48,0:48,12,4,14,0.009078,0.625032,-0.079190,0.757117,-0.576094,0.753841,-0.813324,0.679873,0.612489,0.565954,-0.613581,0.986801,0.248654,0.349852,-0.100548,0.727835,0.380192,0.806938,0.275973,0.798493,-0.308933,0.558069,-0.520821,1.033221,0.780918,0.756636,0.706032,0.607927,-0.488062,1.072671,-0.803872,0.900797,3.579534,1.050159,5.056661,129.181000,38.135586,163.325195,0.180200,0.542998,0.120469,0.673130,-0.604853,0.616494,-0.784366,0.662376,0.536650,0.576704,-0.357701,0.713020,0.162679,0.295573,-0.096681,0.638018,0.348020,0.692432,0.209467,0.644420,-0.299600,0.491202,-0.439985,0.991322,0.519880,0.640912,0.585311,0.651250,-0.487559,0.973225,-0.808192,0.819051,3.126110,1.064501,4.648137,63.606014,19.454298,86.933418,-0.076483,0.645455,-0.179020,0.776782,-0.561714,0.813487,-0.827803,0.687997,0.650409,0.556640,-0.741521,1.075806,0.291642,0.366565,-0.102482,0.768812,0.396279,0.858031,0.309226,0.863384,-0.313600,0.588606,-0.561239,1.051217,0.911438,0.776052,0.766392,0.575646,-0.488314,1.119085,-0.801712,0.938998,3.806246,0.966166,5.294583,108.696930,35.421749,141.117737,0.855295,0.845865,0.868150,0.939722,0.859461,0.608864,0.683213,0.822492,0.796995,0.698627,0.868373,0.921157,0.653541,0.891151,0.896591,0.927757
panda_0484,48,0:48,12,4,14,0.873129,0.235661,-0.291412,0.332194,1.073711,0.381799,0.872837,0.452339,-0.238665,0.362947,0.956094,0.429065,-1.188010,0.243074,0.061199,0.304895,-1.222292,0.336087,-1.012416,0.314340,1.026001,0.307437,-0.355334,0.450743,-1.190102,0.447497,-0.475706,0.367493,0.716130,0.387616,0.216930,0.447838,3.563423,0.728250,4.421545,73.238411,15.585730,92.756683,0.864136,0.233392,-0.325806,0.281656,0.891124,0.391321,0.670051,0.456162,-0.419142,0.314098,0.848599,0.422033,-1.140327,0.264499,0.064578,0.277813,-1.111251,0.342696,-0.834478,0.365396,0.910692,0.311064,-0.279099,0.428181,-0.938928,0.439196,-0.488478,0.334365,0.588053,0.370087,0.131791,0.420300,3.161128,0.832878,4.202389,43.239578,7.407563,53.209335,0.877626,0.236659,-0.274215,0.353521,1.165004,0.342178,0.974231,0.414768,-0.148426,0.351906,1.009841,0.422401,-1.211851,0.227908,0.059510,0.317558,-1.277813,0.318533,-1.101385,0.240230,1.083655,0.288832,-0.393452,0.456865,-1.315690,0.395748,-0.469320,0.382824,0.780168,0.380243,0.259500,0.455055,3.764571,0.572100,4.489705,55.129406,14.756946,73.871300,0.984620,0.965612,0.765734,0.703235,1.498655,0.840767,0.940960,0.905418,0.869649,0.757754,0.840467,0.817063,0.714631,0.995963,0.755710,0.832599
panda_0488,48,0:48,12,4,14,0.224608,0.634668,0.088175,0.794376,-0.460605,0.808284,-0.560137,0.836998,0.190520,0.758397,0.104336,0.786076,0.016577,0.708916,0.239477,0.665249,0.219910,0.881981,0.065598,0.737613,-0.189100,0.759513,-0.578858,0.930440,-0.071606,0.820109,0.557682,0.881149,-0.216127,0.997872,-0.619887,0.901596,3.316315,1.187304,4.796215,120.513016,31.526011,151.845993,0.297025,0.540485,0.231263,0.662831,-0.385246,0.687245,-0.584098,0.747320,0.264923,0.712350,0.011881,0.718550,-0.007154,0.627428,0.047199,0.575650,0.147661,0.784637,0.019342,0.611056,-0.202195,0.660728,-0.578151,0.790513,-0.126443,0.687111,0.680615,0.827735,-0.204146,0.859737,-0.621120,0.778477,2.977664,1.097924,4.366261,71.400345,22.270285,86.997589,0.188400,0.673950,0.016631,0.843517,-0.498284,0.859984,-0.548156,0.878165,0.153319,0.777737,0.150563,0.813821,0.028442,0.746047,0.335616,0.685871,0.256034,0.924712,0.088726,0.792344,-0.182552,0.804289,-0.579211,0.993037,-0.044187,0.877812,0.496216,0.900404,-0.222118,1.060161,-0.619270,0.957235,3.485641,1.194071,5.025192,87.370911,21.790543,112.429779,0.897068,0.807258,0.799609,0.931233,0.941932,0.869611,0.828184,0.736239,0.840228,0.763703,0.835389,0.836737,0.765409,1.051823,0.804403,0.863260
panda_0489,48,0:48,12,4,14,-0.522439,0.662234,0.124603,0.526514,-0.514022,0.869400,-0.808853,0.838195,0.678964,0.588799,-0.261037,0.706936,0.568568,0.669265,-0.267051,0.419989,0.864878,0.819671,0.514109,0.672212,-0.772636,0.686643,-0.613917,0.694581,0.221442,0.957812,0.926945,0.719895,-0.817451,0.812662,-0.672302,0.725462,3.702023,0.886171,4.873999,120.960304,26.135317,153.219391,-0.395276,0.447464,0.190587,0.438685,-0.774563,0.471858,-1.235251,0.462779,0.934991,0.480234,-0.402963,0.536259,0.614790,0.480343,-0.223435,0.302181,1.113795,0.492542,0.663928,0.483757,-0.915483,0.421159,-0.946766,0.561981,0.019418,0.596192,1.397856,0.617536,-1.141117,0.481048,-0.998009,0.464468,3.804393,0.895132,5.013900,63.822433,19.974463,87.378769,-0.586021,0.738641,0.091611,0.562439,-0.383751,0.985671,-0.595654,0.900229,0.550951,0.596281,-0.190074,0.768599,0.545457,0.744921,-0.288858,0.466371,0.740420,0.916528,0.439200,0.737536,-0.701212,0.776677,-0.447493,0.694738,0.322454,1.080636,0.691489,0.648368,-0.655619,0.892388,-0.509449,0.775895,3.650838,0.877189,4.753212,97.175751,17.642633,122.481369,0.538685,0.995270,0.879722,1.313657,1.417797,0.856176,0.855660,0.744291,1.076855,0.892795,1.015134,1.423860,0.455220,1.730620,1.195178,1.281796
panda_0494,48,0:48,12,4,14,-0.538913,0.832734,0.111640,0.686565,-1.140286,1.134529,-1.269954,1.375747,0.823132,0.931823,-0.557919,0.621125,0.833147,0.795219,-0.012560,0.524750,1.258764,1.365272,0.857512,1.082363,-1.092388,1.024549,-0.780154,1.485795,0.684958,0.872008,1.351356,0.961958,-1.131854,1.688009,-1.091267,1.566785,5.651498,1.279786,6.682048,77.471634,17.634823,100.886261,-0.379812,0.553665,0.043266,0.520405,-1.233407,0.558802,-1.535020,0.681572,0.949965,0.716273,-0.440707,0.488859,0.696179,0.653589,0.059640,0.448448,1.289988,0.763712,0.762337,0.650198,-1.057258,0.678022,-0.963241,0.879099,0.344217,0.794163,1.405472,0.695802,-1.316635,0.888715,-1.311452,0.883662,4.606527,1.373009,6.498323,66.335541,17.362991,91.418846,-0.618463,0.931617,0.145827,0.753751,-1.093726,1.329700,-1.137422,1.598141,0.759715,1.016786,-0.616525,0.669999,0.901632,0.849058,-0.048660,0.555500,1.243152,1.582275,0.905100,1.240601,-1.109953,1.159211,-0.688611,1.702889,0.855328,0.859169,1.324297,1.069476,-1.039464,1.963045,-0.981175,1.804281,6.173984,0.833804,6.687691,29.590052,13.113011,45.870049,0.509975,0.684135,0.771530,0.845823,0.936853,0.840585,0.743517,0.846393,0.716459,0.572231,0.758333,0.633848,0.604779,0.903982,0.663692,0.726562
panda_0495,48,0:48,12,4,14,0.227324,0.461561,0.694544,0.726541,0.072109,0.606182,0.346093,0.646459,-0.248304,0.641458,-0.570716,0.764349,0.199584,0.667154,-0.369705,0.539109,-0.302765,0.659986,-0.391442,0.555996,0.024225,0.594512,0.940928,0.676822,0.687809,0.815113,-0.031419,0.652908,0.751624,0.677105,0.495202,0.638901,3.103018,0.883503,4.232111,79.857315,24.749809,94.962601,0.226575,0.409197,0.604278,0.641677,0.025723,0.545031,0.258605,0.586835,-0.290175,0.628522,-0.549697,0.713205,0.160544,0.620453,-0.379154,0.510376,-0.266028,0.593983,-0.348978,0.487103,-0.030015,0.542779,0.791136,0.615537,0.579943,0.757963,-0.041052,0.600392,0.614564,0.620159,0.408227,0.578500,2.783756,0.824581,3.861432,41.649353,11.775683,51.439518,0.227698,0.485630,0.739677,0.761451,0.095303,0.633279,0.389838,0.670027,-0.227369,0.646813,-0.581225,0.788468,0.219104,0.688490,-0.364980,0.552855,-0.321133,0.689893,-0.412674,0.586268,0.051344,0.616973,1.015824,0.693441,0.741742,0.837039,-0.026602,0.677590,0.820154,0.693772,0.538689,0.662787,3.262650,0.868592,4.376623,64.093758,20.695303,78.489410,0.853906,0.827218,0.832478,0.804412,1.011210,0.921691,0.865691,0.983426,0.837390,0.807649,0.849306,0.804369,0.837544,0.878910,0.791713,0.829776
panda_0505,48,0:48,12,4,14,-0.069251,0.687283,0.548383,0.658395,-0.147728,1.023039,-0.217463,0.924696,0.040027,0.739771,-0.398952,0.772193,0.381095,0.717947,-0.336190,0.545898,0.098442,0.916353,-0.391129,0.942282,-0.408915,0.759119,0.425761,0.751727,0.445705,1.049570,0.540862,0.870123,0.380046,0.993915,0.102563,0.863726,3.413609,1.234621,5.046293,107.280472,25.268217,139.367889,-0.089885,0.631421,0.440472,0.506837,-0.545915,0.860617,-0.308856,0.891326,-0.115371,0.694767,-0.751446,0.518816,0.484309,0.687455,-0.204109,0.442504,0.248227,0.868600,-0.099951,0.569108,-0.442555,0.708433,0.608373,0.558189,0.800729,0.780498,0.343047,0.711821,0.189271,0.885833,0.059417,0.838714,3.065442,1.263069,4.548833,40.481514,9.317857,54.039989,-0.058934,0.713352,0.602338,0.716275,0.051366,1.039552,-0.171766,0.937602,0.117726,0.749287,-0.222705,0.816486,0.329488,0.727245,-0.402231,0.579670,0.023550,0.930319,-0.536719,1.051814,-0.392095,0.782691,0.334455,0.816604,0.268192,1.119497,0.639770,0.923569,0.475434,1.030609,0.124135,0.875167,3.587692,1.182306,5.135377,97.434326,24.876034,124.447502,0.840510,0.720233,1.026697,0.998454,0.859143,1.148364,1.074085,0.703448,0.948028,0.436460,0.974333,0.966824,1.023106,0.696018,0.636555,0.887231
panda_0506,48,0:48,12,4,14,0.469894,0.308699,0.835419,1.081332,0.108083,0.693966,0.085545,0.707194,-0.307805,0.685045,0.028636,1.007933,-0.019136,0.663899,0.097926,0.678616,-0.132737,0.475975,0.299612,0.565672,0.170849,0.421033,0.075444,1.154229,-0.735651,0.822176,0.190480,0.632505,0.349151,0.704596,0.274155,0.996062,3.201311,0.982403,4.588388,142.078064,38.638634,189.580307,0.482384,0.270858,0.678854,0.901683,-0.005003,0.661664,-0.013419,0.709067,-0.306729,0.618061,0.017511,0.911885,-0.076552,0.588558,0.068587,0.650366,-0.118266,0.414244,0.258239,0.503842,0.084551,0.379592,-0.037889,1.042160,-0.607851,0.800755,0.210672,0.630036,0.249516,0.651204,0.141138,0.954295,2.883430,0.953023,4.176538,71.707253,20.943844,97.739799,0.463649,0.325797,0.913701,1.152830,0.164626,0.702774,0.135027,0.701036,-0.308344,0.716190,0.034198,1.052632,0.009572,0.696756,0.112596,0.691842,-0.139973,0.503858,0.320299,0.593098,0.213998,0.433904,0.132110,1.202367,-0.799551,0.825291,0.180384,0.633495,0.398969,0.724711,0.340664,1.009752,3.360252,0.957999,4.800990,116.208687,30.969326,154.981491,1.016832,0.741229,0.908371,1.022751,0.880206,0.833393,0.809870,0.929468,0.822603,0.791124,0.791461,0.850409,0.830927,0.981710,0.838643,0.917227
panda_0507,48,0:48,12,4,14,0.573765,0.524751,0.188337,0.439716,-1.866611,0.583638,-1.454267,0.657252,-0.274198,0.555882,-0.609571,0.512659,0.519557,0.533778,1.181435,0.649606,0.834814,0.571861,0.618492,0.473351,-0.565287,0.576923,-0.785663,0.852789,0.580193,0.567708,1.072750,0.694299,-0.251384,0.612736,-1.109608,0.778646,4.178155,1.155305,5.995538,61.212734,20.017017,86.936661,0.651166,0.460056,0.355784,0.458829,-1.646616,0.602285,-1.347879,0.619515,-0.214683,0.551162,-0.642629,0.469708,0.444914,0.473366,0.896852,0.722849,0.643664,0.516083,0.382659,0.443025,-0.521781,0.497672,-0.522608,0.807675,0.483468,0.508178,0.945231,0.676523,-0.151499,0.532758,-0.967222,0.738203,3.699470,1.180180,5.526176,42.365158,15.544353,65.823288,0.535064,0.550205,0.104613,0.404641,-1.976608,0.541552,-1.507460,0.669015,-0.303955,0.555843,-0.593043,0.532068,0.556879,0.557819,1.323727,0.557662,0.930389,0.574423,0.736409,0.442994,-0.587041,0.611557,-0.917191,0.844278,0.628556,0.589322,1.136510,0.694290,-0.301326,0.643249,-1.180801,0.788516,4.417498,1.064813,6.116308,41.367981,15.987329,59.945068,1.189211,1.526428,0.832524,0.885459,0.943766,1.015733,0.802722,0.727022,0.710627,0.587498,0.834886,0.709317,0.744349,0.836740,0.771554,0.816763
panda_0515,48,0:48,12,4,14,-0.484484,0.598653,0.048493,0.652181,-1.046141,0.905306,-0.990424,1.056491,0.302633,0.924617,-0.187195,0.708930,0.656112,0.592511,0.151894,0.715948,0.944059,1.041727,0.461298,1.046911,-0.914040,0.715802,-0.374607,1.328112,0.642545,0.790748,0.844572,0.934607,-0.693176,1.371994,-0.844441,1.235357,4.382614,1.546037,6.563265,52.107117,15.732639,71.875916,-0.252558,0.512249,0.218750,0.578526,-0.884142,0.818623,-0.913482,0.976315,0.303929,0.880417,-0.209135,0.636354,0.536210,0.529213,0.014018,0.691596,0.733391,0.905196,0.229126,0.876307,-0.788628,0.610345,-0.243630,1.160010,0.427083,0.703837,0.761746,0.879358,-0.559947,1.189907,-0.740778,1.127027,3.799529,1.425075,5.949832,45.955322,11.909952,61.326874,-0.600447,0.605009,-0.036636,0.670018,-1.127140,0.935207,-1.028895,1.092349,0.301985,0.945942,-0.176225,0.742319,0.716064,0.613016,0.220832,0.717957,1.049393,1.088493,0.577384,1.104377,-0.976745,0.755316,-0.440095,1.400051,0.750276,0.809576,0.885985,0.958361,-0.759791,1.449930,-0.896273,1.282968,4.674157,1.521491,6.570329,20.811081,12.429856,39.237648,0.600184,0.884080,0.808117,0.883335,0.923950,0.917412,0.776895,0.905792,0.736083,0.668536,0.795526,0.768753,0.680484,0.878778,0.775491,0.844609
panda_0520,48,0:48,12,4,14,0.571642,0.529605,-0.394356,0.721937,0.423039,0.771618,0.557463,0.690952,-0.452912,0.633604,0.654065,0.876014,-0.854062,0.917610,0.324899,0.506904,-0.862321,0.770330,-0.701222,0.643978,0.726104,0.770019,0.080962,0.810648,-0.477371,1.052248,-0.588400,0.718227,0.583393,0.615293,0.141931,0.588573,3.528678,1.200255,5.059219,52.877686,15.034686,73.366760,0.593244,0.461463,-0.351876,0.708840,0.339171,0.667221,0.390706,0.594787,-0.550605,0.592129,0.597065,0.800832,-0.821059,0.824435,0.269061,0.535566,-0.782132,0.665968,-0.544571,0.582948,0.630084,0.701677,-0.000131,0.740216,-0.452878,0.904090,-0.502728,0.643907,0.447308,0.550626,0.041719,0.547725,3.146123,1.161087,4.671444,39.841286,9.150867,51.649895,0.560841,0.560267,-0.415596,0.727468,0.464973,0.815613,0.640841,0.719987,-0.404066,0.647855,0.682566,0.909944,-0.870564,0.960390,0.352818,0.489565,-0.902416,0.814575,-0.779547,0.658592,0.774114,0.797686,0.121508,0.840734,-0.489618,1.118793,-0.631235,0.748974,0.651435,0.634346,0.192037,0.601743,3.719957,1.173497,5.195251,31.362701,12.558964,51.294640,0.977190,0.914924,0.763850,0.679787,1.126984,0.862560,0.896342,0.954997,0.837845,0.708393,0.831380,0.827676,0.790932,0.817584,0.736824,0.906862
panda_0533,48,0:48,12,4,14,0.293873,0.613532,-0.571630,0.753590,-0.227679,0.561780,-0.225934,0.576857,0.191994,0.596037,0.229358,0.856909,-0.400882,0.411853,0.209899,0.654727,-0.221392,0.530308,-0.495871,0.599503,0.156142,0.430546,-0.391334,0.752227,0.380432,0.987607,-0.043967,0.588927,0.000620,0.775093,-0.591206,0.676431,2.862729,0.797828,3.874532,60.947540,18.502489,87.041489,0.413280,0.521629,-0.379640,0.710119,-0.164370,0.492062,-0.292548,0.525632,0.092088,0.538145,0.141644,0.793552,-0.407548,0.380358,0.040425,0.616836,-0.221773,0.447406,-0.458901,0.540630,0.117569,0.368935,-0.290423,0.678361,0.257080,0.890705,-0.035987,0.551447,-0.033480,0.663864,-0.508486,0.622193,2.527959,0.819465,3.614872,37.451283,10.720609,51.414284,0.234170,0.646444,-0.667626,0.756352,-0.259333,0.591039,-0.192628,0.598057,0.241947,0.616931,0.273214,0.883633,-0.397549,0.426691,0.294637,0.656671,-0.221202,0.567233,-0.514356,0.626052,0.175428,0.457036,-0.441790,0.781693,0.442108,1.027114,-0.047957,0.606760,0.017670,0.824576,-0.632567,0.698315,3.030114,0.731423,3.962638,45.421421,15.347611,64.609131,1.023038,0.746140,0.769602,0.966204,0.810499,0.854338,0.977623,0.854894,0.800272,0.867347,0.756302,0.791772,0.827367,0.896821,0.786699,0.821852
panda_0534,48,0:48,12,4,14,0.494394,0.291089,0.706417,0.534927,-0.273671,0.446510,-0.368688,0.501632,0.206457,0.538904,-0.495503,0.489568,0.272291,0.311548,-0.060807,0.444846,0.186946,0.411279,0.061134,0.598617,-0.187285,0.347768,-0.265365,0.487446,-0.206384,0.587138,0.847428,0.532561,0.299701,0.503046,-0.151119,0.545190,2.405968,0.510645,3.016493,122.050934,29.473160,155.090759,0.300448,0.287314,0.762251,0.376885,-0.319372,0.485313,-0.406123,0.668910,0.134834,0.561934,-0.544105,0.349005,0.355346,0.222301,-0.000317,0.302422,0.468281,0.325343,0.665192,0.356927,-0.282737,0.382331,-0.288182,0.326787,-0.606529,0.531355,0.821332,0.518202,-0.026195,0.567234,-0.038608,0.656986,2.509360,0.477202,3.014504,77.067451,21.496170,107.890808,0.591366,0.240028,0.678500,0.596541,-0.250820,0.423941,-0.349971,0.390743,0.242268,0.523350,-0.471202,0.544831,0.230764,0.340163,-0.091052,0.498356,0.046278,0.376084,-0.240896,0.447382,-0.139559,0.318578,-0.253957,0.550109,-0.006311,0.505806,0.860476,0.539124,0.462650,0.372894,-0.207374,0.469616,2.354272,0.518902,3.070880,83.847771,25.088331,114.198990,0.571657,1.073962,1.083190,1.176170,1.069420,0.974424,1.063599,0.652333,1.596558,1.685762,1.215470,0.690948,1.744988,0.951074,0.963284,1.271310
panda_0539,48,0:48,12,4,14,0.486718,0.830881,1.189162,1.001548,0.132582,0.789190,0.614998,0.885264,-0.777221,0.601531,-0.486947,0.674605,0.302041,0.726588,0.125867,0.927929,-0.199557,0.455867,0.644466,0.433664,0.123622,0.598265,0.746451,0.910732,-1.230074,0.603634,-0.160406,0.766654,1.120319,0.653021,1.238505,1.087106,4.087986,1.043250,5.376075,182.090424,39.428238,219.797760,0.790216,0.660503,0.443284,1.150946,0.218376,0.651470,0.918584,0.915220,-0.841106,0.426339,-0.294391,0.607237,-0.363039,0.843153,0.319533,0.849221,-0.583925,0.437350,0.597087,0.386814,0.609798,0.682035,0.347492,0.854230,-0.925551,0.642453,-0.749941,0.602533,0.891464,0.748535,0.987639,1.310420,3.943552,1.078321,5.292009,120.231491,36.833961,161.730804,0.334969,0.865060,1.562101,0.651965,0.089686,0.846466,0.463206,0.829218,-0.745279,0.669937,-0.583225,0.685902,0.634581,0.323564,0.029034,0.950190,-0.007373,0.324470,0.668156,0.453431,-0.119467,0.356399,0.945930,0.871733,-1.382335,0.520229,0.134361,0.662911,1.234746,0.565880,1.363937,0.931074,4.160203,1.017606,5.433017,127.435394,35.730812,164.730072,1.239273,0.662728,0.783213,1.303608,1.000073,0.843427,1.231773,1.080283,2.390554,0.903127,2.405611,0.681049,0.667845,1.684887,0.766988,0.929192
panda_0541,48,0:48,12,4,14,0.414334,0.694572,0.855257,1.016061,-0.052424,1.189476,-0.364863,1.308736,0.618200,1.004797,-0.443643,0.803975,0.314840,0.542695,-0.350505,0.794728,0.387277,0.950249,0.307823,0.710078,-0.418972,0.736012,-0.850885,1.094074,-0.625623,0.914075,1.465422,1.075667,0.058029,1.135660,-0.210896,1.235219,4.460189,0.925322,5.538470,270.548523,65.030792,346.781006,-0.045235,0.459047,0.295178,0.436367,-0.772988,0.980855,-1.073412,1.046556,1.100939,0.684860,-0.336088,0.468239,0.417614,0.476499,-0.120876,0.552256,1.070334,0.592497,0.621828,0.611028,-0.856538,0.503043,-1.093600,0.828139,-0.251344,0.772985,1.703371,0.895632,-0.797143,0.833558,-0.879909,1.085594,4.342004,0.975319,5.283594,121.934158,35.263901,166.538696,0.644118,0.678146,1.135297,1.103673,0.307858,1.118853,-0.010588,1.282580,0.376830,1.051252,-0.497420,0.922640,0.263453,0.565977,-0.465319,0.869108,0.045749,0.910498,0.150820,0.704052,-0.200190,0.736509,-0.729528,1.186763,-0.812763,0.921675,1.346447,1.136682,0.485614,1.019159,0.123610,1.167780,4.519281,0.893438,5.716683,227.525482,58.650978,301.386139,0.431352,0.309667,1.170110,1.269835,1.298964,0.601749,1.091283,0.496148,1.521761,1.213498,1.460438,1.006220,0.575669,1.171217,1.115799,1.287243
panda_0551,48,0:48,12,4,14,0.312680,0.853830,0.041994,1.304773,0.674193,1.403564,0.352115,1.321648,0.429511,1.138438,0.276305,0.881050,-0.548012,0.589670,-0.279535,1.045618,-0.396721,0.943840,0.006364,1.258250,0.397839,0.763484,-0.636746,1.115082,-1.117240,0.806436,0.261901,1.378740,0.112557,1.339464,0.111757,1.249730,4.684074,1.144128,6.400692,294.942261,93.955482,433.831390,-0.018592,0.507427,-0.921400,1.546847,-0.704807,0.803810,-0.981199,1.263067,0.606559,0.471776,0.206185,0.358475,-0.218802,0.456587,0.479653,0.414255,0.684145,0.382797,0.734398,0.741776,-0.118716,0.784788,-1.526139,0.658109,-0.712503,0.516847,0.964804,1.445091,-1.305258,0.867236,-1.212674,1.036560,4.543821,1.365584,6.456648,147.491501,81.149742,273.418762,0.478317,0.939411,0.523691,0.813134,1.363694,1.098044,1.018772,0.699404,0.340986,1.345089,0.311365,1.047107,-0.712617,0.579695,-0.659130,1.059196,-0.937155,0.621917,-0.357653,1.304664,0.656117,0.605222,-0.192049,1.027274,-1.319609,0.847988,-0.089551,1.198619,0.821464,0.898636,0.773972,0.699945,4.754200,1.008157,6.186135,221.135544,73.915840,316.229309,0.441771,1.403031,0.689741,1.489633,0.577092,0.374487,0.359418,0.522736,0.750286,0.663258,0.980916,1.854239,0.511371,1.559531,1.382288,1.663814
panda_0556,48,0:48,12,4,14,-0.085558,0.393629,0.506625,0.698103,0.061820,0.512785,0.402501,0.467429,-0.767857,0.663842,-0.248021,0.673701,0.271168,0.590809,-0.059092,0.450331,-0.173979,0.498581,-0.388117,0.528033,-0.054442,0.454783,1.062819,0.698849,-0.007112,0.647457,-0.298557,0.481834,0.827600,0.553329,0.813198,0.653552,2.917148,0.757949,3.859108,63.116428,14.730141,81.620270,-0.066554,0.353647,0.424715,0.617886,0.024780,0.463709,0.358973,0.434771,-0.850318,0.613936,-0.177392,0.595735,0.206436,0.553269,-0.066555,0.439555,-0.184928,0.445469,-0.419435,0.460398,-0.091064,0.430295,0.939359,0.630065,-0.020050,0.562106,-0.306801,0.458574,0.708486,0.505535,0.700130,0.602879,2.656998,0.723560,3.562400,33.537434,8.782833,45.829224,-0.095060,0.411840,0.547580,0.731504,0.080341,0.534679,0.424264,0.481457,-0.726627,0.683718,-0.283336,0.706837,0.303535,0.606125,-0.055360,0.455577,-0.168504,0.523033,-0.372458,0.558130,-0.036131,0.465466,1.124549,0.722953,-0.000644,0.686072,-0.294436,0.493002,0.887156,0.566424,0.869732,0.670355,3.047223,0.741082,3.969099,49.901375,12.050117,66.936455,0.845382,0.804099,0.860852,0.899218,1.067469,0.801145,0.848511,1.008215,0.829952,0.941918,0.981898,0.830255,0.800408,0.962520,0.804129,0.829003
panda_0557,48,0:48,12,4,14,-0.831998,0.449682,0.248596,0.694603,-1.464025,0.598169,-1.672972,0.734462,1.034230,0.606953,-0.691452,0.632719,1.218637,0.343677,-0.118928,0.529325,1.740759,0.654235,1.246807,0.656021,-1.494964,0.449180,-1.053447,1.080875,1.011162,0.572624,1.691001,0.587720,-1.590416,0.976844,-1.446693,0.993607,5.598651,1.193391,6.676444,99.813812,25.635551,132.216721,-0.462120,0.411616,0.584304,0.651580,-1.152295,0.565542,-1.477120,0.736465,1.131589,0.567812,-0.746320,0.624798,1.002791,0.362946,-0.363809,0.550378,1.376577,0.645159,0.865567,0.653268,-1.238085,0.433549,-0.835210,0.916354,0.676969,0.523427,1.658809,0.664683,-1.300115,0.854058,-1.208237,0.895765,4.810428,1.362499,6.439168,85.168243,21.726763,111.505432,-1.016938,0.340586,0.080741,0.653380,-1.619890,0.551279,-1.770898,0.713577,0.985550,0.619898,-0.664018,0.634867,1.326560,0.276340,0.003512,0.473121,1.922851,0.578315,1.437426,0.568469,-1.623404,0.398962,-1.162565,1.138800,1.178259,0.520668,1.707097,0.544465,-1.735566,1.001710,-1.565920,1.018351,5.992763,0.861453,6.678918,44.573616,13.885756,60.572258,0.476801,1.341510,0.722960,0.831488,1.058904,1.148550,0.753503,1.324019,0.711696,0.625643,0.757656,0.704766,0.595248,0.964577,0.727250,0.766542
panda_0560,48,0:48,12,4,14,1.752070,0.510217,0.744400,0.297945,2.109399,0.434817,2.385422,0.528735,-1.041600,0.433910,0.079611,0.288453,-1.490602,0.450869,-0.443110,0.277607,-2.555737,0.620775,-1.829738,0.634567,1.803950,0.520968,1.581433,0.423196,-1.199372,0.554420,-1.101291,0.328104,2.727632,0.634100,2.123736,0.437211,7.017489,1.371450,7.900203,83.585068,13.635238,102.633575,1.535096,0.434269,0.520104,0.186088,1.838844,0.465010,2.032903,0.519239,-1.202576,0.288666,0.130028,0.188647,-1.416738,0.372762,-0.367058,0.180938,-2.275965,0.614244,-1.336475,0.714207,1.547159,0.520752,1.198574,0.341590,-0.951356,0.558434,-1.053768,0.189723,2.333286,0.642195,1.801763,0.401980,5.997758,1.572337,7.734322,57.882881,19.312321,84.775444,1.860557,0.510764,0.856548,0.279484,2.244677,0.347248,2.561682,0.437418,-0.961112,0.470445,0.054402,0.324203,-1.527534,0.480995,-0.481136,0.308045,-2.695623,0.575057,-2.076370,0.408025,1.932345,0.471237,1.772862,0.316804,-1.323381,0.508934,-1.125052,0.376546,2.924805,0.529419,2.284722,0.358032,7.527353,0.897388,7.909964,55.306702,8.518660,63.090012,0.809832,0.600664,0.818723,0.793442,1.164324,0.951641,0.912530,0.757760,0.843895,0.643580,0.796379,0.673750,0.692173,0.911275,0.797209,0.787723
panda_0572,48,0:48,12,4,14,-0.924044,0.447661,-0.032334,0.539984,-1.603344,0.489973,-1.900838,0.542738,1.220713,0.281848,-0.535550,0.597110,1.185439,0.252008,-0.000011,0.503578,1.902353,0.603560,1.310644,0.621696,-1.595270,0.374990,-1.387058,0.975552,1.024574,0.601909,1.800966,0.367762,-1.917029,0.831792,-1.802928,0.774863,5.958376,1.075058,6.682597,76.224182,18.173050,102.576859,-0.585621,0.439399,0.127718,0.439246,-1.423822,0.414640,-1.797343,0.477485,1.188139,0.319591,-0.491994,0.462411,0.962975,0.284137,-0.034390,0.400297,1.582397,0.584272,0.907924,0.593720,-1.350769,0.382138,-1.144181,0.854889,0.642322,0.529870,1.646693,0.460421,-1.651827,0.742570,-1.638968,0.691485,5.089277,1.317327,6.497206,61.574310,17.269613,85.838478,-1.093256,0.343754,-0.112360,0.567180,-1.693105,0.499976,-1.952586,0.565524,1.237000,0.259409,-0.557328,0.653051,1.296671,0.133331,0.017179,0.547158,2.062330,0.546773,1.512005,0.530913,-1.717520,0.305083,-1.508497,1.008908,1.215700,0.541731,1.878102,0.281122,-2.049629,0.842236,-1.884908,0.800863,6.392925,0.547220,6.683251,41.155609,12.720212,57.069534,0.535382,0.774780,0.837090,0.922126,0.958529,0.882774,0.742652,0.789475,0.765590,0.597527,0.786465,0.725200,0.530089,0.876869,0.798564,0.861728
panda_0573,48,0:48,12,4,14,1.602193,0.729111,0.563055,0.452632,1.856236,0.583370,2.125090,0.610302,-0.982876,0.565863,0.193787,0.539396,-1.411186,0.662064,-0.310326,0.340214,-2.351403,0.781150,-1.790509,0.720538,1.652630,0.652883,1.430518,0.435595,-1.019584,0.880229,-1.075369,0.372670,2.476108,0.814577,1.840603,0.505362,6.550894,1.562934,7.733783,66.845932,14.482174,84.191696,1.378434,0.660386,0.369805,0.363572,1.619444,0.536984,1.811691,0.578930,-1.080517,0.505945,0.204148,0.419076,-1.310004,0.551192,-0.298280,0.331551,-2.042599,0.728957,-1.288699,0.724913,1.393307,0.616055,1.076224,0.395320,-0.814448,0.794878,-1.017063,0.291501,2.063393,0.802854,1.553589,0.479690,5.545221,1.652046,7.580549,56.487644,16.871706,78.230637,1.714072,0.736070,0.659680,0.461748,1.974632,0.569432,2.281789,0.563435,-0.934056,0.587503,0.188607,0.590364,-1.461777,0.705627,-0.316349,0.344306,-2.505806,0.760318,-2.041414,0.571973,1.782291,0.631811,1.607665,0.335160,-1.122151,0.902623,-1.104522,0.404090,2.682466,0.738420,1.984109,0.454150,7.053730,1.241364,7.736004,31.564808,5.891551,38.642826,0.797806,0.598302,0.816252,0.793823,1.073351,0.750574,0.860647,0.931050,0.814893,0.631206,0.776933,0.670183,0.714309,0.900834,0.770971,0.783846
panda_0587,48,0:48,12,4,14,1.050279,0.664596,-0.150746,0.621880,0.515853,1.070126,0.837133,1.282545,-0.401125,1.101749,0.573080,0.944397,-1.074303,1.056460,0.353888,0.482109,-1.082932,1.394836,-0.971437,1.167531,0.941914,1.086838,0.291497,0.822430,-0.695760,0.828859,-0.433702,1.231161,1.031596,1.216799,0.419892,1.059569,4.983958,1.033432,6.106758,177.766891,54.866222,257.410034,0.497907,0.763928,0.012562,0.523240,-0.428245,0.919873,-0.273821,1.463803,0.585396,1.211313,-0.028399,0.787662,-0.256476,1.084193,0.139582,0.484703,0.461143,1.078128,0.324482,0.712202,-0.115265,1.020143,-0.433745,0.685648,-0.423750,0.843782,0.836509,1.141993,-0.171778,1.260674,-0.281790,1.335916,4.193384,0.879293,5.281539,169.659668,57.755032,251.690857,1.326465,0.376700,-0.232401,0.650545,0.987902,0.791316,1.392610,0.685828,-0.894385,0.597680,0.873820,0.869650,-1.483216,0.764719,0.461041,0.443543,-1.854969,0.740976,-1.619396,0.729056,1.470504,0.642852,0.654119,0.620521,-0.831765,0.786788,-1.068808,0.641471,1.633283,0.583240,0.770734,0.649942,5.379245,0.864082,6.233347,18.813066,7.636989,28.723095,0.547451,0.730718,0.735805,0.960560,1.320594,0.521712,0.649444,0.636661,0.575189,0.403545,0.644873,0.852471,0.704837,1.114817,0.711472,1.449001
panda_0590,48,0:48,12,4,14,0.617064,0.781161,0.418114,0.835908,-0.137588,0.936955,-0.185940,1.042015,0.097755,0.947153,-0.196997,0.891778,-0.092477,0.869299,0.040344,0.929777,-0.214945,0.975628,-0.304680,0.837389,0.060235,0.935878,-0.173115,0.895479,0.042493,1.017631,0.588613,1.026389,0.400635,1.030113,-0.223083,1.073280,3.756473,1.227116,5.423636,154.157364,23.228401,179.537170,0.553649,0.664803,0.114578,0.587950,-0.383815,0.829162,-0.344951,0.932084,-0.210800,0.893000,0.082205,0.708266,-0.226642,0.775733,0.247947,0.823894,-0.316893,0.882017,-0.604916,0.723005,0.018409,0.845117,0.031695,0.710121,0.300413,0.801332,0.215292,0.901523,0.382479,0.938331,-0.391918,0.958942,3.300490,1.207737,4.822488,40.349178,11.176806,58.054188,0.648772,0.831457,0.569883,0.897869,-0.014475,0.963120,-0.106434,1.084130,0.252033,0.935691,-0.336599,0.940009,-0.025394,0.905063,-0.063458,0.961770,-0.163972,1.015383,-0.154562,0.850209,0.081148,0.977435,-0.275519,0.958764,-0.086467,1.087383,0.775273,1.034077,0.409713,1.072949,-0.138665,1.116571,3.984465,1.171949,5.608807,147.946411,23.245041,173.840637,0.792922,0.599076,0.946574,0.920641,0.985645,0.722741,0.867523,0.862688,0.906313,1.097963,0.838612,0.668657,0.726381,0.727237,0.855267,0.923484
panda_0596,48,0:48,12,4,14,0.550727,1.496422,-0.637367,0.775103,-0.533328,1.225341,-0.383644,0.848827,-0.153514,0.775960,0.573260,0.681466,-0.621534,0.462990,0.910142,1.449261,-0.104004,0.370142,0.285881,0.575005,0.382903,0.484444,-0.931395,0.988998,-0.349816,0.481591,-0.121409,0.701736,-0.423232,0.788285,-0.822731,0.933250,3.898929,1.395193,5.911390,74.204651,23.161165,105.550446,0.705771,1.229648,-0.473130,0.620542,-0.545749,1.092259,-0.514918,0.750590,-0.190791,0.673728,0.465094,0.550015,-0.640649,0.344401,0.798390,1.229138,-0.159758,0.309195,0.319986,0.520417,0.380508,0.381618,-0.865234,0.794794,-0.371967,0.416903,-0.049689,0.614971,-0.396006,0.622832,-0.843621,0.718384,3.365704,1.388282,5.458525,46.708828,17.624365,71.910431,0.473206,1.607754,-0.719487,0.829705,-0.527117,1.286686,-0.318007,0.886648,-0.134876,0.821690,0.627343,0.732504,-0.611977,0.511820,0.966018,1.544597,-0.076128,0.394177,0.268828,0.599714,0.384100,0.528401,-0.964476,1.071468,-0.338741,0.510513,-0.157270,0.738713,-0.436845,0.858822,-0.812287,1.023751,4.165541,1.320202,6.165780,53.643974,15.943154,75.120132,0.812081,0.676652,0.865764,0.964175,0.804291,0.710185,0.932884,0.774654,0.871477,0.921521,0.807274,0.753774,0.893106,0.793642,0.747820,0.832330
panda_0597,48,0:48,12,4,14,-0.439131,0.473396,0.084481,0.713162,-1.024957,0.588540,-1.372848,0.706596,0.892464,0.619934,-0.246962,0.733090,0.690324,0.558325,0.022872,0.554930,1.266993,0.647026,0.962622,0.624252,-0.985487,0.572492,-1.370025,0.702739,0.263652,0.768905,1.439069,0.683682,-1.349705,0.713653,-1.350366,0.733747,4.600574,1.151610,6.309254,165.599136,35.711407,202.488861,-0.200949,0.266456,0.213520,0.558698,-0.969144,0.405425,-1.363127,0.577583,0.822477,0.572024,-0.439956,0.569134,0.577161,0.312169,0.040216,0.453853,1.117882,0.433805,0.892614,0.520446,-0.822897,0.311116,-1.170879,0.756510,-0.087212,0.464392,1.512155,0.599954,-1.159304,0.569633,-1.148551,0.622636,4.062455,0.942360,5.232009,83.263596,22.416937,106.453308,-0.558222,0.508043,0.019962,0.770934,-1.052863,0.659582,-1.377709,0.762918,0.927458,0.639686,-0.150465,0.785010,0.746906,0.639735,0.014200,0.598919,1.341548,0.719163,0.997626,0.667405,-1.066783,0.650690,-1.469598,0.651816,0.439084,0.828652,1.402526,0.719133,-1.444905,0.757972,-1.451273,0.763670,4.869633,1.152436,6.532617,133.585144,28.569727,167.717896,0.395019,0.782000,0.891048,0.965010,0.915512,0.935968,0.685640,0.809021,0.825195,0.828822,0.749564,0.786225,0.436001,1.069645,0.794800,0.792251
panda_0603,48,0:48,12,4,14,-0.475766,0.494754,0.029830,0.725577,-1.029089,0.582730,-1.384765,0.711169,0.911630,0.630032,-0.235652,0.713247,0.686617,0.566254,0.026029,0.541741,1.301064,0.655919,1.011041,0.602739,-0.996263,0.588459,-1.425138,0.688603,0.247332,0.764496,1.449304,0.693261,-1.423715,0.707726,-1.381949,0.722520,4.682642,1.144853,6.398671,166.329193,35.137440,200.770569,-0.215273,0.278840,0.161929,0.543943,-0.998075,0.405579,-1.400837,0.568460,0.826846,0.580621,-0.393933,0.558092,0.560928,0.307868,0.073630,0.447428,1.146210,0.434319,0.929736,0.532401,-0.840670,0.325858,-1.243051,0.750771,-0.113556,0.491254,1.508799,0.608511,-1.213176,0.545488,-1.190864,0.604091,4.141032,0.933873,5.285239,84.449455,22.600117,108.365570,-0.606013,0.526692,-0.036220,0.792885,-1.044596,0.652988,-1.376728,0.772577,0.954022,0.649198,-0.156511,0.767175,0.749461,0.649404,0.002229,0.581747,1.378492,0.730099,1.051693,0.631077,-1.074060,0.669460,-1.516182,0.636054,0.427775,0.811379,1.419557,0.730150,-1.528986,0.754513,-1.477492,0.757103,4.953447,1.144537,6.584294,133.915436,28.477772,166.391418,0.391969,0.722448,0.921433,0.986250,0.897482,0.910842,0.661267,0.833464,0.821665,0.836459,0.754801,0.807051,0.484137,1.057589,0.786505,0.802338
panda_0619,48,0:48,12,4,14,-0.742064,0.655603,-0.025420,0.720546,0.624335,1.302762,-0.040612,1.157148,0.767828,0.506944,0.455162,0.884469,0.146725,0.531943,-0.875097,0.877037,0.328508,0.612530,-0.179588,0.771606,-0.473583,0.497965,-0.476396,0.851380,-0.413568,0.729454,0.511732,1.012355,-0.605438,0.432978,-0.215102,0.896576,3.667068,1.041554,5.169128,134.362274,33.996792,180.660858,-0.330973,0.491436,0.351295,0.652886,-0.054905,1.030731,-0.518489,0.943986,0.679314,0.452939,-0.125417,0.792653,0.375387,0.554215,-0.621630,0.661769,0.496504,0.614602,-0.004221,0.779009,-0.626874,0.500555,-0.345886,0.726524,0.022575,0.619332,0.842522,0.951086,-0.514814,0.426071,-0.426672,0.755419,3.229787,0.998762,4.540251,63.999516,14.735963,77.644981,-0.947610,0.630256,-0.213777,0.677654,0.963955,1.291725,0.198327,1.179685,0.812085,0.526341,0.745452,0.778764,0.032394,0.481303,-1.001831,0.941615,0.244511,0.593932,-0.267271,0.752710,-0.396938,0.478594,-0.541651,0.900321,-0.631639,0.680957,0.346337,1.001471,-0.650750,0.429275,-0.109317,0.941740,3.885709,0.992511,5.457905,110.927849,29.933525,149.518661,0.435311,1.056884,0.626119,0.964886,0.837810,0.695499,1.445467,0.654175,1.221924,0.993151,1.411478,0.724917,0.611035,1.276571,0.809483,0.931533
panda_0620,48,0:48,12,4,14,-1.017979,0.378135,-0.201477,0.248202,-1.733807,0.245627,-2.076069,0.204331,1.253424,0.169727,-0.328748,0.056689,1.182021,0.227438,0.162091,0.159214,2.068442,0.440702,1.467652,0.485789,-1.680690,0.303888,-1.723464,0.461360,0.874519,0.309801,1.877554,0.283659,-2.194624,0.431207,-2.059207,0.317168,6.130359,1.050089,6.678962,54.888878,21.864761,84.135880,-0.627080,0.429732,0.034653,0.310840,-1.495842,0.304713,-1.907692,0.276829,1.197345,0.268100,-0.368495,0.049625,0.955141,0.269687,0.059056,0.224479,1.662437,0.557439,0.979456,0.567642,-1.389586,0.371929,-1.337863,0.617020,0.550551,0.319001,1.707494,0.429686,-1.811174,0.564380,-1.802322,0.440435,5.171453,1.342721,6.504087,54.298195,22.283451,83.935966,-1.213429,0.086848,-0.319542,0.047721,-1.852790,0.040045,-2.160258,0.055194,1.281463,0.070096,-0.308875,0.049034,1.295461,0.051191,0.213609,0.069758,2.271445,0.111031,1.711750,0.118852,-1.826243,0.076158,-1.916265,0.131933,1.036502,0.119868,1.962584,0.081783,-2.386348,0.096806,-2.187650,0.066403,6.609811,0.250909,6.680659,5.409165,1.560784,7.459665,0.517418,0.846984,0.807346,0.883085,0.934358,1.193023,0.737298,0.984988,0.731885,0.572196,0.760899,0.698315,0.533206,0.870023,0.758973,0.823862
panda_0624,48,0:48,12,4,14,0.574009,0.400547,-0.392073,0.680828,0.461103,0.387703,0.128405,0.477628,0.039334,0.541095,1.078769,0.817611,-0.826217,0.494645,0.326832,0.548172,-0.470862,0.396482,-0.393965,0.432129,0.498122,0.349234,-1.040255,0.671232,-1.214451,0.585118,-0.025038,0.521366,-0.055428,0.462027,-0.473494,0.584231,3.145885,0.880174,4.378531,121.480927,29.970770,160.495972,0.680940,0.290399,-0.620808,0.476906,0.306904,0.282573,-0.088284,0.316349,-0.244679,0.374521,1.373244,0.593305,-1.058889,0.397329,0.570462,0.398517,-0.627560,0.312607,-0.535856,0.411117,0.565552,0.281947,-1.070038,0.483024,-1.259002,0.478636,-0.128577,0.395187,-0.082569,0.302729,-0.704423,0.357487,3.174011,1.002211,4.568162,45.565903,14.795691,67.010765,0.520544,0.435793,-0.277705,0.736431,0.538203,0.409529,0.236749,0.506892,0.181341,0.555469,0.931532,0.872748,-0.709881,0.497466,0.205017,0.571677,-0.392514,0.410512,-0.323020,0.424848,0.464408,0.373884,-1.025364,0.747333,-1.192176,0.630484,0.026732,0.567104,-0.041857,0.523286,-0.358030,0.638822,3.131822,0.811944,4.108492,109.458839,26.319929,142.126785,1.195439,1.014145,0.613278,0.671670,0.830891,1.210205,1.398794,1.220851,1.360242,1.316467,1.115579,0.924423,1.016899,0.741194,0.574873,1.198233
panda_0625,48,0:48,12,4,14,0.061728,0.623081,-0.204796,0.640886,-0.014039,0.910173,-0.134153,0.915206,0.152670,0.649139,0.310596,0.791818,-0.238902,0.712622,-0.062632,0.640207,-0.288319,0.889047,-0.749971,0.811857,-0.002570,0.730088,-0.007660,0.849446,0.388478,0.844425,0.109154,0.787893,0.155366,0.915810,-0.378721,0.881688,3.222116,0.961136,4.586177,59.854858,15.271873,79.555038,0.177613,0.521310,-0.115896,0.600898,-0.012696,0.799600,-0.198725,0.809764,0.071290,0.615607,0.267161,0.727957,-0.262364,0.636648,-0.116143,0.599477,-0.295937,0.760557,-0.726476,0.673386,-0.007837,0.635928,-0.017268,0.738044,0.262439,0.734690,0.160730,0.731319,0.109241,0.788066,-0.395848,0.793841,2.858869,0.926104,4.171986,40.992386,10.084042,53.724743,0.003785,0.660599,-0.249247,0.655466,-0.014710,0.960698,-0.101867,0.961986,0.193360,0.661527,0.332313,0.821029,-0.227170,0.747443,-0.035876,0.657999,-0.284510,0.946752,-0.761718,0.872657,0.000063,0.772864,-0.002855,0.899952,0.451497,0.887571,0.083365,0.813482,0.178429,0.972595,-0.370157,0.922360,3.403739,0.926218,4.721439,39.629288,10.841478,53.556282,0.788199,0.853533,0.815744,0.852500,0.895649,0.853265,0.859783,0.933889,0.795761,0.821633,0.800863,0.783701,0.752611,0.899264,0.774484,0.875526
panda_0633,48,0:48,12,4,14,0.117876,0.768730,-0.403048,0.535086,-0.639946,0.867387,-0.705568,0.960117,0.342028,0.705980,0.246271,0.689350,-0.108464,0.888530,0.456595,0.608710,0.386754,1.079781,0.475176,0.816638,-0.172346,0.976490,-1.046964,0.685458,-0.087567,0.882923,0.461605,0.979942,-0.712816,0.998344,-0.998847,0.821313,3.659650,1.633603,6.640016,87.535828,17.009796,104.153061,0.226504,0.614090,-0.250220,0.521792,-0.615158,0.724455,-0.744058,0.812432,0.267693,0.703220,0.137788,0.627978,-0.146926,0.770722,0.352667,0.586332,0.225700,0.944928,0.377604,0.633839,-0.133850,0.834615,-0.850527,0.665739,-0.133624,0.749992,0.432911,0.887997,-0.575926,0.874073,-0.909226,0.745625,3.179029,1.497055,5.868091,51.085339,11.663301,67.789154,0.063563,0.830069,-0.479461,0.525191,-0.652340,0.930409,-0.686323,1.025478,0.379195,0.704420,0.300513,0.711899,-0.089233,0.941335,0.508559,0.613024,0.467281,1.132692,0.523961,0.890130,-0.191594,1.039662,-1.145182,0.673969,-0.064538,0.941539,0.475952,1.022517,-0.781261,1.048323,-1.043657,0.853130,3.899961,1.645951,6.672184,67.270248,13.804605,79.572746,0.777632,0.775646,0.818862,0.890721,0.931214,0.829619,0.820570,0.828196,0.777680,0.653714,0.781463,0.756227,0.747317,0.832323,0.776891,0.868927
panda_0641,48,0:48,12,4,14,-0.491165,0.397649,-0.644257,0.728150,-1.359707,0.575425,-1.617663,0.689455,0.746392,0.392990,0.445866,0.713866,0.379118,0.217130,0.621544,0.548391,1.305374,0.531607,0.864623,0.465722,-0.969997,0.340024,-1.756563,1.062525,0.231054,0.485096,1.196259,0.379214,-1.710669,0.926993,-1.944908,0.994057,5.152045,1.006565,5.821424,89.227188,27.857143,126.188576,-0.142463,0.383553,-0.280270,0.725432,-1.092823,0.546291,-1.516399,0.742106,0.703992,0.398714,0.275241,0.699458,0.295113,0.213167,0.414441,0.561972,1.038885,0.471426,0.632443,0.401389,-0.767275,0.343163,-1.492815,0.833657,-0.123599,0.409947,1.177771,0.426287,-1.435121,0.789647,-1.692086,0.943227,4.385120,1.185840,5.720178,84.258575,27.758076,121.676231,-0.665516,0.269140,-0.826251,0.657885,-1.493150,0.542249,-1.668296,0.655721,0.767591,0.388364,0.531179,0.705656,0.421121,0.206653,0.725095,0.510905,1.438618,0.509436,0.980712,0.452060,-1.071358,0.289348,-1.888438,1.137442,0.408380,0.417870,1.205503,0.352970,-1.848444,0.959301,-2.071320,0.994709,5.535507,0.612799,5.831643,13.542332,4.044509,17.979939,0.478746,0.613304,0.745156,0.932967,0.893276,0.707632,0.703205,0.668546,0.708358,0.603824,0.725424,0.718830,0.666307,0.964109,0.743939,0.812484
panda_0646,48,0:48,12,4,14,-0.986853,0.394318,-0.138504,0.398888,-1.695148,0.362574,-1.999562,0.419228,1.214279,0.286191,-0.399409,0.350605,1.180690,0.246965,0.117624,0.294862,1.996324,0.529326,1.397153,0.561764,-1.644542,0.348085,-1.581136,0.756534,0.938419,0.442437,1.841631,0.338039,-2.070456,0.688212,-1.956916,0.592556,6.057088,1.071174,6.682597,53.551445,20.586342,80.236298,-0.609392,0.427604,0.086661,0.396945,-1.462909,0.381879,-1.828570,0.444112,1.162088,0.337344,-0.432092,0.311756,0.957933,0.283691,0.018538,0.316348,1.600819,0.598339,0.922728,0.605625,-1.363483,0.389417,-1.218691,0.790437,0.617780,0.450353,1.678079,0.448143,-1.704548,0.720369,-1.710345,0.624256,5.121852,1.326516,6.500147,53.103092,20.630272,80.051094,-1.175583,0.186949,-0.251086,0.349086,-1.811268,0.289521,-2.085058,0.378262,1.240375,0.252813,-0.383067,0.367408,1.292069,0.118456,0.167167,0.270211,2.194077,0.352073,1.634366,0.348092,-1.785072,0.216045,-1.762359,0.669026,1.098739,0.339278,1.923407,0.225672,-2.253409,0.592090,-2.080202,0.535012,6.524706,0.430465,6.684112,4.517491,2.712298,8.164068,0.520525,0.856135,0.808329,0.878362,0.935674,1.127978,0.741405,0.970644,0.729823,0.573438,0.763774,0.705316,0.564069,0.872526,0.759285,0.824683
panda_0649,48,0:48,12,4,14,-0.430833,0.710665,-0.059739,0.618490,-0.773107,0.981873,-0.699126,1.188092,0.164391,0.974301,-0.113534,0.735127,0.509107,0.692052,0.159288,0.466026,0.789200,1.153386,0.444026,1.007701,-0.723781,0.850115,-0.377702,1.157561,0.329938,0.758162,0.552069,1.030334,-0.612048,1.433098,-0.592788,1.279315,4.116522,1.569954,6.398840,54.127747,12.233177,73.337555,-0.238389,0.600558,0.056882,0.566663,-0.688822,0.871442,-0.665287,1.088887,0.126839,0.940814,-0.120379,0.681038,0.392156,0.616262,0.067606,0.481373,0.603124,1.008693,0.227623,0.810631,-0.628475,0.731097,-0.251692,0.971492,0.207719,0.675871,0.494680,0.953934,-0.516124,1.243785,-0.544088,1.147358,3.570069,1.454398,5.730678,42.800419,9.380533,54.583069,-0.527056,0.741253,-0.118050,0.634856,-0.815249,1.030087,-0.716045,1.234360,0.183167,0.990087,-0.110112,0.760707,0.567583,0.719900,0.205129,0.451227,0.882239,1.208615,0.552227,1.076805,-0.771434,0.899988,-0.440707,1.235360,0.391047,0.789057,0.580764,1.065324,-0.660010,1.516659,-0.617137,1.339767,4.389748,1.554201,6.552581,30.878090,10.241880,45.474609,0.638072,0.875195,0.828055,0.888166,0.930054,0.912817,0.776663,0.983858,0.752191,0.642597,0.791952,0.722991,0.744840,0.870073,0.789099,0.846674
panda_0670,48,0:48,12,4,14,0.752966,1.044337,0.518532,0.903888,-1.145468,1.008453,-1.252022,0.891869,-0.145612,0.846732,0.421996,0.871014,0.125877,0.712063,0.873412,0.893582,0.226672,1.197638,-0.548590,1.672280,-0.600841,0.761560,-0.824889,0.927243,-0.095592,1.013415,1.311508,0.891742,0.235234,1.609657,-1.131831,0.958924,5.077206,0.937742,6.163586,53.011711,18.078356,78.797592,0.793719,0.862590,0.696248,0.834267,-0.963079,0.926162,-1.196069,0.810117,-0.061185,0.798554,0.312213,0.821649,0.103364,0.605816,0.577703,0.894760,0.129980,1.011193,-0.577432,1.429502,-0.574080,0.642471,-0.621440,0.835939,-0.159868,0.857938,1.197772,0.846904,0.240238,1.384468,-1.008905,0.883336,4.488532,1.065787,5.771942,48.535019,15.942971,68.688347,0.732589,1.123692,0.429674,0.924031,-1.236663,1.035195,-1.279999,0.928791,-0.187826,0.866743,0.476887,0.889610,0.137133,0.759384,1.021267,0.855483,0.275018,1.277982,-0.534169,1.781128,-0.614222,0.814272,-0.926613,0.953534,-0.063453,1.081382,1.368376,0.908010,0.232732,1.711169,-1.193294,0.988851,5.371543,0.700847,6.521460,18.393499,10.559805,33.706944,0.848534,1.130595,0.815063,0.914037,0.867459,0.849710,0.768538,0.749023,0.749970,0.785614,0.888885,0.717771,0.749738,0.878967,0.791154,0.840871
panda_0674,48,0:48,12,4,14,-0.966141,0.370111,-0.190958,0.278136,-1.676389,0.254508,-2.038460,0.230765,1.226920,0.224145,-0.324129,0.195652,1.131134,0.242187,0.164835,0.199014,2.016690,0.433970,1.469061,0.494979,-1.615542,0.305477,-1.744517,0.494904,0.788970,0.334982,1.873727,0.315723,-2.148137,0.433287,-2.012593,0.348230,6.022126,1.036817,6.676799,68.390228,17.618895,95.139870,-0.627080,0.429733,0.034657,0.310848,-1.495842,0.304713,-1.907692,0.276829,1.197343,0.268102,-0.368492,0.049619,0.955141,0.269687,0.059056,0.224479,1.662437,0.557439,0.979456,0.567642,-1.389586,0.371929,-1.337864,0.617018,0.550551,0.318997,1.707487,0.429688,-1.811174,0.564380,-1.802322,0.440435,5.171451,1.342720,6.504087,54.298210,22.283720,83.936432,-1.135672,0.164060,-0.303766,0.171901,-1.766662,0.162138,-2.103844,0.169517,1.241708,0.196891,-0.301947,0.233907,1.219131,0.168482,0.217725,0.160694,2.193817,0.181670,1.713864,0.163134,-1.728520,0.180325,-1.947843,0.230248,0.908179,0.273510,1.956848,0.190993,-2.316618,0.192839,-2.117728,0.227473,6.447464,0.410245,6.676980,37.743870,10.191641,50.828667,0.552845,0.835276,0.846686,0.906765,0.964142,1.104940,0.783461,0.892895,0.757783,0.571491,0.803916,0.686951,0.607736,0.872570,0.781818,0.850927
panda_0686,48,0:48,12,4,14,-0.330087,0.460623,-0.263959,0.916083,-0.460636,0.866306,-0.421028,0.945749,0.028859,0.801203,0.202062,1.037594,0.174581,0.554000,0.125585,0.991699,0.296574,0.488315,-0.188660,0.829386,-0.416493,0.451793,-0.064116,1.476261,0.402073,0.899424,0.179771,0.838942,-0.240905,0.997958,-0.440405,1.354160,3.697886,1.042211,5.210516,48.955837,18.026937,70.581787,-0.139546,0.450522,-0.087997,0.799647,-0.368188,0.791434,-0.426232,0.909625,-0.010008,0.752676,0.154697,0.924949,0.111571,0.493386,-0.003508,0.929004,0.193151,0.419236,-0.273184,0.763298,-0.369246,0.409522,-0.006903,1.291572,0.226861,0.832744,0.170005,0.800463,-0.204982,0.868453,-0.389264,1.240463,3.292990,1.051443,4.794907,39.679352,13.056129,54.903191,-0.425358,0.435368,-0.351940,0.957013,-0.506860,0.897851,-0.418426,0.963292,0.048293,0.823708,0.225745,1.088785,0.206086,0.579381,0.190132,1.015470,0.348286,0.511640,-0.146398,0.857410,-0.440116,0.469731,-0.092722,1.559642,0.489679,0.918526,0.184654,0.857493,-0.258866,1.056318,-0.465976,1.406871,3.900334,0.976516,5.311654,24.787167,13.529750,47.124359,0.762660,0.759201,0.836410,0.946314,0.889384,0.817618,0.806251,0.880513,0.694383,0.881270,0.823488,0.795836,0.835070,0.933836,0.794042,0.861048
panda_0692,48,0:48,12,4,14,-0.449548,0.313435,-0.960153,0.467799,-1.419608,0.300982,-1.707786,0.317637,0.682186,0.271695,0.820544,0.417307,0.156614,0.140140,0.887574,0.334435,1.255362,0.345062,0.813406,0.325540,-0.877645,0.212727,-2.065021,0.729452,0.045349,0.298273,1.089012,0.244432,-1.861989,0.564339,-2.208081,0.583327,5.132530,0.982118,5.697217,49.363800,22.546991,78.975098,-0.127475,0.330441,-0.623130,0.505165,-1.211682,0.292563,-1.676015,0.250328,0.625300,0.244922,0.654722,0.375206,0.083908,0.097100,0.685478,0.390862,0.987017,0.372589,0.532259,0.315655,-0.698934,0.226152,-1.710351,0.727910,-0.178755,0.219718,1.040157,0.319618,-1.600516,0.530915,-1.995447,0.563654,4.390209,1.215779,5.593118,48.484131,22.823244,78.310272,-0.610585,0.122346,-1.128664,0.339808,-1.523571,0.246300,-1.723672,0.345327,0.710630,0.279834,0.903455,0.412559,0.192967,0.144153,0.988622,0.246477,1.389534,0.234913,0.953979,0.223300,-0.967000,0.135476,-2.242355,0.662482,0.157401,0.267666,1.113440,0.191710,-1.992725,0.534328,-2.314397,0.563598,5.503691,0.542673,5.699244,6.632337,2.365744,9.687328,0.507075,0.586325,0.791048,0.962319,0.854788,0.695226,0.436635,0.686924,0.707735,0.552889,0.721060,0.744318,1.267049,0.929842,0.786835,0.849147
panda_0694,48,0:48,12,4,14,-0.195089,0.792754,0.090987,0.962081,0.503817,0.792459,0.256941,0.839824,0.483874,0.570663,-0.030309,0.614492,-0.037264,0.438254,-0.623708,0.648390,-0.055672,0.445346,0.075456,0.618363,-0.012815,0.469911,-0.087336,0.766327,-0.253164,0.704512,0.097406,1.021023,-0.109958,0.750202,0.134568,0.737160,2.923088,0.896920,4.152992,131.367310,32.769203,166.716354,0.038455,0.699552,0.090087,0.916063,0.599607,0.712912,0.263342,0.739372,0.357719,0.585766,0.004169,0.553377,-0.173345,0.419573,-0.588101,0.584456,-0.116245,0.367247,0.050642,0.528650,0.081365,0.455788,-0.321874,0.677077,-0.520410,0.619525,0.174895,0.977745,-0.100686,0.680476,0.077873,0.633642,2.731221,0.872935,3.897295,79.493355,21.343790,101.815277,-0.311860,0.810614,0.091436,0.984283,0.455922,0.825218,0.253740,0.885771,0.546951,0.552257,-0.047548,0.642180,0.030776,0.431498,-0.641511,0.677399,-0.025386,0.476774,0.087863,0.658302,-0.059905,0.469788,0.029934,0.781289,-0.119542,0.706425,0.058661,1.039825,-0.114593,0.782698,0.162915,0.782269,3.019021,0.893354,4.250614,95.126678,24.353512,121.430412,0.837186,0.940272,0.963652,0.820217,0.812828,0.861639,1.065481,0.874144,0.834616,0.800897,0.961311,0.921978,1.223931,0.925402,0.868903,0.789701
panda_0700,48,0:48,12,4,14,-0.574112,0.690714,-0.312170,0.997870,0.254932,0.635668,0.065679,0.697667,0.125784,0.617624,0.572279,0.646135,-0.032709,0.719417,-0.393845,0.470244,-0.121376,0.758153,-0.876035,0.808043,-0.308692,0.725000,0.249713,0.801375,0.392827,0.681849,-0.144465,0.760899,0.000596,1.017477,-0.173438,0.719224,3.161579,1.019133,4.747116,49.516159,16.639576,70.465729,-0.393166,0.598996,-0.202253,0.889484,0.262743,0.546425,-0.017929,0.602099,0.048673,0.556265,0.582826,0.541311,-0.091599,0.634120,-0.424718,0.463067,-0.154205,0.644024,-0.870761,0.727042,-0.282785,0.649339,0.162504,0.651244,0.189410,0.556638,-0.108523,0.673660,-0.052393,0.864977,-0.221440,0.618107,2.767421,0.915402,4.123248,35.313065,10.884583,49.043076,-0.664584,0.715314,-0.367128,1.043534,0.251027,0.675852,0.107483,0.737295,0.164339,0.642662,0.567006,0.692563,-0.003264,0.756760,-0.378408,0.473037,-0.104961,0.808704,-0.878671,0.845627,-0.321645,0.759680,0.293317,0.863446,0.494535,0.715136,-0.162436,0.800358,0.027090,1.084754,-0.149437,0.763654,3.358658,1.011162,4.949309,26.210510,12.747412,44.813274,0.685348,0.828566,0.849096,0.818932,0.828008,0.871057,0.808501,1.082370,0.777369,0.919469,0.850597,0.705771,0.654361,0.823191,0.758787,0.819198
panda_0708,48,0:48,12,4,14,-0.023218,0.533835,0.541975,0.510584,-0.122342,0.581141,0.107303,0.516606,-0.348169,0.676103,-0.726277,0.557358,0.360530,0.378878,-0.358353,0.744427,-0.157050,0.380509,-0.379376,0.440806,-0.158043,0.375222,0.981550,0.615778,0.867362,0.713914,0.020415,0.470524,0.677522,0.510882,0.469316,0.609532,2.857750,0.698989,3.706193,53.507671,19.150896,83.039108,0.042590,0.468268,0.527197,0.469211,-0.125550,0.522659,0.120492,0.476988,-0.366050,0.634824,-0.658746,0.514610,0.293496,0.335353,-0.380390,0.684691,-0.162087,0.330158,-0.417571,0.427287,-0.179213,0.323192,0.879944,0.559591,0.742026,0.630059,0.024957,0.442496,0.603718,0.469627,0.412716,0.558450,2.605105,0.662496,3.453529,33.422050,12.008038,50.508232,-0.056121,0.560878,0.549364,0.529906,-0.120738,0.608271,0.100709,0.535194,-0.339229,0.695652,-0.760042,0.574578,0.394047,0.394616,-0.347334,0.772329,-0.154531,0.403311,-0.360278,0.446187,-0.147457,0.398277,1.032353,0.635972,0.930030,0.744473,0.018145,0.483914,0.714424,0.526441,0.497616,0.631631,2.984072,0.682316,3.801976,38.429180,14.335777,61.380066,0.785079,0.938596,0.864863,0.924258,0.925791,0.869615,0.756380,0.935414,0.873065,1.047401,0.873364,0.847694,0.789344,0.906678,0.846577,0.870270
panda_0713,48,0:48,12,4,14,-0.235420,0.420063,0.789864,0.605937,-0.552442,0.638439,-1.072859,0.714215,0.679517,0.571856,0.035630,0.701235,0.724396,0.395208,-0.256217,0.559725,0.842183,0.680641,0.182008,0.846581,-1.072821,0.455990,-0.988443,0.780048,-0.233497,0.621529,1.640322,0.655018,-0.507931,0.868079,-0.864743,0.806853,4.015788,0.805944,5.010820,131.558075,33.946167,170.492676,-0.081408,0.334748,0.732200,0.498229,-0.477746,0.601273,-1.019817,0.680096,0.651003,0.543514,0.003163,0.654864,0.527777,0.375402,-0.293080,0.482181,0.616886,0.637838,-0.030834,0.766153,-0.912932,0.428196,-0.811240,0.717207,-0.268616,0.551498,1.464277,0.702403,-0.410138,0.793603,-0.802211,0.791371,3.582476,0.832702,4.603835,73.134842,22.484621,98.356735,-0.312427,0.436877,0.818696,0.651252,-0.589789,0.653038,-1.099380,0.729231,0.693774,0.584991,0.051864,0.722759,0.822705,0.367186,-0.237786,0.593860,0.954831,0.673365,0.288430,0.864626,-1.152766,0.448376,-1.077044,0.794965,-0.215937,0.653029,1.728345,0.611263,-0.556827,0.899036,-0.896009,0.812682,4.232443,0.697713,5.160954,103.319504,25.790218,134.055939,0.588945,0.888166,0.859718,0.939574,0.950690,0.887406,0.669104,0.952283,0.702860,0.833875,0.803448,0.755529,0.868755,0.862175,0.800238,0.938364
panda_0715,48,0:48,12,4,14,-0.615452,0.965924,0.095401,0.797092,-0.724963,1.365197,-0.743316,1.496959,0.471530,0.962642,-0.645462,0.755176,0.775307,0.615046,-0.225761,0.927291,0.944971,1.077538,0.529828,1.093090,-0.910559,0.722117,-0.157979,1.537221,0.536122,0.851131,0.889620,1.360708,-0.603244,1.442156,-0.405478,1.633495,5.096105,1.180804,6.643187,108.869995,28.984529,149.084198,-0.538618,0.477604,-0.074433,0.640034,-1.183750,0.555277,-1.531458,0.643168,0.814413,0.705904,-0.680886,0.648733,0.825879,0.427873,0.041747,0.333811,1.383815,0.529047,0.880270,0.592199,-1.125353,0.402861,-1.037897,0.682730,0.248571,0.553743,1.493736,0.770586,-1.321707,0.682729,-1.189871,0.881615,4.571000,1.193459,6.027108,93.283920,27.048687,132.728912,-0.653870,1.131827,0.180318,0.852396,-0.495570,1.575949,-0.349244,1.639702,0.300089,1.026008,-0.627750,0.802539,0.750022,0.688452,-0.359515,1.086471,0.725549,1.207166,0.354607,1.234833,-0.803162,0.816351,0.281979,1.652520,0.679898,0.933438,0.587562,1.485487,-0.244013,1.580987,-0.013281,1.775494,5.358656,1.082808,6.677769,21.923130,10.114306,37.682610,0.510606,0.648040,0.857242,1.044982,1.053939,0.905162,0.971293,0.312195,1.227587,0.778596,1.255883,0.717601,0.478877,1.085637,0.967768,0.834616
panda_0719,48,0:48,12,4,14,-0.950896,0.414284,-0.012294,0.541177,-1.317864,0.972013,-1.669841,0.937614,1.240718,0.437053,-0.450693,0.393010,1.113421,0.343708,-0.134559,0.746869,1.812921,0.674801,1.227745,0.706888,-1.513235,0.456544,-1.351770,0.907429,0.744800,0.506410,1.734471,0.606193,-1.803195,0.874010,-1.583720,1.043688,5.741521,1.213507,6.676889,130.232925,37.439915,179.479675,-0.627080,0.429732,0.034653,0.310849,-1.495842,0.304713,-1.907692,0.276829,1.197336,0.268100,-0.368490,0.049620,0.955141,0.269687,0.059056,0.224479,1.662437,0.557439,0.979456,0.567641,-1.389586,0.371929,-1.337863,0.617020,0.550552,0.318997,1.707490,0.429682,-1.811174,0.564380,-1.802322,0.440435,5.171450,1.342717,6.504087,54.298210,22.283482,83.935799,-1.112804,0.294057,-0.035767,0.623973,-1.228876,1.160617,-1.550915,1.112625,1.262409,0.499171,-0.491794,0.474749,1.192562,0.349353,-0.231366,0.885104,1.888163,0.714620,1.351889,0.736337,-1.575060,0.481681,-1.358723,1.022076,0.841924,0.552718,1.747962,0.677013,-1.799206,0.993242,-1.474419,1.225192,6.026557,1.031366,6.678411,115.717117,38.894039,173.967377,0.559436,0.576101,0.923795,1.060326,0.931024,0.718979,0.793881,0.387886,0.872630,0.675979,0.879254,0.838595,0.584347,0.958273,0.959737,1.000877
panda_0725,48,0:48,12,4,14,0.103595,0.822490,-0.093077,0.704719,-0.394730,1.166879,-0.527876,1.464288,0.203095,0.993359,0.214035,0.804902,-0.068839,0.964889,0.255203,0.537992,0.239309,1.413528,0.040594,1.186137,-0.227789,1.131722,-0.604049,1.235340,-0.255993,0.908323,0.633774,1.211586,-0.273926,1.551553,-0.545254,1.375368,4.474135,1.498616,6.494576,140.690521,27.584589,175.138840,-0.629818,0.433514,-0.020091,0.389217,-1.461384,0.278538,-1.913223,0.289699,1.212226,0.290214,-0.493459,0.215338,0.915533,0.248625,0.024337,0.212762,1.622334,0.520835,1.017751,0.614920,-1.353905,0.340591,-1.371045,0.651140,0.477575,0.268156,1.770762,0.480879,-1.775472,0.534809,-1.713146,0.400150,5.148145,1.322977,6.502872,57.897518,20.008015,85.029861,0.470302,0.719267,-0.129571,0.815599,0.138597,1.072523,0.164797,1.317141,-0.301471,0.821140,0.567782,0.757103,-0.561025,0.799293,0.370636,0.609544,-0.452204,1.194524,-0.447985,1.097812,0.335269,0.955034,-0.220552,1.279021,-0.622777,0.893326,0.065280,1.056755,0.476847,1.333037,0.038693,1.316972,4.137130,1.467285,6.353602,92.737793,33.943134,135.935440,0.935340,0.465695,1.629308,1.700203,1.722859,0.640670,1.080584,0.312423,1.611018,1.039151,1.617867,1.229126,0.494216,1.995285,1.597532,1.533479
panda_0728,48,0:48,12,4,14,0.594242,1.058285,0.415244,0.697610,-0.683971,1.169365,-0.570148,1.090198,-0.152201,0.951533,-0.091527,0.787798,0.066621,0.758836,0.445003,0.897299,-0.014465,1.174255,-0.319835,1.319004,-0.213022,0.871280,-0.165323,1.041141,0.211650,0.835430,0.644616,0.940439,0.390012,1.376412,-0.463249,1.095563,4.174129,1.356396,6.330688,78.069695,19.947737,104.838470,0.571874,0.843122,0.472187,0.555557,-0.592027,1.069382,-0.546780,0.972278,-0.131754,0.919152,-0.109021,0.675697,0.033907,0.665382,0.259945,0.902183,-0.092022,1.014641,-0.361469,1.065639,-0.230299,0.742491,-0.050313,0.856989,0.182694,0.693309,0.540971,0.829261,0.365704,1.183713,-0.417831,0.975920,3.632411,1.253516,5.365374,45.478172,12.371179,63.799896,0.605426,1.150716,0.386772,0.757124,-0.729943,1.213669,-0.581832,1.144433,-0.162424,0.967155,-0.082780,0.838109,0.082978,0.800986,0.537532,0.880379,0.024313,1.244609,-0.299018,1.428483,-0.204384,0.928883,-0.222828,1.117509,0.226128,0.897745,0.696438,0.987291,0.402166,1.463124,-0.485958,1.150057,4.444990,1.324375,6.614983,59.714413,18.705603,86.709564,0.773293,0.922947,0.852263,0.846033,0.933322,0.827296,0.811174,0.892241,0.809936,0.720611,0.796133,0.702865,0.736201,0.801359,0.798074,0.824257
panda_0730,48,0:48,12,4,14,0.109583,0.552896,-0.054148,0.632875,0.474354,0.810770,0.371641,0.707459,0.146883,0.721338,0.303383,0.722306,-0.295449,0.646082,-0.410537,0.674815,-0.433454,0.672473,-0.954296,0.713513,0.099184,0.559678,0.408739,0.586814,0.131576,0.897275,-0.222692,0.715570,0.471104,0.566224,0.178076,0.638174,2.994013,0.906794,4.193821,75.168861,17.442478,98.041290,0.201114,0.462188,0.020318,0.585759,0.460861,0.713633,0.274748,0.622447,0.107306,0.662881,0.235326,0.681081,-0.307618,0.582778,-0.481495,0.618118,-0.380190,0.585748,-0.834750,0.639983,0.063284,0.493292,0.335028,0.520650,0.031483,0.770234,-0.167891,0.659042,0.354833,0.483055,0.146391,0.561646,2.656067,0.850546,3.825189,44.105297,10.398870,55.878571,0.063818,0.587749,-0.091381,0.651981,0.481101,0.855131,0.420088,0.741610,0.166671,0.748072,0.337412,0.739716,-0.289365,0.675432,-0.375058,0.698749,-0.460085,0.710389,-1.014069,0.740367,0.117135,0.589257,0.445595,0.613933,0.181622,0.950531,-0.250092,0.740703,0.529239,0.595067,0.193918,0.672623,3.162987,0.886590,4.318004,54.263317,12.832187,71.403992,0.813938,0.877560,0.863076,0.765208,0.871149,0.868467,0.878502,1.009877,0.821155,0.809612,0.817604,0.788510,0.769613,0.841364,0.718284,0.810546
panda_0733,48,0:48,12,4,14,-0.967908,0.398404,-0.095139,0.453039,-1.668956,0.420256,-1.955383,0.471583,1.192117,0.315706,-0.439758,0.404233,1.179375,0.260544,0.086520,0.336727,1.946736,0.553091,1.343770,0.596233,-1.623773,0.351206,-1.477007,0.849123,0.979114,0.509875,1.802641,0.386372,-1.993561,0.740312,-1.881493,0.678632,5.966590,1.111164,6.682687,57.295994,18.279545,81.584900,-0.602324,0.424893,0.097239,0.379500,-1.455353,0.390287,-1.813975,0.429433,1.148548,0.342182,-0.437438,0.289991,0.948648,0.287123,0.003329,0.314996,1.580140,0.581532,0.899919,0.598257,-1.358859,0.378830,-1.170744,0.773479,0.642267,0.505221,1.643995,0.468542,-1.679677,0.678269,-1.671536,0.621422,5.046780,1.333674,6.498640,56.364758,18.402054,81.009216,-1.150700,0.218135,-0.191328,0.456179,-1.775757,0.393117,-2.026087,0.475797,1.213901,0.299229,-0.440918,0.450616,1.294738,0.143802,0.128115,0.339524,2.130034,0.434719,1.565695,0.454459,-1.756230,0.246228,-1.630139,0.843820,1.147538,0.420992,1.881964,0.308680,-2.150503,0.719845,-1.986472,0.681666,6.426494,0.572841,6.684112,7.927409,3.349769,12.620600,0.523971,0.799861,0.815819,0.891695,0.941860,0.992176,0.732816,0.911291,0.741438,0.578770,0.773555,0.696540,0.561522,0.873536,0.769134,0.831132
panda_0739,48,0:48,12,4,14,-0.190743,0.675907,0.001346,0.618819,-0.775232,0.770333,-0.682901,0.819005,0.339593,0.767561,-0.307149,0.640288,0.354616,0.599679,0.046205,0.655218,0.489228,0.748733,0.032106,0.743738,-0.529395,0.650942,-0.025255,0.870321,0.801879,0.724430,0.529816,0.678574,-0.263486,0.904379,-0.556392,0.905375,3.365647,0.864576,4.576423,88.042686,25.275700,122.086899,-0.032243,0.615431,0.178619,0.553990,-0.800212,0.655482,-0.784091,0.814483,0.639500,0.817465,-0.357186,0.604513,0.359180,0.522665,-0.075687,0.602777,0.659652,0.600301,0.135247,0.632610,-0.584100,0.555683,-0.025070,0.765900,0.428002,0.680211,0.609477,0.664019,-0.379261,0.825450,-0.534169,0.880006,3.267672,0.724551,4.280735,78.420822,24.380236,118.065002,-0.269992,0.690692,-0.087291,0.630384,-0.762741,0.821476,-0.632306,0.816567,0.189640,0.694364,-0.282130,0.656016,0.352335,0.634678,0.107150,0.671680,0.404017,0.799336,-0.019464,0.788443,-0.502043,0.692064,-0.025348,0.918089,0.988818,0.671578,0.489985,0.682256,-0.205599,0.936010,-0.567503,0.917595,3.414634,0.922796,4.677788,33.216507,13.894602,57.317757,0.702751,0.959536,0.943958,1.117112,1.494897,0.986928,0.899415,0.893339,1.082457,0.780057,0.982553,0.800496,0.574309,1.126923,0.999321,0.971644
panda_0740,48,0:48,12,4,14,0.178931,0.254752,0.459204,0.476084,0.862390,0.326921,0.440183,0.329526,0.222769,0.439299,0.474835,0.507883,-0.285027,0.291514,-0.581994,0.350381,-0.493217,0.254931,-0.623251,0.337539,0.122989,0.233509,-0.224531,0.505930,-0.916218,0.560898,0.348637,0.463538,0.463132,0.349862,0.224364,0.405126,2.452445,0.505095,3.010640,115.213959,33.307392,159.129730,0.276863,0.203203,0.539150,0.409152,0.825367,0.340668,0.381365,0.315617,0.226885,0.419542,0.335191,0.438642,-0.310471,0.274621,-0.644197,0.344269,-0.504405,0.219498,-0.554051,0.298867,0.127024,0.224990,-0.203376,0.501489,-0.826837,0.600459,0.395315,0.508103,0.473995,0.329680,0.219838,0.376924,2.355749,0.589328,2.991868,61.564995,22.398540,86.349716,0.129965,0.263646,0.419231,0.501485,0.880901,0.318215,0.469593,0.332384,0.220711,0.448838,0.544656,0.525441,-0.272305,0.298793,-0.550893,0.349267,-0.487624,0.270741,-0.657851,0.350209,0.120971,0.237628,-0.235109,0.507806,-0.960908,0.534456,0.325298,0.437702,0.457701,0.359405,0.226627,0.418496,2.500793,0.449461,3.020543,91.318192,24.284124,120.951080,1.245906,1.138928,0.932440,0.821884,0.951461,0.697924,1.036584,1.157747,1.013875,0.843569,0.953531,0.981214,0.857440,1.150145,1.012209,0.907700
panda_0745,48,0:48,12,4,14,0.339859,0.863854,-0.554369,1.010450,-0.238566,1.054452,0.225201,1.630729,0.189165,0.925569,-0.855495,0.662605,-0.346269,1.164466,0.249323,0.613051,0.147270,1.272003,1.525791,0.832584,0.615706,1.640224,-0.212034,1.033302,0.083707,0.617218,-0.342158,1.929356,-0.657990,1.129975,0.051767,1.445561,5.114041,0.874802,6.285810,229.330811,49.267723,304.086304,-0.425645,0.567609,0.063968,0.487397,-1.246083,0.678546,-1.552105,0.879192,1.062227,0.606805,-0.572516,0.678073,0.798989,0.518760,0.026341,0.362702,1.454800,0.720765,1.027774,0.705450,-1.097779,0.777698,-1.095466,0.848971,0.362675,0.533425,1.519833,0.938827,-1.496262,0.822488,-1.365496,1.118877,5.020892,1.270595,6.467099,105.095886,29.145033,147.056458,0.722611,0.720262,-0.863537,1.061122,0.265193,0.822357,1.113854,1.110548,-0.247366,0.727483,-0.996984,0.607140,-0.918897,0.956924,0.360814,0.678734,-0.506495,0.940750,1.774799,0.777784,1.472449,1.237364,0.229683,0.809847,-0.055776,0.608932,-1.273154,1.594573,-0.238853,1.024694,0.760399,1.001025,5.160615,0.578105,5.979242,180.637421,35.565620,238.095474,0.594611,0.276433,2.200269,1.142840,1.996323,0.573735,0.712753,0.406057,1.551023,0.559416,0.702390,2.136190,1.264910,0.878807,1.920846,1.548513
panda_0748,48,0:48,12,4,14,0.745278,0.327052,-0.847712,0.533581,1.266177,0.421056,1.550838,0.534966,-0.631336,0.499904,0.885263,0.613457,-1.541899,0.478434,0.112949,0.436617,-1.711361,0.475781,-1.236508,0.528591,1.476293,0.410317,0.549280,0.584212,-0.577047,0.582748,-1.478209,0.416197,1.013612,0.521403,0.746180,0.594840,4.793478,0.986622,5.865474,57.553860,13.229518,74.349716,0.765294,0.214355,-0.744788,0.521958,1.093831,0.396284,1.234881,0.538060,-0.784477,0.473303,0.802153,0.585297,-1.409435,0.453273,0.116824,0.429562,-1.503982,0.465153,-0.909257,0.560642,1.298387,0.406541,0.351735,0.495633,-0.579863,0.428835,-1.271724,0.438546,0.825291,0.471488,0.571950,0.532670,4.143443,1.165351,5.504913,51.280113,11.523702,64.218277,0.735270,0.370365,-0.899173,0.531881,1.352350,0.406368,1.708817,0.457884,-0.554766,0.495237,0.926817,0.622919,-1.608131,0.476928,0.111011,0.440089,-1.815051,0.446221,-1.400134,0.426184,1.565246,0.382315,0.648053,0.599885,-0.575639,0.646094,-1.581452,0.362894,1.107773,0.519656,0.833295,0.605075,5.118495,0.681324,5.958283,22.352024,9.811646,38.627453,0.968959,0.840663,0.801699,0.722502,1.299582,0.838575,0.873713,1.013003,0.826701,0.643283,0.828594,0.642572,0.832823,0.804529,0.732143,0.726021
panda_0750,48,0:48,12,4,14,-0.159203,0.677949,0.021376,0.644378,-0.652444,0.527928,-0.903167,0.600759,0.391583,0.658018,0.111562,0.662627,0.250975,0.608904,0.137097,0.661549,0.503362,0.678269,-0.034869,0.731155,-0.567753,0.644125,-0.539569,0.810196,0.148739,0.650276,0.807274,0.822775,-0.440354,0.744325,-0.786733,0.609806,3.246550,0.784856,4.341906,71.556320,24.778990,104.102356,-0.211674,0.411321,0.277720,0.496267,-0.900626,0.295401,-1.342340,0.326899,0.800691,0.520779,-0.320800,0.472145,0.552984,0.382087,-0.065497,0.481549,0.974696,0.356103,0.466489,0.439060,-0.866004,0.365285,-0.870413,0.699334,0.085121,0.483121,1.382300,0.651806,-0.962440,0.402874,-1.061977,0.433332,3.647505,0.751054,4.654294,51.910976,23.662577,82.700333,-0.132967,0.776380,-0.106796,0.671126,-0.528353,0.572918,-0.683580,0.585902,0.187029,0.623177,0.327743,0.637925,0.099971,0.644006,0.238394,0.713963,0.267694,0.678270,-0.285548,0.719009,-0.418628,0.699224,-0.374146,0.811171,0.180548,0.717322,0.519761,0.744998,-0.179311,0.738542,-0.649112,0.638033,3.046072,0.722070,3.999345,43.613457,10.285409,56.779984,0.510164,0.890916,1.369267,1.751815,1.631056,0.810078,1.076234,0.650331,1.572675,0.813200,1.282341,1.302547,0.606800,1.959878,1.582611,1.378040
panda_0752,48,0:48,12,4,14,1.709747,0.510282,-1.105100,0.931932,-1.750267,0.593699,-0.737635,0.446438,-0.605830,0.449525,0.036959,0.794909,-1.143065,0.750858,2.270176,1.192127,-0.165594,0.120593,1.441888,0.677745,1.111166,0.508683,-1.333125,1.374628,-0.001722,0.798249,-0.342945,0.337952,-0.556963,0.714000,-1.310690,0.978915,5.423971,1.329157,6.551350,54.328678,23.403179,92.049385,1.666918,0.501122,-0.802608,0.867269,-1.612188,0.599199,-0.807819,0.472610,-0.707630,0.420436,-0.136702,0.718468,-0.972399,0.689545,1.916935,1.188149,-0.175589,0.127762,1.363789,0.646006,0.947825,0.497711,-0.982800,1.303047,0.035983,0.704421,-0.376437,0.318413,-0.419750,0.633958,-1.131984,0.958185,4.864472,1.403345,6.568018,50.300156,24.277624,90.202400,1.731161,0.513463,-1.256347,0.926305,-1.819307,0.578705,-0.702543,0.428469,-0.554931,0.454922,0.123790,0.816764,-1.228398,0.765573,2.446796,1.154261,-0.160596,0.116523,1.480938,0.689762,1.192836,0.494236,-1.508288,1.376006,-0.020575,0.840613,-0.326198,0.346097,-0.625570,0.741365,-1.400043,0.976934,5.703721,1.196043,6.540699,14.762535,9.685797,28.338276,0.962890,0.698619,0.887183,1.121962,1.191082,0.853755,0.790985,0.800670,1.089093,0.921738,0.801852,0.732147,0.799096,1.004168,0.734831,0.834436
panda_0754,48,0:48,12,4,14,-2.531323,0.979340,-2.493670,1.361629,0.226598,0.305125,0.455220,0.263809,1.602471,0.797461,-0.387242,0.705925,0.059231,0.416672,-1.050796,0.377138,1.200534,0.492563,2.354262,1.004501,-0.168305,0.255713,-0.254527,1.044756,1.397541,0.684080,-1.399067,0.574475,-3.013532,1.509218,-0.400742,0.716444,6.687516,1.624864,8.107967,54.947792,28.114975,95.134232,-1.881784,0.934680,-2.137328,1.253764,0.169773,0.278811,0.307316,0.275093,1.139651,0.730767,-0.413384,0.618049,-0.042803,0.388159,-0.811781,0.387666,0.930729,0.474232,1.927346,0.933347,0.019163,0.297080,-0.185559,0.954897,0.956515,0.696896,-1.221474,0.503537,-2.560002,1.386323,-0.347979,0.675150,5.501874,1.678913,7.727418,51.079590,27.793011,93.398468,-2.856093,0.827901,-2.671841,1.378352,0.255010,0.313627,0.529172,0.223937,1.833882,0.725433,-0.374171,0.745648,0.110247,0.421048,-1.170303,0.308805,1.335437,0.443715,2.567720,0.970191,-0.262039,0.166125,-0.289010,1.085261,1.618054,0.559678,-1.487863,0.587029,-3.240298,1.517034,-0.427124,0.734805,7.280337,1.223351,8.114979,15.548098,9.075556,28.693727,0.659007,0.800802,0.726568,0.587467,0.634489,1.085855,1.191607,0.693956,0.699791,0.756867,0.935298,0.804685,0.591269,0.817073,0.790345,0.862304
panda_0761,48,0:48,12,4,14,-0.153545,0.218206,0.527469,0.262002,-1.032721,0.319541,-0.454718,0.285221,0.129212,0.303758,-1.267950,0.251399,0.787936,0.258892,-0.046390,0.237067,0.600445,0.306296,0.096832,0.314266,-0.567300,0.245723,0.912327,0.307274,1.131934,0.472910,0.828340,0.308024,0.330863,0.245920,0.161800,0.273822,2.947341,0.377585,3.280955,53.507118,22.408951,92.836472,-0.005764,0.241128,0.573003,0.246184,-0.923370,0.294931,-0.382108,0.227944,0.124604,0.332964,-1.181726,0.242586,0.657537,0.288639,-0.091881,0.269370,0.518386,0.253779,-0.053128,0.265726,-0.495859,0.257022,0.873345,0.275981,0.811696,0.592959,0.842835,0.307706,0.310579,0.164249,0.172838,0.209701,2.686126,0.343469,3.076453,38.732780,16.470287,58.866013,-0.227435,0.161153,0.504702,0.266664,-1.087397,0.317332,-0.491024,0.303469,0.131516,0.288019,-1.311063,0.244544,0.853136,0.214775,-0.023645,0.215567,0.641475,0.321673,0.171812,0.309796,-0.603020,0.231759,0.931818,0.320006,1.292053,0.287664,0.821093,0.307927,0.341004,0.277340,0.156281,0.300647,3.077949,0.322017,3.366708,32.053154,17.075066,60.730385,0.795145,1.136319,0.833220,0.709695,1.149905,0.903379,0.775532,1.633297,0.791233,0.749018,0.816827,0.939056,0.661905,1.010684,0.905448,1.127081
panda_0768,48,0:48,12,4,14,-0.972124,0.402976,-0.155627,0.317122,-1.684860,0.364898,-1.988642,0.392666,1.187195,0.337868,-0.396163,0.270098,1.162098,0.259219,0.132668,0.218398,1.970031,0.540369,1.368770,0.573190,-1.621547,0.370375,-1.558918,0.684639,0.928341,0.394600,1.800080,0.422020,-2.044725,0.654511,-1.939652,0.551641,5.942226,1.179745,6.682868,55.809750,19.764626,81.883865,-0.608247,0.426093,0.058562,0.321372,-1.467615,0.337973,-1.856809,0.330290,1.160668,0.329212,-0.414815,0.200978,0.950396,0.277314,0.036230,0.243872,1.613578,0.558725,0.933662,0.571011,-1.362604,0.376744,-1.244263,0.665213,0.584080,0.376564,1.652727,0.470788,-1.732145,0.604454,-1.727535,0.508835,5.050883,1.352286,6.498827,54.473785,19.916912,81.079391,-1.154063,0.231305,-0.262722,0.254562,-1.793483,0.327439,-2.054559,0.404598,1.200459,0.341342,-0.386837,0.298282,1.267949,0.169490,0.180888,0.186639,2.148257,0.431992,1.586324,0.433364,-1.751019,0.290706,-1.716246,0.638424,1.100471,0.271619,1.873756,0.374227,-2.201015,0.621784,-2.045711,0.541535,6.387897,0.759929,6.684021,10.156324,3.010616,14.488727,0.526487,0.826484,0.816095,0.901638,0.949900,1.071691,0.749067,0.940568,0.750275,0.582303,0.777700,0.705057,0.532691,0.879012,0.775854,0.831506
panda_0775,48,0:48,12,4,14,-1.055901,0.643154,-0.468750,0.659279,-0.581702,0.867921,-0.741844,1.053217,0.668019,0.612342,-0.388027,0.651112,0.625134,0.601915,-0.307609,0.522990,1.060054,0.845876,0.707848,0.711618,-0.801699,0.660289,-0.280173,1.119796,0.746449,0.675108,0.486585,1.125921,-1.230965,0.894742,-0.645651,1.025511,4.209042,1.137869,6.026765,97.313477,25.969881,132.027893,-0.608465,0.412176,-0.030853,0.423173,-1.325407,0.295742,-1.782997,0.265050,1.079698,0.350743,-0.551520,0.341160,0.946977,0.287286,0.041959,0.220068,1.639322,0.540058,0.991655,0.587108,-1.266555,0.315548,-1.222907,0.557981,0.398018,0.283910,1.689885,0.440951,-1.748944,0.527575,-1.609098,0.447310,4.938341,1.182599,6.046911,65.645096,17.600140,92.453232,-1.279620,0.620787,-0.687699,0.647009,-0.209850,0.819375,-0.221268,0.903202,0.462179,0.611412,-0.306281,0.746779,0.464213,0.651536,-0.482393,0.542599,0.770419,0.822049,0.565945,0.725839,-0.569270,0.664919,0.191194,1.028924,0.920665,0.743169,-0.115064,0.847575,-0.971976,0.927604,-0.163928,0.883909,3.844393,0.918663,5.045830,52.078709,12.792904,70.128082,0.467931,0.425874,1.933133,2.382455,1.707386,0.817875,1.332936,0.347410,1.688524,1.258944,1.673168,1.381848,0.395573,2.458918,1.522646,2.200298
panda_0794,48,0:48,12,4,14,1.758473,0.451669,0.752275,0.249382,2.054505,0.537782,2.361464,0.547629,-1.062106,0.395166,0.009130,0.469394,-1.469281,0.539592,-0.431902,0.218332,-2.555533,0.634304,-1.850492,0.621771,1.790328,0.555096,1.656222,0.408326,-1.104931,0.707375,-1.078612,0.379560,2.770019,0.551785,2.147400,0.396520,7.049861,1.319533,7.900203,57.698929,18.047449,82.859245,1.462301,0.488729,0.553384,0.248339,1.740367,0.563897,1.957631,0.565001,-1.153661,0.416464,0.016597,0.446069,-1.305696,0.546706,-0.402314,0.254896,-2.174684,0.694928,-1.306505,0.706717,1.453719,0.602691,1.254170,0.410936,-0.810401,0.719687,-0.983533,0.343337,2.294032,0.650397,1.789054,0.423134,5.892271,1.555962,7.733092,56.469246,18.477468,82.551880,1.906560,0.347549,0.851720,0.181060,2.211573,0.448121,2.563381,0.409782,-1.016329,0.375802,0.005397,0.480589,-1.551073,0.516939,-0.446695,0.195859,-2.745958,0.503256,-2.122486,0.328986,1.958632,0.442267,1.857248,0.210776,-1.252197,0.653095,-1.126152,0.387787,3.008012,0.274353,2.326573,0.223634,7.628656,0.629467,7.903586,7.852867,4.865500,13.565571,0.767041,0.649936,0.787171,0.763660,1.118581,1.111072,0.839670,0.901104,0.791938,0.615910,0.744946,0.675284,0.676156,0.868488,0.762641,0.768968
panda_0795,48,0:48,12,4,14,-0.117640,0.529330,-0.302181,0.939057,-0.350909,0.647728,-0.065329,0.669471,-0.086084,0.724089,-0.250703,0.773848,-0.022328,0.704080,0.078434,0.569630,0.014597,0.607217,0.028411,0.978242,0.017347,0.667629,0.365412,0.706532,0.753521,0.820455,-0.282429,0.914784,-0.077003,0.891804,-0.096052,0.697541,3.059748,0.883477,4.342002,48.284485,18.782318,72.612938,0.014702,0.468147,-0.193424,0.885469,-0.323957,0.578471,-0.103389,0.586900,-0.168446,0.672231,-0.251859,0.715279,-0.068974,0.629599,0.011188,0.574410,-0.051352,0.518450,-0.022603,0.899911,0.015693,0.611523,0.350839,0.640161,0.586447,0.741156,-0.251353,0.828287,-0.064759,0.782913,-0.099404,0.645112,2.750029,0.856740,3.981085,35.169521,11.755407,51.639671,-0.183811,0.545498,-0.356560,0.960127,-0.364384,0.679315,-0.046298,0.706382,-0.044903,0.745267,-0.250126,0.801528,0.000995,0.737404,0.112057,0.564228,0.047571,0.644524,0.053918,1.014181,0.018175,0.693981,0.372699,0.737373,0.837058,0.845061,-0.297968,0.954720,-0.083124,0.941479,-0.094376,0.722324,3.214607,0.855483,4.492513,30.093683,14.406847,51.580418,0.768339,0.891850,0.857828,0.806546,0.911305,0.901573,0.829857,1.022191,0.767521,0.871788,0.870119,0.877589,0.760440,0.856684,0.805572,0.893509
panda_0797,48,0:48,12,4,14,1.133512,0.276430,0.755385,0.347620,-2.257625,0.762313,-1.985826,0.742710,-0.267305,0.366318,-0.488377,0.457370,0.520163,0.205763,1.467965,0.818719,0.743246,0.365423,0.374167,0.386231,-0.702429,0.196766,-1.049592,0.956440,0.693835,0.436998,1.765929,0.600801,-0.070219,0.461504,-1.631255,0.880122,5.142594,0.948710,5.908946,61.973324,27.963104,97.984673,1.097163,0.243857,0.905072,0.329781,-1.945559,0.763543,-1.774616,0.703130,-0.228644,0.331150,-0.587807,0.397202,0.489850,0.187629,1.063335,0.831528,0.542116,0.343837,0.141342,0.307065,-0.675426,0.186704,-0.640462,0.793029,0.634886,0.345291,1.480039,0.519661,0.052922,0.385553,-1.349038,0.810703,4.443576,0.942401,5.489808,40.284275,21.850113,69.636856,1.151686,0.289648,0.680541,0.331779,-2.413658,0.712140,-2.091431,0.739441,-0.286635,0.381225,-0.438662,0.476950,0.535320,0.212641,1.670280,0.732761,0.843811,0.332939,0.490579,0.368730,-0.715931,0.200247,-1.254157,0.965495,0.723310,0.473531,1.908874,0.587468,-0.131790,0.483508,-1.772364,0.879526,5.492103,0.734537,7.051737,43.514000,23.705595,74.086853,0.952559,1.329937,0.807612,0.851514,0.783974,1.312667,0.917054,0.664446,0.657590,0.468433,0.938867,0.587179,0.840989,0.780460,0.629530,0.774775
panda_0805,48,0:48,12,4,14,0.532216,0.601823,0.637780,0.732246,-0.050137,0.770136,0.059831,0.886323,-0.121753,0.784115,-0.182985,0.687259,0.013031,0.587383,-0.025902,0.643238,-0.142705,0.803835,-0.193514,0.608394,0.080114,0.631526,0.364523,1.026571,0.000406,0.664459,0.179265,0.779375,0.489899,0.959785,0.154744,0.990165,3.028493,1.268536,4.863310,114.108513,43.582264,160.897232,0.502740,0.515527,0.543126,0.612375,-0.078954,0.669544,0.012099,0.813480,-0.230237,0.705574,-0.193191,0.602668,-0.035013,0.521565,-0.085988,0.569293,-0.184794,0.694714,-0.250719,0.483607,0.031716,0.548026,0.368608,0.876271,0.082586,0.572382,0.096131,0.723870,0.424667,0.837730,0.112719,0.892866,2.663057,1.160804,4.307894,54.392830,16.395958,74.245056,0.546954,0.640117,0.685106,0.781061,-0.035728,0.815412,0.083697,0.919658,-0.067511,0.815176,-0.177883,0.725813,0.037053,0.616264,0.004141,0.675188,-0.121661,0.852399,-0.164912,0.660169,0.104313,0.668068,0.362480,1.093999,-0.040684,0.702412,0.220832,0.802471,0.522515,1.013753,0.175756,1.034752,3.211211,1.280580,5.110680,93.183243,37.056889,135.816528,0.861242,0.786800,0.802902,0.877829,0.876285,0.836727,0.831304,0.849202,0.818234,0.773825,0.784474,0.808400,0.802256,0.857120,0.807464,0.849788
panda_0806,48,0:48,12,4,14,-0.312931,0.391215,-0.039460,0.640120,-0.497528,0.601946,-0.636210,0.657148,0.201329,0.692930,-0.018735,0.677747,0.289280,0.515047,0.019736,0.500163,0.413790,0.594681,-0.178317,0.692740,-0.487271,0.459187,-0.066271,0.839569,0.337557,0.720664,0.499707,0.724378,-0.264938,0.745615,-0.461859,0.691616,2.833702,0.760527,3.891038,73.397278,24.252691,101.280281,-0.359167,0.322807,0.023514,0.511726,-0.887630,0.298071,-1.271308,0.309948,0.591372,0.571741,-0.259092,0.500383,0.546459,0.360630,0.019418,0.400757,0.960602,0.275032,0.359425,0.390574,-0.813641,0.269883,-0.684420,0.643553,0.152474,0.561291,1.074665,0.604362,-0.987453,0.393427,-1.004072,0.416142,3.369092,0.620362,4.244227,52.577122,22.226868,77.724716,-0.289813,0.419367,-0.070947,0.693343,-0.302477,0.620444,-0.318661,0.545178,0.006307,0.665345,0.101443,0.721451,0.160691,0.532238,0.019894,0.543085,0.140384,0.518067,-0.447188,0.653211,-0.324086,0.447182,0.242804,0.750768,0.430099,0.771893,0.212228,0.597099,0.096319,0.604153,-0.190753,0.640637,2.566008,0.678377,3.410397,46.343414,11.463720,63.006435,0.902027,0.765702,1.597814,2.462860,1.392296,0.807792,1.259112,0.765536,2.200391,0.679453,1.766321,1.230347,0.595726,2.153795,2.113293,1.894912
panda_0811,48,0:48,12,4,14,-0.754365,0.451024,0.026708,0.466996,-1.353000,0.540991,-1.622713,0.601487,0.913747,0.573669,-0.419879,0.440868,0.996944,0.382251,0.035510,0.384034,1.503505,0.726336,0.851509,0.801554,-1.345110,0.474896,-1.048905,0.892788,0.852074,0.530956,1.540717,0.621272,-1.403182,0.945863,-1.465510,0.754318,4.899296,1.538079,6.669035,92.596733,23.542717,125.273018,-0.627080,0.429732,0.034662,0.310845,-1.495842,0.304713,-1.907692,0.276829,1.197344,0.268103,-0.368492,0.049621,0.955141,0.269687,0.059056,0.224481,1.662437,0.557439,0.979456,0.567641,-1.389586,0.371929,-1.337864,0.617020,0.550549,0.318995,1.707495,0.429685,-1.811174,0.564380,-1.802322,0.440435,5.171453,1.342718,6.504087,54.298164,22.283575,83.936028,-0.818007,0.447937,0.022732,0.527984,-1.281578,0.614231,-1.480224,0.665922,0.771949,0.630384,-0.445573,0.536969,1.017845,0.426026,0.023738,0.442281,1.424039,0.785514,0.787535,0.889015,-1.322872,0.517339,-0.904425,0.970889,1.002837,0.551185,1.457329,0.682490,-1.199186,1.028533,-1.297104,0.819402,4.763217,1.609824,6.675438,68.518921,15.691183,87.663879,0.746464,0.651368,1.142324,1.278908,1.356355,0.664601,0.924612,0.645575,1.151542,0.970864,1.046793,1.182344,0.529899,1.163458,1.360986,1.336321
panda_0812,48,0:48,12,4,14,0.403740,0.294143,0.659478,0.573120,-0.548557,0.742872,-0.484047,0.768503,0.012550,0.583537,-0.445103,0.634403,0.092731,0.420321,0.081717,0.626682,-0.077731,0.500283,-0.159883,0.522143,-0.130334,0.423490,0.471035,0.811661,0.305627,0.732231,0.548655,0.683633,0.466391,0.520449,0.012603,0.852485,2.815632,0.730388,3.741061,88.563568,25.570230,113.183975,0.438945,0.270496,0.673492,0.506863,-0.502673,0.678272,-0.475317,0.713197,-0.034625,0.547631,-0.415686,0.574917,0.072230,0.381256,0.004424,0.592037,-0.096344,0.439604,-0.159172,0.466036,-0.155844,0.376520,0.389850,0.717011,0.222081,0.638086,0.482483,0.648124,0.396350,0.461871,-0.040290,0.776116,2.563414,0.720424,3.516399,46.001892,12.628438,59.446682,0.386137,0.303754,0.652471,0.603404,-0.571499,0.772129,-0.488411,0.794678,0.036138,0.599294,-0.459811,0.661655,0.102981,0.438192,0.120364,0.639812,-0.068424,0.527768,-0.160238,0.548046,-0.117579,0.444571,0.511627,0.852171,0.347400,0.771643,0.581742,0.698366,0.501412,0.544021,0.039049,0.887028,2.941741,0.702129,3.828770,70.601654,20.892498,89.929611,1.096484,0.998219,0.867188,0.903229,0.904451,0.878418,0.839977,0.895030,0.814739,0.851821,0.879194,0.793134,0.757131,0.876334,0.796236,0.857434
panda_0818,48,0:48,12,4,14,0.616239,0.639326,0.415608,0.819098,-0.364719,0.787080,-0.218881,0.754034,-0.180827,0.834893,-0.122293,0.811704,-0.113838,0.622361,0.268180,0.898822,-0.164034,0.558187,-0.208184,0.751406,0.071790,0.519726,0.224857,1.071561,0.035521,0.886616,0.213775,0.723040,0.452940,0.681089,-0.022289,1.013582,3.205552,0.939387,4.457291,101.723984,25.131290,133.073257,0.630171,0.597925,0.385122,0.697633,-0.359251,0.705076,-0.276565,0.702411,-0.238897,0.746968,-0.088988,0.716519,-0.159099,0.560599,0.204277,0.822914,-0.206017,0.487283,-0.225493,0.664770,0.047870,0.464145,0.179115,0.961954,0.029420,0.779678,0.147941,0.668388,0.386299,0.620781,-0.102365,0.926852,2.895728,0.908103,4.148757,48.351562,11.571461,64.556999,0.609273,0.658942,0.430851,0.873121,-0.367453,0.825018,-0.190038,0.776958,-0.151792,0.874105,-0.138945,0.854847,-0.091208,0.649868,0.300131,0.932826,-0.143043,0.589335,-0.199530,0.791032,0.083750,0.545003,0.247727,1.121658,0.038572,0.935497,0.246692,0.746698,0.486260,0.706971,0.017749,1.051991,3.360464,0.916163,4.568938,84.724319,21.563862,111.168922,0.967011,0.806972,0.874921,0.969011,0.873255,0.816990,0.876274,0.845303,0.878985,0.825875,0.841033,0.824538,0.802331,0.869098,0.833317,0.881850
panda_0821,48,0:48,12,4,14,0.290473,0.510414,0.494109,0.736630,0.299651,0.605908,0.207934,0.660256,-0.122431,0.756755,0.121864,0.749818,-0.093274,0.596340,-0.230751,0.542462,-0.426600,0.589564,-0.714462,0.568490,0.044858,0.576532,0.402015,0.607786,-0.195410,0.891145,0.119637,0.837262,0.714680,0.629710,0.271029,0.624550,2.926113,0.727525,3.842582,99.750694,26.059464,131.987946,0.319040,0.436406,0.523560,0.649276,0.292330,0.552774,0.149551,0.573929,-0.138443,0.727610,0.066080,0.675177,-0.116997,0.519254,-0.323849,0.533094,-0.418579,0.494546,-0.638618,0.493956,-0.002312,0.501345,0.270379,0.552599,-0.206090,0.785083,0.215667,0.803314,0.614381,0.561518,0.214008,0.549389,2.642303,0.722910,3.573921,56.900852,15.997496,73.097221,0.276189,0.543090,0.479384,0.776212,0.303312,0.630768,0.237126,0.697606,-0.114426,0.770790,0.149756,0.782991,-0.081413,0.631030,-0.184202,0.541113,-0.430610,0.631698,-0.752384,0.598716,0.068442,0.609295,0.467834,0.623239,-0.190070,0.939652,0.071621,0.849669,0.764830,0.655443,0.299539,0.657070,3.068019,0.687189,3.943328,77.009689,19.629494,103.906937,0.905802,0.917862,0.866023,0.784450,0.940008,0.840160,0.818415,1.138165,0.842804,0.829421,0.801551,0.768088,0.834103,0.938840,0.800534,0.811982
panda_0823,48,0:48,12,4,14,0.318181,0.852498,0.267400,0.543022,-1.185098,0.851845,-1.318767,0.926922,0.586634,0.727178,-0.172641,0.631923,0.384734,0.561220,0.509697,0.899848,0.965308,0.842692,0.769930,0.723781,-0.670260,0.700067,-1.350482,0.933595,-0.037858,0.694478,1.468902,0.654350,-0.794010,1.012795,-1.271479,0.960684,4.546661,1.320582,6.189645,143.234695,23.400494,171.481659,-0.627246,0.429529,0.034631,0.310912,-1.496413,0.303350,-1.907350,0.277147,1.196721,0.268436,-0.369069,0.051104,0.955310,0.269769,0.058950,0.224468,1.661896,0.557557,0.978775,0.567611,-1.389339,0.372103,-1.335835,0.617953,0.551511,0.319624,1.706530,0.430011,-1.810608,0.564510,-1.801607,0.440816,5.170103,1.342657,6.504087,54.285667,22.281704,83.920677,0.790894,0.572284,0.383785,0.594424,-1.029440,0.984765,-1.024475,0.995264,0.281591,0.691374,-0.074426,0.754153,0.099446,0.438061,0.735071,1.018341,0.617014,0.738806,0.665507,0.769405,-0.310720,0.527356,-1.357806,1.056554,-0.332542,0.641759,1.350089,0.712359,-0.285710,0.777298,-1.006415,1.037513,4.234941,1.192908,5.678068,108.554321,26.086287,134.530853,0.774466,0.525545,1.168953,1.501931,2.117887,0.614897,2.585052,0.197477,2.115857,1.161024,2.803053,0.866794,0.912639,1.249214,2.570846,1.399683
panda_0842,48,0:48,12,4,14,-0.342558,0.736481,-0.638448,1.132536,-0.377768,1.162858,-0.826149,1.216951,0.646304,0.691585,0.684691,1.107434,-0.124928,0.763930,0.218036,0.885527,0.606778,0.949038,0.289934,1.358517,-0.443749,0.682258,-1.383281,0.963503,-0.548308,0.821244,0.809006,1.082952,-1.097856,1.190585,-1.124593,1.044426,4.833779,1.071669,5.985659,183.397690,36.179241,230.540253,-0.566769,0.510924,-0.345751,0.923216,-1.076456,0.442696,-1.670228,0.364920,1.120321,0.423662,-0.329720,0.659267,0.497505,0.483250,-0.024188,0.433081,1.408077,0.450043,0.973509,0.794156,-1.013991,0.430213,-1.447801,0.757256,0.052238,0.454082,1.634972,0.899762,-1.735234,0.650600,-1.430823,0.412047,4.899323,1.210336,6.285977,94.537674,24.718449,128.564667,-0.230452,0.803357,-0.784796,1.197305,-0.028424,1.250698,-0.404110,1.272997,0.409296,0.677621,1.191897,0.922241,-0.436145,0.684143,0.339147,1.019045,0.206128,0.876458,-0.051854,1.450019,-0.158628,0.601490,-1.351021,1.050079,-0.848581,0.798796,0.396024,0.918001,-0.779167,1.268823,-0.971478,1.216969,4.801008,0.993495,5.890985,147.421082,34.420765,193.971680,0.919524,0.558989,1.004831,1.438102,1.788696,0.475286,0.969905,0.319131,1.770291,0.860916,2.055848,0.968643,0.349194,1.945858,1.317000,1.093181
panda_0846,48,0:48,12,4,14,0.331642,0.645855,0.300061,0.703365,0.595128,0.952197,0.531170,0.882369,0.165229,0.875030,-0.206131,0.892705,-0.264724,0.559224,-0.660087,0.930683,-0.707805,0.729758,-1.043814,0.724112,0.246786,0.552855,0.719002,0.858116,0.482980,1.049908,-0.061188,0.722850,0.846487,0.825729,0.425171,0.913041,3.693119,1.285812,5.393356,98.654884,22.542730,127.796066,0.423317,0.566629,0.370791,0.604900,0.567887,0.841329,0.454011,0.790807,0.152883,0.842184,-0.218459,0.804241,-0.272754,0.494522,-0.725179,0.852042,-0.582089,0.609034,-0.877315,0.645960,0.172824,0.480721,0.590126,0.727862,0.364428,0.874562,0.006707,0.668460,0.681752,0.696951,0.370981,0.802862,3.255343,1.174389,4.862630,60.290619,13.529963,77.780945,0.285805,0.677390,0.264695,0.745238,0.608748,1.002768,0.569750,0.922339,0.171402,0.890934,-0.199966,0.933738,-0.260709,0.588874,-0.627541,0.965966,-0.770663,0.775567,-1.127064,0.746380,0.283767,0.582085,0.783441,0.909503,0.542256,1.122715,-0.095135,0.746251,0.928855,0.871504,0.452266,0.962274,3.912008,1.283214,5.629374,70.342590,15.854914,89.778091,1.019372,0.883898,0.863298,0.845499,0.912744,0.848613,0.860235,0.977443,0.736791,0.777865,0.764178,0.754592,0.762220,0.873079,0.738423,0.820874
panda_0848,48,0:48,12,4,14,0.139259,0.430087,0.169968,0.740315,-0.334990,0.733676,-0.131857,0.675788,-0.090564,0.668806,-0.276170,0.800358,0.119589,0.510583,0.071700,0.691720,0.031285,0.479860,-0.041316,0.609422,-0.092756,0.433324,0.205387,0.732264,0.328277,0.845082,0.136347,0.753285,0.224122,0.607460,-0.047967,0.755653,2.636050,0.817143,3.726751,62.396706,26.703096,96.466660,0.189572,0.381263,0.145213,0.654488,-0.369690,0.658681,-0.181496,0.616255,-0.179089,0.614069,-0.208665,0.719331,0.042680,0.467057,0.055007,0.646370,-0.042997,0.414625,-0.138646,0.541993,-0.101743,0.392790,0.250428,0.656954,0.297066,0.767739,0.016006,0.673149,0.206504,0.553086,-0.075319,0.692466,2.392242,0.782653,3.432539,35.330887,14.563004,57.720371,0.114102,0.450426,0.182345,0.779399,-0.317640,0.767845,-0.107038,0.702354,-0.046301,0.690315,-0.309922,0.835897,0.158043,0.526815,0.080046,0.713168,0.068426,0.505276,0.007349,0.634909,-0.088262,0.452164,0.182867,0.766159,0.343883,0.880796,0.196517,0.783410,0.232931,0.632714,-0.034292,0.784985,2.757954,0.806678,3.845781,49.773216,22.733616,78.830650,0.909011,0.837922,0.893391,0.903715,0.924077,0.833867,0.832040,0.918559,0.810908,0.849380,0.875134,0.881555,0.857186,0.816474,0.848961,0.882303
panda_0856,48,0:48,12,4,14,0.784658,0.558481,0.404702,0.420310,1.310901,0.492725,1.737534,0.493369,-0.823386,0.581601,-0.154899,0.430963,-0.799254,0.505294,-0.518940,0.345507,-1.636533,0.604123,-1.451690,0.590546,1.051099,0.518827,1.760578,0.416665,-0.070894,0.630127,-1.077834,0.483123,1.955228,0.645542,1.692377,0.454164,5.164366,1.258425,7.379924,53.178890,19.887722,78.589821,0.690698,0.474589,0.309125,0.379830,1.136602,0.443239,1.485224,0.469486,-0.907634,0.557515,-0.115532,0.403166,-0.738826,0.460756,-0.505043,0.356131,-1.408053,0.586792,-1.114685,0.628409,0.846248,0.500130,1.430650,0.449033,-0.042842,0.530988,-1.013417,0.449267,1.623303,0.662315,1.457533,0.422985,4.449897,1.254788,6.286142,44.587143,15.339829,67.129868,0.831637,0.590434,0.452491,0.431282,1.398050,0.493104,1.863689,0.455155,-0.781262,0.588774,-0.174583,0.442899,-0.829468,0.523542,-0.525888,0.339857,-1.750773,0.579769,-1.620193,0.490396,1.153525,0.497226,1.925542,0.279212,-0.084921,0.673814,-1.110042,0.496064,2.121190,0.568441,1.809800,0.422581,5.521601,1.097887,7.541227,24.400991,15.963430,44.103539,0.830324,0.775119,0.813008,0.796927,1.120949,0.902188,0.884544,0.964770,0.804247,0.691923,0.738773,0.742986,0.735069,0.906921,0.765280,0.805356
panda_0857,48,0:48,12,4,14,0.231981,0.678872,-0.325486,0.665813,0.222770,0.617661,0.255318,0.558779,-0.292551,0.756717,0.625952,0.921637,-0.508784,0.757886,0.152340,0.619344,-0.567731,0.713080,-0.940778,0.679796,0.259290,0.663809,0.078517,0.651003,-0.148430,1.025288,-0.276065,0.604041,0.489972,0.639240,-0.050696,0.577796,3.117284,0.953825,4.390159,50.811962,16.721310,73.960739,0.290574,0.601348,-0.212658,0.620863,0.204841,0.559394,0.129242,0.490218,-0.355470,0.714334,0.548813,0.851261,-0.491943,0.672748,0.049239,0.607631,-0.541400,0.615728,-0.826324,0.610309,0.209399,0.584405,0.060964,0.605844,-0.207767,0.902919,-0.232296,0.546295,0.389000,0.571012,-0.084797,0.540401,2.790794,0.948640,4.068182,37.263302,11.523841,52.244930,0.202685,0.712683,-0.381900,0.680204,0.231735,0.644636,0.318356,0.579891,-0.261092,0.775129,0.664521,0.952542,-0.517205,0.796918,0.203890,0.618709,-0.580897,0.756732,-0.998005,0.705068,0.284236,0.698808,0.087293,0.672274,-0.118762,1.080070,-0.297949,0.629795,0.540459,0.665032,-0.033645,0.594882,3.280529,0.913657,4.509422,32.099293,12.230330,50.283318,0.899333,0.799925,0.853824,0.747207,0.978218,0.845232,0.860659,0.920465,0.847861,0.807855,0.801079,0.895568,0.834109,0.826515,0.779099,0.903314
panda_0859,48,0:48,12,4,14,-0.505650,0.630310,0.307687,0.398639,-1.596507,0.406275,-1.511261,0.411789,0.422790,0.461724,-0.816963,0.364641,1.054189,0.405383,0.197035,0.501522,1.230655,0.495071,0.710193,0.454816,-1.226477,0.433595,-0.463532,0.494102,1.264804,0.532339,1.354637,0.413914,-0.801933,0.571842,-1.097632,0.477450,4.367206,0.821094,5.247972,54.270248,10.868700,66.695740,-0.282719,0.570331,0.475223,0.380460,-1.384853,0.426586,-1.369505,0.397357,0.424817,0.435618,-0.765992,0.322289,0.911048,0.387432,0.052415,0.489981,0.989777,0.472467,0.388762,0.440179,-1.076052,0.395183,-0.250751,0.452653,1.010435,0.526853,1.210098,0.401152,-0.661393,0.512615,-0.981343,0.462201,3.779221,0.916841,4.901626,42.566864,9.648770,54.724056,-0.617116,0.629305,0.223918,0.380715,-1.702334,0.350719,-1.582139,0.400422,0.421776,0.474235,-0.842449,0.381524,1.125759,0.395076,0.269346,0.491487,1.351094,0.460991,0.870909,0.368672,-1.301689,0.432378,-0.569922,0.479377,1.391989,0.487609,1.426907,0.401069,-0.872204,0.586774,-1.155776,0.474320,4.661199,0.575932,5.338629,29.723171,10.112491,43.325996,0.647671,1.502834,0.812492,0.864419,0.965869,0.906416,0.804672,0.946396,0.733492,0.504928,0.821003,0.627500,0.725792,0.847542,0.758020,0.843177
panda_0860,48,0:48,12,4,14,0.780122,0.530581,-0.047084,0.684402,-0.050441,1.040715,0.136182,1.183472,-0.323747,0.595589,0.249351,0.740808,-0.608377,0.687316,0.411394,0.643149,-0.663480,0.950478,-0.559294,0.740383,0.514603,0.826085,0.084920,1.083903,-0.034127,0.708268,-0.200945,0.840340,0.574704,0.973596,-0.072125,1.207073,3.630775,1.225784,5.574955,57.686977,13.865325,77.557373,0.789988,0.438366,0.064595,0.603491,-0.034836,0.908521,0.045094,1.067576,-0.339800,0.587760,0.170204,0.675061,-0.561774,0.616870,0.252806,0.606115,-0.607539,0.807271,-0.418124,0.641840,0.420338,0.730919,0.076690,0.925295,-0.060343,0.617987,-0.176967,0.798161,0.484217,0.835038,-0.090102,1.078682,3.197946,1.156311,4.923065,42.557400,9.215131,55.268299,0.775189,0.571068,-0.102924,0.714950,-0.058244,1.100793,0.181726,1.234838,-0.315721,0.599304,0.288924,0.768533,-0.631678,0.718827,0.490687,0.646460,-0.691451,1.013372,-0.629879,0.775451,0.561736,0.865932,0.089034,1.155046,-0.021019,0.748996,-0.212935,0.860404,0.619948,1.032981,-0.063136,1.266301,3.847190,1.201993,5.765244,36.219799,10.877285,51.550159,0.973358,0.815451,0.804092,0.855219,1.000154,0.830086,0.852654,0.775927,0.800147,0.718256,0.788382,0.775346,0.793439,0.909199,0.770659,0.845808
panda_0861,48,0:48,12,4,14,0.681136,0.728877,-0.351546,0.592672,-0.087155,0.707396,-0.142779,0.995146,-0.303485,0.928983,0.938364,0.889348,-0.707428,0.839566,0.886858,0.805075,-0.288036,0.929628,-0.197940,0.761586,0.423513,0.838247,-0.959237,0.909324,-1.384916,1.004155,0.102101,1.017410,0.032343,0.924858,-0.459376,0.772631,4.093809,1.152265,5.292589,137.904968,34.473610,180.979828,0.454365,0.447012,-0.453379,0.691518,-0.788501,0.361172,-1.257515,0.534932,0.412892,0.985385,0.348099,0.898687,-0.394743,0.754528,0.851411,0.906217,0.538531,0.592830,0.580942,0.413716,-0.083911,0.660048,-1.445936,0.781031,-1.307929,0.984459,1.118930,0.920558,-0.846150,0.523074,-1.035237,0.354633,4.307548,0.869571,5.075152,101.231468,38.035473,149.115997,0.794521,0.811427,-0.300630,0.529164,0.263519,0.562562,0.414589,0.640640,-0.661673,0.651248,1.233497,0.721998,-0.863770,0.836255,0.904582,0.748774,-0.701319,0.779858,-0.587380,0.573974,0.677225,0.801902,-0.715888,0.870427,-1.423410,1.011665,-0.406313,0.594572,0.471590,0.753278,-0.171446,0.764096,3.986939,1.256674,5.431345,81.975220,13.788192,101.693558,0.470649,1.406884,1.559786,2.035772,1.139898,0.648869,0.664083,0.994977,0.788620,0.817538,0.636503,1.519408,0.891380,1.942295,1.278191,1.716624
panda_0862,48,0:48,12,4,14,-0.007702,0.814130,0.750820,0.831594,0.830728,0.733789,0.801523,0.721242,0.632375,0.815644,-0.975136,0.767800,-0.058759,0.567672,-1.235243,0.848313,-0.897181,0.541266,-0.250584,0.764137,0.273177,0.630002,0.887903,0.690515,0.319280,0.754658,0.346301,0.924523,0.975168,0.698109,0.974978,0.710370,4.098606,0.841692,5.075160,171.102386,32.525463,215.929443,0.114788,0.715580,0.626427,0.780244,0.767832,0.667926,0.761482,0.626768,0.438491,0.798310,-0.823714,0.703678,-0.176143,0.522396,-1.134490,0.764477,-0.797896,0.494265,-0.232495,0.690586,0.257589,0.583283,0.793729,0.601525,0.276597,0.663216,0.112817,0.835098,0.845019,0.631393,0.908767,0.617095,3.641289,0.900357,4.744173,84.475441,15.855379,106.229370,-0.068948,0.852602,0.813017,0.849310,0.862176,0.762653,0.821543,0.763323,0.729318,0.806890,-1.050847,0.787082,-0.000066,0.580167,-1.285620,0.882964,-0.946823,0.556697,-0.259629,0.798222,0.280971,0.651968,0.934990,0.726394,0.340621,0.795593,0.463043,0.944741,1.040242,0.720417,1.008084,0.750497,4.327265,0.707454,5.187800,140.567001,27.280275,176.456192,0.855415,0.818122,0.868736,0.883632,0.803810,0.794820,0.937433,0.865634,0.838220,0.872695,0.881933,0.816782,0.821946,0.784918,0.807395,0.866638
panda_0868,48,0:48,12,4,14,0.394827,0.866104,-0.556506,0.598027,-1.150937,0.491770,-0.972033,0.685754,0.030162,0.698792,0.227119,0.597011,-0.200213,0.766856,1.021244,0.625842,0.483458,0.827642,0.784593,0.499887,-0.042161,0.882113,-1.161102,0.722397,0.016786,0.789362,0.277394,0.779271,-0.821534,0.857492,-1.201025,0.702446,3.956264,0.975055,5.320518,80.809860,23.271019,110.644302,0.588326,0.760439,-0.459116,0.456977,-1.003971,0.399655,-1.027480,0.536046,-0.007325,0.592996,0.197123,0.535052,-0.311493,0.710397,0.894756,0.630119,0.328136,0.696594,0.734206,0.374392,0.090007,0.831101,-1.032605,0.579221,-0.199559,0.674847,0.108176,0.758791,-0.812235,0.565899,-1.168506,0.477679,3.521270,0.980092,4.657636,48.737923,15.192247,70.375404,0.298077,0.898883,-0.605201,0.651865,-1.224421,0.516425,-0.944310,0.747937,0.048905,0.745379,0.242117,0.625155,-0.144573,0.787708,1.084488,0.613997,0.561120,0.875655,0.809786,0.550311,-0.108244,0.899288,-1.225350,0.776309,0.124958,0.819650,0.362002,0.775588,-0.826184,0.970955,-1.217285,0.790736,4.173761,0.896602,5.547492,61.589760,19.740021,85.202171,1.032066,0.679984,0.814142,1.002544,0.832413,0.830904,0.979484,0.837972,0.696871,0.832458,0.928369,0.757341,0.817467,0.913800,0.733736,0.866795
panda_0880,48,0:48,12,4,14,-0.452103,0.402500,-0.019827,0.424131,-0.971038,0.587117,-1.268594,0.534705,0.790570,0.392631,-0.206988,0.454152,0.624393,0.407194,0.056773,0.332878,1.170350,0.568409,0.852932,0.486348,-0.922119,0.467402,-1.135708,0.575866,0.357267,0.637972,1.133609,0.497456,-1.232980,0.582226,-1.191668,0.538011,3.915965,1.037169,5.250148,84.018250,22.174917,109.956238,-0.215728,0.369128,0.177195,0.374087,-0.887735,0.458623,-1.221897,0.444219,0.763984,0.400656,-0.328424,0.417441,0.534539,0.404865,-0.055603,0.325271,0.963708,0.527152,0.611207,0.478519,-0.808755,0.411436,-0.866975,0.628577,0.239684,0.505897,1.057424,0.544762,-1.034846,0.511358,-1.042773,0.464603,3.425753,1.017445,4.761474,52.156380,16.356153,72.390800,-0.570291,0.364660,-0.118337,0.413216,-1.012689,0.637720,-1.291943,0.573204,0.803863,0.387873,-0.146270,0.459557,0.669320,0.400871,0.112961,0.322242,1.273671,0.560056,0.973795,0.443270,-0.978801,0.483134,-1.270074,0.495697,0.416059,0.687152,1.171702,0.467394,-1.332046,0.590164,-1.266116,0.556442,4.161071,0.956949,5.356456,61.702236,16.521763,79.878525,0.549940,0.992898,0.854348,0.932515,0.952443,1.159286,0.828235,0.976101,0.759080,0.646829,0.823345,0.699139,0.653215,0.906208,0.771044,0.812794
panda_0886,48,0:48,12,4,14,0.021265,0.317528,1.016845,0.473948,-0.357603,0.524285,0.044044,0.537062,-0.115505,0.620136,-1.304023,0.497636,0.770637,0.453350,-0.579504,0.389880,0.077384,0.496944,-0.193100,0.498359,-0.400518,0.428628,1.236226,0.481050,1.423672,0.665295,0.390082,0.518595,0.772457,0.537690,0.522919,0.597288,3.501668,0.688151,4.332809,62.222137,20.897350,83.722130,0.054997,0.269891,0.959890,0.435684,-0.316643,0.475884,0.089008,0.481906,-0.143740,0.579915,-1.240343,0.468901,0.669632,0.424985,-0.616850,0.380574,0.021289,0.433315,-0.256352,0.445134,-0.400626,0.380871,1.133651,0.438432,1.239965,0.630730,0.333308,0.483222,0.719670,0.480854,0.517112,0.535023,3.220132,0.687101,4.098158,37.005657,12.006035,56.759743,0.004398,0.337583,1.045322,0.489486,-0.378083,0.545730,0.021562,0.561267,-0.101387,0.638831,-1.335864,0.508416,0.821140,0.458620,-0.560830,0.393122,0.105431,0.523631,-0.161474,0.520067,-0.400464,0.450613,1.287514,0.493062,1.515525,0.663103,0.418468,0.533144,0.798851,0.562108,0.525823,0.626083,3.642436,0.644071,4.419318,46.392078,16.729584,63.707302,0.803691,0.917250,0.838704,0.873175,0.915278,0.927812,0.819394,1.079532,0.787016,0.950515,0.923786,0.878672,0.816454,0.849478,0.882749,0.923375
panda_0893,48,0:48,12,4,14,0.718586,0.878046,-0.058888,0.869715,-0.930350,0.959617,-0.364405,0.821671,-0.605913,0.862242,-0.176318,0.724645,-0.222150,0.576022,0.967404,1.060002,-0.049618,0.524610,0.357521,0.744745,0.254656,0.540252,-0.125319,0.961706,0.137138,0.801927,-0.010733,0.738395,0.169251,0.830427,-0.340458,0.965391,3.565920,1.124285,5.089119,71.368896,20.006609,95.998596,0.887247,0.703412,0.123005,0.702795,-1.072264,0.755165,-0.549575,0.673845,-0.665894,0.771611,-0.188205,0.661827,-0.213935,0.493513,0.961305,0.959042,-0.092661,0.428158,0.317986,0.674527,0.167383,0.460107,-0.145690,0.854531,0.153403,0.727702,0.064877,0.607788,0.203123,0.672223,-0.479686,0.859937,3.286517,1.113554,4.815842,37.555214,14.680415,50.941765,0.634255,0.942188,-0.149835,0.928887,-0.859393,1.039738,-0.271821,0.871760,-0.575923,0.902663,-0.170375,0.754023,-0.226257,0.613086,0.970453,1.107022,-0.028097,0.565486,0.377289,0.776725,0.298292,0.571181,-0.115134,1.010888,0.129006,0.836454,-0.048537,0.793001,0.152315,0.898671,-0.270843,1.006819,3.705621,1.103392,5.211251,59.121185,15.014616,78.398727,1.068937,0.769309,0.976850,0.993890,0.952538,0.901637,0.796273,0.907562,0.754620,0.872254,0.739909,0.820759,0.848407,0.764954,0.746746,0.935682
panda_0894,48,0:48,12,4,14,-0.369899,0.835307,0.224800,1.191739,0.806162,1.276056,0.556283,1.364783,0.563624,0.906985,-0.430217,0.825115,0.068591,0.830892,-1.036566,0.859870,-0.063442,0.874354,0.145892,0.638547,0.059106,0.821582,0.276525,0.923805,0.041303,0.892324,0.012159,1.558370,-0.132339,0.791568,0.483536,0.957021,4.097290,1.519639,6.305676,194.213303,52.037334,246.136093,-0.277395,0.758971,-0.094444,1.228740,1.015815,1.156470,0.963274,1.170983,0.151435,0.569061,-0.327327,0.641341,-0.245808,0.718232,-0.961558,0.653394,-0.437425,0.601274,-0.057779,0.384488,0.367359,0.664135,0.630360,0.585528,0.086669,0.525240,-0.608038,1.316524,0.130945,0.530161,0.784072,0.729921,3.645142,1.482712,6.013241,53.883583,13.594676,72.662552,-0.416151,0.867278,0.384423,1.139748,0.701336,1.319395,0.352788,1.408587,0.769719,0.971902,-0.481662,0.898679,0.225790,0.838754,-1.074071,0.944131,0.123550,0.927944,0.247727,0.711749,-0.095021,0.848937,0.099607,1.007373,0.018620,1.027074,0.322257,1.577237,-0.263981,0.864491,0.333269,1.019657,4.323364,1.487081,6.436904,183.976471,50.635876,231.523621,0.877860,1.079210,1.036941,1.026464,0.462465,0.679428,0.877100,0.880877,0.845838,0.508542,0.898622,0.886877,0.493729,0.924927,0.624810,1.049817
panda_0895,48,0:48,12,4,14,0.500285,1.322789,0.479393,0.848536,0.704096,1.288678,0.617490,1.614959,-0.012074,1.110490,0.003643,0.705983,-0.335464,1.044215,-0.301461,0.557279,-0.542047,1.716653,-0.308850,1.199137,0.361640,1.377478,0.107959,1.353302,-0.704955,0.960666,0.129224,1.142579,0.629076,1.883188,0.538043,1.578961,5.192205,1.607778,7.492844,178.582703,37.209244,229.201355,0.532034,1.104942,0.296965,0.703106,0.559877,1.189291,0.494387,1.449062,-0.215153,1.064246,0.068565,0.605492,-0.461459,0.924702,-0.221676,0.564371,-0.636364,1.478100,-0.331327,0.919185,0.361906,1.215453,0.101104,1.131078,-0.483353,0.839600,-0.004221,1.035006,0.587909,1.638986,0.391606,1.407710,4.503635,1.575046,6.956970,92.417938,14.934299,113.799500,0.484410,1.418961,0.570607,0.898822,0.776206,1.329749,0.679042,1.688455,0.089465,1.119170,-0.028818,0.749097,-0.272467,1.093679,-0.341353,0.549371,-0.494889,1.822440,-0.297611,1.316839,0.361507,1.451726,0.111387,1.451702,-0.815756,0.997508,0.195947,1.187121,0.649659,1.993787,0.611261,1.653109,5.536491,1.510445,7.618470,144.707001,33.538116,191.808502,0.771052,0.700908,0.877543,0.838460,0.986409,0.813458,0.870603,0.903785,0.828217,0.641612,0.825937,0.751397,0.680822,0.868624,0.813092,0.833605
panda_0899,48,0:48,12,4,14,1.025688,0.642395,-0.108971,0.621153,0.744550,0.901119,0.913739,1.070265,-0.672515,0.813341,0.620231,0.847617,-1.062386,0.884327,0.336284,0.603781,-1.242569,1.150909,-0.908198,0.991588,1.022202,0.887851,0.104764,0.915190,-0.959063,0.805849,-0.590614,0.969493,1.057028,1.104684,0.494855,0.953687,4.556163,1.662577,6.784674,106.980286,22.399714,139.502319,0.952209,0.552221,0.002289,0.518929,0.629505,0.785016,0.674069,0.943343,-0.649549,0.838130,0.448950,0.760603,-0.943598,0.762074,0.187907,0.550745,-1.070234,0.986430,-0.585720,0.847756,0.842176,0.766990,0.003634,0.797265,-0.860355,0.763793,-0.368154,0.944305,0.860465,0.957450,0.400969,0.823997,3.871866,1.587979,6.213837,78.294128,14.899029,99.864838,1.062428,0.680061,-0.164600,0.659408,0.802073,0.948668,1.033574,1.109131,-0.683998,0.800411,0.705871,0.875455,-1.121780,0.933858,0.410472,0.615351,-1.328737,1.215767,-1.069437,1.018593,1.112215,0.929502,0.155329,0.964818,-1.008417,0.821639,-0.701845,0.962758,1.155310,1.158946,0.541797,1.009050,4.898311,1.591920,6.952453,66.783569,15.935512,90.262764,0.867022,0.688955,0.792315,0.742780,0.982480,0.751383,0.800133,0.779100,0.757590,0.607850,0.740667,0.784479,0.826659,0.803100,0.756586,0.800135
panda_0906,48,0:48,12,4,14,-0.231110,0.630770,-0.222518,0.579628,-0.093734,0.573419,-0.450731,0.740605,0.670945,0.677171,0.189537,0.675372,0.052034,0.641189,-0.171583,0.514421,0.507228,0.707557,0.511587,0.555834,-0.255841,0.702766,-1.058027,0.657810,-0.229820,0.789485,0.537884,0.728537,-0.888013,0.649531,-0.747201,0.633456,3.220053,0.878769,4.421637,163.042175,32.408180,201.998901,0.075551,0.538478,-0.143296,0.602475,0.027357,0.416936,-0.389095,0.663060,0.601266,0.720399,0.261467,0.631087,-0.174263,0.547448,-0.138123,0.466002,0.276127,0.566941,0.371384,0.518975,-0.063618,0.600159,-1.109931,0.715472,-0.515824,0.718122,0.567659,0.658256,-0.712680,0.527661,-0.726878,0.527584,2.946948,0.846817,4.026983,108.916359,22.027056,137.505875,-0.384440,0.617492,-0.262129,0.563700,-0.154279,0.628728,-0.481550,0.774643,0.705784,0.651700,0.153573,0.693669,0.165182,0.654544,-0.188312,0.536214,0.622778,0.741747,0.581688,0.560373,-0.351953,0.730076,-1.032075,0.625381,-0.086818,0.784685,0.522996,0.760811,-0.975679,0.685979,-0.757363,0.680013,3.356606,0.862475,4.557076,111.065414,22.828823,143.338013,0.672335,0.936318,0.635107,0.872242,0.904579,1.009037,0.856798,0.891813,0.559866,0.790205,0.688782,1.026061,1.094061,0.911550,0.716999,0.887640
panda_0909,48,0:48,12,4,14,-0.125782,0.631825,0.437047,0.848504,-0.760423,0.546800,-0.737403,0.749863,0.419437,0.781607,-0.578303,0.853368,0.532597,0.544298,0.000890,0.604928,0.642350,0.661408,0.955964,0.668630,-0.547812,0.577536,-0.463805,0.968028,0.187238,0.738006,0.864924,0.790347,-0.492292,0.952688,-0.486609,1.016726,3.658040,1.045554,5.082113,150.614151,34.500092,190.009033,0.140720,0.501032,0.388342,0.777550,-0.592470,0.458636,-0.629657,0.661791,0.354221,0.717697,-0.519712,0.867555,0.288312,0.517694,-0.046080,0.575754,0.472568,0.551945,0.657897,0.638717,-0.364890,0.520225,-0.372874,0.940077,0.054578,0.692951,0.747194,0.813089,-0.401844,0.780852,-0.427294,0.918257,3.173291,0.997589,4.566458,76.058868,18.014986,96.752121,-0.259033,0.648090,0.461400,0.880834,-0.844399,0.567588,-0.791276,0.784698,0.452046,0.809709,-0.607598,0.844662,0.654740,0.515394,0.024376,0.617662,0.727241,0.694442,1.104998,0.632445,-0.639273,0.583017,-0.509270,0.978541,0.253568,0.750793,0.923789,0.772023,-0.537516,1.024900,-0.516267,1.061302,3.900414,0.982825,5.205413,115.231155,27.433504,149.048981,0.751778,0.843802,0.717801,0.806733,0.833891,0.949296,0.669578,0.924770,0.693442,0.630338,0.710936,0.877626,0.865523,0.877361,0.755360,0.845878
panda_0911,48,0:48,12,4,14,0.311682,1.091377,0.732880,0.678051,0.697397,0.996342,0.219137,0.968080,0.408289,0.990056,0.200756,0.869778,-0.033868,0.690289,-0.624654,1.099510,-0.319230,0.836442,-0.707887,0.894962,-0.141623,0.959351,-0.285650,1.144646,-0.598127,0.856624,0.786546,1.124908,0.538245,0.923199,0.109411,1.017768,4.133802,1.132620,5.593114,224.290100,59.812023,311.527954,0.469711,0.885370,0.751925,0.572726,0.596198,0.942571,0.283776,1.053161,0.366342,1.199191,0.302687,0.726148,-0.209340,0.623867,-0.676419,0.993735,-0.570447,0.832544,-0.857321,0.895591,-0.202548,0.884262,-0.592773,1.204224,-0.283757,0.870029,0.832580,1.371864,0.704849,0.974385,-0.018165,0.955977,4.206663,1.287619,5.751452,141.740753,50.749672,220.483292,0.232668,1.173025,0.723358,0.724810,0.747997,1.018404,0.186817,0.920903,0.429262,0.866006,0.149790,0.929157,0.053868,0.705018,-0.598772,1.147876,-0.193621,0.809664,-0.633170,0.885238,-0.111160,0.993371,-0.132088,1.081435,-0.755311,0.805053,0.763528,0.977513,0.454942,0.884824,0.173199,1.041454,4.097372,1.044644,5.418880,164.005219,39.363129,220.281921,0.808816,0.979226,0.887306,1.236740,1.308837,0.787955,0.908435,0.884748,1.277063,1.109729,0.921283,1.245825,0.797962,1.287845,1.213406,0.943296
panda_0925,48,0:48,12,4,14,0.034289,0.433210,-0.215729,0.786176,-0.622595,0.766669,-0.585631,0.880752,0.089509,0.725348,-0.034584,0.796491,0.024096,0.775780,0.315627,0.542345,0.278906,0.765837,0.038129,0.648393,-0.191392,0.728918,-0.267207,0.908884,0.253669,0.877285,0.351791,0.941456,-0.256337,0.855025,-0.537299,0.796699,3.240448,0.853704,4.323748,71.001511,21.219669,96.340698,-0.098052,0.277159,-0.015864,0.641300,-1.003277,0.309116,-1.300721,0.357067,0.543118,0.595644,-0.251475,0.581200,0.374715,0.511971,0.199723,0.508000,0.880783,0.322547,0.465969,0.396092,-0.673635,0.394092,-0.765450,0.714279,0.134578,0.655676,1.043946,0.588485,-0.919020,0.472029,-1.054804,0.457955,3.449904,0.708392,4.458038,53.882870,19.123943,76.524200,0.100459,0.479544,-0.315661,0.831575,-0.432254,0.851590,-0.228086,0.846358,-0.137295,0.676372,0.073862,0.864533,-0.151214,0.824315,0.373579,0.549636,-0.022032,0.745687,-0.175791,0.644120,0.049729,0.738181,-0.018085,0.893209,0.313214,0.963769,0.005713,0.892773,0.075004,0.809836,-0.278547,0.803974,3.135720,0.899669,4.192964,41.325760,11.978611,58.439865,0.558264,0.721727,1.236611,1.794921,1.332435,0.748371,0.807440,0.809446,1.503852,0.949915,1.152366,1.186585,0.593705,1.456245,1.520852,1.562667
panda_0927,48,0:48,12,4,14,-0.929537,0.433784,-0.092407,0.415333,-1.617210,0.445052,-1.937503,0.494485,1.192909,0.316681,-0.412761,0.327020,1.153658,0.301815,0.091616,0.293092,1.937293,0.566769,1.372736,0.559857,-1.583963,0.419045,-1.546574,0.700224,0.860708,0.440806,1.804880,0.415126,-2.002743,0.706606,-1.883040,0.619463,5.873655,1.227216,6.681456,80.449837,16.202230,101.545837,-0.560338,0.444398,0.080540,0.341578,-1.406201,0.388446,-1.808938,0.407482,1.158594,0.341606,-0.416610,0.211544,0.914490,0.329599,0.033390,0.253045,1.579868,0.577393,0.943376,0.568096,-1.303146,0.439750,-1.261651,0.628445,0.482523,0.405023,1.674967,0.488915,-1.695724,0.620119,-1.684651,0.529834,4.972498,1.379658,6.493212,63.142536,17.857536,86.686417,-1.114136,0.285092,-0.178881,0.421879,-1.722714,0.433899,-2.001786,0.520918,1.210066,0.301992,-0.410837,0.371520,1.273242,0.198543,0.120729,0.307076,2.116006,0.468332,1.587417,0.412954,-1.724372,0.327969,-1.689036,0.690734,1.049800,0.319649,1.869837,0.355410,-2.156252,0.697115,-1.982234,0.636963,6.324234,0.835643,6.682641,43.510254,8.228238,52.289062,0.516267,0.780402,0.812287,0.898023,0.952750,1.017835,0.723681,0.869076,0.746165,0.589468,0.757465,0.710068,0.507427,0.895203,0.770368,0.831870
panda_0931,48,0:48,12,4,14,-0.422894,0.674764,-0.102591,0.530769,-1.199412,0.642535,-1.319079,0.948095,0.484999,1.008622,-0.289150,0.659225,0.648862,0.664481,0.330840,0.557955,1.156983,1.004017,0.796120,0.886475,-0.911931,0.808453,-0.860527,1.120123,0.416088,0.754182,1.124118,1.013232,-1.060818,1.247478,-1.130937,1.098726,4.628816,1.578432,6.635820,117.788605,29.478661,150.291260,-0.627080,0.429732,0.034652,0.310841,-1.495842,0.304713,-1.907692,0.276829,1.197349,0.268105,-0.368495,0.049617,0.955141,0.269687,0.059056,0.224477,1.662437,0.557439,0.979456,0.567642,-1.389586,0.371929,-1.337864,0.617018,0.550551,0.318990,1.707491,0.429684,-1.811174,0.564380,-1.802322,0.440435,5.171453,1.342721,6.504087,54.298035,22.283592,83.935760,-0.320801,0.747901,-0.171213,0.600114,-1.051196,0.712004,-1.024772,1.024773,0.128824,1.053307,-0.249477,0.803687,0.495723,0.745373,0.466731,0.621592,0.904255,1.079395,0.704452,0.996213,-0.673103,0.860298,-0.621858,1.233194,0.348857,0.888115,0.832431,1.091971,-0.685640,1.323920,-0.795244,1.172918,4.357498,1.617059,6.670120,102.953766,26.163315,136.708496,0.924163,0.530235,1.320491,1.540831,1.326867,0.553549,1.251120,0.366374,1.475337,0.952449,1.591331,1.102137,0.675412,1.505890,1.475173,1.475389
panda_0934,48,0:48,12,4,14,0.015521,0.650127,0.039560,0.625835,-0.859489,0.824113,-0.849675,0.849563,0.250155,0.825667,-0.208262,0.767320,0.299831,0.734006,0.340333,0.660266,0.546835,0.946929,0.354668,0.904688,-0.412138,0.744969,-0.443612,0.782820,0.313287,0.845122,0.639236,0.895748,-0.422269,0.992871,-0.742352,0.812181,3.597128,1.169564,5.211184,112.171432,27.712692,137.647522,0.079775,0.551278,0.205923,0.520056,-0.920335,0.636243,-1.083007,0.710283,0.438214,0.808876,-0.304988,0.670975,0.381641,0.631336,0.271152,0.588038,0.747349,0.719011,0.405406,0.682024,-0.501818,0.646546,-0.421899,0.601446,0.008843,0.755091,0.919071,0.824285,-0.622346,0.795983,-0.833638,0.695418,3.482321,0.993644,4.985030,74.765587,20.661480,94.593521,-0.016607,0.692060,-0.043621,0.656900,-0.829066,0.901978,-0.733008,0.888567,0.156125,0.817877,-0.159899,0.806876,0.258925,0.777068,0.374924,0.690972,0.446578,1.027798,0.329299,0.996585,-0.367298,0.785765,-0.454469,0.859062,0.465509,0.846611,0.499318,0.897270,-0.322231,1.063894,-0.696709,0.861049,3.654531,1.244295,5.355817,80.172455,19.569351,95.646935,0.713164,0.898506,0.940222,1.202231,1.188553,0.922357,0.944773,0.784536,0.986235,0.715633,1.012489,0.744867,0.698613,1.320187,0.952231,1.012455
panda_0937,48,0:48,12,4,14,0.171002,0.711036,0.012750,0.840887,-0.192615,0.720624,0.035765,0.740390,-0.180810,0.931272,-0.137744,0.851553,-0.114417,0.686240,0.012548,0.765401,-0.236176,0.672604,-0.420645,0.723330,0.085163,0.659738,0.474757,0.928607,0.535313,0.909680,-0.066829,0.821215,0.377824,0.747717,0.055203,0.885754,3.210075,0.882237,4.372170,113.740341,25.970591,148.018066,0.454651,0.694189,0.371267,0.645042,-0.195076,0.731290,0.118226,0.793989,-0.434134,0.778512,-0.425965,0.664326,-0.079541,0.680710,-0.060226,0.808608,-0.333325,0.682997,-0.313893,0.644412,0.116089,0.735625,0.722531,0.810790,0.502654,0.762589,-0.118964,0.812010,0.589292,0.620042,0.296566,0.807645,3.149538,0.943281,4.408415,41.288750,10.721725,59.786995,0.029177,0.676066,-0.166508,0.869595,-0.191384,0.715228,-0.005465,0.708490,-0.054149,0.974541,0.006366,0.897076,-0.131854,0.688326,0.048935,0.740178,-0.187602,0.662022,-0.474021,0.754076,0.069700,0.617731,0.350870,0.958505,0.551643,0.974528,-0.040762,0.824544,0.272089,0.782850,-0.065478,0.898334,3.240344,0.848454,4.353485,104.672302,24.260498,135.127426,1.267732,0.845515,1.052294,1.217175,0.932668,0.908139,0.965114,1.073276,1.106714,0.789038,1.219298,1.083858,0.805406,0.988486,1.063051,0.943983
panda_0943,48,0:48,12,4,14,-0.679279,0.680136,-0.678641,0.731487,-0.720203,1.058842,-0.530365,1.051638,0.239098,0.541156,-0.041898,0.722930,0.243696,0.577551,0.155292,0.903072,0.616463,0.622786,0.436405,0.493169,-0.435215,0.574049,-0.162473,0.941149,0.847089,0.709778,-0.057647,1.038946,-0.854177,0.569044,-0.661718,0.949484,3.674534,0.938649,4.860782,47.971867,15.784357,66.492142,-0.411205,0.634505,-0.458132,0.727400,-0.627326,0.941436,-0.528205,0.946244,0.166845,0.503480,-0.071173,0.659483,0.164202,0.522136,0.066072,0.810659,0.458901,0.548287,0.261708,0.418391,-0.352798,0.517587,-0.086087,0.805006,0.590937,0.661655,-0.013417,0.940110,-0.727677,0.516272,-0.597121,0.864001,3.137554,0.987791,4.444317,39.396896,10.408530,53.501106,-0.813316,0.662330,-0.788896,0.708228,-0.766641,1.109999,-0.531445,1.100554,0.275225,0.555530,-0.027260,0.752224,0.283443,0.599413,0.199902,0.942738,0.695244,0.642546,0.523754,0.504389,-0.476424,0.596033,-0.200666,1.000124,0.975165,0.698265,-0.079763,1.084317,-0.917427,0.583479,-0.694016,0.987877,3.943024,0.785790,4.969674,23.264969,14.069377,43.270882,0.676769,0.746130,0.819356,0.882357,0.836478,0.864424,0.789455,0.808809,0.710869,0.617639,0.800400,0.737035,0.674111,0.865950,0.799725,0.841330
panda_0950,48,0:48,12,4,14,-0.954010,0.400626,-0.067284,0.459784,-1.620633,0.543247,-1.859465,0.617938,1.152628,0.381873,-0.515071,0.491382,1.178397,0.281722,0.033562,0.427306,1.877392,0.599925,1.275647,0.633636,-1.592396,0.378031,-1.324195,0.965685,1.024568,0.506494,1.746615,0.460936,-1.859921,0.866601,-1.753678,0.843929,5.849109,1.146127,6.682037,52.979454,17.925018,75.859802,-0.595468,0.426603,0.142462,0.433582,-1.393973,0.529465,-1.691440,0.611772,1.106158,0.398832,-0.531004,0.432899,0.962773,0.310876,-0.065160,0.425218,1.506657,0.627488,0.828355,0.636793,-1.329250,0.401139,-1.003497,0.921201,0.701570,0.514973,1.589066,0.526118,-1.528639,0.831536,-1.527593,0.818220,4.962698,1.328643,6.500902,51.809742,17.918076,74.551849,-1.133282,0.230959,-0.172157,0.436015,-1.733963,0.513788,-1.943477,0.603709,1.175864,0.370927,-0.507104,0.517971,1.286209,0.189364,0.082924,0.419727,2.062759,0.489807,1.499294,0.499437,-1.723968,0.286306,-1.484544,0.947301,1.186067,0.417084,1.825390,0.402090,-2.025561,0.835739,-1.866720,0.833814,6.292315,0.706025,6.684221,8.258793,5.045004,15.310215,0.530870,0.905101,0.807688,0.872168,0.935657,1.047103,0.748978,0.978514,0.731155,0.577507,0.770999,0.714274,0.593267,0.871707,0.759479,0.824836
panda_0951,48,0:48,12,4,14,-0.495518,0.352294,-0.241699,0.460385,0.057257,0.446072,0.013794,0.628431,0.052557,0.595047,0.082184,0.430868,0.110374,0.277712,-0.280018,0.355572,0.054256,0.459852,-0.487659,0.519213,-0.257069,0.314003,0.373918,0.677934,0.216126,0.481783,-0.085379,0.676438,0.082193,0.639131,0.093469,0.596237,2.197427,0.511040,3.013163,86.929031,28.275333,125.114227,-0.404911,0.320260,-0.243914,0.542901,-0.311595,0.458110,-0.607169,0.638416,0.239712,0.689516,-0.001231,0.420202,0.207689,0.284968,-0.076386,0.281770,0.504148,0.372317,-0.058002,0.463102,-0.448261,0.309065,-0.202441,0.655288,-0.184249,0.379420,0.425726,0.816590,-0.504330,0.525134,-0.367849,0.593585,2.389677,0.577596,3.014524,69.026871,26.322741,102.783081,-0.540822,0.358784,-0.240591,0.412986,0.241683,0.302489,0.324275,0.315286,-0.041020,0.516852,0.123892,0.430078,0.061717,0.260730,-0.381834,0.344747,-0.170690,0.309974,-0.702488,0.398356,-0.161474,0.269667,0.662097,0.474919,0.416313,0.394928,-0.340932,0.396260,0.375455,0.465664,0.324128,0.444372,2.101302,0.444088,2.526407,46.886780,15.908136,69.898247,0.700899,1.380165,1.327734,1.859810,1.571472,1.054013,1.428825,0.578135,1.914963,0.499775,1.940709,0.785213,0.694119,1.839433,1.260672,1.304938
panda_0953,48,0:48,12,4,14,0.098760,0.726974,0.170394,1.025872,0.223549,0.576808,0.252378,0.577010,0.186435,0.717538,-0.267321,0.843358,-0.064958,0.555646,-0.265737,0.591006,-0.122522,0.542075,0.325844,0.619533,0.190514,0.463224,-0.046774,0.691383,-0.157635,0.690866,0.016142,0.816683,0.037507,0.913486,0.153250,0.660266,2.794814,0.804874,3.840798,149.050018,38.092903,201.627502,0.193581,0.624001,0.096696,0.897461,0.120828,0.554642,0.160268,0.524360,-0.001247,0.625791,-0.252203,0.740747,-0.181349,0.463175,-0.235130,0.524276,-0.155571,0.500422,0.286561,0.583396,0.179522,0.398527,0.017133,0.608066,-0.115811,0.606723,-0.055157,0.722446,-0.006845,0.790129,0.139874,0.596452,2.460045,0.747347,3.462708,67.436096,17.116804,86.017792,0.051349,0.768964,0.207244,1.082509,0.274909,0.580805,0.298433,0.596297,0.280276,0.741664,-0.274879,0.890143,-0.006762,0.587953,-0.281040,0.621125,-0.105997,0.561015,0.345486,0.635923,0.196011,0.492304,-0.078727,0.727380,-0.178546,0.728406,0.051791,0.857718,0.059683,0.968534,0.159938,0.689866,2.962198,0.780011,3.986247,126.495102,33.519592,172.927612,0.841532,0.788931,0.871308,0.822315,0.776166,0.803968,0.820171,0.838817,0.905988,0.899693,0.823473,0.823402,0.832360,0.837643,0.806686,0.862367
panda_0956,48,0:48,12,4,14,0.478821,0.474346,-0.007064,0.679240,0.032980,0.657379,0.051905,0.667300,-0.179527,0.808626,0.458455,0.642136,-0.330871,0.512448,0.329163,0.482082,-0.194046,0.620613,-0.269737,0.557432,0.238684,0.544444,-0.472721,0.813786,-0.673374,0.921653,0.096965,0.952298,0.274596,0.605157,-0.184214,0.660674,2.839154,0.966523,4.025535,157.287537,60.720161,234.751633,0.352728,0.390732,-0.312062,0.433536,-0.330100,0.490720,-0.162956,0.525088,-0.588547,0.594320,0.423291,0.520215,-0.370115,0.518187,0.527832,0.462764,-0.283720,0.579740,-0.373480,0.505561,0.173021,0.506812,-0.104694,0.450174,-0.178191,0.433095,-0.217896,0.584549,0.215570,0.576511,-0.291520,0.508077,2.253220,0.909769,3.183523,34.052105,13.731497,53.972256,0.541867,0.499245,0.145435,0.726847,0.214520,0.654941,0.159336,0.703883,0.024983,0.823853,0.476037,0.694456,-0.311249,0.508420,0.229828,0.460355,-0.149209,0.635342,-0.217865,0.574654,0.271516,0.559433,-0.656734,0.889078,-0.920966,0.998236,0.254395,1.055986,0.304109,0.616869,-0.130562,0.719047,3.132121,0.854354,4.202388,152.058838,61.389214,229.647339,0.736240,0.752627,0.762026,0.644737,1.096235,0.796036,1.093979,1.401277,1.002337,1.033730,0.825719,0.381305,0.358665,0.556251,0.851785,0.711576
panda_0961,48,0:48,12,4,14,0.237653,0.461293,-0.695548,0.792533,-0.648141,0.731380,-0.350760,0.757007,-0.049362,0.656673,0.204946,0.815080,-0.401669,0.615433,0.615175,0.860605,-0.001562,0.564992,0.078839,0.577988,0.190999,0.533005,-0.389879,0.982035,0.363956,0.737599,-0.130870,0.724223,-0.305366,0.798799,-0.657091,0.973187,3.227437,0.916468,4.434300,91.271820,25.403177,119.878212,0.444927,0.439747,-0.494528,0.654909,-0.546382,0.680146,-0.354327,0.679961,-0.028467,0.706026,0.183361,0.709271,-0.508290,0.541469,0.477872,0.759411,-0.060700,0.562938,0.050908,0.515699,0.251565,0.479519,-0.289736,0.806977,0.047330,0.694552,-0.019354,0.734969,-0.289548,0.690902,-0.549988,0.838407,2.859294,0.916592,4.126467,67.286804,20.165375,92.420822,0.134016,0.436206,-0.796058,0.835106,-0.699021,0.750540,-0.348977,0.792721,-0.059810,0.630289,0.215739,0.862931,-0.348359,0.642663,0.683827,0.899149,0.028007,0.563695,0.092804,0.606256,0.160715,0.555357,-0.439950,1.055207,0.522270,0.706886,-0.186628,0.712272,-0.313275,0.847501,-0.710643,1.029841,3.411508,0.859158,4.525553,51.799240,17.119003,70.970871,1.494119,0.650644,0.769641,0.850434,1.161906,0.793548,1.067779,0.745100,1.046602,0.781722,0.991050,0.711559,0.816893,1.038501,0.774922,0.757450
panda_0963,48,0:48,12,4,14,-0.674632,0.381290,-1.584107,0.789082,-0.337162,0.641709,0.487204,0.849377,0.287972,0.492246,-0.887947,0.475157,-0.337194,0.623998,0.052496,0.557612,0.301181,0.459014,1.857720,0.592300,0.614064,0.728459,0.233381,0.668046,1.193683,0.575419,-1.440264,0.910790,-1.350058,0.518585,0.040560,0.713189,4.394767,0.912501,5.525764,48.504845,16.113607,71.455444,-0.393969,0.399721,-1.400998,0.754143,-0.367489,0.547824,0.378665,0.752307,0.003173,0.418360,-0.843251,0.401766,-0.368419,0.542937,0.132713,0.481235,0.200325,0.394011,1.717710,0.585655,0.629274,0.648378,0.242660,0.591889,0.926789,0.485831,-1.396693,0.831580,-1.176391,0.490513,0.043972,0.651322,3.903151,0.993010,5.243909,35.419098,10.848604,44.810993,-0.814964,0.281258,-1.675662,0.790229,-0.321999,0.683330,0.541473,0.889013,0.430372,0.463804,-0.910295,0.506413,-0.321582,0.660256,0.012388,0.588029,0.351609,0.480406,1.927725,0.583122,0.606459,0.765251,0.228742,0.702991,1.327129,0.570281,-1.462050,0.947165,-1.436892,0.510366,0.038854,0.742186,4.640575,0.758081,5.573716,29.703781,14.212598,53.918140,0.559554,0.832198,0.839142,0.793197,0.653737,0.925328,0.859838,0.894431,0.696598,0.889864,0.911380,0.858006,0.698369,0.938000,0.817863,0.860065
panda_0965,48,0:48,12,4,14,0.777765,0.792400,-0.783941,0.879943,-0.519142,0.691914,0.008157,1.035022,-0.491183,0.946591,0.705889,0.912841,-0.899026,0.843055,1.166230,1.015401,-0.379201,0.765656,-0.010897,0.640386,0.687526,0.908148,-0.458291,0.922785,-0.494433,0.765595,-0.536969,1.223150,0.061638,0.669523,-0.434905,0.952492,4.209559,0.873237,5.230743,124.136780,40.802856,182.736938,0.783877,0.797428,-0.328683,0.867801,-0.701739,0.549143,-0.333815,1.045549,0.006312,1.225065,0.327666,0.965479,-0.566895,0.875462,0.793210,1.060746,0.111046,0.753034,0.271437,0.703669,0.319634,0.944982,-0.414175,0.755952,-0.573719,0.735291,0.069748,1.314439,-0.101990,0.688993,-0.438825,0.899626,3.955894,0.905144,5.170496,120.875641,40.322178,180.553131,0.774709,0.789856,-1.011571,0.793388,-0.427843,0.736432,0.179143,0.986211,-0.739930,0.638776,0.895000,0.822529,-1.065091,0.774702,1.352740,0.937874,-0.624324,0.644636,-0.152064,0.554780,0.871472,0.830118,-0.480348,0.995041,-0.454790,0.777279,-0.840327,1.050804,0.143452,0.644171,-0.432944,0.977848,4.336393,0.828198,5.257617,19.958744,11.981934,37.209862,0.896961,0.670982,1.125638,1.171701,1.302521,0.766274,0.770816,0.705882,0.860387,1.253093,0.822376,0.742142,1.010106,1.056671,1.187833,0.967447
panda_0974,48,0:48,12,4,14,1.546878,0.639506,0.855046,0.391260,1.730051,0.872124,2.099354,0.781995,-1.051935,0.583807,-0.179429,0.657798,-1.168119,0.836929,-0.417084,0.352272,-2.221960,0.948958,-1.597780,0.837857,1.518684,0.794471,1.715090,0.460425,-0.856176,0.910914,-0.927620,0.570632,2.585272,0.694670,2.052410,0.531649,6.641442,1.489558,7.891246,59.701500,14.400025,79.756241,1.275817,0.603746,0.683420,0.409589,1.441989,0.807994,1.738991,0.701914,-1.106903,0.583554,-0.189760,0.635093,-1.005980,0.782512,-0.404904,0.365005,-1.874215,0.886028,-1.129027,0.790478,1.194158,0.759369,1.348108,0.482183,-0.579187,0.843426,-0.828892,0.521565,2.150486,0.707364,1.726287,0.506193,5.575680,1.526896,7.720832,55.815247,14.924013,76.250992,1.682409,0.613263,0.940859,0.351644,1.874082,0.867316,2.279535,0.757322,-1.024451,0.581989,-0.174263,0.668801,-1.249188,0.851350,-0.423174,0.345568,-2.395833,0.931431,-1.832156,0.758804,1.680947,0.761228,1.898581,0.317380,-0.994670,0.911822,-0.976984,0.587457,2.802665,0.576098,2.215471,0.464859,7.174324,1.144806,7.894355,15.679094,7.895571,27.634228,0.760240,0.728177,0.779673,0.763312,1.062140,1.056584,0.820141,0.953224,0.783254,0.627571,0.733862,0.710085,0.670532,0.850525,0.767300,0.779565
panda_0979,48,0:48,12,4,14,0.547713,0.992876,0.283342,0.762232,0.690208,0.820254,1.079776,0.707473,-0.853800,0.832550,0.012117,0.944016,-0.503407,0.777760,-0.060778,0.871830,-1.108198,0.763102,-1.030650,0.721396,0.643592,0.727562,1.231169,0.870786,-0.204475,0.936627,-0.776429,0.655214,1.454234,0.849001,1.116453,0.827662,4.518866,1.267714,6.104331,50.434349,17.489260,75.407265,0.513332,0.867345,0.263486,0.669843,0.603540,0.740669,0.908686,0.647677,-0.895758,0.788198,0.010885,0.863992,-0.469079,0.692465,-0.123873,0.823721,-0.979936,0.674295,-0.820964,0.681855,0.503627,0.657146,1.015307,0.797420,-0.180382,0.838665,-0.733025,0.579953,1.224272,0.794520,0.960769,0.752491,3.984214,1.231544,5.574748,42.041904,11.939631,60.104607,0.564903,1.049606,0.293270,0.804274,0.733542,0.853988,1.165321,0.720472,-0.832822,0.853090,0.012733,0.981583,-0.520571,0.816534,-0.029231,0.893245,-1.172329,0.796123,-1.135493,0.717760,0.713574,0.750603,1.339100,0.885729,-0.216522,0.981728,-0.798130,0.688748,1.569215,0.852004,1.194295,0.852196,4.786191,1.199128,6.262718,23.907551,14.728241,44.627827,0.840366,0.815850,0.830462,0.788135,1.009131,0.856746,0.845409,0.931283,0.828205,0.744959,0.766140,0.772425,0.834837,0.885565,0.790675,0.822339
panda_0983,48,0:48,12,4,14,0.211225,0.649282,0.286575,0.633261,-0.224672,0.922227,-0.328597,0.913668,0.159787,0.781504,0.177712,0.726445,0.026693,0.699993,0.038002,0.537806,0.115485,0.956507,-0.106872,0.978596,-0.239360,0.741504,-0.207101,0.844181,-0.234067,0.763890,0.466754,0.819291,0.029135,1.047758,-0.275793,0.949254,3.131756,1.351042,5.379023,106.858521,23.160557,134.809647,0.310048,0.553419,0.277993,0.544010,-0.268490,0.815969,-0.331723,0.838011,-0.073783,0.767997,0.214227,0.659163,-0.025754,0.634125,0.064032,0.515882,0.058583,0.822409,-0.206504,0.802549,-0.233989,0.643489,-0.161959,0.729683,-0.176089,0.665002,0.310652,0.784120,0.046906,0.916741,-0.301680,0.836949,2.791033,1.223656,4.630801,48.836014,11.796869,64.593750,0.161813,0.686943,0.290866,0.673425,-0.202763,0.970263,-0.327034,0.949234,0.276572,0.761772,0.159454,0.757190,0.052917,0.729291,0.024987,0.547976,0.143936,1.015751,-0.057057,1.052135,-0.242046,0.785927,-0.229673,0.895106,-0.263056,0.807252,0.544804,0.825323,0.020249,1.107363,-0.262850,1.000440,3.302118,1.379216,5.722477,88.506302,19.063835,110.064308,0.914914,0.848326,0.861839,0.904055,0.927995,0.884483,0.864053,0.941209,0.793545,0.762170,0.833531,0.780122,0.782393,0.821315,0.821498,0.836827
panda_0986,48,0:48,12,4,14,0.054595,0.299552,-0.810254,0.816449,-1.375895,0.416270,-1.437223,0.412791,0.325549,0.454013,0.631753,0.677397,-0.114628,0.389539,1.073085,0.694056,0.885324,0.322818,0.952848,0.372642,-0.417431,0.299997,-1.843121,0.775368,-0.026755,0.488017,0.671716,0.461168,-1.474349,0.561121,-1.855763,0.694263,4.628414,0.882423,5.672451,122.635689,27.807367,153.629623,0.099750,0.229296,-0.406752,0.765301,-1.220952,0.373472,-1.441413,0.315972,0.232248,0.441792,0.379294,0.676212,-0.000079,0.413841,0.712932,0.775043,0.681218,0.311233,0.730835,0.383041,-0.488395,0.279867,-1.450587,0.814918,0.133394,0.342553,0.654041,0.409350,-1.235937,0.429551,-1.656788,0.616788,3.992124,0.842383,5.171496,68.814064,23.284378,94.547691,0.032018,0.326771,-1.012004,0.764808,-1.453366,0.414939,-1.435128,0.453501,0.372200,0.452849,0.757983,0.641769,-0.171902,0.363509,1.253162,0.570037,0.987377,0.276838,1.063854,0.312995,-0.381949,0.303410,-2.039388,0.673933,-0.106829,0.528521,0.680553,0.484764,-1.593556,0.580860,-1.955250,0.709292,4.946559,0.713830,5.715105,77.156601,20.560057,103.026543,0.802195,0.645605,0.843655,0.997525,0.851943,0.730102,1.102951,0.702349,0.692906,0.686010,1.161560,0.707446,0.699745,0.967773,0.772421,0.843565
panda_0992,48,0:48,12,4,14,0.339550,0.669592,0.765099,0.772503,-0.309637,0.836260,-0.231791,0.831024,0.243787,0.828528,-0.539808,0.732177,0.292877,0.505462,-0.176675,0.860509,0.189282,0.563947,0.165482,0.659503,-0.229012,0.509142,0.011449,0.966312,0.184739,0.881806,0.774070,0.837217,0.244869,0.729682,-0.028387,0.872627,3.278294,0.867578,4.434620,179.864395,41.060101,223.049606,0.509458,0.646976,0.652927,0.551922,-0.592281,0.774398,-0.371734,0.798501,-0.078893,0.649829,-0.354587,0.557271,0.203212,0.464749,0.071761,0.833719,0.149899,0.536090,-0.170976,0.554715,-0.300483,0.454760,0.248034,0.870737,0.356362,0.604765,0.506099,0.710786,0.298653,0.682892,-0.151564,0.841847,2.915643,0.872683,4.144903,48.672241,10.935021,64.137390,0.254596,0.664522,0.821184,0.856385,-0.168315,0.830201,-0.161820,0.838100,0.405127,0.860498,-0.632418,0.789379,0.337709,0.518857,-0.300893,0.846688,0.208974,0.576364,0.333711,0.643164,-0.193276,0.530664,-0.106843,0.989731,0.098928,0.980516,0.908055,0.863096,0.217977,0.750542,0.033202,0.881184,3.459620,0.805985,4.544016,170.955597,39.703331,213.320557,1.140251,0.738918,1.219897,1.065859,0.669828,0.644153,0.794943,0.902072,0.864983,0.760594,0.968591,0.908537,0.705580,0.695244,0.961661,0.971502
